tjournal|866918412433444864|2017-05-23 07:27:10|Путин направил Терезе Мэй телеграмму с соболезнованиями и предложил расширить антитеррористическое сотрудничество https://t.co/tnXA3z1fkF
tjournal|866918267914522624|2017-05-23 07:26:36|Полиция пришла с обыском к худруку «Гоголь-центра» Кириллу Серебренникову. По какой причине — пока не известно https://t.co/h7gBzVDftk
tjournal|866910761859330049|2017-05-23 06:56:46|В полиции рассказали, что взрыв на стадионе в Манчестере устроил террорист-одиночка https://t.co/EWtOvp5VYX
tjournal|866905852938252292|2017-05-23 06:37:16|«МегаФон» предложил абонентам за массовый сбой три вида компенсации: пакеты услуг и просмотр кино https://t.co/V3QdZlzNlr
tjournal|866904495917330432|2017-05-23 06:31:52|Количество погибших при взрыве в Манчестере увеличилось до 22 человек. Полиция рассматривает ЧП как теракт https://t.co/RNclV5txXI
tjournal|866895162877894657|2017-05-23 05:54:47|В Венесуэле демонстранты сожгли дом Уго Чавеса. Говорят, в качестве мести за смерть 19-летнего соратника https://t.co/gY9Pse8Wmn
tjournal|866891371403194368|2017-05-23 05:39:43|В Великобритании после взрыва в Манчестере по договорённости кандидатов приостановлена предвыборная кампания https://t.co/I1CAvt0OvO
tjournal|866886921313800192|2017-05-23 05:22:02|В Японии арестовали пожилого экстремиста, принимавшего участи в студенческой демонстрации 45-летней давности https://t.co/89UereMt8s
tjournal|866851176653836288|2017-05-23 03:00:00|Новый «Звёздный путь» с пародией на него и ещё 15 важных трейлеров прошедшей недели https://t.co/fm7KvKipCi
tjournal|866819608178774016|2017-05-23 00:54:33|"При взрыве на стадионе в Манчестере погибли не менее 19 человек, 50 получили ранения. Версию теракта расследуют 
https://t.co/kQJuwTXXoB"
tjournal|866808322523111424|2017-05-23 00:09:43|Полиция заявила о возможном теракте на стадионе в Манчестере https://t.co/laBjuIaGu9
tjournal|866805373323313152|2017-05-22 23:58:00|МИ сообщили о 20 погибших и сотнях пострадавших на стадионе в Манчестере https://t.co/laBjuIaGu9
tjournal|866790192539201536|2017-05-22 22:57:40|На стадионе в Манчестере прогремели звуки, похожие на взрывы. Полиция подтвердила, что есть погибшие https://t.co/3NK0MuOiLs
tjournal|866765435991195648|2017-05-22 21:19:18|В японском зоопарке пингвин, брошенный самкой ради молодого соперника, проявляет интерес к фигурке героини аниме… https://t.co/A1AOrpNLhI
tjournal|866745007755206657|2017-05-22 19:58:07|"Историки из Петербурга обнаружили в заброшенной шахте миллиард советских рублей.

Поговорили с участницей похода
https://t.co/rd3hdOBsMs"
tjournal|866725772484120576|2017-05-22 18:41:41|Ижевский издатель получил 2,5 года колонии строгого режима за то, что якобы вымогал деньги у концерна «Калашников» https://t.co/0FQGAbcoSA
tjournal|866720876787531778|2017-05-22 18:22:14|Теги в Твиттере и трансляции в Инстаграме — рассказываем, как президентские кампании в Иране переместились в соцсети https://t.co/3WAMXtqEf7
tjournal|866713777433174016|2017-05-22 17:54:01|"RT @playdtf: Посмотрели пятых «Пиратов» и не нашли в них почти ничего хорошего.

Франшизе пора на покой

https://t.co/y527l5Jd88 https://t.…"
tjournal|866712176983257088|2017-05-22 17:47:40|От новой песни Майли Сайрус до триумфа Дрейка — самые запоминающиеся моменты Billboard Music Awards 2017 https://t.co/XDEYNHLWW2
tjournal|866702706181890048|2017-05-22 17:10:02|Фотографии и наблюдения тех, кто несколько часов отстоял в очереди к мощам Николая Чудотворца в Москве  https://t.co/9GUt7scyGe
tjournal|866686008074567681|2017-05-22 16:03:41|Из-за забастовки уборщиков аэропорт Ибицы оказался завален грудами мусора https://t.co/iukgxYX5KS https://t.co/Fu1F1sjRyA
tjournal|866684331468738563|2017-05-22 15:57:01|Трамп первым из американских президентов посетил Стену Плача. В кипе https://t.co/tCQPewpHyb
tjournal|866677650563182592|2017-05-22 15:30:28|Google официально запустил в России платёжную систему Android Pay https://t.co/qchTey3zN8
tjournal|866675437992333312|2017-05-22 15:21:41|В Уральском вузе студентам-прогульщикам дали задание написать рефераты об угрозе либерализма для России https://t.co/Hru1rZs3E1
tjournal|866667029893435392|2017-05-22 14:48:16|Первые три месяца Apple Music в Испании, Швейцарии и Австралии теперь стоят 99 центов. В России всё еще бесплатно https://t.co/nU4tTFHZkO
tjournal|866663861151248385|2017-05-22 14:35:40|На «Зенит-Арене» начали срезать газон. За месяц до начала Кубка Конфедераций решили постелить другой https://t.co/R7UY3UU5iu
tjournal|866651094948208640|2017-05-22 13:44:57|"В Канаде полицейский сыграл с рок-группой, выступавшей на заднем дворе дома.

Он приехал по жалобе соседей на шум… https://t.co/NYSTZWhiyg"
tjournal|866650335061958657|2017-05-22 13:41:56|TJ проверил школьные учебники, в которых пользователи твиттера нашли неоднозначные формулировки про Крым и Украину https://t.co/BRrAROq72X
tjournal|866636586989096964|2017-05-22 12:47:18|Главе русской пастафарианской церкви пригрозили отчислением из школы за участие в митингах 26 марта https://t.co/5c7Mk6tkCh
tjournal|866626698590257152|2017-05-22 12:08:00|«Яндекс.Браузер» для Android стал автоматически обходить на Украине блокировку российских соцсетей https://t.co/5FosR79Fd6
tjournal|866622308198305792|2017-05-22 11:50:33|"В Калифорнии 12-метровый кит заплыл в гавань и не нашёл обратную дорогу в океан.

Перепугал местных жителей… https://t.co/kSm0pLFd9V"
tjournal|866616959290548224|2017-05-22 11:29:18|В Госдуме перед депутатами выступила видеоблогер Саша Спилберг. Собрали главные тезисы из её речи… https://t.co/Wjfo1utkz2
tjournal|866609861626396672|2017-05-22 11:01:06|В России стартовал неизбежный сезон отключения горячей воды. Собрали твиты и снимки из Инстаграма… https://t.co/hPG3bse1H8
tjournal|866597770626572288|2017-05-22 10:13:03|Жительница Саратова поплавала на надувном фламинго в одной из  городских луж и устроила фотосессию https://t.co/QrVe95DYYR
tjournal|866595939762548738|2017-05-22 10:05:47|В МТС рассказали, что продажи сим-карт в Москве выросли в два раза, когда у «МегаФона» случился масштабный сбой https://t.co/IFx9zR8Ki7
tjournal|866585213027201024|2017-05-22 09:23:09|"Главный тренер «Анжи» после поражения от ЦСКА заявил, что его клуб «обосрался». 

Это не первое странное интервью… https://t.co/1fm3hNEjdZ"
tjournal|866584896168505344|2017-05-22 09:21:54|МВД задержало группировку хакеров, заразивших более миллиона смартфонов и нанесших ущерба на 50 миллионов рублей https://t.co/iCvvOCUtWF
tjournal|866571305717571586|2017-05-22 08:27:54|«ВКонтакте» начала предупреждать о спойлерах в продолжении «Твин Пикса» https://t.co/cMMVpWTwCm
tjournal|866564531744641025|2017-05-22 08:00:59|В России хотят победить «палочную систему» в МВД с помощью единой базы уголовных дел https://t.co/zvJIDNgpZs
tjournal|866562033197699072|2017-05-22 07:51:03|В США продадут сумку с лунным грунтом за 4 миллиона долларов. В 2015 году её ошибочно продали за 995 долларов https://t.co/RmEv0Gbm0B
tjournal|866542569014132737|2017-05-22 06:33:42|В Совете Безопасности рассказали, что США запрашивали у России информацию о вероятном вмешательстве в выборы https://t.co/amnXiYX1E7
tjournal|866532849037398016|2017-05-22 05:55:05|КНДР вновь объявила, что удачно испытала баллистическую ракету. Проверяла систему наведения ядерной боеголовки https://t.co/soMA8h0AoC
tjournal|866529490272497665|2017-05-22 05:41:44|СМИ сообщили, что в Кремле планируют устроить референдумы перед президентскими выборами, чтобы повысить явку https://t.co/ZE3MYMNYMo
tjournal|866524427181334529|2017-05-22 05:21:37|Сборная Швеции обыграла команду Канады и стала десятикратным чемпионом мира по хоккею https://t.co/iJarpWGpfs
tjournal|866458590462083072|2017-05-22 01:00:00|Одна из самых трогательных историй недели. Девушка год носила на себе сувенир, не зная, что в нём обручальное https://t.co/8MrKp2W7nv
tjournal|866353878618570752|2017-05-21 18:03:55|The Guardian рассказала о методичках для модераторов Фейсбука. Их больше сотни, но правила довольно размытые https://t.co/gH71s6LuHU
tjournal|866345347517480966|2017-05-21 17:30:01|Как выжить в Китае, если ты поехал туда выступать со своей музыкальной группой. Подробнейший отчёт от читателя TJ https://t.co/xgkkcFLqd0
tjournal|866330691302293504|2017-05-21 16:31:47|Россия взяла бронзу на ЧМ по хоккею https://t.co/ahNGPMBYOT
tjournal|866307746722963456|2017-05-21 15:00:36|В Петербурге активисты «Другой России» облили виски главного редактора «Эха Москвы» Алексея Венедиктова  https://t.co/r7WX0kUQre
tjournal|866302670134534144|2017-05-21 14:40:26|Короли киберспорта. Сколько зарабатывают самые богатые игровые команды (очень неплохо) https://t.co/zq0tWt1yrF
tjournal|866289981618352131|2017-05-21 13:50:01|Морские львы могут быть не такими уж и милыми, как кажутся https://t.co/oC7tK64byv https://t.co/UUxJmxCh8N
tjournal|866276132311764994|2017-05-21 12:54:59|Почему подорожал биткоин и стоит ли вообще покупать криптовалюты. Разбор темы от vc.ru https://t.co/lzJvrnpTmm
tjournal|866261640974675968|2017-05-21 11:57:24|«Технология поднятия России с колен». В Барнауле кандидат в депутаты предложила переименовать город в Путинград https://t.co/5Enp3QfArl
tjournal|866251745671950336|2017-05-21 11:18:05|Биткоин впервые превысил отметку в 2000 долларов. За первое полугодие вырос более чем вдвое https://t.co/Gg4xlOu4IG
tjournal|866245940176273408|2017-05-21 10:55:00|В Великобритании открылись курсы лечения болезни Паркинсона с помощью бокса. Говорят, помогает https://t.co/hKjIkWz3pq
tjournal|866215509800439809|2017-05-21 08:54:05|В честь возвращения «Твин Пикс», на TJ захватывающий материал о сериале, его создателях и долгой дороге на экраны https://t.co/thXCnpEdVK
tjournal|866210949237268480|2017-05-21 08:35:58|Телеканал Euronews прекратил вещание на украинском языке. Ранее Госкомтелерадио страны называло его невыгодным https://t.co/io4JmfSm0b
tjournal|866207041194520576|2017-05-21 08:20:26|ФСБ предъявила заочные обвинения предполагаемому основателю «Биржи информации». Им называется журналист из Ижевска https://t.co/u9EfAIxV2f
tjournal|866197754988703744|2017-05-21 07:43:32|Стивен Хокинг заявил, что землян спасёт только переселение на другую планету. И поиски нужно начать прямо сейчас https://t.co/qloE4Xyllz
tjournal|866189064382316546|2017-05-21 07:09:00|В Мексике возбудили уголовное дело за убийство против россиянина, которого пытались линчевать https://t.co/DajMZs2qrO
tjournal|866182875707789313|2017-05-21 06:44:25|Беглый профессор математики из КНДР рассказал, что в стране успешно работает целое подразделение хакеров https://t.co/9tCgErKjU3
tjournal|866096206644092928|2017-05-21 01:00:01|Если пропустили, TJ поговорил с серебряным призёром «Евровидения» в Киеве, которого считали «запасным планом» Кремля https://t.co/B2iCvlEmvW
tjournal|866015924205178880|2017-05-20 19:41:00|"Картинки недели. Писатель 10 лет рисовал иллюстрации к своей книге. В Paint.

И их можно разглядывать бесконечно 

https://t.co/kpQoXTzf9O"
tjournal|866000574403182597|2017-05-20 18:40:01|Google Home против Amazon Echo. Сравнение двух персональных помощников в ожидании третьего от Apple https://t.co/KnZApiJYmK
tjournal|865986676635701249|2017-05-20 17:44:47|Аниматор снял оптическую иллюзию, словно проходит сквозь зеркало в лесу. Бесконечно. И похожих роликов у него немал… https://t.co/IwXiOEsg1M
tjournal|865968714864361473|2017-05-20 16:33:25|Россиянин, которого пытались линчевать в Мексике, успел убить одного из нападавших и сам тяжело ранен https://t.co/60vsvBQqBw
tjournal|865957790757437440|2017-05-20 15:50:00|"Если пропустили, одна из самых странных и обсуждаемых тем недели. Таинственное исчезновение мусоропровода в Москве
https://t.co/cnNmQYrlf5"
tjournal|865944704587767808|2017-05-20 14:58:00|Коты для интернета. В Минске граффити с котами отметили на карте для удобства желающих сделать селфи https://t.co/lRzJTmbkwg
tjournal|865929355901505537|2017-05-20 13:57:01|"Симфонический оркестр сыграл саундтрек из оригинального мультсериала о Человеке-пауке. Вероятно войдёт в новый фильм
https://t.co/JYmTnNOLXx"
tjournal|865916635915407361|2017-05-20 13:06:28|Школьников Подмосковья намерены отправить отмечать выпускной в патриотический парк Министерства обороны https://t.co/KOHtkNsoKc
tjournal|865898743857651713|2017-05-20 11:55:22|Yota и «МегаФон» выплатят пострадавшим от сбоя клиентам компенсации. У Yota сумма составит 20 миллионов рублей https://t.co/MgbXQBIkJy
tjournal|865890597717934080|2017-05-20 11:23:00|В Сыктывкаре студентам рассказали о методах вербовки в  ИГИЛ с помощь интернета, сериалов и мультака  «Аладдин» https://t.co/dycIYCz68g
tjournal|865874879664586752|2017-05-20 10:20:33|«Яндекс» начал тестировать голосового помощника «Алису». Она пока только учится общаться, но уже умеет читать рэп https://t.co/jWFJ7vqQPk
tjournal|865861702642020352|2017-05-20 09:28:11|"Поговорили с @KristianKostov_ о его впечатлениях от прошедшего @Eurovision, страхах, ожиданиях и @edsheeran
https://t.co/R6Wrj4s4r4"
tjournal|865839580767014916|2017-05-20 08:00:17|В Госдуме обещают защитить москвичей от спорных моментов реновации. В мэрии тоже сулят блага, но пока неофициально https://t.co/oKkN8W9O2w
tjournal|865819584695345152|2017-05-20 06:40:49|В Мексике пытались линчевать россиянина, оскорблявшего местных на YouTube. В России он тоже имеет некую известность https://t.co/vugvfOfebO
tjournal|865651903249604608|2017-05-19 19:34:31|Самарская прокуратура признала, что фильм об экстремизме показывали в школах незаконно из-за возрастного рейтинга https://t.co/qKKmUkDAZ3
tjournal|865643646044872708|2017-05-19 19:01:42|Томас Дамбо сколотил шесть деревянных великанов в окрестностях Копенгагена. Получился целый квест с картой сокровищ https://t.co/I4U7ATmFCp
tjournal|865628858757783552|2017-05-19 18:02:57|«МегаФон» отчитался о частичном восстановлении связи и рассказал о причинах масштабного сбоя https://t.co/wBHbdPUPPL
tjournal|865619198696972288|2017-05-19 17:24:34|Строительством Крымского моста теперь можно любоваться со специально установленной скамейки https://t.co/NDYs1OobUR
tjournal|865618205175422977|2017-05-19 17:20:37|Болельщики «Спартака» при подключении в Wi-Fi в московском метро начали видеть не рекламу, а красно-белый баннер https://t.co/dPjVLxg7nY
tjournal|865613891153399808|2017-05-19 17:03:28|"В Норвегии пиццерия следила скрытыми камерами за людьми и улучшала механизм рекомендаций блюд. Нарвалась на критику
https://t.co/BhOU2AOzYl"
tjournal|865611480204529665|2017-05-19 16:53:53|Жительница США после иска вернула спутнику деньги за поход в кино, который испортила, всё время доставая телефон https://t.co/pAnK4fQQVz
tjournal|865597920229208064|2017-05-19 16:00:00|Студент Гарварда записал рэп-альбом вместо обычного диплома. 10 треков, вдохновлённых Чосером и Ламаром https://t.co/X4MouSVbtH
tjournal|865595035126910977|2017-05-19 15:48:33|Полное собрание фотожаб, коубов и видеороликов, которыми запомнится интернет-битва Навального и Усманова https://t.co/Sy4stQsgq0
tjournal|865569201418891265|2017-05-19 14:05:53|Пользователи Твиттера по всему жалуются на перебои в работе соцсети. Жалуются в Твиттере https://t.co/r74iNMR8nJ
tjournal|865563211051003904|2017-05-19 13:42:05|Западные кинокритики остались в восторге от нового фильма Андрея Звягинцева. Посмотрели, что они пишут… https://t.co/Q4K1jqnbc6
tjournal|865556422091616257|2017-05-19 13:15:06|Каскадёр Геннадий Кочерга вместе с сыном сделал из автомобиля «Лада» трансформер, превращающийся в огромного робота… https://t.co/zlt28xoDuI
tjournal|865551494635937792|2017-05-19 12:55:32|15 сотрудников завода Tesla в калифорнийском Фримонте рассказали об условиях труда и о полученных на работе травмах https://t.co/HDP2fGqFsP
tjournal|865546568409141249|2017-05-19 12:35:57|"В США пчеловод обнаружил двухметровые соты в потолке дома местной жительницы.

120 тысяч пчёл и 60 килограммов мёда… https://t.co/FRayW1lkBP"
tjournal|865535922544050176|2017-05-19 11:53:39|Серж Танкян назначен композитором российского фильма о рязанском витязе Евпатии Коловрате. Запишет шесть композиций https://t.co/qP2Dv1mq1V
tjournal|865534254385479681|2017-05-19 11:47:01|"Кратко и без спойлеров о том, как подготовиться к новому сезону сериала «Твин Пикс» за два дня до выхода
https://t.co/h1VsxY2hzS"
tjournal|865529719189524481|2017-05-19 11:29:00|Facebook удалил записи обладателя Пулитцеровской премии, рассказывавшего о коррупции властей Мальты https://t.co/usXbcRXiSE
tjournal|865518866411036673|2017-05-19 10:45:52|«МегаФон» посоветовал звонить через мессенджеры из-за проблем со связью. Например, через ICQ или «Одноклассники» https://t.co/TtSIjrI51i
tjournal|865504400403447808|2017-05-19 09:48:24|"Вологодский журналист сломал мизинец на съёмках сюжета о состязаниях пожарных.

Прыгнул с третьего этажа на сетку… https://t.co/L2C4rcmgqq"
tjournal|865504040410533888|2017-05-19 09:46:58|О проблемах со связью теперь сообщили абоненты «Билайна». В компании заявили, что разбираются в ситуации https://t.co/id3GEXs4cJ
tjournal|865502846757646337|2017-05-19 09:42:13|Российская веб-студия продала компании Google домен gmail.ru, которым владела с 2003 года. За 10 тысяч долларов https://t.co/BC0a4REV7t
tjournal|865501281229520896|2017-05-19 09:36:00|"С Ассанжа сняли обвинения в изнасиловании. И он уже отреагировал на решение прокуратуры Швеции

https://t.co/5QNhyLWibv"
tjournal|865497819913650176|2017-05-19 09:22:15|МегаФон» сообщил о массовых перебоях в работе сети. Пользователи по всей России пожаловались на отсутствие связи https://t.co/DXBNnQosbu
tjournal|865495415252176896|2017-05-19 09:12:41|Инженеры Google впервые запустили раздающие интернет аэростаты над зоной стихийного бедствия https://t.co/XJLscsHpPw
tjournal|865486972227166208|2017-05-19 08:39:08|Американец танцем привлёк внимание оператора телеканала, с вертолёта снимающего автомобильную аварию… https://t.co/DHrD49cL5H
tjournal|865483440572870656|2017-05-19 08:25:06|Сегодня по всей России проходит акция «На работу на велосипеде», в соцсетях сотни снимков https://t.co/syM5GU9dic https://t.co/PPzn6ybMih
tjournal|865466829396779008|2017-05-19 07:19:06|МТС будет оказывать услуги по кибербезопасности другим компаниям в связи с ростом хакерских атак https://t.co/dPuI1eLHpZ
tjournal|865463559764844545|2017-05-19 07:06:06|Ветеран флота, наехавший на толпу в Нью-Йорке, утверждает, что слышал голоса. При задержании просил его застрелить https://t.co/XbBHo5L5G1
tjournal|865461447781896193|2017-05-19 06:57:43|Стать самозанятыми гражданами легально захотели только 40 человек из 15-20 миллионов https://t.co/btypym8uxS
tjournal|865447428131962881|2017-05-19 06:02:00|СМИ пишут, что Усманов записал видеообращение к Навальному по своей инициативе (в отличие от подачи иска к политику) https://t.co/X8j78UwSRg
tjournal|865321882190479360|2017-05-18 21:43:08|"Telegram запустил платёжную систему для ботов, видеосообщения и платформу Telescope для хранения круглых видео
https://t.co/jipI7p3u8B"
tjournal|865294184441315329|2017-05-18 19:53:04|Юный Шелдон Купер и другие — самые примечательные сериальные новинки грядущей осени https://t.co/H1MWxPfxif
tjournal|865287769760952320|2017-05-18 19:27:35|На Burger King подали в суд за «неуместную» раздачу листовок на парковке бывшего концлагеря в Германии https://t.co/kbhkPmroxk
tjournal|865281650581786625|2017-05-18 19:03:16|Uber запустил приложение для дальнобойщиков. Работает почти также, как и для таксистов https://t.co/u7GywjRTOq
tjournal|865274607485497344|2017-05-18 18:35:17|Гонконгская OSVehicle разрабатывает модульный электромобиль EDIT, который заказчик сможет настроить под себя https://t.co/S7efsFRVFQ
tjournal|865266524466155521|2017-05-18 18:03:09|В гостях TJ солистка группы IOWA Екатерина Иванчикова. Отвечает на вопросы, которые оставили в комментариях https://t.co/ZJSDdvcvNq
tjournal|865255086305533952|2017-05-18 17:17:42|RT @playdtf: Одна из историй «Фарго» всё-таки оказалась правдивой https://t.co/XXqUx0fxNM https://t.co/ffX0GALbXE
tjournal|865252194035146752|2017-05-18 17:06:13|"Если не придумали, что делать на выходных — сходите на нового «Чужого», в котором повествуют о происхождении монстра
https://t.co/xzmXdE6jdu"
tjournal|865234038549868544|2017-05-18 15:54:04|Художник оставил на дороге 15 тысяч бутафорских монет, чтобы последить за прохожими. Деньги собрали за полтора часа… https://t.co/fVyv6yzxDk
tjournal|865233384485859328|2017-05-18 15:51:28|@AveMisha Такие бревнышки, как звёзды, что светят в ночи до утра…
tjournal|865233234245935105|2017-05-18 15:50:52|Власти Москвы рассказали, что некоторые граждане «занимаются троллингом» в голосовании по программе реновации https://t.co/Ih0HIn6RrQ
tjournal|865229679334182913|2017-05-18 15:36:45|В Коми бобры подгрызли дерево и оставили без света около пятисот жителей двух посёлков https://t.co/h4OXVUl2EE
tjournal|865227319899828224|2017-05-18 15:27:22|В Тольятти школьников попытались отговорить от похода на митинг 12 июня. Ученики вступили в дискуссию https://t.co/qhpnl8UuV6
tjournal|865217170766258176|2017-05-18 14:47:03|Вокалиста «БИ-2» оштрафовали на три тысячи рублей. Вчера его задержали на стадионе с марихуаной https://t.co/Du7SiJ8Vgs
tjournal|865210178559500288|2017-05-18 14:19:16|В Китае врачи подрались в операционной прямо во время работы https://t.co/UfbXFAnLkc https://t.co/PpLEqtZZ5g
tjournal|865205507837108224|2017-05-18 14:00:42|Жительницу Белгорода, опубликовавшую фото c прикуриванием от свечи в храме, приговорили к штрафу https://t.co/9Z9P2P43u3
tjournal|865196314749005824|2017-05-18 13:24:10|Журнал Time на новой обложке визуализировал влияние России на США https://t.co/CxIwwYgvnH https://t.co/X27bOlbteN
tjournal|865193085659205632|2017-05-18 13:11:20|Участника акции 26 марта посадили на восемь месяцев за то, что он, по версии следствия, ударил полицейского  https://t.co/9s9TXZUjXW
tjournal|865180953068621824|2017-05-18 12:23:08|СМИ написали новость о 200 американских морпехах, замёрзших у границ России. Но источником стала рекламная статья https://t.co/PleZFeC5Lb
tjournal|865176950557618176|2017-05-18 12:07:13|Фейк о смерти Светланы Алексиевич придумал журналист Томасо Дебенедетти. Ранее он писал о смертях Горбачёва и Кастро https://t.co/8tERaSYcnp
tjournal|865171138879606784|2017-05-18 11:44:08|Первый трейлер сериала о маленьком Шелдоне Купере из «Теории большого взрыва» https://t.co/XCPuWntU31 https://t.co/d2IBzql4t5
tjournal|865167103841751040|2017-05-18 11:28:06|Легендарный Mr. Freeman после трёхлетнего перерыва неожиданно выпустил новое видео https://t.co/NCLCFFEQC2 https://t.co/knpvwbLd4t
tjournal|865160622916370432|2017-05-18 11:02:21|Из Москвы в Петербург за 38 минут: как могла бы выглядеть карта маршрутов Hyperloop в России https://t.co/baQ3MMzgn7 https://t.co/e3VA2XRHow
tjournal|865158445569368065|2017-05-18 10:53:41|В Минюсте пообещали, что будут забирать единственное жильё только за долги по алиментам и за ущерб чужому здоровью https://t.co/x7iaYbR1bJ
tjournal|865150942932586497|2017-05-18 10:23:53|Усманова назвали видеоблогером, сравнили с Алисой Вокс и почти позвали на Versus. Всё из-за обращения к Навальному… https://t.co/7gE97Zr5HG
tjournal|865141387469238272|2017-05-18 09:45:54|СМИ сообщили, что лидер движения «Украинский выбор» Виктор Медведчук тайно общался с предвыборным штабом Трампа https://t.co/wV05uQIPQE
tjournal|865141288492052480|2017-05-18 09:45:31|Новость о смерти писательницы Алексиевич к счастью оказалась фейком https://t.co/UmG7Um7ahI
tjournal|865134936080224256|2017-05-18 09:20:16|Приложение Opera VPN пропало из украинских App Store и Google Play. В компании заверили, что проблему решили https://t.co/tT3IGZc35t
tjournal|865122033490812928|2017-05-18 08:29:00|Длинный обзор не менее длинного Galaxy S8: делимся впечатлениями о новом флагмане Samsung с необычным экраном https://t.co/lZMX8pawye
tjournal|865117777178357761|2017-05-18 08:12:05|Под Читой 80 горняков отказались покидать шахту из-за снижения зарплат. Затем шахту решили закрыть из-за убытков https://t.co/wAS08A2aYe
tjournal|865113573088997377|2017-05-18 07:55:23|Умер Крис Корнелл https://t.co/8TjY58IJy6
tjournal|865107311697813505|2017-05-18 07:30:30|Усманов записал видеобращение к Навальному. Назвал его «негодяем» и заявил, что ведёт дела «прозрачно и законно» https://t.co/LMrnEq5enb
tjournal|865104669218963456|2017-05-18 07:20:00|Петиция за отставку омбудсмена в ВШЭ набирает обороты. Всё началось со сравнения митинга на Сахарова с гей-парадом https://t.co/lB43WzD63A
tjournal|865097828179333120|2017-05-18 06:52:49|Презентация электрогрузовика-тягача, продажа солнечных батарей — и другие планы Элона Маска на ближайшие годы https://t.co/MyQMPKpj0C
tjournal|865087157739900928|2017-05-18 06:10:25|В США без ведома Трампа назначили спецпрокурора, который займётся расследованием связей с Россией https://t.co/a60349BWoS
tjournal|865083331527966720|2017-05-18 05:55:13|Еврокомиссия снова хочет оштрафовать Facebook за обман при покупке WhatsApp. На 1% от выручки в назидание другим https://t.co/zL4DLQMtGr
tjournal|865075655456821251|2017-05-18 05:24:43|В Бразилии опять призвали к импичменту президента. И снова из-за коррупции. Не прошло  и года https://t.co/ESF28DWKGF
tjournal|865009039901458434|2017-05-18 01:00:00|11-летний школьник из Техаса наглядно продемонстрировал, насколько могут быть опасны детские игрушки с Bluetooth https://t.co/wyOrveZTfK
tjournal|864978841030205440|2017-05-17 23:00:00|Что известно об успехах человечества на поприще поиска внеземных цивилизаций https://t.co/zlGMDpdyWX
tjournal|864927439138508800|2017-05-17 19:35:45|В США студенты полночи просидели взаперти из-за темнокожего, принятого за террориста. За него вступились сверстники https://t.co/PaVZVt4mD5
tjournal|864920605115777024|2017-05-17 19:08:36|На Google I/O рассказали, какие новые функции появятся в следующей версии Android. Немало их https://t.co/maeKUlbM1x
tjournal|864917484759109632|2017-05-17 18:56:12|Джеймса Коми вызвали в Сенат США рассказать о своей записке. Если сведения подтвердятся, Трампу грозит импичмент https://t.co/Kwn8kK3FNo
tjournal|864914392122634240|2017-05-17 18:43:55|СМИ сообщили, что в Москве на матче «Спартака» задержали солиста БИ-2 Лёву за попытку пронести марихуану на стадион https://t.co/IMjxtcPHyo
tjournal|864906956313686020|2017-05-17 18:14:22|"У WhatsApp второй массовый сбой за месяц 
https://t.co/q2FOt9LHnB"
tjournal|864893149579288576|2017-05-17 17:19:30|Король Нидерландов рассказал, что уже больше 20 лет инкогнито работает пилотом пассажирского самолёта https://t.co/ws1Ps5DR2B
tjournal|864889632651169793|2017-05-17 17:05:31|Администратор «Двача» сообщил, что сайт заблокировали на Украине. Причина — защита Mail.Ru Group от DDoS-атак https://t.co/3WRb2bnkv3
tjournal|864888766984540160|2017-05-17 17:02:05|Трэвис Скотт побил рекорд Jay-Z и Канье Уэста, исполнив одну и ту же песню 14 раз подряд на концерте в Оклахоме… https://t.co/P4GOen0BLB
tjournal|864887771260911616|2017-05-17 16:58:08|Начинаем прямую трансляцию с конференции для разработчиков Google I/O 2017 https://t.co/lnn2eCaUs2
tjournal|864869286782935041|2017-05-17 15:44:41|Собрали фотографии кота Омара, претендующего на звание самого длинного в мире https://t.co/gVfHD25TcU
tjournal|864862366990839808|2017-05-17 15:17:11|Видеоблогер нарвался на предупреждение от YouTube за то, что использовал звон церковных колоколов https://t.co/WRCL6nO5gs
tjournal|864851239250653184|2017-05-17 14:32:58|Американец подал в суд на спутницу, которая весь сеанс вторых «Стражей Галактики» с кем-то переписывалась https://t.co/Awo3o8mVEa
tjournal|864835200001486849|2017-05-17 13:29:14|Три американские группы не смогут выступить в России из-за того, что их проумотер оказался страдающим от депрессии https://t.co/Fp5XYAt2nO
tjournal|864834401674428416|2017-05-17 13:26:03|Песня Алисы Вокс с припевом «хочешь перемен, малыш, тогда начни с себя», вероятно, была написана по госзаказу  https://t.co/lKNPuRTEE3
tjournal|864828440985440256|2017-05-17 13:02:22|Президент Европарламента подписал соглашение о безвизовом режиме с Украиной. Остались формальности  https://t.co/Dj4brH1tm1
tjournal|864818177976537090|2017-05-17 12:21:35|Шестиклассник на конференции взломал смартфон и отправил запись «умной» игрушке. А ещё у него чёрный пояс по кунг-фу https://t.co/wyOrveIioc
tjournal|864812883712061441|2017-05-17 12:00:33|"В Ираке местный оператор остался жив после выстрела снайпера ИГ.

Пуля попала в GoPro, закреплённую на его груди… https://t.co/kKO51X5lpM"
tjournal|864810878939652096|2017-05-17 11:52:35|Президент России заявил, что в США «развивается политическая шизофрения», комментируя обвинения в адрес Трампа… https://t.co/NDxhjVmLem
tjournal|864798065357705216|2017-05-17 11:01:40|Информатор Wikileaks Челси Мэннинг вышла на свободу. Ранее Ассанж был готов сдаться властям за её помилование https://t.co/xSwSnVQH5t
tjournal|864796601134587905|2017-05-17 10:55:51|Кандидат в депутаты из города Даугавпилс решила привлечь избирателей роликом, в котором она танцует на берегу моря… https://t.co/yZbtvPlwEQ
tjournal|864780259757092864|2017-05-17 09:50:55|В московских загсах теперь нельзя пить шампанское, бить бокалы и приводить музыкантов. Зачем тогда вообще всё это  https://t.co/psRW94Pb0I
tjournal|864772303615389697|2017-05-17 09:19:18|Фотограф снимает гонки «Формулы-1» на камеру 1913 года https://t.co/iMWA6C59PZ https://t.co/QwJR1RdkKN
tjournal|864764378712821761|2017-05-17 08:47:49|Пользователи заметили, что в словаре Urban Dictionary есть определения для русских имён. Часто даже правдивые https://t.co/uUTBVyfPf5
tjournal|864758788351512576|2017-05-17 08:25:36|Заксобрание Петербурга не стало рассматривать возможность проведения референдума о статусе Исаакиевского собора https://t.co/UDTeBGw4xy
tjournal|864743768578248704|2017-05-17 07:25:55|В Госдуме решили больше не давать депутатам вносить законопроекты без уведомления фракций и подписи Володина https://t.co/wnDN0gGG9Q
tjournal|864743063394103296|2017-05-17 07:23:07|На вокзале в Вашингтоне три минуты показывали порно с Pornhub. Ситуацию спас сотрудник, сумевший выключить дисплей https://t.co/PL9jpeHWTH
tjournal|864738651485483008|2017-05-17 07:05:35|Российские студенты, приглашённые Apple на WWDC 2017, рассказали о себе и о своих планах на будущее https://t.co/6JPcPO2aUj
tjournal|864727643157082112|2017-05-17 06:21:50|Трамп якобы хотел закрыть расследование о связях Белого Дома с Россией, но в Белом доме это опровергают https://t.co/gcFY6mBCvn
tjournal|864721151964184577|2017-05-17 05:56:03|Прокуратура указала на необходимость доработать законопроект о сносе пятиэтажек. Нашла неточности в формулировках https://t.co/9GFxcgpEsI
tjournal|864715987727372288|2017-05-17 05:35:31|В Волгограде число жертв взрыва газа в доме увеличилось до четырёх человек. В городе объявили режим ЧС https://t.co/IrL2qo2vhe
tjournal|864595206020231168|2017-05-16 21:35:35|В Москве прояснилась ситуация с пропавшим из дома мусоропроводом. Объяснение оказалось простым, зато какая интрига https://t.co/cnNmQY9Knx
tjournal|864574833811755010|2017-05-16 20:14:38|История о рассвете и провале актёрской карьеры Джонни Деппа — звезды грядущей пятой части «Пиратов Карибского моря» https://t.co/S5dHYD8cGO
tjournal|864565053537869824|2017-05-16 19:35:46|Собрали три главных ожидания от завтрашней конференции для разработчиков Google https://t.co/8guxnYInoh
tjournal|864557059878137857|2017-05-16 19:04:00|«Россия 24» посоветовала украинским зрителям использовать анонимайзер, чтобы обойти блокировку сайтов https://t.co/p9o8YtIsv8
tjournal|864549417805807616|2017-05-16 18:33:38|«ВКонтакте» разослала украинским пользователям инструкции о том, «как не потерять свои контакты и важную информацию» https://t.co/cbFylrhIXl
tjournal|864545540842950656|2017-05-16 18:18:14|Горнолыжник из Англии запечатлел от первого лица падение в расщелину в Швейцарских Альпах на глубину двадцать метро… https://t.co/FC442i2ioe
tjournal|864538099560452097|2017-05-16 17:48:39|Графический дизайнер из Италии сравнивает свои фотографии с цветовыми справочниками общепринятой системы Pantone… https://t.co/vVSCpKypLD
tjournal|864528819004297218|2017-05-16 17:11:47|В Петербурге суд встал на сторону местного жителя, у которого ФСБ пыталась отсудить 26 тысяч рублей https://t.co/OeMx45zwSa
tjournal|864510628651782144|2017-05-16 15:59:30|Apple запатентовала технологичный контейнер для пиццы https://t.co/2kxFBM4u8Z https://t.co/jpHcCpRuvd
tjournal|864503077843468288|2017-05-16 15:29:30|Украинские провайдеры объявили, что начали блокировать российские сайты, но те до сих пор доступны https://t.co/lGmSNAh5Sv
tjournal|864488532374630400|2017-05-16 14:31:42|Познер получил ответы на свой вопрос «сажают ли в России за атеизм». Но не от Путина с патриархом… https://t.co/UoYJ7UHrSP
tjournal|864484663129239553|2017-05-16 14:16:19|В Instagram появились маски для «Историй». Никогда не поздно https://t.co/jSSIJe3xQE
tjournal|864465773913419776|2017-05-16 13:01:16|«Яндекс» и «Лаборатория Касперского» заявили, что от украинских санкций пострадают только пользователи https://t.co/NUbctENSf8
tjournal|864465730053517312|2017-05-16 13:01:05|"В Сингапуре начал работу 15-этажный «вендинговый автомат» по продаже автомобилей.

Шоу-рум вмещает 60 машин… https://t.co/14w9pKgaFI"
tjournal|864453827105370112|2017-05-16 12:13:47|Chanel обвинили в неуважении к коренным народам Австралии за продажу бумеранга стоимостью 1500 долларов https://t.co/PeYaiAxpBJ
tjournal|864446889537810432|2017-05-16 11:46:13|Mail.Ru Group, владеющая «ВКонтакте» и «Одноклассниками», прямо призвала обходить блокировки на Украине… https://t.co/WC0gQ9ltlv
tjournal|864438251796484097|2017-05-16 11:11:54|"Необитаемый остров в Тихом океане — одно из самых грязных мест на Земле, заявили учёные.

Насчитали 18 тонн отходов… https://t.co/T03FYdsefT"
tjournal|864436940552241153|2017-05-16 11:06:41|В Волгограде из-за взрыва газа обрушился целый подъезд четырёхэтажного дома. Есть жертвы https://t.co/oVx80WA33P https://t.co/Ma0MyG0lZ3
tjournal|864436926245462018|2017-05-16 11:06:38|Французский регулятор оштрафовал Facebook за использование данных пользователей в «адресной рекламе» https://t.co/zjjKfiuU8f
tjournal|864435882513879041|2017-05-16 11:02:29|Подтверждено: Роскомнадзор направил в Telegram письмо с угрозой блокировки https://t.co/dtcfzhoi0z
tjournal|864423962612314112|2017-05-16 10:15:07|Собрали реакцию соцсетей на новость о возможной блокировке «ВКонтакте» и «Одноклассников» на Украине https://t.co/MXs6YBjDHl
tjournal|864422826404704257|2017-05-16 10:10:36|Госдума перенесла рассмотрение закона о сносе пятиэтажек. Голосование уже идёт https://t.co/T9BT1dingj
tjournal|864420665893539840|2017-05-16 10:02:01|Руководитель турагентства из Манчестера превратил офис компании в бассейн с шариками, чтобы поощрить сотрудников… https://t.co/94DVlRvnmh
tjournal|864420372543926274|2017-05-16 10:00:51|В Минкомсвязи назвали блокировки в интернете бессмысленным занятием. Речь об Украине, конечно… https://t.co/9pXt7bUHWG
tjournal|864414768328822785|2017-05-16 09:38:35|Под санкции Украины, помимо «ВКонтакте» и «Яндекса», попали «Первый канал», «Аэрофлот», РИА «Новости», ABBYY и «1С» https://t.co/6ZAr4G3QDJ
