yandex|860445313445789697|2017-05-05 10:45:23|–û—Ç–ø–µ—á–∞—Ç–∫–∏ –≤–æ–π–Ω—ã. –ù–∞ –∫–∞—Ä—Ç–µ –Ø–Ω–¥–µ–∫—Å–∞ —Å–æ–±—Ä–∞–Ω—ã —Ñ–æ—Ç–æ–≥—Ä–∞—Ñ–∏–∏ –≤—Ä–µ–º—ë–Ω –í–µ–ª–∏–∫–æ–π –û—Ç–µ—á–µ—Å—Ç–≤–µ–Ω–Ω–æ–π –≤–æ–π–Ω—ã https://t.co/0XJdQTYrAk
yandex|859737634809282561|2017-05-03 11:53:19|–¢–µ–ø–µ—Ä—å –Ω–∞ –Ø–Ω–¥–µ–∫—Å.–ï–ì–≠ –º–æ–∂–Ω–æ –Ω–µ —Ç–æ–ª—å–∫–æ –ø–æ—Ä–µ—à–∞—Ç—å —Ç—Ä–µ–Ω–∏—Ä–æ–≤–æ—á–Ω—ã–µ –≤–∞—Ä–∏–∞–Ω—Ç—ã —Ç–µ—Å—Ç–æ–≤ –ï–ì–≠, –Ω–æ –∏ –ø—Ä–æ–π—Ç–∏ –±–µ—Å–ø–ª–∞—Ç–Ω—ã–µ –æ–Ω–ª–∞–π–Ω-–∫—É—Ä—Å—ã https://t.co/HNa7OfCS0P
yandex|856814713635844097|2017-04-25 10:18:41|–ï—Å—Ç—å –ö–æ–Ω–Ω–µ–∫—Ç: –Ø–Ω–¥–µ–∫—Å –∑–∞–ø—É—Å—Ç–∏–ª –ø–ª–∞—Ç—Ñ–æ—Ä–º—É –¥–ª—è —Å–æ–≤–º–µ—Å—Ç–Ω–æ–π —Ä–∞–±–æ—Ç—ã –∏ –æ–±—â–µ–Ω–∏—è https://t.co/oc6ZxpkjjV
yandex|854734285693177856|2017-04-19 16:31:48|–Ø–Ω–¥–µ–∫—Å.–ù–∞–≤–∏–≥–∞—Ç–æ—Ä –Ω–∞—É—á–∏–ª—Å—è —Å—Ç—Ä–æ–∏—Ç—å —Å–ø–µ—Ü–∏–∞–ª—å–Ω—ã–µ –º–∞—Ä—à—Ä—É—Ç—ã –¥–ª—è –ø–æ–∏—Å–∫–∞ –ø–∞—Ä–∫–æ–≤–æ–∫ https://t.co/uRWujGzb7N https://t.co/VgUrfmzFMH
yandex|851835295490347008|2017-04-11 16:32:15|–° —Å–µ–≥–æ–¥–Ω—è—à–Ω–µ–≥–æ –¥–Ω—è —Ç–æ—á–Ω–∞—è —Å—Ç–æ–∏–º–æ—Å—Ç—å –ø–æ–µ–∑–¥–∫–∏ –≤ –Ø–Ω–¥–µ–∫—Å.–¢–∞–∫—Å–∏ –∏–∑–≤–µ—Å—Ç–Ω–∞ –∑–∞—Ä–∞–Ω–µ–µ. –ü—Ä–∏—è—Ç–Ω—ã—Ö –ø–æ–µ–∑–¥–æ–∫! https://t.co/LzM4sxe7Zw
yandex|848901317804339201|2017-04-03 14:13:40|–Ø–Ω–¥–µ–∫—Å.–¢–∞–∫—Å–∏ –≤ –°–∞–Ω–∫—Ç-–ü–µ—Ç–µ—Ä–±—É—Ä–≥–µ –æ—Ç–º–µ–Ω–∏–ª–æ –æ–ø–ª–∞—Ç—É –∑–∞ –ø–æ–µ–∑–¥–∫–∏ –ø–æ –≤—Å–µ–º—É –≥–æ—Ä–æ–¥—É
yandex|845285517767987201|2017-03-24 14:45:46|–ü—Ä–∏–Ω–∏–º–∞–µ–º –∑–∞—è–≤–∫–∏ –Ω–∞ –ª–µ—Ç–Ω—é—é —Å—Ç–∞–∂–∏—Ä–æ–≤–∫—É –≤ –Ø–Ω–¥–µ–∫—Å–µ –¥–ª—è —Ä–∞–∑—Ä–∞–±–æ—Ç—á–∏–∫–æ–≤. –ò–Ω—Ç–µ—Ä–µ—Å–Ω–æ, –ø–æ–ª–µ–∑–Ω–æ, –∏, —á–µ—Å—Ç–Ω–æ —Å–∫–∞–∂–µ–º, –Ω–µ–ø—Ä–æ—Å—Ç–æ :)‚Å∞https://t.co/FdA8OZEMwL
yandex|842731113789489152|2017-03-17 13:35:29|–í –Ω–æ–≤–æ–π –≤–µ—Ä—Å–∏–∏ –Ø–Ω–¥–µ–∫—Å.–ë—Ä–∞—É–∑–µ—Ä–∞ –ø–æ—è–≤–∏–ª–∞—Å—å –≤–æ–∑–º–æ–∂–Ω–æ—Å—Ç—å —Å–º–æ—Ç—Ä–µ—Ç—å –≤–∏–¥–µ–æ –≤ –æ—Ç–¥–µ–ª—å–Ω–æ–º –æ–∫–Ω–µ https://t.co/aFERfxcvoc
yandex|842632219206344704|2017-03-17 07:02:31|–†—ã–±–∞, –∑—É–± –∏ —Å—Ç–∏—Ö–∏–π–Ω—ã–µ –±–µ–¥—Å—Ç–≤–∏—è: –∫–∞–∫–∏–µ —Å–Ω—ã –∏—â—É—Ç –≤ –ø–æ–∏—Å–∫–µ –Ø–Ω–¥–µ–∫—Å–∞ https://t.co/anYvUnFb4M
yandex|842062789430661120|2017-03-15 17:19:48|–û—Ç–∫—Ä—ã–ª–∏ –Ω–∞–±–æ—Ä –≤ –ø—Ä–æ–µ–∫—Ç ¬´–ú–æ–±–∏–ª–∏–∑–∞—Ü–∏—è¬ª, –∫–æ—Ç–æ—Ä—ã–π –æ–±—ä–µ–¥–∏–Ω—è–µ—Ç –±–µ—Å–ø–ª–∞—Ç–Ω—ã–µ –∫—É—Ä—Å—ã –¥–ª—è —Ä–∞–∑—Ä–∞–±–æ—Ç—á–∏–∫–æ–≤, –º–µ–Ω–µ–¥–∂–µ—Ä–æ–≤ –∏ –¥–∏–∑–∞–π–Ω–µ—Ä–æ–≤ https://t.co/YZhsYc4u4Q
yandex|841549982264090624|2017-03-14 07:22:05|–ò—Ç–æ–≥–∏ #–ß–¢–î: 22% —É—á–∞—Å—Ç–Ω–∏–∫–æ–≤ –æ–Ω–ª–∞–π–Ω-–∫–æ–Ω—Ç—Ä–æ–ª—å–Ω–æ–π –ø–æ –º–∞—Ç–µ–º–∞—Ç–∏–∫–µ –ø–æ–ª—É—á–∏–ª–∏ –ø—è—Ç—ë—Ä–∫—É https://t.co/kXwQnRzyGM –°–ª–µ–¥—É—é—â–∞—è –∫–æ–Ω—Ç—Ä–æ–ª—å–Ω–∞—è ‚Äî  —á–µ—Ä–µ–∑ –≥–æ–¥.
yandex|840835331486302208|2017-03-12 08:02:19|–û–Ω–ª–∞–π–Ω-–∫–æ–Ω—Ç—Ä–æ–ª—å–Ω–∞—è –ø–æ –º–∞—Ç–µ–º–∞—Ç–∏–∫–µ #–ß–¢–î –∑–∞–≤–µ—Ä—à–∏—Ç—Å—è —á–µ—Ä–µ–∑ —á–∞—Å. –£ –≤–∞—Å –µ—Å—Ç—å –≤—Ä–µ–º—è —Ä–µ—à–∏—Ç—å 10 –∑–∞–¥–∞—á. https://t.co/QGLcPR0SrH
yandex|840488125822574596|2017-03-11 09:02:39|–û–Ω–ª–∞–π–Ω-–∫–æ–Ω—Ç—Ä–æ–ª—å–Ω–∞—è –ø–æ –º–∞—Ç–µ–º–∞—Ç–∏–∫–µ #–ß–¢–î –Ω–∞—á–∞–ª–∞—Å—å. –í—ã –º–æ–∂–µ—Ç–µ –ø—Ä–æ–π—Ç–∏ –µ—ë –¥–æ 12:00 (–º—Å–∫) 12 –º–∞—Ä—Ç–∞. –£–¥–∞—á–∏! https://t.co/QGLcPR0SrH
yandex|840245490230939649|2017-03-10 16:58:30|–ó–∞–≤—Ç—Ä–∞ –≤ 12:00 –ø–æ –ú–æ—Å–∫–≤–µ —Å—Ç–∞—Ä—Ç—É–µ—Ç –æ–Ω–ª–∞–π–Ω-–∫–æ–Ω—Ç—Ä–æ–ª—å–Ω–∞—è –ø–æ –º–∞—Ç–µ–º–∞—Ç–∏–∫–µ ¬´–ß—Ç–æ –∏ —Ç—Ä–µ–±–æ–≤–∞–ª–æ—Å—å –¥–æ–∫–∞–∑–∞—Ç—å¬ª. –ü—Ä–æ–≤–µ—Ä—å—Ç–µ —Å–µ–±—è! https://t.co/QGLcPR0SrH
yandex|840089095636361217|2017-03-10 06:37:03|–ú—ã –æ–±–Ω–æ–≤–∏–ª–∏ –º–æ–±–∏–ª—å–Ω–æ–µ –ø—Ä–∏–ª–æ–∂–µ–Ω–∏–µ –Ø–Ω–¥–µ–∫—Å ‚Äî —Ç–µ–ø–µ—Ä—å —ç—Ç–æ —É–Ω–∏–≤–µ—Ä—Å–∞–ª—å–Ω—ã–π –ø–æ–º–æ—â–Ω–∏–∫ –≤ –ø–æ–≤—Å–µ–¥–Ω–µ–≤–Ω—ã—Ö —Å–∏—Ç—É–∞—Ü–∏—è—Ö‚Äã https://t.co/dd12kPBi4Z
yandex|836263471712976896|2017-02-27 17:15:23|–í –Ø–Ω–¥–µ–∫—Å.–¢—Ä–∞–Ω—Å–ø–æ—Ä—Ç–µ –ø–æ—è–≤–∏–ª–∞—Å—å –Ω–æ–≤–∞—è —Ñ—É–Ω–∫—Ü–∏—è ‚Äî –±—É–¥–∏–ª—å–Ω–∏–∫‚Äã, –∫–æ—Ç–æ—Ä—ã–π –ø—Ä–µ–¥—É–ø—Ä–µ–¥–∏—Ç –æ –Ω—É–∂–Ω–æ–π –æ—Å—Ç–∞–Ω–æ–≤–∫–µ. –û–±–Ω–æ–≤–ª—è–π—Ç–µ –ø—Ä–∏–ª–æ–∂‚Ä¶ https://t.co/oub3badnel
yandex|833636116838359040|2017-02-20 11:15:13|"RT @yandexmusic: –ö—É—Ä—Ç—É –ö–æ–±–µ–π–Ω—É ‚Äî 50! ¬´–Ø –≥–æ—Ä–∞–∑–¥–æ –±–æ–ª–µ–µ —Å—á–∞—Å—Ç–ª–∏–≤—ã–π —á–µ–ª–æ–≤–µ–∫, —á–µ–º –æ–±–æ –º–Ω–µ –ø—Ä–∏–Ω—è—Ç–æ –¥—É–º–∞—Ç—å¬ª, ‚Äî –≥–æ–≤–æ—Ä–∏–ª –ª–∏–¥–µ—Ä ¬´–ù–∏—Ä–≤–∞–Ω—ã¬ª.
https://t‚Ä¶"
yandex|833595532203479040|2017-02-20 08:33:56|11 –º–∞—Ä—Ç–∞ –Ø–Ω–¥–µ–∫—Å –ø—Ä–æ–≤–µ–¥—ë—Ç –µ–∂–µ–≥–æ–¥–Ω—É—é –æ–Ω–ª–∞–π–Ω-–∫–æ–Ω—Ç—Ä–æ–ª—å–Ω—É—é –ø–æ –º–∞—Ç–µ–º–∞—Ç–∏–∫–µ #–ß–¢–î. –ê —Å–µ–π—á–∞—Å –º–æ–∂–Ω–æ –ø—Ä–æ–π—Ç–∏ —Ç–µ—Å—Ç–æ–≤—É—é –∫–æ–Ω—Ç—Ä–æ–ª—å–Ω—É—é https://t.co/aUrf04qqxJ
yandex|832166449393369088|2017-02-16 09:55:17|–Ø–Ω–¥–µ–∫—Å –≤—ã—è—Å–Ω–∏–ª, –≤ –∫–∞–∫–∏—Ö —Ä–∞–π–æ–Ω–∞—Ö –ú–æ—Å–∫–≤—ã —É–¥–æ–±–Ω–µ–µ –≤—Å–µ–≥–æ –∂–∏—Ç—å –∏ —Ä–∞–∑–≤–ª–µ–∫–∞—Ç—å—Å—è https://t.co/YLKLfcMuqB
yandex|821781953737322496|2017-01-18 18:11:00|16,2 –º–ª–Ω ‚Äî —Å—Ç–æ–ª—å–∫–æ –ø–æ–µ–∑–¥–æ–∫ –±—ã–ª–æ –∑–∞—Ñ–∏–∫—Å–∏—Ä–æ–≤–∞–Ω–æ –≤ –Ø–Ω–¥–µ–∫—Å.–¢–∞–∫—Å–∏ –≤ –¥–µ–∫–∞–±—Ä–µ 2016. –≠—Ç–æ –≤ 5,6 —Ä–∞–∑–∞ –±–æ–ª—å—à–µ, —á–µ–º –≥–æ–¥ –Ω–∞–∑–∞–¥. –î–∞–ª—å—à–µ ‚Äî –±–æ–ª—å—à–µ.
yandex|820965833396649985|2017-01-16 12:08:02|–†–µ–≥–∏—Å—Ç—Ä–∏—Ä—É–π—Ç–µ—Å—å –∏ —É—á–∞—Å—Ç–≤—É–π—Ç–µ: –ø–æ —Ç—Ä–∞–¥–∏—Ü–∏–∏ –Ω–∞ YaC (c  m  –∏–ª–∏ –±–µ–∑  m) –º—ã —Å–æ–±–∏—Ä–∞–µ–º –æ—Ç–ª–∏—á–Ω—ã—Ö –ª—é–¥–µ–π –Ω–∞ –∏–Ω—Ç–µ—Ä–µ—Å–Ω—É—é –ø—Ä–æ–≥—Ä–∞‚Ä¶ https://t.co/PX7o5W7zVx
yandex|815308926799450112|2016-12-31 21:29:30|–° –ù–æ–≤—ã–º –≥–æ–¥–æ–º, –¥—Ä—É–∑—å—è!
yandex|814846363175424001|2016-12-30 14:51:26|–ü–µ—Ä–µ–∫–ª—é—á–∞–π—Ç–µ—Å—å –Ω–∞ –ù–æ–≤—ã–π –≥–æ–¥! –í—ã–±–µ—Ä–∏—Ç–µ —Å–≤–æ—ë –Ω–æ–≤–æ–≥–æ–¥–Ω–µ–µ –Ω–∞—Å—Ç—Ä–æ–µ–Ω–∏–µ –∏–ª–∏ –∑–∞–Ω—è—Ç–∏–µ ‚Äî –ø–æ–¥—Ö–æ–¥—è—â–∏–π —Å–∞—É–Ω–¥—Ç—Ä–µ–∫ —É–∂–µ –≥–æ—Ç–æ–≤: https://t.co/lwGv0CuEFi
yandex|814076878717931520|2016-12-28 11:53:47|RT @yandexmaps: –í—Å—Ç—Ä–µ—á–∞–π—Ç–µ –Ω–æ–≤—ã–µ –Ø–Ω–¥–µ–∫—Å.–ö–∞—Ä—Ç—ã –¥–ª—è Windows 10. –ü–æ–¥—Ä–æ–±–Ω–æ—Å—Ç–∏ –≤ –Ω–∞—à–µ–º –±–ª–æ–≥–µ: https://t.co/yoJFbbeF0a https://t.co/DwsIR6xnYf
yandex|811244990538125313|2016-12-20 16:20:52|–î–æ –ù–æ–≤–æ–≥–æ –≥–æ–¥–∞ –æ—Å—Ç–∞–ª–æ—Å—å –≤—Å–µ–≥–æ –Ω–∏—á–µ–≥–æ. –£—Å–ø–µ—Ç—å –∫—É–ø–∏—Ç—å –ø–æ–¥–∞—Ä–∫–∏ –ø–æ–º–æ–∂–µ—Ç –Ø–Ω–¥–µ–∫—Å.–ú–∞—Ä–∫–µ—Ç https://t.co/oYJ1FxmY31
yandex|809730833833672705|2016-12-16 12:04:09|–ù–µ–π—Ä–æ–Ω–Ω—ã–µ —Å–µ—Ç–∏ –ø–æ–º–æ–≥–ª–∏ –Ø–Ω–¥–µ–∫—Å.–ü–æ–≥–æ–¥–µ —Å—Ç—Ä–æ–∏—Ç—å –ø—Ä–æ–≥–Ω–æ–∑—ã –æ—Å–∞–¥–∫–æ–≤ –Ω–∞ –±–ª–∏–∂–∞–π—à–∏–µ –¥–≤–∞ —á–∞—Å–∞ —Å –¥–µ—Ç–∞–ª–∏–∑–∞—Ü–∏–µ–π –≤ 10 –º–∏–Ω—É—Ç‚Ä¶ https://t.co/bPwT9zTOO2
yandex|808727895858364416|2016-12-13 17:38:50|–Ø–Ω–¥–µ–∫—Å.–ú—É–∑—ã–∫–∞ @yandexmusic –ø–æ–¥–≤–µ–ª–∞ –∏—Ç–æ–≥–∏ 2016 –≥–æ–¥–∞: –ø–µ—Å–Ω–∏, –∞–ª—å–±–æ–º—ã –∏ –∏—Å–ø–æ–ª–Ω–∏—Ç–µ–ª–∏, –∫–æ—Ç–æ—Ä—ã—Ö —Å–ª—É—à–∞–ª–∏ —á–∞—â–µ –≤—Å–µ–≥–æ https://t.co/MHTRxT42OX
yandex|806757552105013252|2016-12-08 07:09:23|2016 –≥–æ–¥ –≤ –ø–æ–∏—Å–∫–µ –Ø–Ω–¥–µ–∫—Å–∞. –ö–∞–∫–∏–µ –ª—é–¥–∏, —Å–æ–±—ã—Ç–∏—è –∏ —è–≤–ª–µ–Ω–∏—è –≤—ã–∑–≤–∞–ª–∏ –Ω–∞–∏–±–æ–ª—å—à–∏–π –∏–Ω—Ç–µ—Ä–µ—Å –ø–æ–ª—å–∑–æ–≤–∞—Ç–µ–ª–µ–π –≤ —ç—Ç–æ–º –≥–æ–¥—É https://t.co/Qjx44j33sA
yandex|804037908780974080|2016-11-30 19:02:30|–§–∏–Ω–∞–ª –º–∞—Ç—á–∞ –∑–∞ –∑–≤–∞–Ω–∏–µ —á–µ–º–ø–∏–æ–Ω–∞ –º–∏—Ä–∞ –ø–æ —à–∞—Ö–º–∞—Ç–∞–º –Ω–∞—á–∞–ª—Å—è. –ü—Ä—è–º–∞—è —Ç—Ä–∞–Ω—Å–ª—è—Ü–∏—è –Ω–∞ –Ø–Ω–¥–µ–∫—Å–µ https://t.co/5mq9NAQy7V
yandex|804029819860160512|2016-11-30 18:30:21|–ó–∞—Ç–∞–∏–ª–∏ –¥—ã—Ö–∞–Ω–∏–µ. –§–∏–Ω–∞–ª –º–∞—Ç—á–∞ –∑–∞ —à–∞—Ö–º–∞—Ç–Ω—É—é –∫–æ—Ä–æ–Ω—É –º–µ–∂–¥—É –ö–∞—Ä—è–∫–∏–Ω—ã–º –∏ –ö–∞—Ä–ª—Å–µ–Ω–æ–º —Å–º–æ—Ç—Ä–∏—Ç–µ –Ω–∞ –Ø–Ω–¥–µ–∫—Å–µ –≤ 22:00 https://t.co/5mq9NAQy7V
yandex|799360016398614528|2016-11-17 21:14:13|–ù–∞ @yandexmusic –ø–æ—è–≤–∏–ª–∞—Å—å –≤—Å—è Metallica https://t.co/J3y2B3YAvw, –∏ —Å–æ—Å—Ç–æ—è–ª–∞—Å—å –ø—Ä–µ–º—å–µ—Ä–∞ –Ω–æ–≤–æ–≥–æ –∞–ª—å–±–æ–º–∞ –≥—Ä—É–ø–ø—ã. –ö–æ–ª–æ–Ω–∫–∏ –Ω–∞ –ø–æ–ª–Ω—É—é –º–æ—â—å!
yandex|793731837537443840|2016-11-02 08:29:51|–ö–∞–∫ –∏–º–µ–Ω–Ω–æ –∏—Å–∫—É—Å—Å—Ç–≤–µ–Ω–Ω—ã–π –∏–Ω—Ç–µ–ª–ª–µ–∫—Ç –ø–æ–∑–≤–æ–ª–∏–ª –Ø–Ω–¥–µ–∫—Å—É —É—á–∏—Ç—ã–≤–∞—Ç—å —Å–º—ã—Å–ª –ø—Ä–∏ –ø–æ–∏—Å–∫–µ, —á–∏—Ç–∞–π—Ç–µ –≤ –Ω–∞—à–µ–º –±–ª–æ–≥–µ –Ω–∞ –•–∞–±—Ä–∞—Ö–∞–±—Ä–µ‚Ä¶ https://t.co/w3ZqvzBevK
yandex|793731408623697920|2016-11-02 08:28:09|–Ø–Ω–¥–µ–∫—Å –∑–∞–ø—É—Å—Ç–∏–ª –Ω–æ–≤—ã–π –ø–æ–∏—Å–∫–æ–≤—ã–π –∞–ª–≥–æ—Ä–∏—Ç–º ¬´–ü–∞–ª–µ—Ö¬ª, —É—á–∏—Ç—ã–≤–∞—é—â–∏–π –Ω–µ —Ç–æ–ª—å–∫–æ —Å–ª–æ–≤–∞, –Ω–æ –∏ —Å–º—ã—Å–ª—ã –∑–∞–ø—Ä–æ—Å–∞ –∏ –¥–æ–∫—É–º–µ–Ω—Ç–æ–≤‚Ä¶ https://t.co/hXOPDV8Tcm
yandex|785496110123126785|2016-10-10 15:04:01|–ü–æ–∑–¥—Ä–∞–≤–ª—è–µ–º –∫–æ–º–∞–Ω–¥—É –í–ö–æ–Ω—Ç–∞–∫—Ç–µ —Å 10-–ª–µ—Ç–∏–µ–º! –î–æ–ª–≥–∏—Ö –ª–µ—Ç –∏ –æ—Ç–ª–∏—á–Ω–æ–≥–æ –Ω–∞—Å—Ç—Ä–æ–µ–Ω–∏—è! https://t.co/waZXgdGQFN
yandex|784008372706242560|2016-10-06 12:32:16|–ö–æ—Ä–æ—Ç–∫–æ –∏ –ø–æ–Ω—è—Ç–Ω–æ –æ —Ç–æ–º, –∫–∞–∫ —Ä–∞–±–æ—Ç–∞–µ—Ç —Å–∏–Ω—Ç–µ–∑ —Ä–µ—á–∏ –≤ Yandex SpeechKit. –ü—Ä–∏–≥–ª–∞—à—ë–Ω–Ω–∞—è –∑–≤–µ–∑–¥–∞ ‚Äî –∞–≤—Ç–æ–ø–æ—ç—Ç https://t.co/iI7ZGrTE6h
yandex|779342733324460033|2016-09-23 15:32:41|–°–µ–≥–æ–¥–Ω—è –Ø–Ω–¥–µ–∫—Å—É –∏—Å–ø–æ–ª–Ω—è–µ—Ç—Å—è —Ä–æ–≤–Ω–æ 19 –ª–µ—Ç, –ø—Ä–∏–Ω–∏–º–∞–µ–º –ø–æ–∑–¥—Ä–∞–≤–ª–µ–Ω–∏—è. –ö–∞–∫ –≤—Å—ë –Ω–∞—á–∏–Ω–∞–ª–æ—Å—å: https://t.co/K4mtVlDCNv https://t.co/4FhVtNmg1j
yandex|777908534906355712|2016-09-19 16:33:42|–ê–≤—Ç–æ.—Ä—É @autoru —Å–∫—Ä–æ–µ—Ç —Ç–µ–ª–µ—Ñ–æ–Ω–Ω—ã–µ –Ω–æ–º–µ—Ä–∞ –ø–æ–ª—å–∑–æ–≤–∞—Ç–µ–ª–µ–π, —á—Ç–æ–±—ã –∑–∞—â–∏—Ç–∏—Ç—å –∏—Ö –æ—Ç —Å–º—Å-—Å–ø–∞–º–∞ –∏ –º–æ—à–µ–Ω–Ω–∏–∫–æ–≤ https://t.co/OYyrvcOJsz
yandex|776335728569614336|2016-09-15 08:23:55|"""–ú–∞—à–∞ –∏ –ú–µ–¥–≤–µ–¥—å"" ‚Äì —Å–∞–º—ã–π –ø–æ–ø—É–ª—è—Ä–Ω—ã–π –º—É–ª—å—Ç–∏–∫ —É –Ω–∞—à–∏—Ö –ø–æ–ª—å–∑–æ–≤–∞—Ç–µ–ª–µ–π. –ê –∑–¥–µ—Å—å –º–Ω–æ–≥–æ –∏–Ω—Ç–µ—Ä–µ—Å–Ω–æ–≥–æ –æ –ª—é–±–∏–º—ã—Ö –º—É–ª—å—Ç—Ñ–∏–ª—å–º–∞—Ö: https://t.co/pkqwc4I00H"
yandex|776095357629587456|2016-09-14 16:28:47|–î–ª—è —Ç–µ—Ö, –∫—Ç–æ –Ω–µ —É—Å–ø–µ–ª –Ω–µ–ø—Ä—è–º–æ–π —ç—Ñ–∏—Ä –ª–µ–∫—Ü–∏–∏ –î–∂–∏–º–º–∏ –£—ç–ª—å—Å–∞ –≤ –Ø–Ω–¥–µ–∫—Å–µ, —É–∂–µ –¥–æ—Å—Ç—É–ø–Ω–∞ –∑–∞–ø–∏—Å—å: https://t.co/47zf78fXvU https://t.co/jSCUYAHUwU
yandex|776076473862086656|2016-09-14 15:13:44|–ü—Ä—è–º–æ —Å–µ–π—á–∞—Å –Ω–∞—á–∏–Ω–∞–µ—Ç—Å—è —Ç—Ä–∞–Ω—Å–ª—è—Ü–∏—è –ª–µ–∫—Ü–∏–∏ –æ—Å–Ω–æ–≤–∞—Ç–µ–ª—è –í–∏–∫–∏–ø–µ–¥–∏–∏ –î–∂–∏–º–º–∏ –£—ç–π–ª—Å–∞ –≤ –Ø–Ω–¥–µ–∫—Å–µ https://t.co/47zf78fXvU https://t.co/gI8PlQtQaV
yandex|775336748889022464|2016-09-12 14:14:20|–í —Å—Ä–µ–¥—É –≤ –Ø–Ω–¥–µ–∫—Å–µ –≤—ã—Å—Ç—É–ø–∏—Ç —Å –ª–µ–∫—Ü–∏–µ–π –î–∂–∏–º–º–∏ –£—ç–π–ª—Å, –æ—Å–Ω–æ–≤–∞—Ç–µ–ª—å –í–∏–∫–∏–ø–µ–¥–∏–∏. –£—Å–ø–µ–π—Ç–µ –∑–∞–ø–∏—Å–∞—Ç—å—Å—è: https://t.co/47zf78fXvU https://t.co/jkYlzB6gRW
yandex|775312729133486080|2016-09-12 12:38:53|–†–æ–¥–∏—Ç–µ–ª—è–º –ø—Ä–æ–≥—Ä–∞–º–º–∏—Å—Ç–æ–≤ –Ω–µ –≤—Å–µ–≥–¥–∞ –ø–æ–Ω—è—Ç–Ω–æ, —á–µ–º –∑–∞–Ω–∏–º–∞—é—Ç—Å—è –∏—Ö –¥–µ—Ç–∏. –ü–æ–ø—Ä–æ—Å–∏–ª–∏ –∫–æ–ª–ª–µ–≥ —Ä–∞–∑—ä—è—Å–Ω–∏—Ç—å: https://t.co/HTm0aXKdfi #ProgrammersDay
yandex|772751886072090624|2016-09-05 11:03:01|The Show Must Go On! –û—Ç–º–µ—á–∞–µ–º —é–±–∏–ª–µ–π –§—Ä–µ–¥–¥–∏ –ú–µ—Ä–∫—å—é—Ä–∏ –∏ –≤—Å–ø–æ–º–∏–Ω–∞–µ–º –µ–≥–æ —Ç–≤–æ—Ä—á–µ—Å–∫–∏–π –ø—É—Ç—å https://t.co/7bJ8SjZUXD https://t.co/6aQGobrXOq
yandex|770955393363222529|2016-08-31 12:04:24|–ú—ã –∑–∞–ø—É—Å—Ç–∏–ª–∏ –ø—Ä–æ–µ–∫—Ç –ø–æ –æ–±—É—á–µ–Ω–∏—é —à–∫–æ–ª—å–Ω–∏–∫–æ–≤ –ø—Ä–æ–≥—Ä–∞–º–º–∏—Ä–æ–≤–∞–Ω–∏—é ‚Äî –Ø–Ω–¥–µ–∫—Å.–õ–∏—Ü–µ–π. –ù–∞–±–æ—Ä –æ—Ç–∫—Ä—ã—Ç. https://t.co/UVTi7sBrif
yandex|769455902898450433|2016-08-27 08:45:57|–°–µ–≥–æ–¥–Ω—è –∏—Å–ø–æ–ª–Ω—è–µ—Ç—Å—è 120 –ª–µ—Ç —Å–æ –¥–Ω—è —Ä–æ–∂–¥–µ–Ω–∏—è –§–∞–∏–Ω—ã –†–∞–Ω–µ–≤—Å–∫–æ–π. –ü—Ä–æ–≤–µ—Ä—å—Ç–µ, –∫–∞–∫ —Ö–æ—Ä–æ—à–æ –≤—ã –∑–Ω–∞–∫–æ–º—ã —Å –µ—ë –≤—ã—Å–∫–∞–∑—ã–≤–∞–Ω–∏—è–º–∏ https://t.co/qT06uDpSPi
yandex|768500150574645248|2016-08-24 17:28:08|·Éí·Éê·Éõ·Éê·É†·ÉØ·Éù·Éë·Éê, ·Éó·Éë·Éò·Éö·Éò·É°·Éù. –Ø–Ω–¥–µ–∫—Å.–¢–∞–∫—Å–∏ –Ω–∞—á–∏–Ω–∞–µ—Ç —Ä–∞–±–æ—Ç—É –≤ –ø—Ä–µ–∫—Ä–∞—Å–Ω–æ–º –¢–±–∏–ª–∏—Å–∏. –ú–∞—à–∏–Ω—ã –ø–æ–¥–∞–Ω—ã, –ø—Ä–∏—è—Ç–Ω—ã—Ö –ø–æ–µ–∑–¥–æ–∫! https://t.co/KW6w6ncI11
yandex|765857985386188800|2016-08-17 10:29:07|–ù–∞—Å–∫–æ–ª—å–∫–æ —Å–∏–ª—ë–Ω –∏—Å–∫—É—Å—Å—Ç–≤–µ–Ω–Ω—ã–π –∏–Ω—Ç–µ–ª–ª–µ–∫—Ç –∏ –∫–∞–∫ –¥–∞–ª–µ–∫–æ –µ–º—É –¥–æ ¬´–°–∫–∞–π–Ω–µ—Ç–∞¬ª? 21 –∞–≤–≥—É—Å—Ç–∞, 18:00, –ª–µ–∫—Ç–æ—Ä–∏–π –í–î–ù–•. –ü—Ä–∏—Ö–æ–¥–∏—Ç–µ https://t.co/uYEXzpXBqI
yandex|765143421124239361|2016-08-15 11:09:41|–í –ü–µ—Ç–µ—Ä–±—É—Ä–≥–µ –ø–æ—è–≤–∏–ª–∏—Å—å –≤–µ–ª–æ–∫—ç–±—ã –Ø–Ω–¥–µ–∫—Å.–¢–∞–∫—Å–∏, –∫–æ—Ç–æ—Ä—ã–µ –±–µ—Å–ø–ª–∞—Ç–Ω–æ –¥–æ–≤–µ–∑—É—Ç –≤–∞—Å –¥–æ –≠—Ä–º–∏—Ç–∞–∂–∞ –∏–ª–∏ –ø–æ–∫–∞—Ç–∞—é—Ç –ø–æ –ù–µ–≤—Å–∫–æ–º—É https://t.co/1crVUMzpZV
yandex|763889646854086656|2016-08-12 00:07:38|–°–µ–≥–æ–¥–Ω—è –ó–µ–º–ª—è –ø—Ä–æ—Ö–æ–¥–∏—Ç —Å–∫–≤–æ–∑—å –º–µ—Ç–µ–æ—Ä–Ω—ã–π –ø–æ—Ç–æ–∫ –ü–µ—Ä—Å–µ–∏–¥—ã, –∏ –∑–≤—ë–∑–¥—ã –ø–∞–¥–∞—é—Ç –Ω–µ —Ç–æ–ª—å–∫–æ –Ω–∞ –Ω–µ–±–µ, –Ω–æ –∏ –Ω–∞ –Ø–Ω–¥–µ–∫—Å–µ: https://t.co/tODDs3BZcG
yandex|763351179602563074|2016-08-10 12:27:58|–ü–æ—Å—á–∏—Ç–∞–ª–∏, –∫—É–¥–∞ –≤—ã–≥–æ–¥–Ω–µ–µ –µ—Ö–∞—Ç—å –ø–æ –ø—É—Ç—ë–≤–∫–µ, –∞ –∫—É–¥–∞ ‚Äî —Å–∞–º–æ–º—É. –°–ø–æ–π–ª–µ—Ä: –≤ –¢—É—Ä—Ü–∏—é –ø–æ–∫–∞ –¥–µ—à–µ–≤–ª–µ —Å–∞–º–æ—Ö–æ–¥–æ–º https://t.co/da3679azqu
yandex|762591271106019328|2016-08-08 10:08:21|–ü–µ—Ä–≤—ã–π —Ä–æ—Å—Å–∏–π—Å–∫–∏–π —á–µ–º–ø–∏–æ–Ω –†–∏–æ –ë–µ—Å–ª–∞–Ω –ú—É–¥—Ä–∞–Ω–æ–≤ –¥–∞–ª –ø—è—Ç—å –±–æ–ª–µ–ª—å—â–∏–∫–∞–º. –ü—Ä–∏–Ω–∏–º–∞–π—Ç–µ! https://t.co/rtY4FEmIKQ
yandex|761528886161276928|2016-08-05 11:46:49|–ó–∞–∂–≥–∏—Ç–µ –æ–≥–æ–Ω—å –û–ª–∏–º–ø–∏–∞–¥—ã –≤ —Å–≤–æ—ë–º –≥–æ—Ä–æ–¥–µ –∏ –¥–∞–π—Ç–µ –ø—è—Ç—å –∫–æ–º–∞–Ω–¥–µ –†–æ—Å—Å–∏–∏ https://t.co/1H5FhoHzbQ https://t.co/K1Euj6mjKv
yandex|761115709707464704|2016-08-04 08:25:00|–í –ø—Ä–µ–¥–¥–≤–µ—Ä–∏–∏ #–†–∏–æ2016 –Ø–Ω–¥–µ–∫—Å.–ù–∞–≤–∏–≥–∞—Ç–æ—Ä –∑–∞–≥–æ–≤–æ—Ä–∏–ª –≥–æ–ª–æ—Å–æ–º —Å–ø–æ—Ä—Ç–∏–≤–Ω–æ–≥–æ –∫–æ–º–º–µ–Ω—Ç–∞—Ç–æ—Ä–∞ –í–∞—Å–∏–ª–∏—è –£—Ç–∫–∏–Ω–∞ @radioutkin https://t.co/ABOSev2Vb8
yandex|760124552353550338|2016-08-01 14:46:30|–†–∞–∑–±–æ—Ä –∑–∞–¥–∞—á —á–µ–º–ø–∏–æ–Ω–∞—Ç–∞ –ø–æ –ø—Ä–æ–≥—Ä–∞–º–º–∏—Ä–æ–≤–∞–Ω–∏—é –Ø–Ω–¥–µ–∫—Å.–ê–ª–≥–æ—Ä–∏—Ç–º (–ø–æ—Å—Ç–∏–º –ø–æ–∑–∂–µ, —á—Ç–æ–±—ã –Ω–µ —Ä–∞–∑–æ—á–∞—Ä–æ–≤–∞—Ç—å —É—á–∞—Å—Ç–Ω–∏–∫–æ–≤ –∑–µ—Ä–∫–∞–ª–∞) https://t.co/K34tgGjdUt
yandex|759032498248527875|2016-07-29 14:27:04|–ü–æ–∑–¥—Ä–∞–≤–ª—è–µ–º –ø–æ–±–µ–¥–∏—Ç–µ–ª–µ–π –º–µ–∂–¥—É–Ω–∞—Ä–æ–¥–Ω–æ–≥–æ —á–µ–º–ø–∏–æ–Ω–∞—Ç–∞ –ø–æ —Å–ø–æ—Ä—Ç–∏–≤–Ω–æ–º—É –ø—Ä–æ–≥—Ä–∞–º–º–∏—Ä–æ–≤–∞–Ω–∏—é –Ø–Ω–¥–µ–∫—Å.–ê–ª–≥–æ—Ä–∏—Ç–º https://t.co/72iUUZYrOj
yandex|758546091084247040|2016-07-28 06:14:15|–°”ô–ª–µ–º, –ê–ª–º–∞—Ç—ã! –ö–∞–∑–∞—Ö—Å—Ç–∞–Ω —Å—Ç–∞–ª —á–µ—Ç–≤—ë—Ä—Ç–æ–π —Å—Ç—Ä–∞–Ω–æ–π, –≥–¥–µ –∑–∞—Ä–∞–±–æ—Ç–∞–ª–æ –Ø–Ω–¥–µ–∫—Å.–¢–∞–∫—Å–∏. –•–æ—Ä–æ—à–∏—Ö –ø–æ–µ–∑–¥–æ–∫! https://t.co/fZN9LSRGZS
yandex|757644547962929152|2016-07-25 18:31:51|–Ø–Ω–¥–µ–∫—Å.–ú–∞—Ä–∫–µ—Ç –≤—ã–ø—É—Å—Ç–∏–ª –ø—Ä–∏–ª–æ–∂–µ–Ω–∏–µ –¥–ª—è –ø–æ–∏—Å–∫–∞ –æ–¥–µ–∂–¥—ã –ø–æ —Ñ–æ—Ç–æ–≥—Ä–∞—Ñ–∏–∏ https://t.co/7CWWfuAmH4 https://t.co/1ydgp4sQpl
yandex|755445615061065733|2016-07-19 16:54:04|–Ø–Ω–¥–µ–∫—Å.–ù–∞–≤–∏–≥–∞—Ç–æ—Ä –Ω–∞—á–∞–ª –ø—Ä–µ–¥—É–ø—Ä–µ–∂–¥–∞—Ç—å –≤–æ–¥–∏—Ç–µ–ª–µ–π –æ –ø—Ä–µ–≤—ã—à–µ–Ω–∏–∏ —Å–∫–æ—Ä–æ—Å—Ç–∏ https://t.co/ZfxVaef8SC
yandex|750010638869622784|2016-07-04 16:57:25|–ñ–µ–ª–∞–µ–º –≤—Å–µ–º –∞–±–∏—Ç—É—Ä–∏–µ–Ω—Ç–∞–º –ø–æ—Å—Ç—É–ø–∏—Ç—å –≤ –≤—É–∑ –º–µ—á—Ç—ã https://t.co/l4PRQxYkR9
yandex|748767219333472256|2016-07-01 06:36:31|‘≤’°÷Ä÷á ‘µ÷Ä÷á’°’∂. –Ø–Ω–¥–µ–∫—Å.–¢–∞–∫—Å–∏ –≤—ã—Ö–æ–¥–∏—Ç –≤ –ê—Ä–º–µ–Ω–∏—é. –ü—Ä–∏—è—Ç–Ω—ã—Ö –ø–æ–µ–∑–¥–æ–∫, –∂–∏—Ç–µ–ª–∏ –∏ –≥–æ—Å—Ç–∏ —Å–æ–ª–Ω–µ—á–Ω–æ–≥–æ –ï—Ä–µ–≤–∞–Ω–∞! https://t.co/DXadxHoMQl
yandex|748560160235339776|2016-06-30 16:53:44|–ú–∞—à–∏–Ω–Ω—ã–π –∏–Ω—Ç–µ–ª–ª–µ–∫—Ç –Ø–Ω–¥–µ–∫—Å–∞ –Ω–∞—É—á–∏–ª –ø—Ä–∏–ª–æ–∂–µ–Ω–∏—è –ê–≤—Ç–æ.—Ä—É —É–≥–∞–¥—ã–≤–∞—Ç—å –∞–≤—Ç–æ–º–æ–±–∏–ª–∏ –ø–æ —Ñ–æ—Ç–æ https://t.co/KyAvnPN1Wn https://t.co/OmhUW3Nxgi
yandex|748061789800239104|2016-06-29 07:53:23|–ù–∞ #yacm2016 –∞–Ω–æ–Ω—Å–∏—Ä–æ–≤–∞–Ω —Å–µ—Ä–≤–∏—Å –Ø–Ω–¥–µ–∫—Å.–ê—É–¥–∏—Ç–æ—Ä–∏–∏. –ò—Å–ø–æ–ª—å–∑—É–π—Ç–µ —Å–≤–æ–∏ –¥–∞–Ω–Ω—ã–µ –æ–± –∞—É–¥–∏—Ç–æ—Ä–∏–∏  –¥–ª—è —Ç–∞—Ä–≥–µ—Ç–∏—Ä–æ–≤–∞–Ω–∏—è —Ä–µ–∫–ª–∞–º—ã  https://t.co/v3nQGcfx5C
yandex|748035141726015488|2016-06-29 06:07:30|–í 9:30 –Ω–∞—á–∏–Ω–∞–µ–º —Ç—Ä–∞–Ω—Å–ª—è—Ü–∏—é –∫—Ä—É–ø–Ω–µ–π—à–µ–π –≤ —ç—Ç–æ–º –≥–æ–¥—É –∫–æ–Ω—Ñ–µ—Ä–µ–Ω—Ü–∏–∏ –Ø–Ω–¥–µ–∫—Å–∞ –æ —Ä–µ–∫–ª–∞–º–Ω—ã—Ö —Ç–µ—Ö–Ω–æ–ª–æ–≥–∏—è—Ö #yacm2016 https://t.co/hYQGghvwrA
yandex|747832414718861314|2016-06-28 16:41:56|–ü–æ–ø—Ä–æ–±—É–π—Ç–µ –æ—Ç–ª–∏—á–∏—Ç—å —Ç–µ–∫—Å—Ç—ã, –Ω–∞–ø–∏—Å–∞–Ω–Ω—ã–µ –º–∞—à–∏–Ω–Ω—ã–º –∏–Ω—Ç–µ–ª–ª–µ–∫—Ç–æ–º, –æ—Ç —Å—Ç–∏—Ö–æ–≤ –ï–≥–æ—Ä–∞ –õ–µ—Ç–æ–≤–∞ https://t.co/RwFD1sGKvI
yandex|740591001618763776|2016-06-08 17:07:08|–í –Ø–Ω–¥–µ–∫—Å.–ë—Ä–∞—É–∑–µ—Ä–µ –ø–æ—è–≤–∏–ª—Å—è –î–∑–µ–Ω ‚Äî –ø–µ—Ä—Å–æ–Ω–∞–ª—å–Ω–∞—è –ª–µ–Ω—Ç–∞ —Ä–µ–∫–æ–º–µ–Ω–¥–∞—Ü–∏–π, –≥–¥–µ —Å–æ–±—Ä–∞–Ω—ã –∏–Ω—Ç–µ—Ä–µ—Å–Ω—ã–µ –º–∞—Ç–µ—Ä–∏–∞–ª—ã –∏–∑ –∏–Ω—Ç–µ—Ä–Ω–µ—Ç–∞ https://t.co/iEVf6xlVFA
yandex|738301698280697856|2016-06-02 09:30:16|–Ø–Ω–¥–µ–∫—Å.–ú—É–∑—ã–∫–∞ @yandexmusic –æ–ø—Ä–µ–¥–µ–ª–∏–ª–∞, –∫–∞–∫–∏–µ –ø–µ—Å–Ω–∏ –±—ã–ª–∏ —Å–∞–º–∏–º–∏ –ø–æ–ø—É–ª—è—Ä–Ω—ã–º–∏ –≤ –º–∞–µ https://t.co/5bj8ujK0vj
yandex|737705065419509761|2016-05-31 17:59:28|–í—ã–ø—É—Å—Ç–∏–ª–∏ –Ø–Ω–¥–µ–∫—Å.–ö–ª–∞–≤–∏–∞—Ç—É—Ä—É –¥–ª—è —É—Å—Ç—Ä–æ–π—Å—Ç–≤ –Ω–∞ Android. –í –Ω–µ–π –µ—Å—Ç—å –≤—Å—ë –Ω–µ–æ–±—Ö–æ–¥–∏–º–æ–µ –¥–ª—è –ø–µ—Ä–µ–ø–∏—Å–∫–∏ https://t.co/MdlMhK21T3
yandex|737169977896210432|2016-05-30 06:33:13|"–û–Ω–ª–∞–π–Ω-—Ä–∞—Å–ø—Ä–æ–¥–∞–∂–∞ ""–ö–∏–±–µ—Ä–ø–æ–Ω–µ–¥–µ–ª—å–Ω–∏–∫"" —Å—Ç–∞—Ä—Ç–æ–≤–∞–ª–∞. –Ø–Ω–¥–µ–∫—Å.–ú–∞—Ä–∫–µ—Ç —Å–æ–±—Ä–∞–ª —Ç–æ–≤–∞—Ä—ã —Å–æ —Å–∫–∏–¥–∫–∞–º–∏ https://t.co/NbBB23R26s –ü—Ä–∏—è—Ç–Ω—ã—Ö –ø–æ–∫—É–ø–æ–∫!"
yandex|736993787067654144|2016-05-29 18:53:06|@yanich_8bit –æ—á–µ–Ω—å —Ö–æ—Ä–æ—à–æ –ø—Ä–æ–≤–æ–¥–∏–º –≤—ã—Ö–æ–¥–Ω—ã–µ üç∑üéâ
yandex|736985316486225925|2016-05-29 18:19:26|–ó–∞–≤—Ç—Ä–∞, 30 –º–∞—è, –ø—Ä–æ–π–¥–µ—Ç –æ–Ω–ª–∞–π–Ω-—Ä–∞—Å–ø—Ä–æ–¥–∞–∂–∞ –ö–∏–±–µ—Ä–ø–æ–Ω–µ–ª—å–Ω–∏–∫. –Ø–Ω–¥–µ–∫—Å.–ú–∞—Ä–∫–µ—Ç –ø–æ–º–æ–∂–µ—Ç –Ω–∞–π—Ç–∏ –∏ –≤—ã–±—Ä–∞—Ç—å —Ç–æ–≤–∞—Ä—ã —Å–æ —Å–∫–∏–¥–∫–∞–º–∏.
yandex|735135793191223296|2016-05-24 15:50:05|"–°–º–æ—Ç—Ä–∏—Ç–µ —Ç—Ä–∞–Ω—Å–ª—è—Ü–∏—é –ª–µ–∫—Ü–∏–∏ –ø—Ä–æ—Ñ. –ö—É—Ä–∞–Ω—Ç–æ–≤—Å–∫–æ–≥–æ –∏–Ω—Å—Ç–∏—Ç—É—Ç–∞ –º–∞—Ç–µ–º–∞—Ç–∏—á–µ—Å–∫–∏—Ö –Ω–∞—É–∫ –ú–µ—Ö—Ä–∏—è—Ä–∞ –ú–æ—Ä–∏, Deep Boosting - –≤ 19:00
https://t.co/P1Y2j18wuQ"
yandex|735081030034587648|2016-05-24 12:12:29|–°–æ—Ç—Ä—É–¥–Ω–∏–∫–∏ –Ø–Ω–¥–µ–∫—Å–∞ –ø–æ–º–æ–≥—É—Ç —Ä–æ—Å—Å–∏–π—Å–∫–∏–º —Ä–∞–∑—Ä–∞–±–æ—Ç—á–∏–∫–∞–º —É–ª—É—á—à–∏—Ç—å —Å—Ç–∞–Ω–¥–∞—Ä—Ç —è–∑—ã–∫–∞ –ø—Ä–æ–≥—Ä–∞–º–º–∏—Ä–æ–≤–∞–Ω–∏—è C++ https://t.co/5Hk4GWvgia
yandex|733353866494902272|2016-05-19 17:49:21|–ü–æ–∑–¥—Ä–∞–≤–ª—è–µ–º —Å—Ç—É–¥–µ–Ω—Ç–æ–≤ –ú–§–¢–ò, –ò–¢–ú–û, –£—Ä–§–£ –∏ –ù–ù–ì–£ —Å –æ—Ç–ª–∏—á–Ω—ã–º –≤—ã—Å—Ç—É–ø–ª–µ–Ω–∏–µ–º –Ω–∞ —á–µ–º–ø–∏–æ–Ω–∞—Ç–µ –ø–æ –ø—Ä–æ–≥—Ä–∞–º–º–∏—Ä–æ–≤–∞–Ω–∏—é. –ê —Ä–µ–±—è—Ç –∏–∑ –°–ü–±–ì–£ ‚Äî  —Å 1-–º –º–µ—Å—Ç–æ–º!
yandex|733256142411927552|2016-05-19 11:21:02|–Ø–Ω–¥–µ–∫—Å.–ë—Ä–∞—É–∑–µ—Ä –¥–ª—è Android –æ–±–∑–∞–≤—ë–ª—Å—è —Ä–µ–∂–∏–º–æ–º —á—Ç–µ–Ω–∏—è. –û–Ω –ø—Ä–∏–≥–æ–¥–∏—Ç—Å—è –¥–ª—è –ø—Ä–æ—Å–º–æ—Ç—Ä–∞ —Å—Ç–∞—Ç–µ–π, —Ä–∞—Å—Å–∫–∞–∑–æ–≤ –∏–ª–∏ –ø–æ—Å—Ç–æ–≤ https://t.co/valYZhONFM
yandex|731423774671785984|2016-05-14 09:59:51|"–°–µ–≥–æ–¥–Ω—è —Ñ–∏–Ω–∞–ª ""–ï–≤—Ä–æ–≤–∏–¥–µ–Ω–∏—è"". –ü–æ—Å–ª—É—à–∞—Ç—å –ø–µ—Å–Ω–∏ –≤—Å–µ—Ö —É—á–∞—Å—Ç–Ω–∏–∫–æ–≤ –∫–æ–Ω–∫—É—Ä—Å–∞ –º–æ–∂–Ω–æ –Ω–∞ –Ø–Ω–¥–µ–∫—Å.–ú—É–∑—ã–∫–µ https://t.co/sf3I0oEl3Y"
yandex|731133213310095360|2016-05-13 14:45:16|–Ø–Ω–¥–µ–∫—Å —Å–æ–≤–º–µ—Å—Ç–Ω–æ —Å –ú–æ—Å–∫–æ–≤—Å–∫–∏–º –º–µ—Ç—Ä–æ–ø–æ–ª–∏—Ç–µ–Ω–æ–º –ø–æ–¥–≥–æ—Ç–æ–≤–∏–ª —Å–µ—Ä–∏—é –≤–∏–¥–µ–æ–æ—Ç–≤–µ—Ç–æ–≤ –Ω–∞ –∑–∞–ø—Ä–æ—Å—ã –ø–æ–ª—å–∑–æ–≤–∞—Ç–µ–ª–µ–π –æ –º–µ—Ç—Ä–æ https://t.co/mpCOAkB2nt
yandex|731056270023766016|2016-05-13 09:39:31|–í –Ø–Ω–¥–µ–∫—Å.–ë—Ä–∞—É–∑–µ—Ä–µ –¥–ª—è Android –∑–∞—Ä–∞–±–æ—Ç–∞–ª–∞ —Ç–µ—Ö–Ω–æ–ª–æ–≥–∏—è –ê–Ω—Ç–∏—à–æ–∫, –∫–æ—Ç–æ—Ä–∞—è –∑–∞—â–∏—Ç–∏—Ç –æ—Ç –∞–≥—Ä–µ—Å—Å–∏–≤–Ω–æ–π –∏ –≤—Ä–µ–¥–æ–Ω–æ—Å–Ω–æ–π —Ä–µ–∫–ª–∞–º—ã https://t.co/lmB11gaON0
yandex|730315005783085056|2016-05-11 08:34:00|RT @yandexmaps: –í—Ä–µ–º—è –ø—Ä–æ–≥—É–ª–æ–∫! –ü–µ—à–µ—Ö–æ–¥–Ω—ã–µ –º–∞—Ä—à—Ä—É—Ç—ã –≤ –Ø–Ω–¥–µ–∫—Å.–ö–∞—Ä—Ç–∞—Öüö∂üö∂üèøüö∂üèªüö∂üèºüö∂üèΩüö∂üèæ https://t.co/odqNSIrlcs
yandex|730007985272000513|2016-05-10 12:14:01|–≠–∫—Å–ø–µ—Ä—Ç—ã –Ø–Ω–¥–µ–∫—Å–∞ —Ä–∞—Å—Å–∫–∞–∑–∞–ª–∏ @nplusodin –æ —Ç–æ–º, –∫–∞–∫ —Å–æ–≤—Ä–µ–º–µ–Ω–Ω—ã–π –∏—Å–∫—É—Å—Å—Ç–≤–µ–Ω–Ω—ã–π –∏–Ω—Ç–µ–ª–ª–µ–∫—Ç –Ω–∞—É—á–∏–ª—Å—è –ø–æ–¥—Ä–∞–∂–∞—Ç—å –∏—Å–∫—É—Å—Å—Ç–≤—É https://t.co/Zajonf8wTm
yandex|724917870782742529|2016-04-26 11:07:43|–°–º–æ–∂–µ—Ç–µ –ª–∏ –≤—ã —É–≥–∞–¥–∞—Ç—å, —á–µ–º—É –ø–æ—Å–≤—è—â–µ–Ω —Ç–æ—Ç –∏–ª–∏ –∏–Ω–æ–π —Å–∞–π—Ç, –∑–Ω–∞—è —Ç–æ–ª—å–∫–æ –µ–≥–æ –∞–¥—Ä–µ—Å? –ò–Ω–æ–≥–¥–∞ —ç—Ç–æ –æ–∫–∞–∑—ã–≤–∞–µ—Ç—Å—è —Å–ª–æ–∂–Ω–æ https://t.co/qhXdxQqLab
yandex|724914761348059137|2016-04-26 10:55:22|–Ø–Ω–¥–µ–∫—Å –ø—Ä–æ–≤—ë–ª –æ—á–µ—Ä–µ–¥–Ω–æ–µ –µ–∂–µ–≥–æ–¥–Ω–æ–µ –∏—Å—Å–ª–µ–¥–æ–≤–∞–Ω–∏–µ —Ä–∞–∑–≤–∏—Ç–∏—è –∏–Ω—Ç–µ—Ä–Ω–µ—Ç–∞ –≤ —Ä–µ–≥–∏–æ–Ω–∞—Ö –†–æ—Å—Å–∏–∏ https://t.co/8Q3zLrcdbN
yandex|722477774259286016|2016-04-19 17:31:39|–Ø–Ω–¥–µ–∫—Å.–ë—Ä–∞—É–∑–µ—Ä —Å—Ç–∞–ª –ø–µ—Ä–≤—ã–º –±—Ä–∞—É–∑–µ—Ä–æ–º, –∫–æ—Ç–æ—Ä—ã–π –∑–∞—â–∏—â–∞–µ—Ç –ø–æ–ª—å–∑–æ–≤–∞—Ç–µ–ª–µ–π –æ—Ç –º–æ—à–µ–Ω–Ω–∏—á–µ—Å—Ç–≤–∞, —Å–≤—è–∑–∞–Ω–Ω–æ–≥–æ —Å –ø–æ–¥–º–µ–Ω–æ–π —Å–∞–π—Ç–æ–≤ https://t.co/Kr1FcdSFR9
yandex|722370225912602624|2016-04-19 10:24:17|–Ø–Ω–¥–µ–∫—Å.–ú–∞—Ä–∫–µ—Ç –¥–ª—è Android –ø–æ–∫–∞–∂–µ—Ç —Ç–æ–≤–∞—Ä—ã —Å–æ —Å–∫–∏–¥–∫–∞–º–∏. –°–µ–π—á–∞—Å –Ω–∞ –ú–∞—Ä–∫–µ—Ç–µ –æ–∫–æ–ª–æ 6 –º–ª–Ω –ø—Ä–µ–¥–ª–æ–∂–µ–Ω–∏–π —Å–æ —Å–∫–∏–¥–∫–∞–º–∏ https://t.co/CXIjSVXfOW
yandex|719843272982720512|2016-04-12 11:03:04|–ù–∞–ø—Ä–∏–º–µ—Ä, –∑–∞—á–µ–º –∫–æ—Å–º–æ–Ω–∞–≤—Ç—É –∑–µ—Ä–∫–∞–ª–æ –Ω–∞ —Ä—É–∫–µ? https://t.co/HofE70kiLp
yandex|719842873856913409|2016-04-12 11:01:29|–°–µ–≥–æ–¥–Ω—è –≤ —Ä–µ–∑—É–ª—å—Ç–∞—Ç–∞—Ö –ø–æ–∏—Å–∫–∞ –Ø–Ω–¥–µ–∫—Å–∞ –Ω–∞ –≤–æ–ø—Ä–æ—Å—ã –æ –∂–∏–∑–Ω–∏ –≤ –∫–æ—Å–º–æ—Å–µ –æ—Ç–≤–µ—á–∞—é—Ç –Ω–∞—Å—Ç–æ—è—â–∏–µ –∫–æ—Å–º–æ–Ω–∞–≤—Ç—ã –Ω–∞ –ú–ö–° –∏ –¥–µ—Ç–∏ https://t.co/25oG6VRtPB
yandex|719631589857214464|2016-04-11 21:01:55|–û—Ç–¥–µ–ª—å–Ω–æ–µ —Å–ø–∞—Å–∏–±–æ @roscosmos –∑–∞ –ø—Ä–µ–¥–æ—Å—Ç–∞–≤–ª–µ–Ω–Ω—ã–µ –∞—Ä—Ö–∏–≤–Ω—ã–µ –º–∞—Ç–µ—Ä–∏–∞–ª—ã –∏ —á–µ—Ä—Ç–µ–∂–∏ –¥–ª—è https://t.co/6SnHTmoQyl
yandex|719630987542544385|2016-04-11 20:59:32|–í –î–µ–Ω—å –∫–æ—Å–º–æ–Ω–∞–≤—Ç–∏–∫–∏ ‚Äî –∑–∞–ø–∏—Å—å –ø–æ–ª—ë—Ç–∞ –ì–∞–≥–∞—Ä–∏–Ω–∞ –Ω–∞ –≥–ª–∞–≤–Ω–æ–π —Å—Ç—Ä–∞–Ω–∏—Ü–µ –Ø–Ω–¥–µ–∫—Å–∞ (—Å–º–æ—Ç—Ä–∏—Ç–µ –Ω–∞ –±–æ–ª—å—à–∏—Ö —ç–∫—Ä–∞–Ω–∞—Ö!) https://t.co/6SnHTmoQyl
yandex|719539033492340736|2016-04-11 14:54:08|–Ø–Ω–¥–µ–∫—Å –æ—Ç–∫—Ä—ã–≤–∞–µ—Ç –ø—Ä–æ–≥—Ä–∞–º–º—É —Ä–µ–∫–æ–º–µ–Ω–¥–∞—Ü–∏–π —Å–æ—Ç—Ä—É–¥–Ω–∏–∫–æ–≤ ‚Äî –ø–æ—Å–æ–≤–µ—Ç—É–π—Ç–µ –Ω–∞–º –∑–Ω–∞–∫–æ–º–æ–≥–æ –ø—Ä–æ—Ñ–µ—Å—Å–∏–æ–Ω–∞–ª–∞ https://t.co/j24skaK4Bx
yandex|718397515641536512|2016-04-08 11:18:09|–ù–∞—á–∞–ª—Å—è –Ω–æ–≤—ã–π –Ω–∞–±–æ—Ä –≤ –®–∫–æ–ª—É –∞–Ω–∞–ª–∏–∑–∞ –¥–∞–Ω–Ω—ã—Ö. –ú—ã –∂–¥—ë–º –≤ –®–∫–æ–ª–µ —Å—Ç—É–¥–µ–Ω—Ç–æ–≤, –∞—Å–ø–∏—Ä–∞–Ω—Ç–æ–≤ –∏ –≤—ã–ø—É—Å–∫–Ω–∏–∫–æ–≤ –≤—É–∑–æ–≤ https://t.co/AhdRIHj26L
yandex|718019490924118016|2016-04-07 10:16:01|–°–µ–≥–æ–¥–Ω—è –º—ã –∑–∞–ø—É—Å—Ç–∏–ª–∏ –≤–∏—Ä—Ç—É–∞–ª—å–Ω—É—é –ê–¢–° –¥–ª—è –º–∞–ª–æ–≥–æ –∏ —Å—Ä–µ–¥–Ω–µ–≥–æ –±–∏–∑–Ω–µ—Å–∞ ‚Äî –Ø–Ω–¥–µ–∫—Å.–¢–µ–ª–µ—Ñ–æ–Ω–∏—é https://t.co/dIe49OztCH
yandex|717655036604637184|2016-04-06 10:07:48|–ú—ã –∑–∞–ø—É—Å—Ç–∏–ª–∏ –≤ –¢–µ–ª–µ–≥—Ä–∞–º–µ –ø–æ–Ω—è—Ç–ª–∏–≤–æ–≥–æ –±–æ—Ç–∞ –ø–æ –∏–º–µ–Ω–∏ @ya - –ø—Ä–æ–±—É–π—Ç–µ! https://t.co/A5T9bMPUQ7 https://t.co/39CNFeQ03g
yandex|715528861438644224|2016-03-31 13:19:09|–ù–∞ –Ø–Ω–¥–µ–∫—Å.–ï–ì–≠ –æ–ø—É–±–ª–∏–∫–æ–≤–∞–Ω–æ –±–æ–ª–µ–µ 140 –Ω–æ–≤—ã—Ö —Ç—Ä–µ–Ω–∏—Ä–æ–≤–æ—á–Ω—ã—Ö —Ç–µ—Å—Ç–æ–≤ –¥–ª—è –ø–æ–¥–≥–æ—Ç–æ–≤–∫–∏ –∫ —ç–∫–∑–∞–º–µ–Ω–∞–º https://t.co/vNSMnU27PM
yandex|714751423288881153|2016-03-29 09:49:53|–°–µ–≥–æ–¥–Ω—è –º—ã –æ–±–Ω–æ–≤–∏–ª–∏ –Ø–Ω–¥–µ–∫—Å.–ö–∞—Ä—Ç—ã –¥–ª—è iOS –∏ Android. –¢–µ–ø–µ—Ä—å –ø–æ–∏—Å–∫ –≤ –ø—Ä–∏–ª–æ–∂–µ–Ω–∏–∏ —Ä–∞–±–æ—Ç–∞–µ—Ç –¥–∞–∂–µ –±–µ–∑ –¥–æ—Å—Ç—É–ø–∞ –≤ —Å–µ—Ç—å https://t.co/3Nt6AHckEs
yandex|713000772175327233|2016-03-24 13:53:25|–û—Ç–∫—Ä—ã–≤–∞–µ–º –Ω–∞–±–æ—Ä —Å—Ä–∞–∑—É –≤ —á–µ—Ç—ã—Ä–µ –ª–µ—Ç–Ω–∏–µ —à–∫–æ–ª—ã, –æ–±—ä–µ–¥–∏–Ω—ë–Ω–Ω—ã–µ —Ç–µ–º–æ–π —Å–æ–∑–¥–∞–Ω–∏—è –º–æ–±–∏–ª—å–Ω—ã—Ö –ø—Ä–∏–ª–æ–∂–µ–Ω–∏–π. –ü—Ä–æ–µ–∫—Ç ¬´–ú–æ–±–∏–ª–∏–∑–∞—Ü–∏—è¬ª: https://t.co/SughGw0GRD
yandex|712565021587464192|2016-03-23 09:01:54|–í –Ø–Ω–¥–µ–∫—Å.–ù–∞–≤–∏–≥–∞—Ç–æ—Ä–µ –¥–ª—è Android –∏ iOS –ø–æ—è–≤–∏–ª–∏—Å—å –≥–æ–ª–æ—Å–æ–≤—ã–µ –æ–ø–æ–≤–µ—â–µ–Ω–∏—è –æ –∫–∞–º–µ—Ä–∞—Ö, –∞–≤–∞—Ä–∏—è—Ö –∏ —Ä–µ–º–æ–Ω—Ç–Ω—ã—Ö —Ä–∞–±–æ—Ç–∞—Ö https://t.co/jL0OASRnbN
yandex|709656306072866816|2016-03-15 08:23:42|–ü–æ–¥–≤–µ–ª–∏ –∏—Ç–æ–≥–∏ –∫–æ–Ω—Ç—Ä–æ–ª—å–Ω–æ–π –ø–æ –º–∞—Ç–µ–º–∞—Ç–∏–∫–µ #–ß–¢–î. –ù–∞ –ø—è—Ç–µ—Ä–∫—É –∫–æ–Ω—Ç—Ä–æ–ª—å–Ω—É—é —Å–¥–∞–ª–∏ 13,4% —É—á–∞—Å—Ç–Ω–∏–∫–æ–≤. –í—Å–µ —Ä–µ–∑—É–ª—å—Ç–∞—Ç—ã –∑–¥–µ—Å—å https://t.co/zYlkrXLpSc
yandex|709308911468331008|2016-03-14 09:23:17|–í 12:31 –ø–æ –º–æ—Å–∫–æ–≤—Å–∫–æ–º—É –≤—Ä–µ–º–µ–Ω–∏ –ø—Ä–æ–∏–∑–æ–π–¥–µ—Ç –∑–∞–ø—É—Å–∫ –º–∏—Å—Å–∏–∏ –Ω–∞ –ú–∞—Ä—Å. –°–º–æ—Ç—Ä–∏—Ç–µ –≤ –ø—Ä—è–º–æ–º —ç—Ñ–∏—Ä–µ –Ω–∞ –Ø–Ω–¥–µ–∫—Å–µ https://t.co/3lR3rISiV0
yandex|709269643521859584|2016-03-14 06:47:15|–°–µ–≥–æ–¥–Ω—è –Ø–Ω–¥–µ–∫—Å –ø–æ–∫–∞–∂–µ—Ç –∑–∞–ø—É—Å–∫ —Ä–∞–∫–µ—Ç—ã –∫ –ú–∞—Ä—Å—É –≤ –ø—Ä—è–º–æ–º —ç—Ñ–∏—Ä–µ https://t.co/piP9Rp960D
yandex|708921019654864896|2016-03-13 07:41:56|–í 12:00 –ø–æ –º–æ—Å–∫–æ–≤—Å–∫–æ–º—É –≤—Ä–µ–º–µ–Ω–∏ –∑–∞–≤–µ—Ä—à–∏—Ç—Å—è –∫–æ–Ω—Ç—Ä–æ–ª—å–Ω–∞—è –ø–æ –º–∞—Ç–µ–º–∞—Ç–∏–∫–µ #–ß–¢–î. –í—ã –µ—â—ë —É—Å–ø–µ–µ—Ç–µ –ø—Ä–æ–≤–µ—Ä–∏—Ç—å —Å–≤–æ–∏ –∑–Ω–∞–Ω–∏—è https://t.co/QGLcPR0SrH
yandex|708578598073012224|2016-03-12 09:01:17|–û–Ω–ª–∞–π–Ω-–∫–æ–Ω—Ç—Ä–æ–ª—å–Ω–∞—è –ø–æ –º–∞—Ç–µ–º–∞—Ç–∏–∫–µ #–ß–¢–î –Ω–∞—á–∞–ª–∞—Å—å. –ù–∏ –ø—É—Ö–∞ –Ω–∏ –ø–µ—Ä–∞ https://t.co/QGLcPR0SrH
yandex|708563689708855297|2016-03-12 08:02:02|–î–æ –Ω–∞—á–∞–ª–∞ –≤—Å–µ–æ–±—â–µ–π –æ–Ω–ª–∞–π–Ω-–∫–æ–Ω—Ç—Ä–æ–ª—å–Ω–æ–π –ø–æ –º–∞—Ç–µ–º–∞—Ç–∏–∫–µ –æ—Å—Ç–∞–ª—Å—è 1 —á–∞—Å https://t.co/QGLcPR0SrH #–ß–¢–î
yandex|708220272927744000|2016-03-11 09:17:25|–£–∂–µ –∑–∞–≤—Ç—Ä–∞ –≤ 12:00 –ø–æ –º–æ—Å–∫–æ–≤—Å–∫–æ–º—É –≤—Ä–µ–º–µ–Ω–∏ —Å—Ç–∞—Ä—Ç—É–µ—Ç –æ–Ω–ª–∞–π–Ω-–∫–æ–Ω—Ç—Ä–æ–ª—å–Ω–∞—è –ø–æ –º–∞—Ç–µ–º–∞—Ç–∏–∫–µ #–ß–¢–î –ü—Ä–æ–≤–µ—Ä—å—Ç–µ —Å–≤–æ–∏ –∑–Ω–∞–Ω–∏—è https://t.co/9DWmarqO8V
yandex|705726048974065664|2016-03-04 12:06:16|–í –Ø–Ω–¥–µ–∫—Å.–ë—Ä–∞—É–∑–µ—Ä–µ –ø–æ—è–≤–∏–ª—Å—è —Ä–µ–∂–∏–º, –∫–æ—Ç–æ—Ä—ã–π –∑–∞—â–∏—Ç–∏—Ç –ø–æ–ª—å–∑–æ–≤–∞—Ç–µ–ª—è –æ—Ç –∫—Ä–∞–∂–∏ —Å—Ä–µ–¥—Å—Ç–≤ –∏–ª–∏ –ø–ª–∞—Ç—ë–∂–Ω—ã—Ö –¥–∞–Ω–Ω—ã—Ö https://t.co/12lgaKYU4r
yandex|702915789385539588|2016-02-25 17:59:18|–ü–æ–∑–∏—Ü–∏—è –Ø–Ω–¥–µ–∫—Å–∞ –ø–æ –ø–æ–≤–æ–¥—É –∑–∞–∫–æ–Ω–æ–ø—Ä–æ–µ–∫—Ç–∞ –æ –ø—Ä–∏—Ä–∞–≤–Ω–∏–≤–∞–Ω–∏–∏ –Ω–æ–≤–æ—Å—Ç–Ω—ã—Ö –∞–≥—Ä–µ–≥–∞—Ç–æ—Ä–æ–≤ –∫ –°–ú–ò https://t.co/3n84TjEOPQ
yandex|702786160905621504|2016-02-25 09:24:12|–í—ã—à–ª–æ –ø—Ä–∏–ª–æ–∂–µ–Ω–∏–µ –Ø–Ω–¥–µ–∫—Å.–ê–≤–∏–∞–±–∏–ª–µ—Ç—ã, –ø–æ–∑–≤–æ–ª—è—é—â–µ–µ –Ω–µ —Ç–æ–ª—å–∫–æ –≤—ã–±–∏—Ä–∞—Ç—å –±–∏–ª–µ—Ç—ã, –Ω–æ –∏ —Å–ª–µ–¥–∏—Ç—å –∑–∞ —Å—Ç–∞—Ç—É—Å–æ–º —Ä–µ–π—Å–∞ –∏ —Ü–µ–Ω–∞–º–∏ https://t.co/v8K7IpTStD
yandex|702407727885197312|2016-02-24 08:20:27|12 –º–∞—Ä—Ç–∞ –ø—Ä–æ–π–¥—ë—Ç –µ–∂–µ–≥–æ–¥–Ω–∞—è –æ–Ω–ª–∞–π–Ω-–∫–æ–Ω—Ç—Ä–æ–ª—å–Ω–∞—è –ø–æ –º–∞—Ç–µ–º–∞—Ç–∏–∫–µ #–ß–¢–î. –ê —É–∂–µ —Å–µ–π—á–∞—Å –º–æ–∂–Ω–æ –ø—Ä–æ–π—Ç–∏ —Ç–µ—Å—Ç–æ–≤—É—é –∫–æ–Ω—Ç—Ä–æ–ª—å–Ω—É—é https://t.co/hd7loU23v0
yandex|699911750137835520|2016-02-17 11:02:19|–ú—ã –Ω–∞—á–∏–Ω–∞–µ–º –Ω–∞–±–æ—Ä –Ω–∞ –ª–µ—Ç–Ω—é—é —Å—Ç–∞–∂–∏—Ä–æ–≤–∫—É. –í–∞–∫–∞–Ω—Å–∏–∏ –¥–ª—è —Å—Ç–∞–∂—ë—Ä–æ–≤ –æ—Ç–∫—Ä—ã—Ç—ã –≤ —Ä–∞–∑–Ω—ã—Ö —Å–µ—Ä–≤–∏—Å–∞—Ö –∏ –æ—Ñ–∏—Å–∞—Ö –Ø–Ω–¥–µ–∫—Å–∞ https://t.co/CTAizjNtdQ
yandex|695552932729769984|2016-02-05 10:21:56|–ß–µ—Ç–≤–µ—Ä—Ç—ã–π –≥–æ–¥ –ø–æ–¥—Ä—è–¥ –º—ã –ø—Ä–æ–≤–æ–¥–∏–º   YaC/m - –æ—Ç–∫—Ä—ã—Ç –ø—Ä–∏–µ–º –∑–∞—è–≤–æ–∫ https://t.co/1lS6Zgo5g0
yandex|692319622759092224|2016-01-27 12:13:55|–î–æ 31 —è–Ω–≤–∞—Ä—è –µ—â–µ –º–æ–∂–Ω–æ –∑–∞–ø–∏—Å–∞—Ç—å—Å—è –Ω–∞ –Ω–∞—à —Å –í–®–≠ 7-–Ω–µ–¥–µ–ª—å–Ω—ã–π –∫—É—Ä—Å ¬´–í–≤–µ–¥–µ–Ω–∏–µ –≤ –º–∞—à–∏–Ω–Ω–æ–µ –æ–±—É—á–µ–Ω–∏–µ¬ª –Ω–∞ –ö—É—Ä—Å–µ—Ä–µ. https://t.co/luHET5eKeG
yandex|691531664237944832|2016-01-25 08:02:51|"–°–µ–≥–æ–¥–Ω—è –æ–Ω–ª–∞–π–Ω-—Ä–∞—Å–ø—Ä–æ–¥–∞–∂–∞ ""–ö–∏–±–µ—Ä–ø–æ–Ω–µ–¥–µ–ª—å–Ω–∏–∫"". –Ø–Ω–¥–µ–∫—Å.–ú–∞—Ä–∫–µ—Ç —Å–æ–±—Ä–∞–ª —Å–∫–∏–¥–∫–∏ –∏–Ω—Ç–µ—Ä–Ω–µ—Ç-–º–∞–≥–∞–∑–∏–Ω–æ–≤. –ü—Ä–∏—è—Ç–Ω—ã—Ö –ø–æ–∫—É–ø–æ–∫! https://t.co/IzA72Jbqct"
yandex|690114544455282689|2016-01-21 10:11:43|–û–±–Ω–æ–≤–ª—è–π—Ç–µ –ø—Ä–∏–ª–æ–∂–µ–Ω–∏–µ –Ø–Ω–¥–µ–∫—Å.–ú–∞—Ä–∫–µ—Ç–∞. –¢–µ–ø–µ—Ä—å –º–æ–∂–Ω–æ –∏ –≤—ã–±–∏—Ä–∞—Ç—å, –∏ –∑–∞–∫–∞–∑—ã–≤–∞—Ç—å —Ç–æ–≤–∞—Ä ‚Äî –±–µ–∑ –ø–µ—Ä–µ—Ö–æ–¥–∞ –Ω–∞ —Å–∞–π—Ç –º–∞–≥–∞–∑–∏–Ω–∞ https://t.co/Ycz4aRye3o
yandex|689809142719090688|2016-01-20 13:58:10|25 —è–Ω–≤–∞—Ä—è —Å–æ—Å—Ç–æ–∏—Ç—Å—è –æ–Ω–ª–∞–π–Ω-—Ä–∞—Å–ø—Ä–æ–¥–∞–∂–∞ ¬´–ö–∏–±–µ—Ä–ø–æ–Ω–µ–¥–µ–ª—å–Ω–∏–∫¬ª. –ù–∞ –Ø–Ω–¥–µ–∫—Å.–ú–∞—Ä–∫–µ—Ç–µ –±—É–¥—É—Ç —Å–æ–±—Ä–∞–Ω—ã —Ç–æ–≤–∞—Ä—ã —Å–æ —Å–∫–∏–¥–∫–∞–º–∏ https://t.co/eiKPZZUK5A
yandex|687933022029627393|2016-01-15 09:43:08|–Ø–Ω–¥–µ–∫—Å.–ü–µ—Ä–µ–≤–æ–¥—á–∏–∫ –æ—Å–≤–æ–∏–ª —ç–ª—å—Ñ–∏–π—Å–∫–∏–π —è–∑—ã–∫ —Å–∏–Ω–¥–∞—Ä–∏–Ω. –í—Å–µ–≥–æ –Ω–∞ —Å–µ—Ä–≤–∏—Å–µ —É–∂–µ 67 —è–∑—ã–∫–æ–≤ https://t.co/s8xn4w5WKJ
yandex|682672761647566849|2015-12-31 21:20:44|–° –ù–æ–≤—ã–º –≥–æ–¥–æ–º, –¥—Ä—É–∑—å—è! https://t.co/3lJUpCf6RT
yandex|679993674588143616|2015-12-24 11:55:00|–î–æ –ù–æ–≤–æ–≥–æ –≥–æ–¥–∞ –æ—Å—Ç–∞–ª–∞—Å—å –Ω–µ–¥–µ–ª—è. –ù–∞ –Ø–Ω–¥–µ–∫—Å.–†–∞–¥–∏–æ –ø–æ—è–≤–∏–ª–∞—Å—å –ù–æ–≤–æ–≥–æ–¥–Ω—è—è —Å—Ç–∞–Ω—Ü–∏—è —Å –ª—é–±–∏–º—ã–º–∏ –ø—Ä–∞–∑–¥–Ω–∏—á–Ω—ã–º–∏ –ø–µ—Å–Ω—è–º–∏ https://t.co/KefoSxMGt1
yandex|678985257551548416|2015-12-21 17:07:54|–Ø–Ω–¥–µ–∫—Å.–¢—Ä–∞–Ω—Å–ø–æ—Ä—Ç –Ω–∞—É—á–∏–ª—Å—è —Å—Ç—Ä–æ–∏—Ç—å –º–∞—Ä—à—Ä—É—Ç—ã. –û–±–Ω–æ–≤–ª—è–π—Ç–µ –ø—Ä–∏–ª–æ–∂–µ–Ω–∏–µ https://t.co/DBMotLhofH
yandex|678851350122381312|2015-12-21 08:15:48|–Ø–Ω–¥–µ–∫—Å.–ë—Ä–∞—É–∑–µ—Ä –Ω–∞—á–∞–ª –ø—Ä–µ–¥—É–ø—Ä–µ–∂–¥–∞—Ç—å –æ –≤–µ–±-—Å—Ç—Ä–∞–Ω–∏—Ü–∞—Ö, –∫–æ—Ç–æ—Ä—ã–µ –ø–æ–¥–ø–∏—Å—ã–≤–∞—é—Ç –ø–æ–ª—å–∑–æ–≤–∞—Ç–µ–ª—è –Ω–∞ –ø–ª–∞—Ç–Ω—ã–µ –º–æ–±–∏–ª—å–Ω—ã–µ —É—Å–ª—É–≥–∏ https://t.co/xDQoqqOT1a
yandex|677812548838809600|2015-12-18 11:27:59|–ú—ã –¥–æ–±–∞–≤–∏–ª–∏ –≤ –Ø–Ω–¥–µ–∫—Å.–†–∞–¥–∏–æ –µ—â–µ –æ–¥–Ω—É —Å—Ç–∞–Ω—Ü–∏—é ‚Äî –≤–∞—à—É –ª–∏—á–Ω—É—é. –ù–∞–∂–º–∏—Ç–µ –Ω–∞ –∫–Ω–æ–ø–∫—É ¬´–ú–æ—è —Å—Ç–∞–Ω—Ü–∏—è¬ª: https://t.co/2pSZSbCsQU https://t.co/oLE8zXnWEU
yandex|677124091720126464|2015-12-16 13:52:18|RT @yandexmusic: –í–∞–º –æ—Ç–∫—Ä—ã—Ç–∫–∞! –Ø–Ω–¥–µ–∫—Å.–ú—É–∑—ã–∫–∞ –≤—ã–±–µ—Ä–µ—Ç –¥–ª—è –≤–∞—Å –º—É–∑—ã–∫–∞–ª—å–Ω–æ–µ –ø—Ä–µ–¥—Å–∫–∞–∑–∞–Ω–∏–µ –Ω–∞ –ù–æ–≤—ã–π –≥–æ–¥: https://t.co/katJAFcuLy https://t.co/wr‚Ä¶
yandex|674499612363853825|2015-12-09 08:03:33|2015 –≥–æ–¥ –≤ –ø–æ–∏—Å–∫–µ –Ø–Ω–¥–µ–∫—Å–∞. –ö–∞–∫–∏–µ –ª—é–¥–∏, —Å–æ–±—ã—Ç–∏—è –∏ —è–≤–ª–µ–Ω–∏—è –≤—ã–∑–≤–∞–ª–∏ –Ω–∞–∏–±–æ–ª—å—à–∏–π –≤—Å–ø–ª–µ—Å–∫ –∏–Ω—Ç–µ—Ä–µ—Å–∞ –≤ —ç—Ç–æ–º –≥–æ–¥—É https://t.co/FVMXkIzcU3
yandex|669813512340955136|2015-11-26 09:42:40|–Ø–Ω–¥–µ–∫—Å –∞–Ω–æ–Ω—Å–∏—Ä—É–µ—Ç —Å–æ–±—Å—Ç–≤–µ–Ω–Ω—É—é —Ç–µ—Ö–Ω–æ–ª–æ–≥–∏—é –ø—Ä–æ–≥–Ω–æ–∑–∏—Ä–æ–≤–∞–Ω–∏—è –ø–æ–≥–æ–¥—ã –ú–µ—Ç–µ—É–º —Å —Ç–æ—á–Ω–æ—Å—Ç—å—é –¥–æ —Ä–∞–π–æ–Ω–∞ –∏ –¥–æ–º–∞ https://t.co/qMSaHq9SXT
yandex|669102840925827072|2015-11-24 10:38:43|–ë–æ–ª—å—à–µ, —á–µ–º –ø—Ä–æ—Å—Ç–æ –∫–∞—Ä—Ç—ã, —É–±–µ–¥–∏—Ç–µ—Å—å —Å–∞–º–∏: ‚Äú@yandexmaps: –ù–æ–≤—ã–µ –Ø–Ω–¥–µ–∫—Å.–ö–∞—Ä—Ç—ã –¥–ª—è iOS! https://t.co/YeRoI8Mqoq https://t.co/cPaTZcvSjn‚Äù
yandex|666551829287854080|2015-11-17 09:41:54|–Ø–Ω–¥–µ–∫—Å, ¬´–ê—Å—Ç—Ä–∞–ó–µ–Ω–µ–∫–∞¬ª –∏ RUSSCO –∑–∞–ø—É—Å–∫–∞—é—Ç –ø–ª–∞—Ç—Ñ–æ—Ä–º—É RAY, –∫–æ—Ç–æ—Ä–∞—è –ø–æ–º–æ–∂–µ—Ç —É–ª—É—á—à–∏—Ç—å –º–µ—Ç–æ–¥—ã –¥–∏–∞–≥–Ω–æ—Å—Ç–∏–∫–∏ —Ä–∞–∫–∞ https://t.co/e5psg6Czj7
yandex|666228654444257281|2015-11-16 12:17:43|–í –Ø–Ω–¥–µ–∫—Å.–î–∏—Å–∫–µ –ø–æ—è–≤–∏–ª—Å—è —Ä–µ–¥–∞–∫—Ç–æ—Ä –¥–æ–∫—É–º–µ–Ω—Ç–æ–≤, –ø–æ–∑–≤–æ–ª—è—é—â–∏–π —Ä–∞–±–æ—Ç–∞—Ç—å —Å —Ç–µ–∫—Å—Ç–∞–º–∏, —Ç–∞–±–ª–∏—Ü–∞–º–∏ –∏ –ø—Ä–µ–∑–µ–Ω—Ç–∞—Ü–∏—è–º–∏ –≤ –æ–Ω–ª–∞–π–Ω–µ https://t.co/jNv2CIgz0z
yandex|663671849788813312|2015-11-09 10:57:54|–ú–∞—à–∏–Ω–Ω—ã–π –ø–µ—Ä–µ–≤–æ–¥ –Ø–Ω–¥–µ–∫—Å–∞ —Å—Ç–∞–ª –¥–æ—Å—Ç—É–ø–µ–Ω –≤ –í–∏–∫–∏–ø–µ–¥–∏–∏. –ü–µ—Ä–µ–≤–æ–¥ —Å—É—â–µ—Å—Ç–≤–µ–Ω–Ω–æ –æ–±–ª–µ–≥—á–∏—Ç –∑–∞–¥–∞—á—É –∞–≤—Ç–æ—Ä–æ–≤ –í–∏–∫–∏–ø–µ–¥–∏–∏ https://t.co/lHBK3DLOdR
yandex|656732043406147584|2015-10-21 07:21:35|–ú–∞—Ä—Ç–∏ –ø—Ä–∏–ª–µ—Ç–µ–ª, —Ä–µ—à–∏–ª –æ—Å—Ç–∞—Ç—å—Å—è –∏ –ø—Ä–æ–¥–∞–µ—Ç DeLorean DMC-12  https://t.co/jW29M74h76 #–Ω–∞–∑–∞–¥–≤–±—É–¥—É—â–µ–µ
yandex|653457685329899520|2015-10-12 06:30:27|RT @kinopoiskru: –ü—Ä–µ–∂–Ω–∏–π –¥–∏–∑–∞–π–Ω –ö–∏–Ω–æ–ü–æ–∏—Å–∫–∞ –≤–æ–∑–≤—Ä–∞—â–∞–µ—Ç—Å—è, –Ω–æ–≤–∞—è –≤–µ—Ä—Å–∏—è –ø–µ—Ä–µ–µ–∑–∂–∞–µ—Ç –Ω–∞¬†http://t.co/0unr3vqqK9 http://t.co/TuqOf2vjN7
yandex|652819243222872065|2015-10-10 12:13:31|–û—Ç–≤–µ—Ç—ã –Ω–∞ –Ω–µ–∫–æ—Ç–æ—Ä—ã–µ –∏–∑ —Å–∞–º—ã—Ö —á–∞—Å—Ç—ã—Ö –≤–æ–ø—Ä–æ—Å–æ–≤ –æ –ö–∏–Ω–æ–ü–æ–∏—Å–∫–µ ‚Äî –≤ –Ω–∞—à–µ–º –±–ª–æ–≥–µ: https://t.co/Uk9U8xKXHJ
yandex|652534874419671040|2015-10-09 17:23:32|–°–ø–∞—Å–∏–±–æ –≤—Å–µ–º, –∫—Ç–æ –ø–µ—Ä–µ–∂–∏–≤–∞–µ—Ç –∑–∞ —Å—É–¥—å–±—É —Å–µ—Ä–≤–∏—Å–∞, –º—ã –æ—á–µ–Ω—å —Ü–µ–Ω–∏–º –≤–∞—à–µ –º–Ω–µ–Ω–∏–µ –∏ –ø—Ä–∏–Ω–æ—Å–∏–º –∏–∑–≤–∏–Ω–µ–Ω–∏—è –∑–∞ –≤—Å–µ –Ω–µ—É–¥–æ–±—Å—Ç–≤–∞. #–ö–∏–Ω–æ–ø–æ–∏—Å–∫
yandex|652534774637166594|2015-10-09 17:23:08|–ú—ã –ø—Ä–∏–Ω—è–ª–∏ —Ä–µ—à–µ–Ω–∏–µ –≤–µ—Ä–Ω—É—Ç—å –¥–æ—Å—Ç—É–ø –∫ —Å—Ç–∞—Ä–æ–π –≤–µ—Ä—Å–∏–∏ –ö–∏–Ω–æ–ø–æ–∏—Å–∫–∞ –∏ –¥–æ–ø–æ–ª–Ω–∏—Ç–µ–ª—å–Ω–æ –æ–±—Å—É–¥–∏—Ç—å –Ω–æ–≤—É—é —Å –ø–æ–ª—å–∑–æ–≤–∞—Ç–µ–ª—è–º–∏. –ü–æ–¥—Ä–æ–±–Ω–æ—Å—Ç–∏ –ø–æ–∑–∂–µ.
yandex|646676963915079680|2015-09-23 13:26:17|–†–æ–≤–Ω–æ 18 –ª–µ—Ç –Ω–∞–∑–∞–¥, 23 —Å–µ–Ω—Ç—è–±—Ä—è 1997 –≥–æ–¥–∞, –≤ –∏–Ω—Ç–µ—Ä–Ω–µ—Ç–µ –ø–æ—è–≤–∏–ª–∞—Å—å —Å—Ç—Ä–∞–Ω–∏—Ü–∞ yandex.ru. –° –î–Ω—ë–º —Ä–æ–∂–¥–µ–Ω–∏—è, –Ø–Ω–¥–µ–∫—Å! https://t.co/K4mtVlDCNv
yandex|644496966781693952|2015-09-17 13:03:45|–ü—Ä–µ–¥—Å—Ç–∞–≤–ª—è–µ–º –Ω–æ–≤—É—é –≤–µ—Ä—Å–∏—é –Ø–Ω–¥–µ–∫—Å.–ë—Ä–∞—É–∑–µ—Ä–∞ —Å —Ç–µ—Ö–Ω–æ–ª–æ–≥–∏–µ–π Protect, –∫–æ—Ç–æ—Ä–∞—è –∑–∞—â–∏—Ç–∏—Ç –æ—Ç —Ä–∞–∑–Ω—ã—Ö –∏–Ω—Ç–µ—Ä–Ω–µ—Ç-—É–≥—Ä–æ–∑ http://t.co/zjciStZECF
yandex|642818352012992512|2015-09-12 21:53:32|–°–µ–≥–æ–¥–Ω—è –ò–ª—å–µ –°–µ–≥–∞–ª–æ–≤–∏—á—É –∏—Å–ø–æ–ª–Ω–∏–ª—Å—è –±—ã 51 –≥–æ–¥. –ù–∞–º –µ–≥–æ –æ—á–µ–Ω—å –Ω–µ —Ö–≤–∞—Ç–∞–µ—Ç. https://t.co/pgsIhIgseZ
yandex|640891773091495936|2015-09-07 14:18:00|–°–µ–≥–æ–¥–Ω—è –≤ 18:00 –ø–æ –ú—Å–∫. –Ω–∞—á–Ω—ë—Ç—Å—è –æ–Ω–ª–∞–π–Ω-—Ç—Ä–∞–Ω—Å–ª—è—Ü–∏—è –ª–µ–∫—Ü–∏–π –Ω–∞—à–µ–π –®–∫–æ–ª—ã Digital Marketing: –¥–ª—è –≤—Å–µ—Ö, –±–µ—Å–ø–ª–∞—Ç–Ω–æ https://t.co/TlZcCqWrmA
yandex|640822878330593280|2015-09-07 09:44:14|"RT @yandexprobki: –Ø–Ω–¥–µ–∫—Å.–ù–∞–≤–∏–≥–∞—Ç–æ—Ä–æ–º —Ç–µ–ø–µ—Ä—å –º–æ–∂–Ω–æ —É–ø—Ä–∞–≤–ª—è—Ç—å –≥–æ–ª–æ—Å–æ–º, –Ω–µ —Å–Ω–∏–º–∞—è —Ä—É–∫ —Å —Ä—É–ª—è. –û–±–Ω–æ–≤–ª—è–π—Ç–µ—Å—å –∏ —Å–∫–∞–∂–∏—Ç–µ ""–Ø–Ω–¥–µ–∫—Å""..."
yandex|636927814613237760|2015-08-27 15:46:39|–Ø–Ω–¥–µ–∫—Å –∏–∑—É—á–∏–ª –∑–∞–ø—Ä–æ—Å—ã –æ —Ç—É—Ä–∏–∑–º–µ –∏ –≤—ã—è—Å–Ω–∏–ª, –∫—É–¥–∞ –µ–∑–¥—è—Ç —Ä–æ—Å—Å–∏—è–Ω–µ –∏ –∫–∞–∫ –∏–∑–º–µ–Ω–∏–ª–∏—Å—å –∏—Ö –ø—Ä–µ–¥–ø–æ—á—Ç–µ–Ω–∏—è —Å –ª–µ—Ç–∞ 2014 https://t.co/fqNOIZL5vI
yandex|636498631500152832|2015-08-26 11:21:13|–Ø–Ω–¥–µ–∫—Å.–ú–∞—Ä–∫–µ—Ç –∑–∞—Ñ–∏–∫—Å–∏—Ä–æ–≤–∞–ª –º–µ–¥–ª–µ–Ω–Ω—ã–π —Ä–æ—Å—Ç —Ü–µ–Ω –Ω–∞ —Ç–æ–≤–∞—Ä—ã –≤ –∏–Ω—Ç–µ—Ä–Ω–µ—Ç–µ. –ü—Ä–∏ —ç—Ç–æ–º —Ü–µ–Ω—ã –Ω–µ —É—Å–ø–µ–≤–∞—é—Ç –∑–∞ –ø–∞–¥–µ–Ω–∏–µ–º —Ä—É–±–ª—è http://t.co/YDxI3JZQLX
yandex|634676406140669952|2015-08-21 10:40:21|–Ø–Ω–¥–µ–∫—Å.–¢–∞–∫—Å–∏ –¥–æ–±—Ä–∞–ª–æ—Å—å –¥–æ –ß—ë—Ä–Ω–æ–≥–æ –º–æ—Ä—è: —Å–µ—Ä–≤–∏—Å –Ω–∞—á–∞–ª —Ä–∞–±–æ—Ç—É –≤ –°–æ—á–∏. –ü—Ä–∏—è—Ç–Ω—ã—Ö –ø–æ–µ–∑–¥–æ–∫ –∏ –æ—Ç–ª–∏—á–Ω—ã—Ö –≤—ã—Ö–æ–¥–Ω—ã—Ö!
yandex|633603295496544256|2015-08-18 11:36:12|–Ø–Ω–¥–µ–∫—Å –æ—Ç–∫—Ä—ã–≤–∞–µ—Ç –±–µ—Å–ø–ª–∞—Ç–Ω—ã–µ –®–∫–æ–ª—ã –¥–ª—è –≤–µ–±–º–∞—Å—Ç–µ—Ä–æ–≤ –∏ –º–∞—Ä–∫–µ—Ç–æ–ª–æ–≥–æ–≤. –û—Ç–∫—Ä—ã—Ç–∞ —Ä–µ–≥–∏—Å—Ç—Ä–∞—Ü–∏—è http://t.co/yL5UQ78A43
yandex|629291437797044224|2015-08-06 14:02:25|–ü–æ–±–µ–¥–∏—Ç–µ–ª–µ–º –º–µ–∂–¥—É–Ω–∞—Ä–æ–¥–Ω–æ–≥–æ —á–µ–º–ø–∏–æ–Ω–∞—Ç–∞ –ø–æ —Å–ø–æ—Ä—Ç–∏–≤–Ω–æ–º—É –ø—Ä–æ–≥—Ä–∞–º–º–∏—Ä–æ–≤–∞–Ω–∏—é –Ø–Ω–¥–µ–∫—Å.–ê–ª–≥–æ—Ä–∏—Ç–º —Å—Ç–∞–ª –ì–µ–Ω–Ω–∞–¥–∏–π –ö–æ—Ä–æ—Ç–∫–µ–≤–∏—á http://t.co/EOvPmv7Lcw
yandex|628975399788244992|2015-08-05 17:06:35|–Ø–Ω–¥–µ–∫—Å.–¢–∞–∫—Å–∏ –∑–∞—Ä–∞–±–æ—Ç–∞–ª–æ –≤ –ö—Ä–∞—Å–Ω–æ–¥–∞—Ä–µ. –ü—Ä–∏—è—Ç–Ω—ã—Ö –ø–æ–µ–∑–¥–æ–∫, –∫—Ä–∞—Å–Ω–æ–¥–∞—Ä—Ü—ã! https://t.co/3HdPB2NIPF
yandex|626393713825218561|2015-07-29 14:07:53|–Ø–Ω–¥–µ–∫—Å.–ü–µ—Ä–µ–≤–æ–¥—á–∏–∫ –≤—ã—É—á–∏–ª 12 –Ω–æ–≤—ã—Ö —è–∑—ã–∫–æ–≤, –≤ —Ç–æ–º —á–∏—Å–ª–µ –∞—Ñ—Ä–∏–∫–∞–∞–Ω—Å, –±–∞—Å–∫—Å–∫–∏–π, –∏—Ä–ª–∞–Ω–¥—Å–∫–∏–π, –∫—Ä–µ–æ–ª—å—Å–∫–∏–π, –ª–∞—Ç—ã–Ω—å –∏ —Å—É–∞—Ö–∏–ª–∏ https://t.co/j2NlXtZXnz
yandex|626025603213455360|2015-07-28 13:45:09|RT @yandexmarket: –ó–∞–ø—É—â–µ–Ω –±–µ—Å–ø–ª–∞—Ç–Ω—ã–π —Å–µ—Ä–≤–∏—Å –¥–ª—è –∏–Ω—Ç–µ—Ä–Ω–µ—Ç-–º–∞–≥–∞–∑–∏–Ω–æ–≤ –Ø–Ω–¥–µ–∫—Å.–î–æ—Å—Ç–∞–≤–∫–∞ https://t.co/vLM3EOjK68. –ê–≥—Ä–µ–≥–∞—Ç–æ—Ä –≥—Ä—É–∑–æ–ø–µ—Ä–µ–≤–æ–∑—á–∏–∫–æ–≤ –ø–æ ‚Ä¶
yandex|623486264700981249|2015-07-21 13:34:43|–Ø–Ω–¥–µ–∫—Å –∏ –ï–≤—Ä–æ–ø–µ–π—Å–∫–∏–π —Ü–µ–Ω—Ç—Ä —è–¥–µ—Ä–Ω—ã—Ö –∏—Å—Å–ª–µ–¥–æ–≤–∞–Ω–∏–π (–¶–ï–†–ù) –æ–±—ä—è–≤–ª—è—é—Ç –∫–æ–Ω–∫—É—Ä—Å –¥–ª—è —Å–ø–µ—Ü–∏–∞–ª–∏—Å—Ç–æ–≤ –ø–æ –±–æ–ª—å—à–∏–º –¥–∞–Ω–Ω—ã–º http://t.co/96IiXMUhYB
yandex|621709817015463936|2015-07-16 15:55:45|"–Ø–Ω–¥–µ–∫—Å –∏–∑—É—á–∏–ª ""—Å–≤–∞–¥–µ–±–Ω—ã–µ"" –∑–∞–ø—Ä–æ—Å—ã —Ä–æ—Å—Å–∏—è–Ω –∏ –≤—ã—è—Å–Ω–∏–ª, –∫–∞–∫ –ø–æ–ª—å–∑–æ–≤–∞—Ç–µ–ª–∏ –≥–æ—Ç–æ–≤—è—Ç—Å—è –∫ —Å–≤–∞–¥—å–±–µ http://t.co/gS64fTfUfa"
yandex|615832189465423872|2015-06-30 10:40:10|–ï—Å–ª–∏ –Ω–µ –ü—É—à–∫–∏–Ω, —Ç–æ –∫—Ç–æ: –Ø–Ω–¥–µ–∫—Å –∏–∑—É—á–∏–ª –∑–∞–ø—Ä–æ—Å—ã –ø–æ–ª—å–∑–æ–≤–∞—Ç–µ–ª–µ–π –ø—Ä–æ —Ä—É—Å—Å–∫—É—é –ø–æ—ç–∑–∏—é http://t.co/WoDqVwJ3PF
yandex|615477432330625024|2015-06-29 11:10:29|–í—Å–µ —Ä–∞–±–æ—Ç—ã —Ö–æ—Ä–æ—à–∏. –ú—ã –∑–∞–ø—É—Å—Ç–∏–ª–∏ –Ω–æ–≤—É—é –≤–µ—Ä—Å–∏—é –Ø–Ω–¥–µ–∫—Å.–†–∞–±–æ—Ç—ã ‚Äî —Å–µ—Ä–≤–∏—Å–∞ –¥–ª—è –ø–æ–∏—Å–∫–∞ –≤–∞–∫–∞–Ω—Å–∏–π http://t.co/yKoCi9iCxC
yandex|612933419182501888|2015-06-22 10:41:29|–ù–æ–≤–∞—è –Ø–Ω–¥–µ–∫—Å.–ú–µ—Ç—Ä–∏–∫–∞ https://t.co/4i0Dv3y9T3 —Å–æ—Ö—Ä–∞–Ω–∏–ª–∞ –≤—Å–µ –≤–æ–∑–º–æ–∂–Ω–æ—Å—Ç–∏ –ø—Ä–µ–¥—ã–¥—É—â–µ–π –≤–µ—Ä—Å–∏–∏ –∏ –æ–±–∑–∞–≤–µ–ª–∞—Å—å –Ω–æ–≤—ã–º–∏ https://t.co/rEuunErLui
yandex|611135313755418624|2015-06-17 11:36:27|–°–µ–≥–æ–¥–Ω—è –º—ã –∑–∞–ø—É—Å—Ç–∏–ª–∏ –∞–±—Å–æ–ª—é—Ç–Ω–æ –Ω–æ–≤—É—é –Ø–Ω–¥–µ–∫—Å.–ê—Ñ–∏—à—É. –ù–∞ —Å–µ—Ä–≤–∏—Å–µ –ø–æ–ª—å–∑–æ–≤–∞—Ç–µ–ª–µ–π –∂–¥—ë—Ç –æ–≥—Ä–æ–º–Ω—ã–π –≤—ã–±–æ—Ä —Ä–∞–∑–≤–ª–µ—á–µ–Ω–∏–π http://t.co/rrAJt7wbKi
yandex|610819862601039873|2015-06-16 14:42:58|–ì–æ—Å–¥—É–º–∞ –ø—Ä–∏–Ω—è–ª–∞ –≤ –ø–µ—Ä–≤–æ–º —á—Ç–µ–Ω–∏–∏ –∑–∞–∫–æ–Ω–æ–ø—Ä–æ–µ–∫—Ç, –æ–≥—Ä–∞–Ω–∏—á–∏–≤–∞—é—â–∏–π –ø—Ä–∞–≤–æ —á–µ–ª–æ–≤–µ–∫–∞ –Ω–∞ –ø–æ–∏—Å–∫ –∏–Ω—Ñ–æ—Ä–º–∞—Ü–∏–∏ http://t.co/gZscHSPF4x
yandex|610816958888562688|2015-06-16 14:31:26|"–í—ã–ª–æ–∂–∏–ª–∏ 9 —á. –≤–∏–¥–µ–æ (–≤—Å–µ –∑–∞–ø–∏—Å–∏ —Å–æ —Å—Ü–µ–Ω—ã + –æ–Ω–ª–∞–π–Ω) #yacm2015 –∏ —Å–ª–∞–π–¥—ã –≤—Å–µ—Ö –¥–æ–∫–ª–∞–¥–æ–≤. –ü–æ–ª—å–∑—É–π—Ç–µ—Å—å –Ω–∞ –∑–¥–æ—Ä–æ–≤—å–µ!
https://t.co/aJZ4rYuEL5"
yandex|610354581546106880|2015-06-15 07:54:06|–ü–æ–∑–∏—Ü–∏—è –Ø–Ω–¥–µ–∫—Å–∞ –ø–æ –ø–æ–≤–æ–¥—É –∑–∞–∫–æ–Ω–æ–ø—Ä–æ–µ–∫—Ç–∞, –æ–≥—Ä–∞–Ω–∏—á–∏–≤–∞—é—â–µ–≥–æ –ø—Ä–∞–≤–æ —á–µ–ª–æ–≤–µ–∫–∞ –Ω–∞ –ø–æ–∏—Å–∫ –¥–æ—Å—Ç–æ–≤–µ—Ä–Ω–æ–π –∏–Ω—Ñ–æ—Ä–º–∞—Ü–∏–∏ http://t.co/IjEoHbqlHy
yandex|607945628811935744|2015-06-08 16:21:47|–ó–∞ –ø–µ—Ä–≤—ã–µ 4 –¥–Ω—è –ø–æ–ª—å–∑–æ–≤–∞—Ç–µ–ª–∏ –Ø–Ω–¥–µ–∫—Å.–†–∞–¥–∏–æ –ø—Ä–æ—Å–ª—É—à–∞–ª–∏ –≤ –æ–±—â–µ–π —Å–ª–æ–∂–Ω–æ—Å—Ç–∏ 260 —Ç—ã—Å. —á–∞—Å–æ–≤ –º—É–∑—ã–∫–∏ ‚Äì —ç—Ç–æ —Ü–µ–ª—ã—Ö 29 –ª–µ—Ç. http://t.co/xCJzCUpB9M
yandex|607864989769187328|2015-06-08 11:01:21|–í –Ø–Ω–¥–µ–∫—Å.–ü–µ—Ä–µ–≤–æ–¥—á–∏–∫–µ https://t.co/j2NlXtZXnz –ø–æ—è–≤–∏–ª—Å—è —Ç–∞—Ç–∞—Ä—Å–∫–∏–π —è–∑—ã–∫. –í—Å–µ–≥–æ –Ω–∞ —Å–µ—Ä–≤–∏—Å–µ —É–∂–µ 48 —è–∑—ã–∫–æ–≤.
yandex|606417617641992193|2015-06-04 11:10:01|@ZhandosKz –≤–µ–±, iOS –∏ android: http://t.co/2pSZSbCsQU
yandex|606389226792480768|2015-06-04 09:17:12|RT @ya_events: –í–æ–ø—Ä–æ—Å—ã —Å–ø–∏–∫–µ—Ä–∞–º #yacm2015 –º–æ–∂–Ω–æ –∑–∞–¥–∞–≤–∞—Ç—å –Ω–∞ —Å—Ç—Ä–∞–Ω–∏—Ü–µ http://t.co/G1CIIizsaI, –∞ —É—á–∞—Å—Ç–≤–æ–≤–∞—Ç—å –≤ –∫–æ–Ω–∫—É—Ä—Å–∞—Ö ‚Äì –ø–æ –∞–¥—Ä–µ—Å—É http://t‚Ä¶
yandex|606375241338789889|2015-06-04 08:21:38|–Ø–Ω–¥–µ–∫—Å.–†–∞–¥–∏–æ –≤–æ–∑–º–æ–∂–Ω–æ –±–ª–∞–≥–æ–¥–∞—Ä—è —Ç–µ—Ö–Ω–æ–ª–æ–≥–∏–∏ —É–º–Ω—ã—Ö —Ä–µ–∫–æ–º–µ–Ω–¥–∞—Ü–∏–π Disco #yacm2015 http://t.co/u6uzsvx05X
yandex|606373013307695104|2015-06-04 08:12:46|–ù–∞ YaC/m –∞–Ω–æ–Ω—Å–∏—Ä–æ–≤–∞–Ω–æ –Ω–æ–≤–æ–µ –ø—Ä–∏–ª–æ–∂–µ–Ω–∏–µ –Ø–Ω–¥–µ–∫—Å.–†–∞–¥–∏–æ ‚Äî –±–µ—Å–ø–ª–∞—Ç–Ω–∞—è –º—É–∑—ã–∫–∞ –ø–æ–¥ –ª—é–±–æ–µ –Ω–∞—Å—Ç—Ä–æ–µ–Ω–∏–µ https://t.co/nx8jGuA501 http://t.co/cJ6QAGLzyN
yandex|606347121508380672|2015-06-04 06:29:53|–°–º–æ—Ç—Ä–∏—Ç–µ —Ç—Ä–∞–Ω—Å–ª—è—Ü–∏—é YaC/m ‚Äî –∫–æ–Ω—Ñ–µ—Ä–µ–Ω—Ü–∏–∏ –Ø–Ω–¥–µ–∫—Å–∞ –æ —Ç–µ—Ö–Ω–æ–ª–æ–≥–∏—è—Ö, –∞–Ω–∞–ª–∏—Ç–∏–∫–µ –∏ —Ä–∞–±–æ—Ç–µ —Å –¥–∞–Ω–Ω—ã–º–∏ –≤ –∏–Ω—Ç–µ—Ä–Ω–µ—Ç-–º–∞—Ä–∫–µ—Ç–∏–Ω–≥–µ https://t.co/aJZ4rYuEL5
yandex|603156903900884993|2015-05-26 11:13:06|–Ø–Ω–¥–µ–∫—Å.–ú–∞—Ä–∫–µ—Ç –ø–æ–º–æ–∂–µ—Ç —Å—ç–∫–æ–Ω–æ–º–∏—Ç—å –Ω–∞ –ø–æ–∫—É–ø–∫–∞—Ö. –°–µ—Ä–≤–∏—Å –Ω–∞—á–∞–ª –ø–æ–∫–∞–∑—ã–≤–∞—Ç—å —Å–∫–∏–¥–∫–∏ –¥–ª—è –≤—Å–µ—Ö –∫–∞—Ç–µ–≥–æ—Ä–∏–π —Ç–æ–≤–∞—Ä–æ–≤. http://t.co/FnnlAlJPw6
yandex|600942754827374592|2015-05-20 08:34:52|–Ø–Ω–¥–µ–∫—Å.–ü–µ—Ä–µ–≤–æ–¥—á–∏–∫ –¥–ª—è iOS –Ω–∞—É—á–∏–ª—Å—è –ø–µ—Ä–µ–≤–æ–¥–∏—Ç—å —Ç–µ–∫—Å—Ç —Å –∫–∞—Ä—Ç–∏–Ω–æ–∫ –∏ —Ñ–æ—Ç–æ–≥—Ä–∞—Ñ–∏–π http://t.co/lnKrT0vDe1 http://t.co/f2kiHyxMxX
yandex|597093883659550720|2015-05-09 17:40:49|RT @yandexmusic: 70 –ø–µ—Å–µ–Ω –∫ 70-–ª–µ—Ç–∏—é –ü–æ–±–µ–¥—ã: http://t.co/bepuLRJBsj
yandex|597018716904288257|2015-05-09 12:42:08|–° –î–Ω—ë–º –ü–æ–±–µ–¥—ã! –ú—ã –≤–∞—Å –ø–æ–º–Ω–∏–º, —Å–æ–ª–¥–∞—Ç—ã –í–µ–ª–∏–∫–æ–π –û—Ç–µ—á–µ—Å—Ç–≤–µ–Ω–Ω–æ–π http://t.co/hgBWkhY99G
yandex|588277237025234947|2015-04-15 09:46:37|"–¢–µ–ø–µ—Ä—å —Å –ø–æ–º–æ—â—å—é –ø—Ä–∏–ª–æ–∂–µ–Ω–∏—è –Ø–Ω–¥–µ–∫—Å.–ú–µ—Ç—Ä–æ –º–æ—Å–∫–≤–∏—á–∏ –º–æ–≥—É—Ç –ø–æ–ø–æ–ª–Ω–∏—Ç—å –∫–∞—Ä—Ç—É ¬´–¢—Ä–æ–π–∫–∞¬ª, –∏ –ø–µ—Ç–µ—Ä–±—É—Ä–∂—Ü—ã ‚Äî ¬´–ü–æ–¥–æ—Ä–æ–∂–Ω–∏–∫¬ª 
 http://t.co/luYOooZo1v"
yandex|587717659992666113|2015-04-13 20:43:04|12 —á–∞—Å–æ–≤ –¥–æ 2-–π –∏–≥—Ä—ã –æ–ª–∏–º–ø–∏–∞–¥—ã –Ø–Ω–¥–µ–∫—Å–∞ –¥–ª—è —Å–∏—Å–∞–¥–º–∏–Ω–æ–≤. –†–∞–∑–±–æ—Ä –ø–µ—Ä–≤–æ–π –æ—Ç–±–æ—Ä–æ—á–Ω–æ–π –∏–≥—Ä—ã –∏ –ø–æ—Å–ª–µ–¥–Ω–∏–π —à–∞–Ω—Å –∑–∞–ø–∏—Å–∞—Ç—å—Å—è http://t.co/fHexmS20d4
yandex|586199343461433345|2015-04-09 16:09:49|–Ø–Ω–¥–µ–∫—Å.–ö–∞—Ä—Ç—ã –º–µ–Ω—è—é—Ç –∏–Ω—Ç–µ—Ä—Ñ–µ–π—Å –∏ –æ–±—ä–µ–¥–∏–Ω—è—é—Ç—Å—è —Å –ù–∞—Ä–æ–¥–Ω–æ–π –∫–∞—Ä—Ç–æ–π, –∫–æ—Ç–æ—Ä—É—é —Å–æ–∑–¥–∞—é—Ç –ø–æ–ª—å–∑–æ–≤–∞—Ç–µ–ª–∏ https://t.co/aqEEYmovmi
yandex|583664349954322433|2015-04-02 16:16:39|16 —Å—Ç—É–¥–µ–Ω—Ç–æ–≤ –∏ –∞—Å–ø–∏—Ä–∞–Ω—Ç–æ–≤ —Ñ–∞–∫—É–ª—å—Ç–µ—Ç–∞ –∫–æ–º–ø—å—é—Ç–µ—Ä–Ω—ã—Ö –Ω–∞—É–∫ @SU_HSE –ø–æ–ª—É—á–∏–ª–∏ —Å—Ç–∏–ø–µ–Ω–¥–∏—é –∏–º–µ–Ω–∏ –ò–ª—å–∏ –°–µ–≥–∞–ª–æ–≤–∏—á–∞. –ü–æ–∑–¥—Ä–∞–≤–ª—è–µ–º! http://t.co/jwT9dv5F88
yandex|583605783297789956|2015-04-02 12:23:56|–í –Ø–Ω–¥–µ–∫—Å.–¢–∞–∫—Å–∏ —Ç–µ–ø–µ—Ä—å –º–æ–∂–Ω–æ –ø—Ä–∏–≤—è–∑–∞—Ç—å –±–∞–Ω–∫–æ–≤—Å–∫—É—é –∫–∞—Ä—Ç—É –∏ –±–æ–ª—å—à–µ –Ω–µ –±–µ—Å–ø–æ–∫–æ–∏—Ç—å—Å—è –æ –Ω–∞–ª–∏—á–Ω—ã—Ö http://t.co/1qM7t0lsPt http://t.co/pSTREzZQlG
yandex|583279683875287040|2015-04-01 14:48:08|–®–∫–æ–ª–∞ –∞–Ω–∞–ª–∏–∑–∞ –¥–∞–Ω–Ω—ã—Ö –Ø–Ω–¥–µ–∫—Å–∞ https://t.co/QyBhXfDNaJ –æ–±—ä—è–≤–ª—è–µ—Ç –Ω–æ–≤—ã–π –Ω–∞–±–æ—Ä. –ü–æ–¥–∞—Ç—å –∑–∞—è–≤–ª–µ–Ω–∏–µ –º–æ–∂–Ω–æ –¥–æ 15 –º–∞—è http://t.co/SbEbRpdKtW
yandex|582920330664128512|2015-03-31 15:00:11|–í —ç—Ç–∏ –≤—ã—Ö–æ–¥–Ω—ã–µ –≤ –Ø–Ω–¥–µ–∫—Å–µ –ø—Ä–æ–π–¥—ë—Ç –≤—Ç–æ—Ä–æ–π —Ö–∞–∫–∞—Ç–æ–Ω –≤ —Ä–∞–º–∫–∞—Ö Tolstoy Startup Camp. –†–µ–≥–∏—Å—Ç—Ä–∞—Ü–∏—è –∏ —É—Å–ª–æ–≤–∏—è –Ω–∞ https://t.co/PuC1AJK6V1
yandex|582868756663259136|2015-03-31 11:35:15|–í—Å—Ç—Ä–µ—á–∞–π—Ç–µ –Ø–Ω–¥–µ–∫—Å.–ü—É—Ç–µ—à–µ—Å—Ç–≤–∏—è https://t.co/HJCuO2zZhc ‚Äî –Ω–æ–≤—ã–π —Å–µ—Ä–≤–∏—Å –¥–ª—è –ø–æ–∏—Å–∫–∞ –∏ –≤—ã–±–æ—Ä–∞ —Å–∞–º—ã—Ö –≤—ã–≥–æ–¥–Ω—ã—Ö —Ç—É—Ä–æ–≤ http://t.co/PXX7BbLcQa
yandex|582479927120936960|2015-03-30 09:50:11|–Ø–Ω–¥–µ–∫—Å.–ú–∞—Ä–∫–µ—Ç —É–ø—Ä–æ—Å—Ç–∏–ª –ø–æ–∏—Å–∫ —Ç–æ–≤–∞—Ä–æ–≤ –ø–æ –∑–∞—Ä—É–±–µ–∂–Ω—ã–º –º–∞–≥–∞–∑–∏–Ω–∞–º http://t.co/zUfb1iuU7S
yandex|581357763235856384|2015-03-27 07:31:06|–í—ã—è—Å–Ω–∏–ª–∏, —á—Ç–æ –ø–æ–ª—å–∑–æ–≤–∞—Ç–µ–ª–∏ –∏—â—É—Ç –ø—Ä–æ —Ä–∞–∑–Ω—ã–µ —Å—Ç—Ä–∞–Ω—ã, –∏ –ø–æ—Å—Ç—Ä–æ–∏–ª–∏ –∫–∞—Ä—Ç—ã –º–∏—Ä–∞ –ø–æ –ø–æ–∏—Å–∫–æ–≤—ã–º –∑–∞–ø—Ä–æ—Å–∞–º http://t.co/R4sqkRZP1P
yandex|580720776501936128|2015-03-25 13:19:57|–í –Ø–Ω–¥–µ–∫—Å.–î–∏—Å–∫–µ –ø–æ—è–≤–∏–ª–∞—Å—å –≤–æ–∑–º–æ–∂–Ω–æ—Å—Ç—å –∏—Å–∫–∞—Ç—å –ø–æ —Ç–µ–∫—Å—Ç—É –Ω–∞ –∏–∑–æ–±—Ä–∞–∂–µ–Ω–∏—è—Ö http://t.co/EN78YZ63jr
yandex|576669432648495104|2015-03-14 09:01:21|–ò–Ω—Ç–µ—Ä–Ω–µ—Ç-–∫–æ–Ω—Ç—Ä–æ–ª—å–Ω–∞—è –ø–æ –º–∞—Ç–µ–º–∞—Ç–∏–∫–µ –Ω–∞—á–∞–ª–∞—Å—å https://t.co/QGLcPR0SrH –ù–∏ –ø—É—Ö–∞ –Ω–∏ –ø–µ—Ä–∞! #–ß–¢–î
yandex|576661785194979330|2015-03-14 08:30:58|–î–æ –Ω–∞—á–∞–ª–∞ –≤—Å–µ–æ–±—â–µ–π –æ–Ω–ª–∞–π–Ω-–∫–æ–Ω—Ç—Ä–æ–ª—å–Ω–æ–π –ø–æ –º–∞—Ç–µ–º–∞—Ç–∏–∫–µ –æ—Å—Ç–∞–ª–æ—Å—å 30 –º–∏–Ω—É—Ç https://t.co/QGLcPR0SrH #–ß–¢–î
yandex|576371656576368641|2015-03-13 13:18:06|–ó–∞–≤—Ç—Ä–∞ –≤ 12:00 –ø–æ –º–æ—Å–∫–æ–≤—Å–∫–æ–º—É –≤—Ä–µ–º–µ–Ω–∏ –ø—Ä–æ–π–¥—ë—Ç –≤—Å–µ–æ–±—â–∞—è –æ–Ω–ª–∞–π–Ω-–∫–æ–Ω—Ç—Ä–æ–ª—å–Ω–∞—è –ø–æ –º–∞—Ç–µ–º–∞—Ç–∏–∫–µ. –ü—Ä–æ–≤–µ—Ä—å—Ç–µ —Å–µ–±—è. https://t.co/9DWmarqO8V
yandex|575955955239796736|2015-03-12 09:46:15|–Ø–Ω–¥–µ–∫—Å –ø–æ–º–æ–∂–µ—Ç –Ω–∞–π—Ç–∏ —Ä–∞–±–æ—Ç—É. –ú—ã –≤—ã–ø—É—Å—Ç–∏–ª–∏ –º–æ–±–∏–ª—å–Ω–æ–µ –ø—Ä–∏–ª–æ–∂–µ–Ω–∏–µ –Ø–Ω–¥–µ–∫—Å.–†–∞–±–æ—Ç–∞ –¥–ª—è –±—ã—Å—Ç—Ä–æ–≥–æ –ø–æ–∏—Å–∫–∞ –≤–∞–∫–∞–Ω—Å–∏–π http://t.co/1Jd2SCMjGU
yandex|575597339047518210|2015-03-11 10:01:14|–í—ã—è—Å–Ω–∏–ª–∏, –∫–∞–∫–∏–µ –Ω–µ–∑–Ω–∞–∫–æ–º—ã–µ —Å–ª–æ–≤–∞ —á–∞—â–µ –≤—Å–µ–≥–æ –∏—Å–∫–∞–ª–∏ –≤ –∏–Ω—Ç–µ—Ä–Ω–µ—Ç–µ –ø–æ—Å–ª–µ–¥–Ω–∏–µ 5 –ª–µ—Ç   http://t.co/YhLJ8ojlQW
yandex|572336888788471808|2015-03-02 10:05:22|"Auto.ru –Ω–∞—á–∞–ª –∞–≤—Ç–æ–º–∞—Ç–∏—á–µ—Å–∫–∏ –ø—Ä–æ–≤–µ—Ä—è—Ç—å, –Ω–µ –Ω–∞—Ö–æ–¥–∏—Ç—Å—è –ª–∏ –∞–≤—Ç–æ–º–æ–±–∏–ª—å –≤ —É–≥–æ–Ω–µ  
http://t.co/sk3IOfWU9d"
yandex|570970328211574784|2015-02-26 15:35:09|14 –º–∞—Ä—Ç–∞ –ø—Ä–æ–π–¥—ë—Ç –æ–Ω–ª–∞–π–Ω-–∫–æ–Ω—Ç—Ä–æ–ª—å–Ω–∞—è –ø–æ –º–∞—Ç–µ–º–∞—Ç–∏–∫–µ #–ß–¢–î. –ê —Ç—Ä–µ–Ω–∏—Ä–æ–≤–∞—Ç—å—Å—è —Ä–µ—à–∞—Ç—å –∑–∞–¥–∞—á–∏ –º–æ–∂–Ω–æ —É–∂–µ —Å–µ–π—á–∞—Å - https://t.co/QGLcPR0SrH
yandex|568326873484279808|2015-02-19 08:31:00|–û—Ç–∫—Ä—ã—Ç–∞ —Ä–µ–≥–∏—Å—Ç—Ä–∞—Ü–∏—è –∑–∞—è–≤–æ–∫ –Ω–∞ YaC/m-2015, –Ω–∞—à—É –∫–æ–Ω—Ñ–µ—Ä–µ–Ω—Ü–∏—é –ø–æ —Ç–µ—Ö–Ω–æ–ª–æ–≥–∏—è–º –¥–ª—è –º–∞—Ä–∫–µ—Ç–∏–Ω–≥–∞.  http://t.co/TptIpiplX1
yandex|563314528117870592|2015-02-05 12:33:44|–ú—ã –∑–∞–ø—É—Å—Ç–∏–ª–∏ –ø—Ä–∏–ª–æ–∂–µ–Ω–∏–µ –Ø–Ω–¥–µ–∫—Å.–ü–∞—Ä–∫–æ–≤–∫–∏, –∫–æ—Ç–æ—Ä–æ–µ –ø–æ–º–æ–∂–µ—Ç –≤–æ–¥–∏—Ç–µ–ª—è–º –Ω–∞–π—Ç–∏ –∏ –æ–ø–ª–∞—Ç–∏—Ç—å –ø–∞—Ä–∫–æ–≤–∫—É –≤ –ú–æ—Å–∫–≤–µ http://t.co/uWarPWCL3h
yandex|562190392129765376|2015-02-02 10:06:49|–ú—ã –æ–±–Ω–æ–≤–∏–ª–∏ –Ø–Ω–¥–µ–∫—Å.–ê–≤–∏–∞–±–∏–ª–µ—Ç—ã. –ì–ª–∞–≤–Ω–æ–µ –Ω–æ–≤—à–µ—Å—Ç–≤–æ ‚Äî –±–ª–æ–∫ —Ä–µ–∫–æ–º–µ–Ω–¥–∞—Ü–∏–π, –∫–æ—Ç–æ—Ä—ã–µ –ø–æ–º–æ–≥—É—Ç –Ω–µ —É–ø—É—Å—Ç–∏—Ç—å –¥–µ—à—ë–≤—ã–π –±–∏–ª–µ—Ç http://t.co/WR47a9fVAO
yandex|561139008374583296|2015-01-30 12:28:59|RT @yandexmaps: –û–±–Ω–æ–≤–ª–µ–Ω–∏–µ —Å—Ç–∏–ª–µ–π –ø—Ä–æ–±–æ–∫ –≤ http://t.co/lfv3fK6frV: –ø–æ—è–≤–∏–ª–∏—Å—å ¬´–≥–ª—É—Ö–∏–µ –ø—Ä–æ–±–∫–∏¬ª, —Ü–≤–µ—Ç–∞ —É–ª—É—á—à–µ–Ω—ã –¥–ª—è —Ü–≤–µ—Ç–æ–∞–Ω–æ–º–∞–ª–æ–≤. http://t.co‚Ä¶
yandex|560789880914329600|2015-01-29 13:21:41|–Ø–Ω–¥–µ–∫—Å.–¢—Ä–∞–Ω—Å–ø–æ—Ä—Ç —Ç–µ–ø–µ—Ä—å –∏ –≤ –ú–æ—Å–∫–≤–µ. –í—ã —Å–º–æ–∂–µ—Ç–µ –ø—Ä—è–º–æ –Ω–∞ –∫–∞—Ä—Ç–µ –≤ —Å–≤–æ—ë–º —Ç–µ–ª–µ—Ñ–æ–Ω–µ —É–≤–∏–¥–µ—Ç—å, –∫–∞–∫ —Å–∫–æ—Ä–æ –ø—Ä–∏–µ–¥–µ—Ç –≤–∞—à –∞–≤—Ç–æ–±—É—Å http://t.co/7PjzEWnTka
yandex|555333158577930240|2015-01-14 11:58:37|–≠—Ç–∞ –Ω–µ–¥–µ–ª—è ‚Äî –ø–æ—Å–ª–µ–¥–Ω—è—è, –∫–æ–≥–¥–∞ –º–æ–∂–Ω–æ –ø–æ–¥–∞—Ç—å –∑–∞—è–≤–∫—É –≤ Tolstoy Startup Camp, –º–∞—Å—Ç–µ—Ä—Å–∫—É—é —Å—Ç–∞—Ä—Ç–∞–ø–æ–≤ –æ—Ç –Ø–Ω–¥–µ–∫—Å–∞ http://t.co/ubBdeG4xDO
yandex|550397206327730177|2014-12-31 21:04:54|–° –ù–æ–≤—ã–º –≥–æ–¥–æ–º!
yandex|542610015371395072|2014-12-10 09:21:23|2014 –≥–æ–¥ –≤ –ø–æ–∏—Å–∫–µ: –∫–∞–∫–∏–µ –ª—é–¥–∏, —Å–æ–±—ã—Ç–∏—è –∏ —è–≤–ª–µ–Ω–∏—è –≤—ã–∑–≤–∞–ª–∏ –Ω–∞–∏–±–æ–ª—å—à–∏–π –∏–Ω—Ç–µ—Ä–µ—Å –≤ —ç—Ç–æ–º –≥–æ–¥—É http://t.co/MUb4os6urE
yandex|542305871456645120|2014-12-09 13:12:49|–Ø–Ω–¥–µ–∫—Å –æ—Ç–∫—Ä—ã–≤–∞–µ—Ç Yandex Data Factory ‚Äî –Ω–æ–≤–æ–µ –Ω–∞–ø—Ä–∞–≤–ª–µ–Ω–∏–µ —Å–≤–æ–µ–π –¥–µ—è—Ç–µ–ª—å–Ω–æ—Å—Ç–∏ –ø–æ –æ–±—Ä–∞–±–æ—Ç–∫–µ –∏ –∞–Ω–∞–ª–∏–∑—É –±–æ–ª—å—à–∏—Ö –¥–∞–Ω–Ω—ã—Ö http://t.co/K7nxiMOYfA
yandex|542252836458090496|2014-12-09 09:42:05|–Ø–Ω–¥–µ–∫—Å.–ù–µ–¥–≤–∏–∂–∏–º–æ—Å—Ç—å –Ω–∞—á–∏–Ω–∞–µ—Ç –ø—Ä–∏–Ω–∏–º–∞—Ç—å –æ–±—ä—è–≤–ª–µ–Ω–∏—è –æ –ø—Ä–æ–¥–∞–∂–µ –∏–ª–∏ –∞—Ä–µ–Ω–¥–µ –∂–∏–ª—å—è –Ω–∞–ø—Ä—è–º—É—é –æ—Ç –∞–≥–µ–Ω—Ç—Å—Ç–≤ –∏ —á–∞—Å—Ç–Ω—ã—Ö –ª–∏—Ü http://t.co/wh3DXfNOmZ
yandex|539386133499895808|2014-12-01 11:50:50|eBay, Price.ru, Wikimart, –¢–æ–≤–∞—Ä—ã Mail.Ru –∏ –Ø–Ω–¥–µ–∫—Å.–ú–∞—Ä–∫–µ—Ç –æ—Ç–∫—Ä—ã–ª–∏ —Å–∞–π—Ç –¥–ª—è –ø—Ä–∏—ë–º–∞ –∂–∞–ª–æ–± –Ω–∞ –ø–æ–¥–¥–µ–ª—å–Ω—ã–µ —Ç–æ–≤–∞—Ä—ã http://t.co/NZRKVtheqx
yandex|538026411270111232|2014-11-27 17:47:47|–¢–æ–ª—å–∫–æ —á—Ç–æ –∞–Ω–æ–Ω—Å–∏—Ä–æ–≤–∞–Ω–∞ –∞–ª—å—Ñ–∞-–≤–µ—Ä—Å–∏—è –Ω–æ–≤–æ–≥–æ –Ø–Ω–¥–µ–∫—Å.–ë—Ä–∞—É–∑–µ—Ä–∞ ‚Äî —Å —Å–æ–≤–µ—Ä—à–µ–Ω–Ω–æ –Ω–æ–≤—ã–º –∏–Ω—Ç–µ—Ä—Ñ–µ–π—Å–æ–º. –¢–∞–∫–∏–º –º—ã –≤–∏–¥–∏–º –±—É–¥—É—â–µ–µ http://t.co/EKDZdhLxh4
yandex|537549986331123712|2014-11-26 10:14:38|RT @yandexmaps: –ù–∞ –ö–∞—Ä—Ç–∞—Ö –ø–æ—è–≤–∏–ª–∏—Å—å –ø–∞–Ω–æ—Ä–∞–º—ã –ê–≤–∞—á–∏–Ω—Å–∫–æ–π —Å–æ–ø–∫–∏. –≠—Ç–æ –æ–¥–∏–Ω –∏–∑ —Å–∞–º—ã—Ö –∞–∫—Ç–∏–≤–Ω—ã—Ö –∏ –ø–æ—Å–µ—â–∞–µ–º—ã—Ö –≤—É–ª–∫–∞–Ω–æ–≤ –ö–∞–º—á–∞—Ç–∫–∏. http://t.co/EFWSV‚Ä¶
yandex|536869795938177025|2014-11-24 13:11:48|–ì–æ–ª–æ—Å–æ–≤–æ–µ —Ä–µ–¥–∞–∫—Ç–∏—Ä–æ–≤–∞–Ω–∏–µ —Ç–µ–∫—Å—Ç–∞ —Å –ø–æ–º–æ—â—å—é –Ω–æ–≤—ã—Ö —Ä–µ—á–µ–≤—ã—Ö —Ç–µ—Ö–Ω–æ–ª–æ–≥–∏–π –Ø–Ω–¥–µ–∫—Å–∞ ‚Äî –∫–∞–∫ —ç—Ç–æ —Ä–∞–±–æ—Ç–∞–µ—Ç http://t.co/k12OEpwS4W
yandex|535756237946642432|2014-11-21 11:26:55|–ú—ã –≤—ã–ø—É—Å—Ç–∏–ª–∏ –Ø–Ω–¥–µ–∫—Å.–ú—É–∑—ã–∫—É –¥–ª—è Windows Phone. –û—Ç–∫—Ä—ã–≤–∞–π—Ç–µ –¥–ª—è —Å–µ–±—è –Ω–æ–≤—É—é –º—É–∑—ã–∫—É –∫–∞–∂–¥—ã–π –¥–µ–Ω—å https://t.co/apacYfRwDs
yandex|534368495308664832|2014-11-17 15:32:32|–ö–∞–∫ –∏ –¥–ª—è —á–µ–≥–æ –Ø–Ω–¥–µ–∫—Å –∏–Ω–æ–≥–¥–∞ –æ—Ç–∫–ª—é—á–∞–µ—Ç —Å–æ–±—Å—Ç–≤–µ–Ω–Ω—ã–µ –¥–∞—Ç–∞-—Ü–µ–Ω—Ç—Ä—ã http://t.co/tAmZw88T3m http://t.co/3eDhGRmuDW
yandex|532160900871241728|2014-11-11 13:20:20|RT @yandextaxi: –ù–æ–≤–∞—è –≤–µ—Ä—Å–∏—è –Ø–Ω–¥–µ–∫—Å.–¢–∞–∫—Å–∏ –¥–ª—è iPhone - —Å –ø–æ–ª–Ω–æ—Å—Ç—å—é –æ–±–Ω–æ–≤–ª—ë–Ω–Ω—ã–º –∏–Ω—Ç–µ—Ä—Ñ–µ–π—Å–æ–º - —É–∂–µ –≤ App Store: https://t.co/BIOKV7YuXx http:‚Ä¶
yandex|532103673279574017|2014-11-11 09:32:56|–Ø–Ω–¥–µ–∫—Å.–¢—Ä–∞–Ω—Å–ø–æ—Ä—Ç –Ω–∞—É—á–∏–ª—Å—è –ø—Ä–æ–≥–Ω–æ–∑–∏—Ä–æ–≤–∞—Ç—å –≤—Ä–µ–º—è –ø—Ä–∏–±—ã—Ç–∏—è –æ–±—â–µ—Å—Ç–≤–µ–Ω–Ω–æ–≥–æ —Ç—Ä–∞–Ω—Å–ø–æ—Ä—Ç–∞ –Ω–∞ –æ—Å—Ç–∞–Ω–æ–≤–∫—É. –û–±–Ω–æ–≤–ª—è–π—Ç–µ –ø—Ä–∏–ª–æ–∂–µ–Ω–∏–µ http://t.co/VgG5XkliVy
yandex|530726789060911104|2014-11-07 14:21:41|–ù–∞ –Ø–Ω–¥–µ–∫—Å.–ö–∞—Ä—Ç–∞—Ö –ø–æ—è–≤–∏–ª–∏—Å—å –ø–∞–Ω–æ—Ä–∞–º—ã –∑–∞–ø–æ–≤–µ–¥–Ω–∏–∫–æ–≤, –Ω–∞—Ü–∏–æ–Ω–∞–ª—å–Ω—ã—Ö –ø–∞—Ä–∫–æ–≤ –∏ –¥—Ä—É–≥–∏—Ö –∂–∏–≤–æ–ø–∏—Å–Ω—ã—Ö –º–µ—Å—Ç –≤ —Ä–∞–∑–Ω—ã—Ö —á–∞—Å—Ç—è—Ö –†–æ—Å—Å–∏–∏ http://t.co/Ru0n0VmYsx
