WylsacomRed|846663440429125632|2017-03-28 10:01:09|–ß–µ–≥–æ –º—ã –∂–¥–µ–º –æ—Ç –∫–∞–º–µ—Ä—ã Samsung Galaxy S8? - https://t.co/oRWuppfkOa https://t.co/DJNNYCsweC
WylsacomRed|846648298970796032|2017-03-28 09:00:59|–ö–∞–∫ –ø—Ä–æ–≤–æ–¥–∏–ª–∏ –∑–∏–º—É —Å Toyota Land Cruiser Prado - https://t.co/5QkmLkkVvX https://t.co/l8pMGKLBdq
WylsacomRed|846633118882783232|2017-03-28 08:00:39|7 —Ñ–∏—à–µ–∫ –Ω–æ–≤–æ–π –≤–µ—Ä—Å–∏–∏ iOS 10.3 - https://t.co/hN00ndTeue https://t.co/bFbDXcsV1s
WylsacomRed|846618062342250498|2017-03-28 07:00:50|Samsung –≤—Å—ë-—Ç–∞–∫–∏ –≤–æ–∑—Ä–æ–¥–∏—Ç Galaxy Note 7, –Ω–æ –∑–∞—á–µ–º? - https://t.co/TUoLnUGacD https://t.co/jSJmN9Bvwg
WylsacomRed|846469458197663744|2017-03-27 21:10:20|–ì–ª–∞–≤–Ω–æ–µ –∑–∞ –¥–µ–Ω—å: Instagram —Ä–∞—Å—Ç—ë—Ç –Ω–∞ –≥–ª–∞–∑–∞—Ö, –∞ YouTube-–±–ª–æ–≥–µ—Ä—ã —ç–∫—Å–ø–µ—Ä–∏–º–µ–Ω—Ç–∏—Ä—É—é—Ç —Å iPhone 7 –≤ –∫—Ä–∞—Å–Ω–æ–º -‚Ä¶ https://t.co/yzdURtAqyu
WylsacomRed|846444294655369218|2017-03-27 19:30:20|Apple –≤—ã–ø—É—Å—Ç–∏–ª–∞ iOS 10.3, —á—Ç–æ –Ω–æ–≤–æ–≥–æ? - https://t.co/j6tUmKMr9G https://t.co/CYdbELm2iG
WylsacomRed|846424701564018688|2017-03-27 18:12:29|–í–ê–£! –°–æ–∑–¥–∞—Ç–µ–ª—å Android ¬´—Å–ø–æ–π–ª–µ—Ä–Ω—É–ª¬ª –Ω–æ—Ä–º–∞–ª—å–Ω—ã–π –±–µ–∑—Ä–∞–º–æ—á–Ω—ã–π —Å–º–∞—Ä—Ç—Ñ–æ–Ω - https://t.co/wrSyJUPGgm https://t.co/LXqS3SoNdp
WylsacomRed|846421850829832192|2017-03-27 18:01:09|–ö–∞–∫—É—é –∫–∞–º–µ—Ä—É –≤—ã–±—Ä–∞—Ç—å –¥–ª—è –Ω–∞—á–∞–ª–∞ –≤–∏–¥–µ–æ–±–ª–æ–≥–∞ –Ω–∞ YouTube? https://t.co/1AwXG0u04i https://t.co/0azZdFw8IR
WylsacomRed|846395651776790529|2017-03-27 16:17:03|"–≠—Ç–æ—Ç —Ç–æ–ø –ø—Ä–∏–ª–æ–∂–µ–Ω–∏–π –¥–ª—è –æ–±—Ä–∞–±–æ—Ç–∫–∏ —Ñ–æ—Ç–æ –Ω–∞ iPhone @Luchkov —Å–æ—Å—Ç–∞–≤–ª—è–ª –≤ 2016 –≥–æ–¥—É, –Ω–æ —Ç–∞–º –ø—Ä—è–º –≤–µ—Å—å ""—è–±–ª–æ—á–Ω—ã–π —Å–æ–∫""‚Ä¶ https://t.co/KQh20dyV2h"
WylsacomRed|846392682423472130|2017-03-27 16:05:15|–ö—Å—è–æ–º–∏ –¥–æ–ø–∏–ª–∏–≤–∞–µ—Ç –Ω–æ–≤—ã–π —Ñ–ª–∞–≥–º–∞–Ω, –≤–æ—Ç –æ–Ω - https://t.co/pswMGeQ87v https://t.co/PGJHiI5O4K
WylsacomRed|846384153222414336|2017-03-27 15:31:21|–ó–∞—á–µ–º –Ω—É–∂–Ω–∞ Apple TV? –Ø –Ω–∞—à—ë–ª —Ç–æ–ª—å–∫–æ –æ–¥–Ω–æ –ø—Ä–∏–º–µ–Ω–µ–Ω–∏–µ - https://t.co/t9fBFQDRPu https://t.co/WOVhrA1DAI
WylsacomRed|846369123504459776|2017-03-27 14:31:38|"–û–Ω –≤–∞–º –Ω–µ ""–∞–π—Ñ–æ–Ω""! https://t.co/CIo8yaQoCK"
WylsacomRed|846362933399633921|2017-03-27 14:07:02|AirPods ‚Äî —ç—Ç–æ –∫–∞–∫ —Ç–≤–æ–∏ –ª—é–±–∏–º—ã–µ –Ω–æ—Å–∫–∏, —Ç–æ–ª—å–∫–æ –∫—Ä—É—á–µ https://t.co/D3tpXSaxQc https://t.co/uYBkJAPxiJ
WylsacomRed|846361288951386112|2017-03-27 14:00:30|–ö—Ä–∞—Å–Ω—ã–π - –ø–æ–∂–∞—Ä–æ–æ–ø–∞—Å–Ω—ã–π? iPhone 7 Red –ø—Ä–æ—Ç–µ—Å—Ç–∏—Ä–æ–≤–∞–ª–∏ –æ–≥–Ω—ë–º - https://t.co/XExcq4tPG1 https://t.co/BTrmgTirjk
WylsacomRed|846332282973622273|2017-03-27 12:05:15|–û–±–∑–æ—Ä –∏–≥—Ä–æ–≤–æ–≥–æ –Ω–æ—É—Ç–∞ Acer Aspire VX 15: –Ω—É –∏ —á—Ç–æ, —á—Ç–æ –Ω–∞ –≤–∏–Ω–¥–µ, –∑–∞—Ç–æ –µ—Å—Ç—å usb –∏ –∫–∞—Ä—Ç—Ä–∏–¥–µ—Ä –≤ –æ—Ç–ª–∏—á–∏–∏ –æ—Ç –Ω–µ–∫–æ—Ç–æ—Ä—ã—Ö...‚Ä¶ https://t.co/wcillCcl5a
WylsacomRed|846331219604332545|2017-03-27 12:01:01|–ê–ª–µ–∫—Å–µ–π –ù–∞–≤–∞–ª—å–Ω—ã–π –∏ Premiata - https://t.co/scQtzcLiAB https://t.co/AgmMVQgiAN
WylsacomRed|846318653545033728|2017-03-27 11:11:05|"""–ö–∞–∫ —è –ø–æ–ª—é–±–∏–ª –Ω–∞—É—à–Ω–∏–∫–∏ Audeze iSine 10"" ‚Äì –ª—é–±–æ–≤–Ω—ã–µ –∑–∞–ø–∏—Å–∫–∏ @zavackiy –ø–æ—Å–≤—è—â–µ–Ω–Ω—ã–µ –Ω–∞—É—à–Ω–∏–∫–∞–º. https://t.co/DDbBTBPYZq https://t.co/Mk6G8aDTpv"
WylsacomRed|846316066624212992|2017-03-27 11:00:48|–ö–∏—Ç–∞–π—Ü—ã —Ö–æ—Ç–µ–ª–∏ –∑–∞—Å—É–¥–∏—Ç—å Apple –∑–∞ –∫–ª–æ–Ω, –Ω–æ –ø—Ä–æ–∏–≥—Ä–∞–ª–∏ –¥–µ–ª–æ - https://t.co/p2UlTMirdq https://t.co/DSn3zKBa24
WylsacomRed|846288442833166338|2017-03-27 09:11:02|"–¢—É—Ç @jc_ru –Ω–∞–ø–∏—Å–∞–ª —Å–≤–æ–µ ""—Ñ–µ"" –ø–æ –ø–æ–≤–æ–¥—É –æ–∂–∏–¥–∞–Ω–∏–π –æ—Ç –Ω–æ–≤—ã—Ö iPad. –ß—Ç–æ —Å–∫–∞–∂–∏—Ç–µ, —Å—Ö–æ–¥–∏—Ç–µ—Å—å –≤–æ –º–Ω–µ–Ω–∏–∏?‚Ä¶ https://t.co/I0W3vr0pEE"
WylsacomRed|846285861096427520|2017-03-27 09:00:47|"–í—Å–µ –æ–±–∑–æ—Ä—ã Xiaomi –∑–∞–∫–∞–Ω—á–∏–≤–∞—é—Ç—Å—è —Ç–∞–∫: ""–í—Å–µ —Ö–æ—Ä–æ—à–æ, –Ω–æ –∫–∞–º–µ—Ä–∞ –Ω–µ –æ—á–µ–Ω—å"". –í —ç—Ç–æ—Ç —Ä–∞–∑ –Ω–∏—á–µ–≥–æ –Ω–µ –ø–æ–º–µ–Ω—è–ª–æ—Å—å.‚Ä¶ https://t.co/x7NTjIiGCX"
WylsacomRed|846273845409562626|2017-03-27 08:13:02|–ü–µ—Ä–≤–∞—è —É—Ç–µ—á–∫–∞ Galaxy Note 8. –ü—Ä–∞–≤–¥–∞ –∏–ª–∏ –≤—ã–º—ã—Å–µ–ª? https://t.co/I2XfhdJS8H https://t.co/Uil2E4RGVA
WylsacomRed|846270819827417088|2017-03-27 08:01:01|"Instagram –ø—Ä–µ–≤—Ä–∞—â–∞–µ—Ç—Å—è –≤ –º–æ–Ω—Å—Ç—Ä–∞. ""–£–¥–∞—á–Ω–∞—è –ø–æ–∫—É–ø–∫–∞, –ú–∞—Ä–∫"" - https://t.co/Ufx1jOVTpE https://t.co/GLxQIsh0ZF"
WylsacomRed|846263207517933568|2017-03-27 07:30:46|–ö–∞–∫ –≤—ã–≥–ª—è–¥–∏—Ç –∫—Ä–∞—Å–Ω—ã–π iPhone 7 —Å —á—ë—Ä–Ω–æ–π –ø–∞–Ω–µ–ª—å—é? –í–æ—Ç –≤–∞–º —É–Ω–∏–∫–∞–ª—å–Ω—ã–π —Ç–µ–ª–µ—Ñ–æ–Ω - https://t.co/wGoa0FPLF1 https://t.co/FoIwkHUW6L
WylsacomRed|846255553131270145|2017-03-27 07:00:21|"""–û–ª—é –ù–∏–∫–æ–ª–∞–π –æ—Ç–≤–µ—Ä–≥, –ø–æ—Ç–æ–º—É —á—Ç–æ –û–ª—è ‚Äì –ó–µ—Ä–≥"". –ö–∞–∫ Blizzard –ø–µ—Ä–µ–∏–∑–¥–∞–µ—Ç –ª–µ–≥–µ–Ω–¥–∞—Ä–Ω—É—é RTS - https://t.co/wwmRTxb9Jq https://t.co/tSJayIPaBK"
WylsacomRed|846061275478212608|2017-03-26 18:08:21|–ê –¥–∞–≤–∞–π—Ç–µ –ø–æ–∑–¥—Ä–∞–≤–∏–º @wylsacom —Å 3 000 000 –ø–æ–¥–ø–∏—Å—á–∏–∫–æ–≤ –Ω–∞ YouTube! https://t.co/tfFXBSe9Py
WylsacomRed|846053638686560258|2017-03-26 17:38:01|–ü–∞—Ä–µ–Ω—å –ø–æ—Ç—Ä–∞—Ç–∏–ª 5 –ª–µ—Ç, —á—Ç–æ–±—ã –ø–æ—Å—Ç—Ä–æ–∏—Ç—å —Å–≤–æ–µ –∫–æ—Ä–æ–ª–µ–≤—Å—Ç–≤–æ –≤ Minecraft. –ú–∞—Å—à—Ç–∞–±—ã –≤–ø–µ—á–∞—Ç–ª—è—é—Ç - https://t.co/etuts0G3lh https://t.co/yY7ns3AhrH
WylsacomRed|846042063732953089|2017-03-26 16:52:01|"–î–µ–ª–∞–µ–º –≤—Å—é —Ä–∞–±–æ—Ç—É –ª—É—á—à–µ Apple. 
–ú–æ–∂–µ–º! https://t.co/ZyUgYbyZTO"
WylsacomRed|845737346951712769|2017-03-25 20:41:11|üçé–í—Å–µ–º  –∫—Ä–∞—Å–Ω—ã—Ö —è–±–ª–æ–∫!üçé https://t.co/Ik4nzJRhWg
WylsacomRed|845737196011315200|2017-03-25 20:40:35|"–ü–µ—Ä–≤—ã–µ –∫–∞–¥—Ä—ã —Å–æ —Å—ä—ë–º–æ–∫ –ø–µ—Ä–µ–∏–∑–¥–∞–Ω–∏—è –ú–∞—Ç—Ä–∏—Ü—ã. ""–°–ª–µ–¥—É–π –∑–∞ –∫—Ä–∞—Å–Ω—ã–º –í–∞–ª–∏–∫–æ–º"" https://t.co/YddB4Ja14I"
WylsacomRed|845561103136571392|2017-03-25 09:00:51|–õ—É—á—à–µ–µ –∑–∞ –Ω–µ–¥–µ–ª—é #53: —á–µ–º –ø–æ—Ä–∞–¥–æ–≤–∞–ª–æ –≤–µ—Å–µ–Ω–Ω–µ–µ –æ–±–Ω–æ–≤–ª–µ–Ω–∏–µ Apple? - https://t.co/Cl8QEUztdP https://t.co/dZaVREi1tK
WylsacomRed|845270443762311169|2017-03-24 13:45:52|–¶–µ–Ω–∞ –º–∏–Ω—É—Ç—ã —Å–ª–∞–≤—ã? –î–µ–≤—É—à–∫–∞ –ø–æ–≥–∏–±–ª–∞ –∑–∞ —Ä—É–ª—ë–º –≤–æ –≤—Ä–µ–º—è —Å—Ç—Ä–∏–º–∞ - https://t.co/GXXzGFMSVJ https://t.co/zEqnNlHZYX
WylsacomRed|845222522882854912|2017-03-24 10:35:27|–†–µ–±–µ–Ω–æ–∫ —Å–ø–∞—Å –∂–∏–∑–Ω—å –º–∞—Ç–µ—Ä–∏, –∏—Å–ø–æ–ª—å–∑—É—è Siri - https://t.co/OEVcApK7L0 https://t.co/drN7oSqUgx
WylsacomRed|845213685681455105|2017-03-24 10:00:20|WikiLeaks –ø–æ–∫–∞–∑–∞–ª, –∫–∞–∫ –¶–†–£ –≤–∑–ª–∞–º—ã–≤–∞–µ—Ç Mac. –î–∞–∂–µ —Ñ–æ—Ä–º–∞—Ç–∏—Ä–æ–≤–∞–Ω–∏–µ –¥–∏—Å–∫–æ–≤ –Ω–µ –ø–æ–º–æ–≥–∞–µ—Ç –æ—Ç –≤–∑–ª–æ–º–∞ -‚Ä¶ https://t.co/5JQQ8zbrEX
WylsacomRed|845207429046513666|2017-03-24 09:35:28|–ù–æ–≤—ã–π –ø–∞—Ç–µ–Ω—Ç Apple –ø—Ä–µ–≤—Ä–∞—Ç–∏—Ç iPhone –≤ –Ω–æ—É—Ç–±—É–∫. –≠—Ç–æ –Ω–∞—á–∞–ª–æ –∫–æ–Ω—Ü–∞? - https://t.co/EV7bMwtRZm https://t.co/Hop09IaMlZ
WylsacomRed|845198609364664320|2017-03-24 09:00:26|Instagram –±—É–¥–µ—Ç ‚Äú–∑–∞–º—ã–ª–∏–≤–∞—Ç—å‚Äù –¥–µ–ª–∏–∫–∞—Ç–Ω—ã–µ —Ñ–æ—Ç–æ - https://t.co/fMGjkji4CQ https://t.co/bRMvBPBpEz
WylsacomRed|844991064616394753|2017-03-23 19:15:43|–ì–ª–∞–≤–Ω–æ–µ –∑–∞ –¥–µ–Ω—å: —Å–æ—Ç—Ä—É–¥–Ω–∏—Ü—ã –°–±–µ—Ä–±–∞–Ω–∫–∞ –≤–ª–æ–∂–∏–ª–∏ –¥–µ–Ω—å–≥–∏ –∫–ª–∏–µ–Ω—Ç–æ–≤ –≤ Ferrari - https://t.co/we8npcsx14 https://t.co/rhKMp3tXt9
WylsacomRed|844972166953209856|2017-03-23 18:00:38|–ü–µ—Ä–≤–∞—è —É—Ç–µ—á–∫–∞ Galaxy Note 8 - https://t.co/0V91dK7Q6Z https://t.co/4bW2HxB946
WylsacomRed|844926775155150849|2017-03-23 15:00:15|–ß—Ç–æ –Ω–µ —Ç–∞–∫ —Å –ö—Å–∏–æ–º–∏? - https://t.co/3NSVrIPkZm https://t.co/AmNEA7ENjX
WylsacomRed|844911753767124992|2017-03-23 14:00:34|–¢–µ–ª–µ—Ñ–æ–Ω —Å –∫—Ä—É—Ç–æ–π –∫–∞–º–µ—Ä–æ–π? –†–∞—Å—Å–∫–∞–∑—ã–≤–∞—é –æ ASUS ZenFone 3 Zoom - https://t.co/DosnamOVD1 https://t.co/5gSgUirTF7
WylsacomRed|844904285632696321|2017-03-23 13:30:53|–ü–∞–Ω–∏–∫–∞ –≤ –°–®–ê, –ø—Ä–æ–≤–∞–π–¥–µ—Ä—ã –º–æ–≥—É—Ç –Ω–∞—á–∞—Ç—å –ø—Ä–æ–¥–∞–≤–∞—Ç—å –ª–∏—á–Ω—ã–µ –¥–∞–Ω–Ω—ã–µ –ø–æ–ª—å–∑–æ–≤–∞—Ç–µ–ª–µ–π –±–µ–∑ –ø—Ä–µ–¥—É–ø—Ä–µ–∂–¥–µ–Ω–∏—è -‚Ä¶ https://t.co/UZWPqH25AD
WylsacomRed|844892793034199042|2017-03-23 12:45:13|–ö—Ä—É–ø–Ω—ã–µ –±—Ä–µ–Ω–¥—ã —É—Ö–æ–¥—è—Ç —Å YouTube –∏–∑-–∑–∞ —Å–∫–∞–Ω–¥–∞–ª—å–Ω–æ–≥–æ —Å–ª—É—á–∞—è —Å —Ä–µ–∫–ª–∞–º–æ–π - https://t.co/LzVfIMW3Cq https://t.co/LdMN9GgynU
WylsacomRed|844881482095169536|2017-03-23 12:00:17|Samsung Galaxy S8 –Ω–∞ Snapdragon 835 –ø—Ä–æ–∏–≥—Ä–∞–ª –ø—Ä–æ—Ü–µ—Å—Å–æ—Ä—É Kirin 960 –≤ –±–µ–Ω—á–º–∞—Ä–∫–µ - https://t.co/METireqoRY https://t.co/waUdiPGO3J
WylsacomRed|844846881192628226|2017-03-23 09:42:47|Super Mario Run —Ç–µ–ø–µ—Ä—å –∏ –Ω–∞ Android. –¢–æ–ª—å–∫–æ –∑–∞—á–µ–º? - https://t.co/I6O52HIAJq https://t.co/TbY5rXs9KE
WylsacomRed|844824866301751298|2017-03-23 08:15:18|–°–æ—Ç—Ä—É–¥–Ω–∏—Ü—ã –°–±–µ—Ä–±–∞–Ω–∫–∞ —Å–ø—É—Å—Ç–∏–ª–∏ –¥–µ–Ω—å–≥–∏ –∫–ª–∏–µ–Ω—Ç–æ–≤ –Ω–∞ Ferrari - https://t.co/sSJfjB8zh6 https://t.co/NaDEAhTk5b
WylsacomRed|844821122562457600|2017-03-23 08:00:26|–•–∞–∫–µ—Ä—ã —É–≥—Ä–æ–∂–∞—é—Ç Apple, –Ω–æ Apple –Ω–µ –±–æ–∏—Ç—Å—è –ø—É—Å—Ç—ã—Ö —É–≥—Ä–æ–∑ - https://t.co/iiOKs1BaJ8 https://t.co/0cVl0FKL9q
WylsacomRed|844803590468263936|2017-03-23 06:50:46|Apple –∫—É–ø–∏–ª–∞ Workflow –∏ —Ä–∞–∑–¥–∞–µ—Ç –ø—Ä–∏–ª–æ–∂–µ–Ω–∏–µ –±–µ—Å–ø–ª–∞—Ç–Ω–æ - https://t.co/HqWc2GVXVg https://t.co/51yuITTNIn
WylsacomRed|844624975080361984|2017-03-22 19:01:01|–ì–ª–∞–≤–Ω–æ–µ –∑–∞ –¥–µ–Ω—å: –æ–±–∑–æ—Ä –±—é–¥–∂–µ—Ç–Ω–æ–≥–æ Xiaomi –∏ —Ä–∞—Å–ø–∞–∫–æ–≤–∫–∞ –∫—Ä–∞—Å–Ω–æ–≥–æ iPhone 7 - https://t.co/cPS5a3d0Uy https://t.co/0EhAFJyyub
WylsacomRed|844594728058408960|2017-03-22 17:00:49|–†–∞—Å—à–∏—Ä–µ–Ω–Ω—ã–π –æ–±–∑–æ—Ä Xiaomi Redmi Note 4X. –ü–æ—á–µ–º—É —Ç–∞–∫ –ª—é–±—è—Ç Xiaomi? - https://t.co/qk8bblM2pC https://t.co/Itq8A80Dvc
WylsacomRed|844519227105181697|2017-03-22 12:00:48|–ß—Ç–æ –Ω–æ–≤–æ–≥–æ –≤ Android O Preview –∏ –∑–∞—á–µ–º –≤–æ–æ–±—â–µ –≤—Å–µ —ç—Ç–æ? - https://t.co/jN0xAfBFAF https://t.co/v4LBrWuHjt
WylsacomRed|844504122162401282|2017-03-22 11:00:47|–ñ–∏–≤—ã—Ö –±–ª–æ–≥–µ—Ä–æ–≤ –Ω–∞ YouTube –∑–∞–º–µ–Ω—è—Ç –≤–∏—Ä—Ç—É–∞–ª—å–Ω—ã–º–∏ - https://t.co/tSMyuHdzu3 https://t.co/D3KXR3USPm
WylsacomRed|844488974265593856|2017-03-22 10:00:35|–î—Ä–µ–≤–Ω–∏–π Apple 1 –ø—Ä–æ–¥–∞–¥—É—Ç –Ω–∞ –∞—É–∫—Ü–∏–æ–Ω–µ. –î—É–º–∞—é, —É–π–¥—ë—Ç –¥–æ—Ä–æ–∂–µ $1 –º–ª–Ω - https://t.co/ekIFdqAoQw https://t.co/ZZic4PpeW7
WylsacomRed|844477615842955264|2017-03-22 09:15:27|–•–∞–∫–µ—Ä—ã –≤—ã–º–æ–≥–∞—é—Ç —É Apple –¥–µ–Ω—å–≥–∏, —É–≥—Ä–æ–∂–∞—è —Å—Ç–µ—Ä–µ—Ç—å –¥–∞–Ω–Ω—ã–µ –∏–∑ iCloud - https://t.co/AjUzMt5XmR https://t.co/PeNZPxocNn
WylsacomRed|844473870790873088|2017-03-22 09:00:35|–Ø –Ω–∏—á–µ–≥–æ –Ω–µ –∂–¥—É –æ—Ç –Ω–æ–≤—ã—Ö iPad - https://t.co/OdH3aw0Jqd https://t.co/GD5RcxAQs0
WylsacomRed|844463851672350720|2017-03-22 08:20:46|–í –ê–Ω–≥–ª–∏–∏ –≤–≤–æ–¥—è—Ç –∑–∞–ø—Ä–µ—Ç –Ω–∞ –ø–µ—Ä–µ–≤–æ–∑–∫—É –≥–∞–¥–∂–µ—Ç–æ–≤ –≤ —Å–∞–º–æ–ª–µ—Ç–∞—Ö. –°–ø–∏—Å–æ–∫ –Ω–µ –º–∞–ª–µ–Ω—å–∫–∏–π. - https://t.co/mSF98RZRf3 https://t.co/4nt0Z5fwT5
WylsacomRed|844443577874874368|2017-03-22 07:00:12|"Apple —Ö–æ—á–µ—Ç ""—É–±–∏—Ç—å"" Instagram, Snapchat –∏ Prisma —Å–≤–æ–∏–º –Ω–æ–≤—ã–º –ø—Ä–∏–ª–æ–∂–µ–Ω–∏–µ–º - https://t.co/MYf4JB3diy https://t.co/4ufesTHsz6"
WylsacomRed|844436070565629952|2017-03-22 06:30:22|–ü–æ—Å–º–æ—Ç—Ä–∏—Ç–µ —Ä–∞—Å–ø–∞–∫–æ–≤–∫—É –∫—Ä–∞—Å–Ω–æ–≥–æ iPhone 7 Plus - https://t.co/gOpmv8WmLO https://t.co/0iLVUH7Lj0
WylsacomRed|844295262642356224|2017-03-21 21:10:51|–ì–ª–∞–≤–Ω–æ–µ –∑–∞ –¥–µ–Ω—å: Apple –æ–±–Ω–æ–≤–∏–ª–∞ iPad, –Ω–æ –ø–æ–∫—É–ø–∞—Ç—å –µ–≥–æ —è, –∫–æ–Ω–µ—á–Ω–æ, –Ω–µ –±—É–¥—É - https://t.co/VGNy94RdFT https://t.co/wEmaeUzK5U
WylsacomRed|844202067040329728|2017-03-21 15:00:31|–ú–Ω–µ–Ω–∏–µ –æ–± –∞–Ω–æ–Ω—Å–µ –Ω–æ–≤–∏–Ω–æ–∫ Apple. –ö–æ–º—É –Ω—É–∂–µ–Ω –Ω–æ–≤—ã–π Apple iPad? - https://t.co/cUPQ5iMM2N https://t.co/7untMv4nua
WylsacomRed|844187086509035520|2017-03-21 14:01:00|–û–±–∑–æ—Ä Acer Aspire VX 15: –∏–≥—Ä–æ–≤–æ–π –Ω–æ—É—Ç–±—É–∫ –∑–∞ –≤–º–µ–Ω—è–µ–º—ã–µ –¥–µ–Ω—å–≥–∏ - https://t.co/OjhzgPvOfB https://t.co/QoAozbjS0M
WylsacomRed|844171986809077761|2017-03-21 13:01:00|–í–µ—Å–µ–Ω–Ω–µ–µ –æ–±–Ω–æ–≤–ª–µ–Ω–∏–µ Apple, –Ω—É –∏ —á—Ç–æ —Ç—É—Ç –Ω–æ–≤–æ–≥–æ? - https://t.co/du9pVgJFdq https://t.co/LH9yQALcyD
WylsacomRed|844156828124635136|2017-03-21 12:00:46|Samsung —Ä–∞–∑—Ä–∞–±–æ—Ç–∞–ª–∞ —Å–æ–±—Å—Ç–≤–µ–Ω–Ω—ã–π –≥–æ–ª–æ—Å–æ–≤–æ–π –∞—Å—Å–∏—Å—Ç–µ–Ω—Ç Bixby –¥–ª—è Galaxy S8. –ü–æ–∫–∞ –≤—Å–µ –≤–∏–¥–∏—Ç—Å—è –æ—á–µ–Ω—å —Å–∫—É—á–Ω—ã–º -‚Ä¶ https://t.co/L8XbjLG3vq
WylsacomRed|844141597205942273|2017-03-21 11:00:14|–ù–æ–≤—ã–π Galaxy S8 –≥—Ä—è–¥—ë—Ç! –ß—Ç–æ –Ω–∞–º –∏–∑–≤–µ—Å—Ç–Ω–æ –æ —Ñ–ª–∞–≥–º–∞–Ω–µ Samsung - https://t.co/lt2pVVsImK https://t.co/KfQcpj21Gd
WylsacomRed|844126953661710336|2017-03-21 10:02:03|"""AirPods - —ç—Ç–æ –∫–∞–∫ —Ç–≤–æ–∏ –ª—é–±–∏–º—ã–µ –Ω–æ—Å–∫–∏, —Ç–æ–ª—å–∫–æ –∫—Ä—É—á–µ"" - https://t.co/baxD2gLQ34 https://t.co/g4yblsVoKk"
WylsacomRed|844119037680533504|2017-03-21 09:30:36|"–ê–Ω–≥–ª–∏—á–∞–Ω–∏–Ω —É–º–µ—Ä –∑–∞—Ä—è–∂–∞—è iPhone –≤ –≤–∞–Ω–Ω–æ–π, –Ω–æ ""–≤–∏–Ω–æ–≤–∞—Ç–∞"" –æ–ø—è—Ç—å Apple - https://t.co/Ao5fPwXOyj https://t.co/8pVYnzHhFe"
WylsacomRed|844112880169635841|2017-03-21 09:06:08|–ö–∞–∫ —è –ø–æ–ª—é–±–∏–ª –Ω–∞—É—à–Ω–∏–∫–∏ Audeze iSine 10 - https://t.co/HXIfXhyVzn https://t.co/eGCk3pwUzN
WylsacomRed|843885029142990850|2017-03-20 18:00:44|–ì–ª–∞–≤–Ω–æ–µ –∑–∞ –¥–µ–Ω—å: –æ—á–µ–Ω—å –¥–æ—Ä–æ–≥–æ–π Samsung Galaxy S8 –Ω–∞ –ø–æ–¥—Ö–æ–¥–µ - https://t.co/B6SAhrhnhc https://t.co/WzJZuHl7wS
WylsacomRed|843875117583228928|2017-03-20 17:21:21|–ß—Ç–æ –¥—É–º–∞–µ—Ç–µ –æ –Ω–æ—É—Ç–±—É–∫–∞—Ö-—Ç—Ä–∞–Ω—Å—Ñ–æ—Ä–º–µ—Ä–∞—Ö? –ú—ã –ø—Ä–æ—Ç–µ—Å—Ç–∏—Ä–æ–≤–∞–ª–∏ Acer Spin 7, –æ—á–µ–Ω—å –≥–∏–±–∫–∏–π –Ω–æ—É—Ç. –ò–ª–∏ –ø–ª–∞–Ω—à–µ—Ç. –ì–∏–±—Ä–∏–¥! -‚Ä¶ https://t.co/GjLEYyQJQk
WylsacomRed|843847372555849728|2017-03-20 15:31:06|Apple —É–∂–µ –Ω–µ —Ç–∞, –Ω–∏—á–µ–≥–æ –Ω–æ–≤–æ–≥–æ... –∑–Ω–∞–∫–æ–º—ã–µ —Å–ª–æ–≤–∞? –í—Å—ë –∏–∑–º–µ–Ω–∏—Ç –≤–∏—Ä—Ç—É–∞–ª—å–Ω–∞—è —Ä–µ–∞–ª—å–Ω–æ—Å—Ç—å, –æ–±—ä—è—Å–Ω—è–µ–º, –ø–æ—á–µ–º—É. -‚Ä¶ https://t.co/c7PkrhaSJg
WylsacomRed|843813254296158208|2017-03-20 13:15:31|Wylsacom –∏ –æ–±–∑–æ—Ä –≥–∞–¥–∂–µ—Ç–æ–≤ –ø—Ä–æ—à–ª–æ–≥–æ - https://t.co/zSIOqHsKal https://t.co/uU8tWXM0T8
WylsacomRed|843801977536569345|2017-03-20 12:30:43|–ù–æ–≤—ã–π Sony Xperia L1, —ç—Ç–æ —á—Ç–æ –∑–∞ –∑–≤–µ—Ä—å? - https://t.co/MW3tKTDyjC https://t.co/zS5dcM4noF
WylsacomRed|843794315616944131|2017-03-20 12:00:16|–ó–∞—á–µ–º HTC –ø—Ä–æ–¥–∞–µ—Ç —Å–≤–æ—é —Ñ–∞–±—Ä–∏–∫—É –ø–æ –ø—Ä–æ–∏–∑–≤–æ–¥—Å—Ç–≤—É —Å–º–∞—Ä—Ç—Ñ–æ–Ω–æ–≤ - https://t.co/9RDBh0eQMV https://t.co/swWWhH2CCt
WylsacomRed|843779289908727808|2017-03-20 11:00:34|–ü–æ—Å–º–æ—Ç—Ä–µ–ª ¬´–°–ø–ª–∏—Ç¬ª –∏ –≤–∞–º —Å–æ–≤–µ—Ç—É—é - https://t.co/QwTly7rlKi https://t.co/7Ut81t9iJk
WylsacomRed|843771829814771712|2017-03-20 10:30:55|"–¢–æ ""–∂–∏–≥—É–ª—å"" –ø—Ä–∏–µ–¥–µ—Ç–µ –Ω–∞ –≤—ã–∑–æ–≤, —Ç–æ —Ç–æ–ø-–º–µ–Ω–µ–¥–∂–µ—Ä—ã –∑–∞ –±—É–≥—Ä–æ–º —É–≤–æ–ª—å–Ω—è—é—Ç—Å—è. –î–∞, —ç—Ç–æ –≤—Å–µ –ø—Ä–æ UBER –≤ 2017–º -‚Ä¶ https://t.co/6kcZ19UAU3"
WylsacomRed|843764268029874176|2017-03-20 10:00:52|–ß–µ–≥–æ –∂–¥–∞—Ç—å –Ω–∞ Google I/O 2017? - https://t.co/YqFAuxQk67 https://t.co/wQ1t06hwv5
WylsacomRed|843756684203999232|2017-03-20 09:30:44|LeEco —Å–æ–∫—Ä–∞—â–∞–µ—Ç —Å–æ—Ç—Ä—É–¥–Ω–∏–∫–æ–≤ –∏ –ø—Ä–æ–¥–∞—ë—Ç –∑–µ–º–ª—é - https://t.co/Sa84EeA9pl https://t.co/kKQyDLWWc8
WylsacomRed|843749027590168576|2017-03-20 09:00:18|–ò–ª–æ–Ω –ú–∞—Å–∫ –∏ OpenAI –Ω–∞—É—á–∏–ª–∏ —Ä–æ–±–æ—Ç–æ–≤ –æ–±—â–∞—Ç—å—Å—è –¥—Ä—É–≥ —Å –¥—Ä—É–≥–æ–º - https://t.co/KJdEHV0p1I https://t.co/SsusNu7Jo8
WylsacomRed|843733961465585664|2017-03-20 08:00:26|–¶–µ–Ω–∞ Samsung Galaxy S8 –æ–∂–∏–¥–∞–µ–º–æ –≤—ã—Å–æ–∫–∞, –∞–∫—Ç—É–∞–ª—å–Ω–æ—Å—Ç—å Galaxy S7 edge —Ç–µ–ø–µ—Ä—å –µ—â–µ –≤—ã—à–µ - https://t.co/WJsE9X7MPf https://t.co/sfMj9LBPA5
WylsacomRed|842737356012699648|2017-03-17 14:00:17|–ö–æ–Ω—Ü–µ–ø—Ç –∏–¥–µ–∞–ª—å–Ω–æ–≥–æ —ç–∫—Ä–∞–Ω–∞ –±–ª–æ–∫–∏—Ä–æ–≤–∫–∏ –≤ iOS. Apple, —Å–¥–µ–ª–∞–π —Ç–∞–∫ –∂–µ! - https://t.co/q1yPvI0h6c https://t.co/YgN7RrBx8u
WylsacomRed|842722444389572609|2017-03-17 13:01:02|Apple –¥–æ–±–∞–≤–∏–ª–∞ —Å–≤–æ–π ¬´–∫–æ—Å–º–∏—á–µ—Å–∫–∏–π –∫–æ—Ä–∞–±–ª—å¬ª –≤ 3D –∫–∞—Ä—Ç—ã - https://t.co/RZDe9VrFYt https://t.co/ry8YndguKo
WylsacomRed|842716542106288129|2017-03-17 12:37:35|–¢—ë–ø–ª–∞—è –Ω–æ–≤–∏–Ω–∫–∞: –æ–±–æ–≥—Ä–µ–≤–∞—Ç–µ–ª—å –¥–ª—è –∫–ª–∞–≤–∏–∞—Ç—É—Ä—ã - https://t.co/eLEUoXuZPT https://t.co/CeS4xj3vdC
WylsacomRed|842699740877864961|2017-03-17 11:30:49|–ì–æ–ª–æ—Å–æ–≤–∞–Ω–∏–µ! –ù–æ–≤—ã–µ Nike –æ—Ç –¢—ë–º—ã - –ª—É—á—à–∏–µ? - https://t.co/WvfOFr42G2 https://t.co/X1Z0fz8zoD
WylsacomRed|842692060687810560|2017-03-17 11:00:18|–¢–µ—Ö–Ω–æ—Å–æ–ª—è–Ω–∫–∞ –ø—Ä–æ –î–∂–æ–∫–µ—Ä–∞, —Å–ø–µ—Ü–ø—Ä–æ–µ–∫—Ç –ø—Ä–æ –•–æ–Ω–¥—É –¶–∏–≤–∏–∫ –∏ –¥–æ—Ä–æ–≥–∏–µ –≤–µ—â–∏ - https://t.co/8S4nZgyHI5 https://t.co/jDCHvn9pIQ
WylsacomRed|842677129989046274|2017-03-17 10:00:58|–í—ã–∫–ª—é—á–∏—Ç–µ —É–∂–µ —ç—Ç—É –≤—Å–ø—ã—à–∫—É! - https://t.co/dJ47sDz6fl https://t.co/r6kIocdM3u
WylsacomRed|842669432099033088|2017-03-17 09:30:23|–ó–∞—Ü–µ–Ω–∏—Ç–µ –Ω–æ–≤–µ–π—à–∏–π iPhone –≤ —Ä–µ—Ç—Ä–æ-—Å—Ç–∏–ª–µ - https://t.co/wW6Yyfb0d0 https://t.co/TZPe0O94kv
WylsacomRed|842656908800593922|2017-03-17 08:40:37|–°–æ–±–µ—Ä–∏ —Å–≤–æ–µ–≥–æ –ì—Ä–æ–±–æ–≤—â–∏–∫–∞-3000 –≤ —Å–∏–º—É–ª—è—Ç–æ—Ä–µ —Å–±–æ—Ä–∫–∏ –∫–æ–º–ø–∞ - https://t.co/ZyccIwXv9s https://t.co/gOm1NcVFol
WylsacomRed|842420504422154240|2017-03-16 17:01:14|–ù–æ—Å—Ç–∞–ª—å–≥–∏—á–µ—Å–∫–∏–π –æ–±–∑–æ—Ä Nokia 6 - https://t.co/EqF71YpTRH https://t.co/C3LLUUcu4T
WylsacomRed|842393596674355201|2017-03-16 15:14:19|Google –æ—Å–≤–∞–∏–≤–∞–µ—Ç ¬´–∞–Ω—Ç–∏–æ–±–Ω–æ–≤–ª–µ–Ω–∏—è¬ª - https://t.co/d48S1e5wS8 https://t.co/XzNWfqMmjp
WylsacomRed|842375056760160262|2017-03-16 14:00:38|–ß—Ç–æ –¥–µ–ª–∞—Ç—å, –µ—Å–ª–∏ —Ä–∞–∑–±–∏–ª Tesla? –ú–Ω–µ–Ω–∏–µ –≤–ª–∞–¥–µ–ª—å—Ü–µ–≤ —ç–ª–µ–∫—Ç—Ä–æ–∫–∞—Ä–æ–≤ - https://t.co/L1fOv27XKT https://t.co/XYCdm6OdCj
WylsacomRed|842337383790071808|2017-03-16 11:30:56|GoPro —Å–Ω–æ–≤–∞ —Å–æ–∫—Ä–∞—â–∞–µ—Ç —à—Ç–∞—Ç –Ω–∞ 300 —Å–æ—Ç—Ä—É–¥–Ω–∏–∫–æ–≤, –∫–æ–º–ø–∞–Ω–∏—è —Ä—É—à–∏—Ç—Å—è –Ω–∞ –≥–ª–∞–∑–∞—Ö - https://t.co/Uf4azJia2s https://t.co/b5wEjsijkV
WylsacomRed|842322361286287360|2017-03-16 10:31:15|–ù–∏–∫—Ç–æ –Ω–µ –∑–∞—Ö–æ—Ç–µ–ª –ø–æ–∫—É–ø–∞—Ç—å —Å–º–∞—Ä—Ç—Ñ–æ–Ω –∑–∞ $16 000 - https://t.co/Bpq9eZa6uK https://t.co/HF45cSmibr
WylsacomRed|842310811917905921|2017-03-16 09:45:21|–í Google ¬´—Ä–æ–¥–∏–ª–∏¬ª –º–µ—Å—Å–µ–Ω–¥–∂–µ—Ä –±–µ–∑ –∫–ª–∞–≤–∏–∞—Ç—É—Ä—ã –¥–ª—è –ª—é–±–∏—Ç–µ–ª–µ–π ¬´—ç–º–æ–¥–∂–∏¬ª - https://t.co/2v4ZScaith https://t.co/mrTRAfapUj
WylsacomRed|842300065624530945|2017-03-16 09:02:39|Google –≥–æ—Ç–æ–≤–∏—Ç —Ç—Ä–∏ –≤–µ—Ä—Å–∏–∏ –Ω–æ–≤—ã—Ö Google Pixel –∏ –Ω–∞–∑—ã–≤–∞–µ—Ç –∏—Ö –≤ —á–µ—Å—Ç—å —Ä—ã–± - https://t.co/WgQIzi1ICl https://t.co/xw93KRJiBI
WylsacomRed|842058001687146501|2017-03-15 17:00:46|–¢—Ä–µ–π–ª–µ—Ä—ã –ì–∞–¥–∫–∏–π —è - 3, –ö–æ–∫–æ –∏ –∫–æ—Ä–æ—Ç–∫–æ–º–µ—Ç—Ä–∞–∂–∫–∞ –ø—Ä–æ –º–æ–Ω—Å—Ç—Ä–æ–≤ - https://t.co/hhO7Y3NC85 https://t.co/qkriwzCq0O
WylsacomRed|842042986905124864|2017-03-15 16:01:07|–ù–µ —Å –∫–µ–º —Å–¥–µ–ª–∞—Ç—å —Å–µ–ª—Ñ–∏? –í–æ–∑—å–º–∏ –¥—Ä—É–∑–µ–π –Ω–∞–ø—Ä–æ–∫–∞—Ç, –∫–∞–∫ —ç—Ç–æ –¥–µ–ª–∞—é—Ç —è–ø–æ–Ω—Ü—ã - https://t.co/20Lm3UAdxz https://t.co/PRzD4u6t58
WylsacomRed|842035264696532993|2017-03-15 15:30:26|–û–±–∑–æ—Ä Huawei P10: –ø–æ—á–µ–º—É –æ–Ω —Ç–∞–∫ –ø–æ—Ö–æ–∂ –Ω–∞ –∞–π—Ñ–æ–Ω? - https://t.co/dZ3jlHCtCQ https://t.co/hN7rep3SzS
WylsacomRed|841959715877838848|2017-03-15 10:30:13|–•–∞–∫–µ—Ä—ã –≤—ã–ª–æ–∂–∏–ª–∏ –ª–∏—á–Ω—ã–µ —Ñ–æ—Ç–æ –≠–º–º—ã –£–æ—Ç—Å–æ–Ω –∏ –æ–±–µ—â–∞—é—Ç –ø—Ä–æ–¥–æ–ª–∂–∏—Ç—å - https://t.co/AF7b8SdoJ0 https://t.co/ywXBub6vjn
WylsacomRed|841944679964913664|2017-03-15 09:30:28|–†–∞—Å—Å–∫–∞–∑—ã–≤–∞–µ—Ç, –∫–∞–∫—É—é –∫–∞–º–µ—Ä—É –≤—ã–±—Ä–∞—Ç—å –¥–ª—è –≤–∏–¥–µ–æ–±–ª–æ–≥–∞ –Ω–∞ YouTube - https://t.co/wtB5ItuK2z https://t.co/ogEISAX2Zt
WylsacomRed|841933376076566528|2017-03-15 08:45:33|–ë–µ—Å–ø—Ä–æ–≤–æ–¥–Ω—ã–µ –Ω–∞—É—à–Ω–∏–∫–∏ –∑–∞–≥–æ—Ä–µ–ª–∏—Å—å –≤–æ –≤—Ä–µ–º—è –ø–æ–ª—ë—Ç–∞ - https://t.co/uvumKu8xGL https://t.co/tyqdqQZYm0
WylsacomRed|841907002406260737|2017-03-15 07:00:45|–ö–∞–∫ –º—ã –∂–∏–≤—ë–º: –∑–∞—á–µ–º –ø–æ–∫—É–ø–∞—Ç—å –µ—â—ë –æ–¥–∏–Ω —Ç–µ–ª–µ—Ñ–æ–Ω –∑–∞ $500? - https://t.co/1314dp8y3z https://t.co/z3j0DMb5i6
WylsacomRed|841752156243922944|2017-03-14 20:45:27|–ì–ª–∞–≤–Ω–æ–µ –∑–∞ –¥–µ–Ω—å: –∫–æ–º–ø–∞–Ω–∏—é Vertu –ø—Ä–æ–¥–∞–ª–∏ –ø–æ —Ü–µ–Ω–µ –∫–≤–∞—Ä—Ç–∏—Ä—ã –≤ –ú–æ—Å–∫–≤–µ - https://t.co/csoSBqXcHo https://t.co/fCpIFxv70e
WylsacomRed|841704456907587584|2017-03-14 17:35:55|–ü–æ—á–µ–º—É –Ω–æ–≤—ã–µ —É–º–Ω—ã–µ —á–∞—Å—ã TAG Heuer  - —ç—Ç–æ —Ö–æ—Ä–æ—à–æ - https://t.co/czN31YliuZ https://t.co/PY0oqCRAGn
WylsacomRed|841636760278962177|2017-03-14 13:06:55|–•–æ—Ç–∏—Ç–µ –¥–∏—á–∏? –í–æ—Ç –≤–∞–º —á–µ—Ö–æ–ª –Ω–∞ Android –¥–ª—è iPhone - https://t.co/wjGgfDIehK https://t.co/cy7b5t5RJK
WylsacomRed|841627600430759936|2017-03-14 12:30:31|Battlefied 1: –±–æ–µ–≤—ã–µ —Å–æ–≤–µ—Ç–∏–∫–∏! - https://t.co/EHMm1VPKQu https://t.co/6xx5emoSRj
WylsacomRed|841589919420207106|2017-03-14 10:00:47|Apple –Ω–∞–º–µ–∫–∞–µ—Ç, —á—Ç–æ –º–µ—Å—Å–µ–Ω–¥–∂–µ—Ä –±–µ–∑ —Å—Ç–∏–∫–µ—Ä–æ–≤ - –¥–Ω–æ - https://t.co/RaHzx0bPMn https://t.co/KJJlJps1Hz
WylsacomRed|841582251901083649|2017-03-14 09:30:19|–ß–µ—Ä–µ–∑ –Ω–µ–¥–µ–ª—é Apple –∞–Ω–æ–Ω—Å–∏—Ä—É–µ—Ç —á—Ç–æ-—Ç–æ –Ω–æ–≤–µ–Ω—å–∫–æ–µ? - https://t.co/ApzI0rBinr https://t.co/TPgq3C6cYq
WylsacomRed|841574709472948224|2017-03-14 09:00:21|–í—Å—é –∫–æ–º–ø–∞–Ω–∏—é Vertu –ø—Ä–æ–¥–∞–ª–∏ –ø–æ —Ü–µ–Ω–µ –∫–∞—Ä—Ç–∏–Ω—ã - https://t.co/yZe0LqjNLI https://t.co/r46Srhv8Wf
WylsacomRed|841567360804900864|2017-03-14 08:31:09|–í—ã—à–ª–∞ iOS 10.3 beta 6 - https://t.co/4trbiYiSxL https://t.co/S6FI55ZoU9
WylsacomRed|841544712607653888|2017-03-14 07:01:09|–ò–ª—å—è @jc_ru –ö–∞–∑–∞–∫–æ–≤ –ø—Ä–∏—Å–æ–µ–¥–∏–Ω—è–µ—Ç—Å—è –∫ Wylsacom Media ‚Äî https://t.co/5t2sQz1PCr https://t.co/rDDVoGtCd5
WylsacomRed|841355839092977664|2017-03-13 18:30:38|–ì–ª–∞–≤–Ω–æ–µ –∑–∞ –¥–µ–Ω—å: iPhone 6 (2017) –∏ —Ñ–∏–ª—å–º –∏–∑ —Å–µ—Ä–∏–∞–ª–∞ Breaking Bad - https://t.co/s8XIUh90l9 https://t.co/gwtKsPFy5Y
WylsacomRed|841320235466706944|2017-03-13 16:09:09|–û—á–µ–Ω—å –ø–æ–¥—Ä–æ–±–Ω—ã–π –æ–±–∑–æ—Ä Xiaomi Redmi Note 4X. –£–¥–∏–≤–∏—Ç–µ–ª—å–Ω–æ–µ —É—Å—Ç—Ä–æ–π—Å—Ç–≤–æ - https://t.co/iLylhX9miG https://t.co/vzukfNOeAl
WylsacomRed|841303081841250306|2017-03-13 15:01:00|"""–Ø –∏–∑–º–µ–Ω—è—é –∫–æ–º–ø–∞–Ω–∏–∏ Apple"", –∫–∞–∫ Apple –Ω–µ –æ—Å—Ç–∞–≤–ª—è–µ—Ç –Ω–∞–º –≤—ã–±–æ—Ä–∞, –ø—Ä–∏—Ö–æ–¥–∏—Ç—Å—è ""—Å—Ç—Ä–æ—á–∏—Ç—å"" –æ—Ç —Ä—É–∫–∏. -‚Ä¶ https://t.co/foER4hlM6L"
WylsacomRed|841296605642948608|2017-03-13 14:35:15|–ü–æ—è–≤–∏–ª—Å—è –æ–±–Ω–æ–≤–ª–µ–Ω–Ω—ã–π Google Pixel. –¢–µ–ø–µ—Ä—å –±–µ–∑ –∫–æ—Å—è–∫–æ–≤? - https://t.co/0ICsUdGcdw https://t.co/je1CiMhQeN
WylsacomRed|841272871708196865|2017-03-13 13:00:57|–ò—Å–∫—É—Å—Å—Ç–≤–µ–Ω–Ω—ã–π –∏–Ω—Ç–µ–ª–ª–µ–∫—Ç Baidu –≤—ã—É—á–∏–ª –Ω–µ–∑–Ω–∞–∫–æ–º—ã–π —è–∑—ã–∫ –∑–∞ –¥–≤–∞ —á–∞—Å–∞ - https://t.co/c9WZ0GKjBK https://t.co/bQaEu4gKU2
WylsacomRed|841250151503147008|2017-03-13 11:30:40|52% –≤—Å–µ—Ö –∫–æ–º–ø—å—é—Ç–µ—Ä–Ω—ã—Ö –≥–µ–π–º–µ—Ä–æ–≤ - –∂–µ–Ω—â–∏–Ω—ã - https://t.co/CCYfJWgQ75 https://t.co/RbYbG0LYLb
WylsacomRed|841242501696634881|2017-03-13 11:00:16|–§–∞–Ω–∞—Ç Breaking Bad –ø—Ä–µ–≤—Ä–∞—Ç–∏–ª —Å–µ—Ä–∏–∞–ª –≤ —Ñ–∏–ª—å–º - https://t.co/RrgLuFI9CQ https://t.co/eJ0l7t3Zk3
WylsacomRed|841227628090646529|2017-03-13 10:01:10|–•–æ—Ç–∏—Ç–µ —Å–º–∞—Ä—Ç-–∫—É—Ä—Ç–∫—É Levi's –∏ Google? –ñ–¥–∏—Ç–µ –æ—Å–µ–Ω–∏ - https://t.co/pAPleHrb6s https://t.co/26zSoHYpVh
WylsacomRed|841197327369003008|2017-03-13 08:00:46|–ö–∞–∫ –≤–∞–º –∫–æ–Ω—Ü–µ–ø—Ç iPhone 8 —Å –±–µ–∑–¥–æ–Ω–Ω–æ–π —á—ë—Ä–Ω–æ–π —Ç–µ–º–æ–π iOS? - https://t.co/EWki0cjCug https://t.co/42ELejLFcZ
WylsacomRed|841182136447188992|2017-03-13 07:00:24|Telegram —Ç–µ—Å—Ç–∏—Ä—É–µ—Ç –±–µ—Å–ø–ª–∞—Ç–Ω—ã–µ –∑–≤–æ–Ω–∫–∏, –ø—Ä–æ—â–∞–µ–º—Å—è —Å–æ Skype? - https://t.co/Won9JEMdD5 https://t.co/flFTzhQONq
WylsacomRed|841174674868330496|2017-03-13 06:30:45|iPhone 6 (2017) - —ç—Ç–æ –µ—â—ë —á—Ç–æ –∑–∞ –Ω–æ–≤–∏–Ω–∫–∞? - https://t.co/k4OuET3Koj https://t.co/X4Rtuuxpvh
WylsacomRed|840200674923155456|2017-03-10 14:00:25|–£—Ñ—Ñ, —Å–æ–±—Ä–∞–ª–∏ –≤—Å–µ —Å–∞–º—ã–µ –∏–Ω—Ç–µ—Ä–µ—Å–Ω—ã–µ –Ω–æ–≤–∏–Ω–∫–∏ –ñ–µ–Ω–µ–≤—Å–∫–æ–≥–æ –∞–≤—Ç–æ—Å–∞–ª–æ–Ω–∞ –≤ –æ–¥–∏–Ω –º–∞—Ç–µ—Ä–∏–∞–ª, –Ω–∞—Å–ª–∞–∂–¥–∞–π—Ç–µ—Å—å! -‚Ä¶ https://t.co/5YhDyJGOb3
WylsacomRed|840174108948213760|2017-03-10 12:14:51|–ö–∞–∫ –ø—Ä–∞–≤–∏–ª—å–Ω–æ —Å–±–∏—Ç—å –¥—Ä–æ–Ω: –∫–∞–º–Ω–∏, –æ—Ä–ª—ã, —Ñ—É—Ç—É—Ä–∏—Å—Ç–∏—á–µ—Å–∫–∏–µ —Å–µ—Ç–µ–º—ë—Ç—ã! - https://t.co/P74pkGRajG https://t.co/MVFqDgMOkY
WylsacomRed|840155408081739776|2017-03-10 11:00:33|iTunes Match —Å–∫–æ—Ä–æ –ø–æ–¥–æ—Ä–æ–∂–∞–µ—Ç, –Ω–µ –∑–∞–±—É–¥—å—Ç–µ –æ—Ç–∫–ª—é—á–∏—Ç—å —Å–µ—Ä–≤–∏—Å - https://t.co/hoQz4zyxTU https://t.co/ZYmimfE2Ge
WylsacomRed|840140490875977733|2017-03-10 10:01:16|"–ß—Ç–æ –±—É–¥–µ—Ç Samsung –ø–æ—Å–ª–µ –∫–æ—Ä—Ä—É–ø—Ü–∏–æ–Ω–Ω—ã—Ö —Ä–∞–∑–±–æ—Ä–æ–∫?

 - https://t.co/kxDy5akS9T https://t.co/0IdChYhXXz"
WylsacomRed|840094952168210437|2017-03-10 07:00:19|–û–±–Ω–æ–≤–∏ Twitter –∏ –æ—Å–≤–æ–±–æ–¥–∏ –∫—É—á—É –º–µ—Å—Ç–∞ –Ω–∞ —Å–≤–æ—ë–º iPhone. –ê —Å–∫–æ–ª—å–∫–æ —É –≤–∞—Å twitter —Å–∫—É—à–∞–ª –ø–∞–º—è—Ç–∏? -‚Ä¶ https://t.co/1WQmCBLgNL
WylsacomRed|840088762751246336|2017-03-10 06:35:43|–ë–ª–æ–≥–µ—Ä –û—É–µ–Ω –£–∏–ª–ª–∏–∞–º—Å: ‚ÄùApple —Å–¥–∞–ª–∞—Å—å, —è —É—Ö–æ–∂—É –Ω–∞ Windows‚Äù - https://t.co/KttfvufR6J https://t.co/z4HD5QzeXu
WylsacomRed|839891618333396993|2017-03-09 17:32:20|–û–¥–∏–Ω —Ä–∞–∑ –∑–∞—Ä—è–¥–∏–ª, –Ω–µ–¥–µ–ª—é –ø–æ–ª—å–∑—É–µ—à—å—Å—è. –ò —ç—Ç–æ –Ω–µ Nokia 3310! –ß–∏—Ç–∞–π—Ç–µ –Ω–∞—à –æ–±–∑–æ—Ä Lenovo P2 - https://t.co/grvn1LuCce https://t.co/tXnkhi7vB1
WylsacomRed|839887330819321857|2017-03-09 17:15:18|–û—Ü–µ–Ω–∏—Ç–µ, –Ω–∞—Å–∫–æ–ª—å–∫–æ —ç–∫—Ä–∞–Ω –≤ –Ω–æ–≤–æ–º Samsung –±–æ–ª—å—à–µ, —á–µ–º —É —Å—Ç–∞—Ä–æ–≥–æ iPhone - https://t.co/LqvPtkPBZ0 https://t.co/jU6LPIKwFk
WylsacomRed|839830848023244800|2017-03-09 13:30:52|–ù–æ–≤—ã–π –∫–æ–Ω—Ü–µ–ø—Ç iPhone 8 - —Ö–æ—á—É —Ç–∞–∫–æ–π –∂–µ –ø–æ—Å–∫–æ—Ä–µ–µ - https://t.co/Ccyzb81bMV https://t.co/P3OSvaUvHf
WylsacomRed|839823322695221248|2017-03-09 13:00:57|–ö–∏—Ç–∞–π—Å–∫–∞—è –º–æ—â—å –≤–æ –≤—Å–µ–π –∫—Ä–∞—Å–µ, –∏–≥—Ä–æ–≤–æ–π —Å–º–∞—Ä—Ç—Ñ–æ–Ω –∑–∞ —Å–∫—Ä–æ–º–Ω—ã–µ –¥–µ–Ω—å–≥–∏. –í—ã–±–∏–≤–∞–µ—Ç 120–∫ –≤ AnTuTu, —Å—Ç–æ–∏—Ç –Ω–µ–¥–æ—Ä–æ–≥–æ. -‚Ä¶ https://t.co/nifrbWrnEW
WylsacomRed|839777978473144321|2017-03-09 10:00:47|–ö–∞–∫ BBC —Å–Ω–∏–º–∞–ª–∞ Planet Earth II, —Å–∞–º—ã–π –¥–æ—Ä–æ–≥–æ–π –ø—Ä–æ–µ–∫—Ç –≤ –∏—Å—Ç–æ—Ä–∏–∏ —Ç–µ–ª–µ–∫–∞–Ω–∞–ª–∞ - https://t.co/cH6g7fk4lf https://t.co/AxAq1tAQan
WylsacomRed|839762932028346369|2017-03-09 09:00:59|–ù—É –≤—Å–µ, —Ç–µ–ø–µ—Ä—å –∑–∞–∂–∏–≤–µ–º! –í NASA –∑–Ω–∞—é—Ç –∫–∞–∫ —Å–¥–µ–ª–∞—Ç—å –ú–∞—Ä—Å –ø—Ä–∏–≥–æ–¥–Ω—ã–º –¥–ª—è –∂–∏–∑–Ω–∏. - https://t.co/zZc8L3ltCK https://t.co/Tu9k76tgiR
WylsacomRed|839747843283910656|2017-03-09 08:01:02|"Mozilla: ""–º—ã –∑–∞–ø—É—Å—Ç–∏–º —Ç—Ä–µ–±–æ–≤–∞—Ç–µ–ª—å–Ω—ã–µ –∏–≥—Ä—ã –≤ –±—Ä–∞—É–∑–µ—Ä–µ –≤–∞—à–µ–≥–æ –≥–∞–¥–∂–µ—Ç–∞"" - https://t.co/fMljl1NBk8 https://t.co/juRDt7VwOM"
WylsacomRed|839477622987960320|2017-03-08 14:07:16|–ü—ã—Ç–∞–µ–º—Å—è —Ä–∞–∑–æ–±—Ä–∞—Ç—å—Å—è –∫–æ–º—É –≤ 2017 –Ω—É–∂–µ–Ω –ø–ª–∞–Ω—à–µ—Ç –Ω–∞ Android –∑–∞ $1000. –ö –ø—Ä–∏–º–µ—Ä—É Samsung Galaxy Tab S3‚Ä¶ https://t.co/egMkfgBVL1
WylsacomRed|839446868962705410|2017-03-08 12:05:04|–°–µ–≥–æ–¥–Ω—è –Ω–∞–π–¥—É—Ç—Å—è —Ç–µ, –∫—Ç–æ –µ—â–µ –Ω–µ –∫—É–ø–∏–ª –ø–æ–¥–∞—Ä–∫–∏ –Ω–∞ 8 –º–∞—Ä—Ç–∞. –í–æ—Ç –ø–æ–¥—Å–∫–∞–∑–∫–∏ https://t.co/jz7yPlI85W https://t.co/oZLirJ4Jt1
WylsacomRed|839433297486835713|2017-03-08 11:11:08|–û–¥–∞ –ª—é–±–≤–∏ Sony Xperia XZ Premium https://t.co/MGp7kQ7FFC https://t.co/DNmwEK5v4E
WylsacomRed|839430587236642817|2017-03-08 11:00:22|–°–∫–∞–∑–∫–∞ –ø—Ä–æ –∂–µ–Ω—Å–∫–∏–µ –≥–∞–¥–∂–µ—Ç—ã - https://t.co/4NXAF4y2tA https://t.co/mL4a2jQjdK
WylsacomRed|839403084707147776|2017-03-08 09:11:05|–ü—ã—Ç–∞–µ–º—Å—è —Ä–∞–∑–æ–±—Ä–∞—Ç—å—Å—è –∫–æ–º—É –≤ 2017 –Ω—É–∂–µ–Ω –ø–ª–∞–Ω—Ç–µ—à –Ω–∞ Android –∑–∞ $1000. –ö –ø—Ä–∏–º–µ—Ä—É Samsung Galaxy Tab S3‚Ä¶ https://t.co/GLi0pyjgZ7
WylsacomRed|839400301710962688|2017-03-08 09:00:01|–ü–æ—á—Ç–∏ –æ–±–∑–æ—Ä LG G6. –ü–æ—Ä–∞ –æ–±—Ä–∞—Ç–∏—Ç—å –≤–Ω–∏–º–∞–Ω–∏–µ –Ω–∞ —ç—Ç–æ—Ç —Å–º–∞—Ä—Ç—Ñ–æ–Ω, –æ–Ω –∑–∞—Å–ª—É–∂–∏–≤–∞–µ—Ç –≤–Ω–∏–º–∞–Ω–∏—è https://t.co/koIzgfSFav https://t.co/wgc1ue8Jb9
WylsacomRed|839388473601708032|2017-03-08 08:13:01|"""10 –ø—Ä–∏—á–∏–Ω, –ø–æ—á–µ–º—É iPhone –ª—É—á—à–µ –ª—é–±–æ–≥–æ —Ñ–ª–∞–≥–º–∞–Ω–∞ –Ω–∞ Android"". –ê–∫–∫—É—Ä–∞—Ç–Ω–µ–π, –≤ –∫–æ–º–º–µ–Ω—Ç–∞—Ö –±–æ–ª—å–Ω–æ –±—å—é—Ç‚Ä¶ https://t.co/VBJ4VbZTU8"
WylsacomRed|839158963010678784|2017-03-07 17:01:02|–ü–æ—á–µ–º—É –Ω—É–∂–Ω–æ —Å–º–æ—Ç—Ä–µ—Ç—å —Ñ—É—Ç–±–æ–ª –Ω–∞ —Å—Ç–∞–¥–∏–æ–Ω–µ? - https://t.co/tA2BLFMMfs https://t.co/D6bjdCOdJp
WylsacomRed|839143866452303872|2017-03-07 16:01:02|–≠–º–æ–¥–∑–∏-–∫–æ—Ç—ã –∏ –∂–∏–≤—ã–µ –∫–æ—Ç—ã! - https://t.co/Hs11UUx0CX https://t.co/Abs7N7j4Ir
WylsacomRed|839125019007586305|2017-03-07 14:46:09|–ü–µ—Ä–≤—ã–π –∏ –ø–æ–¥—Ä–æ–±–Ω—ã–π –≤–∑–≥–ª—è–¥ –Ω–∞ LG G6. –ú–æ–≥—É—Ç –∫–æ–≥–¥–∞ —Ö–æ—Ç—è—Ç! - https://t.co/eYhbDuEPRy https://t.co/qWPYBw2JvD
WylsacomRed|839060662500409345|2017-03-07 10:30:25|–ö–æ—Ñ–µ —Å –∑–∞–ø–∞—Ö–æ–º Xiaomi, —á—Ç–æ –º–æ–∂–µ—Ç –±—ã—Ç—å –ª—É—á—à–µ? - https://t.co/KJPsoPZ3MA https://t.co/K9Ps0KGS4R
WylsacomRed|839050688105701376|2017-03-07 09:50:47|–î–∞–º–∞ —Å –¥—Ä–æ–±–æ–≤–∏–∫–æ–º –∞—Ç–∞–∫–æ–≤–∞–ª–∞ –∫–≤–∞–¥—Ä–æ–∫–æ–ø—Ç–µ—Ä - https://t.co/QfBkDhpdV7 https://t.co/fcaZ4QudvA
WylsacomRed|839033071265591296|2017-03-07 08:40:47|–£—Ö —Ç—ã, –Ω–∞—Å—Ç–æ—è—â–∏–π –∫–∏—Ç–∞–π—Å–∫–∏–π —Ñ–µ–π–∫–æ–≤—ã–π Samsung Galaxy S8 - https://t.co/nEOj3K6Ihn https://t.co/Oq1uBuJrQ1
WylsacomRed|839027988545089537|2017-03-07 08:20:35|–≠—Ç–æ –°–µ–¥—Ä–∏–∫, —ç–º–æ—Ü–∏–æ–Ω–∞–ª—å–Ω–æ–µ –∂—É–∫-—Ç–∞–∫—Å–∏ - https://t.co/9vbFHxwZuR https://t.co/v323UwKA86
WylsacomRed|838814022006947840|2017-03-06 18:10:21|–ù–∞—Å—ã–ø—å—Ç–µ –ø–æ–±–æ–ª—å—à–µ —Ä–æ—Å–∫–æ—à–∏: —á–µ—Ö–æ–ª –¥–ª—è iPhone –∑–∞ $5500 - https://t.co/Z0TGGPhyJl https://t.co/jGxg13vAFg
WylsacomRed|838801460183859200|2017-03-06 17:20:26|–ö–∞–∫ —è –ª—é–±–ª—é Sony Xperia XZ Premium - https://t.co/QoAhAn9J07 https://t.co/cWT7GOHFGC
WylsacomRed|838751299692806144|2017-03-06 14:01:07|"""–ü—Ä–∏–≤–µ—Ç, —è –ø—Ä–æ—Ñ–µ—Å—Å–∏–æ–Ω–∞–ª—å–Ω—ã–π –±–ª–æ–≥–µ—Ä, –≥–¥–µ –≤—ã —Å–ø—Ä—è—Ç–∞–ª–∏ –¥–µ–Ω—å–≥–∏?"" - https://t.co/fb66gnsx3J https://t.co/RFJKlzV5eq"
WylsacomRed|838667954749386752|2017-03-06 08:29:56|–ö–æ—Ä–æ—Ç–∫–∏–π –æ–±–∑–æ—Ä Samsung Galaxy Tab S3 2017. –ü—Ä–æ—Å—Ç–æ –æ—Å–æ–±–æ –Ω–µ—á–µ–≥–æ —Å–∫–∞–∑–∞—Ç—å. - https://t.co/wKP8LPsFF4 https://t.co/8K5MpiFjTM
WylsacomRed|837573460008251392|2017-03-03 08:00:48|10 –ø—Ä–∏—á–∏–Ω, –ø–æ—á–µ–º—É iPhone –ª—É—á—à–µ –ª—é–±–æ–≥–æ —Ñ–ª–∞–≥–º–∞–Ω–∞ –Ω–∞ Android - https://t.co/85MYuog9pQ https://t.co/xKNceHqKZv
WylsacomRed|837558334009958401|2017-03-03 07:00:42|"""–£—Ç–∏–Ω—ã–µ –∏—Å—Ç–æ—Ä–∏–∏"" –≤–æ–∑–≤—Ä–∞—â–∞—é—Ç—Å—è, –æ—Ü–µ–Ω–∏—Ç–µ —Ç—Ä–µ–π–ª–µ—Ä - https://t.co/tISAy4ybFX https://t.co/KgPcflxJfU"
WylsacomRed|837550660232982528|2017-03-03 06:30:12|–ù–æ–≤–∞—è –∑–∞–≥–∞–¥–∫–∞ –∏–Ω—Ç–µ—Ä–Ω–µ—Ç–∞: –ø–æ—á–µ–º—É –ø—Ç–∏—Ü—ã –≤–æ–¥—è—Ç —Ö–æ—Ä–æ–≤–æ–¥ –≤–æ–∫—Ä—É–≥ –º—ë—Ä—Ç–≤–æ–≥–æ –∫–æ—Ç–∞? - https://t.co/rtheY3XbiP https://t.co/jy3ZMi9xMZ
WylsacomRed|837369552501616640|2017-03-02 18:30:33|–ü–æ–¥–≥–æ—Ç–æ–≤–∏–ª–∏ –ø–æ–¥–∞—Ä–∫–∏ –¥–µ–≤—É—à–∫–∞–º –∫ 8 –º–∞—Ä—Ç–∞? –ù–µ –∑–Ω–∞–µ—Ç–µ, —á—Ç–æ –≤—ã–±—Ä–∞—Ç—å? –ú—ã –ø—Ä–∏–¥—É–º–∞–ª–∏ –∑–∞ –≤–∞—Å. - https://t.co/iq9lf4Gba2 https://t.co/554r8mU1wJ
WylsacomRed|837354887725858818|2017-03-02 17:32:17|–ú–µ—á—Ç–∞–ª–∏ –æ –±—ã—Å—Ç—Ä–æ–π –∑–∞—Ä—è–¥–∫–µ –≤ –∞–π—Ñ–æ–Ω–µ? –ú–µ—á—Ç—ã —Å–±—ã–≤–∞—é—Ç—Å—è, —á–∏—Ç–∞–π—Ç–µ —ç—Ç—É —Ä–∞–¥–æ—Å—Ç–Ω—É—é –Ω–æ–≤–æ—Å—Ç—å. - https://t.co/cxgt3TqrGv https://t.co/NEuTxFiPHz
WylsacomRed|837335970156544000|2017-03-02 16:17:06|–í–æ—Ç –ø—Ä–∏–º–µ—Ä –Ω–æ—Ä–º–∞–ª—å–Ω–æ–π –ø–µ—Ä–µ–Ω–æ—Å–Ω–æ–π –∫–æ–ª–æ–Ω–∫–∏ –¥–ª—è —Å–º–∞—Ä—Ç—Ñ–æ–Ω–∞. –ò —Å–∫–∏–¥–æ—á–∫–∞ –≤ –∫–æ–Ω—Ü–µ —Å—Ç–∞—Ç—å–∏, –≤—Å–µ –¥–ª—è –≤–∞—Å —Å—Ç–∞—Ä–∞–µ–º—Å—è.‚Ä¶ https://t.co/iiModCuirl
WylsacomRed|837335516144099330|2017-03-02 16:15:18|–£–æ–ª—Ç –ú–æ—Å—Å–±–µ—Ä–≥: ‚Äú–ü–ö –±—É–¥–µ—Ç –ø–µ—Ä–µ–∏–∑–æ–±—Ä–µ—Ç—ë–Ω –∏ —ç—Ç–æ —Å–¥–µ–ª–∞–µ—Ç —Ç–æ–ª—å–∫–æ Apple‚Äù - https://t.co/Sp34JYtyBk https://t.co/rJ0q4kby19
WylsacomRed|837320401961246724|2017-03-02 15:15:15|"–ü–µ—Ä–µ—Å—Ç–∞–Ω—å—Ç–µ –¥—ã—Ä—è–≤–∏—Ç—å –º–æ–π –∫–æ—Ä–∞–±–ª—å! –ë–æ–ª—å—à–æ–π —Ç—Ä–µ–π–ª–µ—Ä ""–ü–∏—Ä–∞—Ç–æ–≤ –ö–∞—Ä–∏–±—Å–∫–æ–≥–æ –º–æ—Ä—è - 5"" - https://t.co/FM6Pvc5UZa https://t.co/UIMXrCUshk"
WylsacomRed|837303243038420993|2017-03-02 14:07:04|–ö–æ–≥–¥–∞ —Ä–µ–∫–ª–∞–º–æ–¥–∞—Ç–µ–ª—å –ø—Ä–∏—Å–ª—É—à–∏–≤–∞–µ—Ç—Å—è –∫ –∑–Ω–∞—é—â–∏–º –ª—é–¥—è–º, –ø–æ—è–≤–ª—è–µ—Ç—Å—è —Ö–æ—Ä–æ—à–∞—è –∏ –∏—Å–∫—Ä–µ–Ω–Ω—è—è —Ä–µ–∫–ª–∞–º–∞. –ö–∞–∫ –≤–æ—Ç —ç—Ç–∞ —É Samsung‚Ä¶ https://t.co/DNX0f4jbC3
WylsacomRed|837291632743567361|2017-03-02 13:20:56|–ù–µ –≥—Ä—É—Å—Ç–∏ –∏ –Ω–µ –¥—É–º–∞–π –æ –ø–ª–æ—Ö–æ–º, –∞ —Ç–æ —Å–ª—É–∂–±–∞ –ø–æ–¥–¥–µ—Ä–∂–∫–∏ –∏–∑ Facebook —Ä–∞–∑–≤–µ—Å–µ–ª–∏—Ç! - https://t.co/eGYGkurLDq https://t.co/BTwSOYsLaF
WylsacomRed|837272550803714048|2017-03-02 12:05:06|–ñ–¥–∞–ª–∏ USB Type-C –≤ –Ω–æ–≤–æ–º iPhone, –∞ –ø–æ–ª—É—á–∏—Ç–µ –∫–∞–∫ –≤—Å–µ–≥–¥–∞... https://t.co/HbOVDvhy82 https://t.co/sVWWrP5xJk
WylsacomRed|837258947732066304|2017-03-02 11:11:03|–î–∞, Samsung Galaxy S8 –µ—â–µ –Ω–µ —É—Å–ø–µ–ª –≤—ã–π—Ç–∏, –Ω–æ –º–µ—Å—Ç–∞–º–∏ –ø–æ–¥–Ω–∞–¥–æ–µ–ª. –ù–æ –≤—Å–µ –∂–µ, –≤–æ—Ç –æ—Ä–∏–≥–∏–Ω–∞–ª—å–Ω—ã–µ —Ñ–æ—Ç–æ–≥—Ä–∞—Ñ–∏—è –≤–æ –≤–µ—Å—å —Ä–æ—Å—Ç‚Ä¶ https://t.co/XW24TtvdHJ
WylsacomRed|837256298559340544|2017-03-02 11:00:31|–ü–æ—Ä–∞ –æ–±–Ω–æ–≤–∏—Ç—å –ª—É—á—à–∏–π –º–∞–ª–µ–Ω—å–∫–∏–π —Å–º–∞—Ä—Ç—Ñ–æ–Ω Apple - https://t.co/Yt15YDvXbU https://t.co/cl5wdwDQsC
WylsacomRed|837248809134587904|2017-03-02 10:30:46|Versus: Nokia 3310 –ø—Ä–æ—Ç–∏–≤ Nokia 3310 - https://t.co/8OytDoNLKV https://t.co/KFo9OqzTVE
WylsacomRed|837233571609862145|2017-03-02 09:30:13|–°–∫—É—á–∞–ª–∏ –ø–æ –Ω–æ–≤–æ—Å—Ç—è–º –æ —Å–≥–æ—Ä–µ–≤—à–∏—Ö Samsung? –í–æ—Ç –≤–∞–º 2 –∏—Å—Ç–æ—Ä–∏–∏ - https://t.co/F1YSBy3fit https://t.co/SyDVgXhb9e
WylsacomRed|837228748692983808|2017-03-02 09:11:03|LG, –Ω—É –∑–∞ —á—Ç–æ —Ç—ã —Ç–∞–∫ —Å –Ω–∞–º–∏, –∞? https://t.co/NXAf4av0AY https://t.co/X7ogp4zpdw
WylsacomRed|837226214897119232|2017-03-02 09:00:59|"–ß—Ç–æ –ø–æ–¥–∞—Ä–∏—Ç—å –Ω–∞—à–∏–º ""–¥—Ä—É–∑—å—è–º –ø–æ –∫–æ–º–Ω–∞—Ç–µ"" –Ω–∞ 8 –º–∞—Ä—Ç–∞? –ï—Å—Ç—å –æ—Ç–≤–µ—Ç! –ù–µ –ø–æ–≤–µ—Ä–∏—Ç–µ, —ç—Ç–æ –Ω–µ iPhone –∏ –¥–∞–∂–µ –Ω–µ –ª—É–¥—à–∏–π –∫—Å–∏–∞–æ–º–∏‚Ä¶ https://t.co/wS4FMDOA8M"
WylsacomRed|836953649880436736|2017-03-01 14:57:54|–í—Ç–æ—Ä–∞—è –ë–∞—Ä—Å–µ–ª–æ–Ω—Å–∫–∞—è —Å—Ç—É–¥–∏—è on air https://t.co/DkkF9GTYKB
WylsacomRed|836946779035811841|2017-03-01 14:30:36|–î–æ 8 –º–∞—Ä—Ç–∞ –æ—Å—Ç–∞–ª–æ—Å—å —Å–æ–≤—Å–µ–º –º–∞–ª–æ –≤—Ä–µ–º–µ–Ω–∏, —Ä–∞—Å—á–µ—Ö–ª—è–µ–º –∫–æ—à–µ–ª—å–∫–∏ –∏ —á–∏—Ç–∞–µ–º –ø–æ–¥–±–æ—Ä–∫—É –ø—Ä–∞–≤–∏–ª—å–Ω—ã—Ö –ø–æ–¥–∞—Ä–∫–æ–≤! -‚Ä¶ https://t.co/IJQXLp5NXP
WylsacomRed|836939196539494400|2017-03-01 14:00:28|–ö–∞–∫–∞—è –º–∞–ª–µ–Ω—å–∫–∞—è, –Ω–æ –∫–∞–∫–∞—è –≥—Ä–æ–º–∫–∞—è! –ò —Å–æ–≤—Å–µ–º –Ω–µ –¥–æ—Ä–æ–≥–∞—è. –û–±–∑–æ—Ä –∫–æ–ª–æ–Ω–∫–∏ Monster SuperStar HotShot -‚Ä¶ https://t.co/sobjJVmRzF
WylsacomRed|836905259960266753|2017-03-01 11:45:37|–£—Ç–µ—á–∫–∞: Samsung Galaxy S8 –≤–æ –≤—Å–µ–π –∫—Ä–∞—Å–µ - https://t.co/gXRn9Aj2VV https://t.co/gb70UWopOq
WylsacomRed|836895164421505025|2017-03-01 11:05:30|–ü–æ—á–µ–º—É LG G6 –≤ –†–æ—Å—Å–∏–∏ –±—É–¥–µ—Ç —Å —É—Ä–µ–∑–∞–Ω–Ω–æ–π –Ω–∞—á–∏–Ω–∫–æ–π? - https://t.co/ZN9vK8pVp8 https://t.co/u0NUFvJ8O3
WylsacomRed|836878875552514048|2017-03-01 10:00:47|–í –º–µ—Ç—Ä–æ –ø–æ—è–≤–∏–ª—Å—è —Ä–æ–±–æ—Ç-–ø–æ–º–æ—â–Ω–∏–∫ –ú–µ—Ç—Ä–æ—à–∞ - https://t.co/UoUp8nAEY5 https://t.co/XT25ok5DSE
WylsacomRed|836851543794200576|2017-03-01 08:12:10|RT @4Rockfire: –ù–∞–¥–æ —É—Å—Ç—Ä–æ–∏—Ç—å –æ—Ç–∫—Ä—ã—Ç–æ–µ –≥–æ–ª–æ—Å–æ–≤–∞–Ω–∏–µ –æ —Ç–æ–º, —á—Ç–æ–±—ã @Omelyanko  —Ä–∞—Å–∫—Ä—ã–ª –≤–µ—Å—å —Å–≤–æ–π —é–º–æ—Ä –∏ —Å–∞—Ä–∫–∞–∑–º –Ω–∞ https://t.co/pzGpJIsAhQ –≤ –∫–∞‚Ä¶
WylsacomRed|836849533426536450|2017-03-01 08:04:11|"–ö–æ–≥–¥–∞ –ø–æ–Ω—è–ª, —á—Ç–æ —Å–µ–≥–æ–¥–Ω—è –≤–µ—Å–Ω–∞!

 https://t.co/NkPnGnTKM9"
WylsacomRed|836848607177363456|2017-03-01 08:00:30|YouTube –∑–∞–ø—É—Å—Ç–∏–ª —Å–≤–æ–π —Ç–µ–ª–µ–≤–∏–∑–∏–æ–Ω–Ω—ã–π —Å–µ—Ä–≤–∏—Å, —Å–∫–æ—Ä–æ —Å–º–æ–∂–µ–º —Å–º–æ—Ç—Ä–µ—Ç—å –ø—Ä–æ–≥—Ä–∞–º–º—ã –ú–∞–ª–∞—Ö–æ–≤–∞ –≤ –ª—é–±–∏–º–æ–π —Å—Ä–µ–¥–µ -‚Ä¶ https://t.co/aWqFY5cvm6
WylsacomRed|836833564935225348|2017-03-01 07:00:44|–ü–æ–ª–æ–º–∫–∞ –Ω–∞ —Å–µ—Ä–≤–µ—Ä–µ Amazon –≤—ã—Ä—É–±–∏–ª–∞ –ø–æ–ª–æ–≤–∏–Ω—É —Å–µ—Ä–≤–∏—Å–æ–≤ Apple –∏ –¥—Ä—É–≥–∏—Ö –∫—Ä—É–ø–Ω—ã—Ö –∫–æ–º–ø–∞–Ω–∏–π - https://t.co/WA6sG3fipF https://t.co/RltCPuEPlj
WylsacomRed|836614578549239808|2017-02-28 16:30:33|–ï—â—ë –æ–¥–∏–Ω –±—é–¥–∂–µ—Ç–Ω—ã–π Xiaomi, –∫–æ—Ç–æ—Ä—ã–π –º–æ–∂–Ω–æ –∫—É–ø–∏—Ç—å –Ω–∞ —Å–¥–∞—á—É - https://t.co/pCwVi4wA1v https://t.co/5hunlN8Izq
WylsacomRed|836606961533747201|2017-02-28 16:00:17|–û–Ω –∂–∏–≤–æ–π –∏ —Å–≤–µ—Ç–∏—Ç—Å—è: —è—Ä–∫–∏–π —Ç–µ–ª–µ—Ñ–æ–Ω —Å–æ —Å–≤–µ—Ç–æ–º—É–∑—ã–∫–æ–π - https://t.co/qvWUfQV8Qm https://t.co/OnHWOmYWi3
WylsacomRed|836584447185141760|2017-02-28 14:30:49|–ß—Ç–æ —ç—Ç–æ —Ç–∞–∫–æ–µ? –°–∞–º–æ–∫–∞—Ç, —Ç–µ–ª–µ–∂–∫–∞ –∏–ª–∏ –ù–õ–û?! - https://t.co/s9csof0LUX https://t.co/ReujtdcdW6
WylsacomRed|836576848712716288|2017-02-28 14:00:38|"Apple –ø–µ—Ä–µ–π–¥–µ—Ç –Ω–∞ USB Type-C –≤ –Ω–æ–≤–æ–º iPhone, –Ω–æ ""–ø—Ä–æ–≤–æ–¥–æ—á–µ–∫"" –≤—ã –≤—Å–µ —Ä–∞–≤–Ω–æ –¥–æ–ª–∂–Ω—ã –∫—É–ø–∏—Ç—å –æ—Ä–∏–≥–∏–Ω–∞–ª—å–Ω—ã–π... -‚Ä¶ https://t.co/71wqza5IAR"
WylsacomRed|836569299317837824|2017-02-28 13:30:38|Meizu –Ω–∞—É—á–∏–ª–∞c—å –∑–∞—Ä—è–∂–∞—Ç—å —Ç–µ–ª–µ—Ñ–æ–Ω—ã –∑–∞ 20 –º–∏–Ω—É—Ç - https://t.co/dRJoQd0Zej https://t.co/ZB3LVXN6gd
WylsacomRed|836554173957177345|2017-02-28 12:30:32|Xiaomi Mi 5c: –ø–µ—Ä–≤—ã–π —Å–º–∞—Ä—Ç—Ñ–æ–Ω Xiaomi —Å –ø—Ä–æ—Ü–µ—Å—Å–æ—Ä–æ–º Xiaomi - https://t.co/WL2rW75u3Y https://t.co/2Jmglv6KJU
WylsacomRed|836542273617805312|2017-02-28 11:43:14|Samsung —Å–Ω—è–ª–∏ –ª—É—á—à—É—é —Ä–µ–∫–ª–∞–º—É –∑–∞ –≤—Å–µ –≤—Ä–µ–º—è –∏ –ø–æ–º–æ–≥ –µ–π –≤ —ç—Ç–æ–º YouTube-–±–ª–æ–≥–µ—Ä - https://t.co/d2LPhcOXG3 https://t.co/S7iWpGHctN
WylsacomRed|836509019963543552|2017-02-28 09:31:06|–í–æ—Ç —ç—Ç–æ –∑—É–º! 5-–∫—Ä–∞—Ç–Ω—ã–π –æ–ø—Ç–∏—á–µ—Å–∫–∏–π –∑—É–º –≤ —Ç–µ–ª–µ—Ñ–æ–Ω–µ, –∏ —ç—Ç–æ –Ω–µ –∞–π—Ñ–æ–Ω. - https://t.co/YORRBgn77h https://t.co/6fNHvrZ4Nw
WylsacomRed|836497598999572480|2017-02-28 08:45:43|–ù–∞–∫–∞—Ç—ã–≤–∞–µ–º –æ–±–Ω–æ–≤–ª–µ–Ω–∏–µ, –≤—ã—à–ª–∞ —Å–≤–µ–∂–∞—è –±–µ—Ç–∞ 10.3 4- https://t.co/8CsZWlOwoz https://t.co/fRaEwehEat
WylsacomRed|836203067636871169|2017-02-27 13:15:21|–ü–æ–±–µ–¥–∏—Ç–µ–ª–∏ –∫–∏–Ω–æ–ø—Ä–µ–º–∏–∏ ¬´–û—Å–∫–∞—Ä 2017¬ª - https://t.co/LSDeMyQ3Ne https://t.co/eNwyCQ8CUX
WylsacomRed|836189212693102592|2017-02-27 12:20:18|Samsung Galaxy S8 –∏ S8+ –ø–æ–∫–∞–∑–∞–ª–∏ –¥–æ –∞–Ω–æ–Ω—Å–∞. –ü–æ—Å–º–æ—Ç—Ä–∏—Ç–µ, –ø–æ–∫–∞ –Ω–µ —É–¥–∞–ª–∏–ª–∏! - https://t.co/d4gdQ9Og2X https://t.co/VO4ZfTuacY
WylsacomRed|836176625507135490|2017-02-27 11:30:17|–•–µ–π—Ç–µ—Ä Galaxy Note 7 –∏—Å–ø–æ—Ä—Ç–∏–ª –ø—Ä–µ–∑–µ–Ω—Ç–∞—Ü–∏—é Samsung - https://t.co/WmBE0g8in6 https://t.co/xUnBgAhuTe
WylsacomRed|836154012672098304|2017-02-27 10:00:26|Sony –ø—Ä–µ–∑–µ–Ω—Ç–æ–≤–∞–ª–∞ –Ω–æ–≤—ã–π —Ñ–ª–∞–≥–º–∞–Ω —Å 4–ö-—ç–∫—Ä–∞–Ω–æ–º –∏ —á—É–º–æ–≤–æ–π –∫–∞–º–µ—Ä–æ–π- https://t.co/ZYY7G0OzNF https://t.co/odxQlobh5T
WylsacomRed|836093777001525248|2017-02-27 06:01:04|–ü–æ—á–µ–º—É —Ä–∞–∑–æ—á–∞—Ä–æ–≤–∞–ª–∞ –æ–±–Ω–æ–≤–ª—ë–Ω–Ω–∞—è Nokia 3310? - https://t.co/PQ3u222xPD https://t.co/WgROYjS0Wo
WylsacomRed|836093566459990016|2017-02-27 06:00:14|–ü–æ—á–µ–º—É Huawei –æ–±–ª–∞–∂–∞–ª—Å—è —Å –ø—Ä–µ–∑–µ–Ω—Ç–∞—Ü–∏–π –Ω–∞ MWC? –•—É–∂–µ –∞–Ω–æ–Ω—Å–∞ —è –Ω–µ –≤–∏–¥–µ–ª - https://t.co/1MF9EqisIk https://t.co/LLL84GTUm9
WylsacomRed|835923735899160576|2017-02-26 18:45:24|–§–∏–Ω—Å–∫–∏–µ –ø–∞—Ä–Ω–∏ –ø—Ä–∏ –∫–∏—Ç–∞–π—Å–∫–æ–π –ø–æ–¥–¥–µ—Ä–∂–∫–µ –∑–∞–ø—É—Å–∫–∞—é—Ç –Ω–æ–≤—ã–µ —Å–º–∞—Ä—Ç—Ñ–æ–Ω—ã –Ω–∞ Android: –ø—Ä–µ–∑–µ–Ω—Ç–æ–≤–∞–ª–∏ Nokia 3, 5 –∏ 6 Arte Black-‚Ä¶ https://t.co/dzboAERu1X
WylsacomRed|835904936110080000|2017-02-26 17:30:41|–í–µ—Ä–Ω—É–ª–∏ –º–æ–π 2000, –≤—ã—à–ª–∞ –Ω–æ–≤–∞—è Nokia 3310! - https://t.co/q6oNeVmdUl https://t.co/ec543EeHzK
WylsacomRed|835528803799744513|2017-02-25 16:36:04|–ü–æ–º–µ–Ω—è–ª —ç–∫—Ä–∞–Ω iPhone —É –Ω–µ–æ—Ñ–∏—Ü–∏–∞–ª–æ–≤ - —Å–æ—Ö—Ä–∞–Ω–∏–ª –≥–∞—Ä–∞–Ω—Ç–∏—é. –ù–æ–≤—ã–µ –ø—Ä–∞–≤–∏–ª–∞ Apple - https://t.co/FTsUmAJrpd https://t.co/D0aI8HAzTa
WylsacomRed|835444517629214720|2017-02-25 11:01:09|–ß–µ–º —Ö–æ—Ä–æ—à —á–µ—Ö–æ–ª-–±–∞—Ç–∞—Ä–µ–π–∫–∞ Mophie Juice Pack Air —Å –±–µ—Å–ø—Ä–æ–≤–æ–¥–Ω–æ–π –∑–∞—Ä—è–¥–∫–æ–π –¥–ª—è iPhone 7? - https://t.co/JqdWglYbqt https://t.co/YRvBFCkdUO
WylsacomRed|835433146858496003|2017-02-25 10:15:58|Google —É–±–∏–ª–∞ –æ—á–µ—Ä–µ–¥–Ω–æ–π —Å–µ—Ä–≤–∏—Å, –Ω–∞ —ç—Ç–æ—Ç —Ä–∞–∑ –∂–µ—Ä—Ç–≤–æ–π –ø–∞–ª Spaces - https://t.co/cDNUIUHnPa https://t.co/n1dmGisNRk
WylsacomRed|835414174574522370|2017-02-25 09:00:35|–ú–∞—Å—Ç—Ö—ç–≤ –±–ª–æ–≥–µ—Ä–∞: 360¬∞ Honor VR –∫–∞–º–µ—Ä–∞ - https://t.co/uC3UksLhVm https://t.co/c5w3Nd43FC
WylsacomRed|835399126791696386|2017-02-25 08:00:47|Apple –ø—Ä–æ–¥–ª–µ–≤–∞–µ—Ç –≥–∞—Ä–∞–Ω—Ç–∏—é –Ω–∞ –æ–±–ª–µ–∑–∞—é—â–∏–µ MacBook - https://t.co/mJyamokvtB https://t.co/ZXodQuDqYr
WylsacomRed|835391637773828096|2017-02-25 07:31:01|Nintendo –ø–æ–¥–∞–ª–∞ –≤ —Å—É–¥ –Ω–∞ –ú–∞—Ä–∏–æ-–≥–æ–Ω—â–∏–∫–æ–≤ - https://t.co/WqCiura7CC https://t.co/tns76pwWsR
