karina_08_|865996523053645824|2017-05-20 18:23:55|26-–≥–æ –º–∞—è –ø—Ä–æ–π–¥—ë—Ç –§–ê–ù–í–°–¢–†–ï–ß–ê –≤ –ú–û–°–ö–í–ï!! –í—Å—Ç—Ä–µ—á–∞–µ–º—Å—è 26 –º–∞—è –≤ 17:00 –≤ –ø—è—Ç–Ω–∏—Ü—É –≤ –¢–¶ –ú–µ—Ç—Ä–æ–ø–æ–ª–∏—Å –≤ –º–∞–≥–∞–∑–∏–Ω–µ NIYO&amp;CO.! üíï‚Ä¶ https://t.co/krZtNshGd8
karina_08_|865968185161416706|2017-05-20 16:31:18|–•–æ—á—É —Å—Ç–µ—Ä–µ—Ç—å –µ–≥–æ –∏–∑ –ø–∞–º—è—Ç–∏ –∏ –ø–æ—Å–º–æ—Ç—Ä–µ—Ç—å –µ—â—ë —Ä–∞–∑
karina_08_|865968131688333313|2017-05-20 16:31:06|–≠—Ö –∫–∞–∫ –∂–µ —è –ª—é–±–ª—é —Å–µ—Ä–∏–∞–ª –¥—Ä—É–∑—å—è
karina_08_|865968007339810816|2017-05-20 16:30:36|RT @leprasorium: –£—Ä–æ–≤–µ–Ω—å —Å–æ—Å—Ç—Ä–∞–¥–∞–Ω–∏—è –∫ –ª—é–¥—è–º: –†–µ–π—á–µ–ª –ì—Ä–∏–Ω https://t.co/jdScDVzE9C
karina_08_|865967225261502464|2017-05-20 16:27:30|RT @JuliaPushman: @karina_08_ https://t.co/9fpiLUiX7O
karina_08_|865967151408185344|2017-05-20 16:27:12|@sheidlina –ü–ª–∞–Ω–∏—Ä—É–µ—à—å –ø–µ—Ä–µ–µ–∑–∂–∞—Ç—å –∏–∑ –†–æ—Å—Å–∏–∏?
karina_08_|864339265877979137|2017-05-16 04:38:34|RT @Anastsia_Acorn: @karina_08_ , –∫–æ–≥–¥–∞ @markaryanOsk –∑–∞ —Ç–µ–±—è —Å–Ω–∏–º–∞–µ—Ç –≤–ª–æ–≥((( https://t.co/nEfoKe8rTF
karina_08_|864339224408891395|2017-05-16 04:38:24|RT @a_paholenko: ü§óüíïüíï@karina_08_ https://t.co/LFHzYhRzOa
karina_08_|864339072176848896|2017-05-16 04:37:48|"RT @Svetlana09_08: @karina_08_  –ø—Ä—è–º –ø–æ–¥–Ω—è–ª–∞ –Ω–∞—Å—Ç—Ä–æ–µ–Ω–∏–µ üòÇüëåüèª
–ö–æ–Ω–µ—á–Ω–æ —Ö–æ—Ç–∏–º –µ—â—ë —Ç–∞–∫–∏–µ –≤–∏–¥–µ–æ) https://t.co/s2AkEutQ9F"
karina_08_|864338970020270080|2017-05-16 04:37:23|RT @Rita_KReeD: @karina_08_  –Ω–∞–ø–æ–º–Ω–∏–ª–∞ –º–Ω–µ —Ç—É—Ç –º–∞–ª–µ–Ω—å–∫–æ–≥–æ –º–∏–ª–µ–π—à–µ–≥–æ —Ç—é–ª–µ–Ω—å—á–∏–∫–∞ üòçüòçüòç —É–º–∏–ª—è—é—Å—åüòÖ https://t.co/bid1dTtpo6
karina_08_|864338882950594562|2017-05-16 04:37:02|"RT @NatashaPtx: –ö–∞–∫–∏–µ –∂–µ –≤—ã –∫–ª–∞—Å—Å–Ω—ã–µ üòçüåü @karina_08_  @markaryanOsk  
–í–∏–¥–µ–æ —Å –ø—É—Ç–µ—à–µ—Å—Ç–≤–∏–π –±–µ–∑—É–º–Ω–æ –≤–¥–æ—Ö–Ω–æ–≤–ª—è—é—â–∏–µ ‚ô•Ô∏è‚ô•Ô∏è
#—Å–ø–∞—Å–∏–±–æ https://t.co/J‚Ä¶"
karina_08_|864338856102903809|2017-05-16 04:36:56|"RT @YarnyxElena: Friends Well Be Friends‚ù§Ô∏è @karina_08_  @JuliaPushman 
#—é–ª–∏—è–ø—É—à–º–∞–Ω #–∫–∞—Ä–∏–Ω–∞–∫–∞—Å–ø–∞—Ä—è–Ω—Ü #–ø—É—à–º–∞–Ω #–∫–∞—Å–ø–∞—Ä—è–Ω—Ü #juliapushman #karin‚Ä¶"
karina_08_|864338705393352704|2017-05-16 04:36:20|"RT @NatashaPtx: –ö–∞—Ä–∏–Ω–æ—á–∫–∞ @karina_08_ , —Å–ø–∞—Å–∏–±–æ –∑–∞ —Ç–∞–∫–æ–µ –ø–æ–∑–∏—Ç–∏–≤–Ω–æ–µ –≤–∏–¥–µ–æ üòçüîùüå∏ 
*–Ω–∞ –º–æ–∏—Ö –≥—É–±–∞—Ö –ê—Ä–∞—Ä–∞—Ç * —Ç–æ–ø üòÇüîù https://t.co/wkRHaTMf4O"
karina_08_|863523716763979776|2017-05-13 22:37:52|–£–∂–µ –≤—Ç–æ—Ä–æ–π –≥–æ–¥ –ø–æ–¥—Ä—è–¥ –≤—Ç–æ—Ä–æ–µ –º–µ—Å—Ç–æ –∑–∞–Ω–∏–º–∞—é—Ç —Ç–µ, –∑–∞ –∫–æ–≥–æ —è –±–æ–ª–µ–ª–∞. –≠—Ö...
karina_08_|863523607254839296|2017-05-13 22:37:26|RT @JuliaPushman: –ë–µ—Å–∏—Ç!!!! –ë–æ–ª–≥–∞—Ä–∏—è –ø–æ–±–µ–¥–∏–ª–∞ –¥–ª—è –º–µ–Ω—è! #Eurovision
karina_08_|862823507369000961|2017-05-12 00:15:29|–í—Å–µ —Ö–æ—Ä–æ—à–µ–µ –∫–æ–≥–¥–∞-—Ç–æ –∑–∞–∫–∞–Ω—á–∏–≤–∞–µ—Ç—Å—è. –¶–µ–Ω–∏—Ç–µ –º–æ–º–µ–Ω—Ç.
karina_08_|862816754464157700|2017-05-11 23:48:39|–ü–æ–≥–æ–¥–∞ –ø–ª–æ—Ö–∞—è, –∞ —ç—Ç–æ –∑–Ω–∞—á–∏—Ç, —á—Ç–æ –Ω–∏—á–µ–≥–æ –Ω–µ —Ö–æ—á–µ—Ç—Å—è –¥–µ–ª–∞—Ç—åüòì
karina_08_|862816258261229568|2017-05-11 23:46:40|"RT @markaryanOsk: –ù–æ–≤—ã–π –≤–∏–¥–æ—Å –Ω–∞ –∫–∞–Ω–∞–ª–µ üî•üöÄ

https://t.co/jByPAahng4
https://t.co/jByPAahng4
https://t.co/jByPAahng4"
karina_08_|862362927650799622|2017-05-10 17:45:18|–í–∏–¥–µ–æ (–≤–ª–æ–≥ —Å –∞ –∫–∞–Ω–∞–ª–µ –û—Å–∫–∞) –ø–µ—Ä–µ–Ω–æ—Å–∏—Ç—Å—è –Ω–∞ –∑–∞–≤—Ç—Ä–∞ —Ç–∞–∫ –∫–∞–∫ –Ω–∞–¥–æ —Ä–µ—à–∏—Ç—å –ø—Ä–æ–±–ª–µ–º—É —Å –º—É–∑—ã–∫–æ–π ( —á–µ—Ç–∞ –ø–∏—à–µ—Ç —á—Ç–æ –∞–≤—Ç–æ—Ä—Å–∫–∏–µ –ø—Ä–∞–≤–∞ –Ω–∞—Ä—É—à–∞–µ–º :(
karina_08_|862228463129948160|2017-05-10 08:50:59|RT @annaareshchenko: –ü–æ—Å–ª–µ –≤–∏–¥–µ–æ @karina_08_  –Ω–∞–≤–µ—Ä–Ω–æ, –∏–∑ –º–æ–µ–≥–æ –ø—Ä–æ—Ñ–∏–ª—è —É–∂–µ —Ö–æ—Ç—å —á—Ç–æ-—Ç–æ –≤—ã—Ö–æ–¥–∏—Çü§∑üèº‚Äç‚ôÄÔ∏è https://t.co/Gk2NVSUfKk
karina_08_|861918195262910464|2017-05-09 12:18:06|RT @sonyam_13: @karina_08_  –¥–æ/–ø–æ—Å–ª–µ. –ù–∞–¥–µ—é—Å—å —Ç–µ–±–µ –ø–æ–Ω—Ä–∞–≤–∏—Ç—Å—è https://t.co/EYzze6TGH3
karina_08_|861740267262685188|2017-05-09 00:31:04|–í—Å–µ —Ñ–æ—Ç–æ –∏–∑ –º–æ–µ–≥–æ –∏–Ω—Å—Ç–∞–≥—Ä–∞–º–∞ üíï –ø–æ–¥–ø–∏—Å—ã–≤–∞–π—Ç–µ—Å—å https://t.co/3oHAl3lBRh üíï
karina_08_|861739983006289920|2017-05-09 00:29:56|üíï https://t.co/EUHspD97qs
karina_08_|861739740407767042|2017-05-09 00:28:59|üíé https://t.co/KO4tOnU4hH
karina_08_|861739639480123393|2017-05-09 00:28:35|‚òÄÔ∏è https://t.co/KC0TDYUgr6
karina_08_|861734690805436416|2017-05-09 00:08:55|RT @SofiyaKonovalen: –°–ø–∞—Å–∏–±–æ @karina_08_ –∑–∞ –ø–æ–¥–µ–ª—ë–Ω–Ω—ã–π —Å –Ω–∞–º–∏ –æ–ø—ã—Ç‚ò∫Ô∏èüíú https://t.co/EzNyCtB29e
karina_08_|861713259027730436|2017-05-08 22:43:45|–≠—Ç–æ —è —Ç–∞–∫ —Ä–∞—Å–ø–ª–∞–Ω–∏—Ä–æ–≤–∞–ª–∞ —Ç–æ, —á—Ç–æ —É–∂–µ –æ—Ç—Å–Ω—è—Ç–æ. –ó–∞ —ç—Ç–∏ –¥–Ω–∏ –ø–ª–∞–Ω–∏—Ä—É—é –µ—â—ë —Å–Ω—è—Ç—å –º–Ω–æ–≥–æ–µ, —Ç–∞–∫ —á—Ç–æ —Ä–∞—Å–ø–∏—Å–∞–Ω–∏–µ –Ω–µ—Ç–æ—á–Ω–æ–µ –∏ –º–æ–∂–µ—Ç —á—Ç–æ-—Ç–æ –º–µ–Ω—è—Ç—å—Å—è.
karina_08_|861713055855636480|2017-05-08 22:42:57|–í–æ–æ–æ–æ—Ç, –∑–∞—Ç–µ–º –≤–∞—Å –∂–¥—ë—Ç —á–∏—Å–ª–∞ 15–æ–≥–æ –≤–æ–ø—Ä–æ—Å-–æ—Ç–≤–µ—Ç —Å –û—Å–∫–æ–º –Ω–∞ —Ç–µ–º—É –ø–æ–ª—É–≥–æ–¥–æ–≤–∞–ª–æ–π —Ä–∞–∑–ª—É–∫–∏ –∏ –ø–æ—Å–ª–µ –Ω–µ–≥–æ –≤–ª–æ–≥ –∏–∑ –°–æ—á–∏.
karina_08_|861712405998522368|2017-05-08 22:40:22|–ü—Ä–æ—à–ª–æ–µ –ø–æ–¥–æ–±–Ω–æ–µ –≤–∏–¥–µ–æ –Ω–∞–±—Ä–∞–ª–æ –ø–æ–ª –º–∏–ª–ª–∏–æ–Ω–∞ –ø—Ä–æ—Å–º–æ—Ç—Ä–æ–≤, –¥—É–º–∞—é –≤–∞–º –∏ —ç—Ç–æ –ø–æ–Ω—Ä–∞–≤–∏—Ç—Å—è üòåüåü
karina_08_|861712297726803977|2017-05-08 22:39:56|–ê 11 –∏–ª–∏ 12 (–∑–∞–≤–∏—Å–∏—Ç –æ—Ç –≤–∞—à–µ–π –∞–∫—Ç–∏–≤–Ω–æ—Å—Ç–∏) –Ω–∞ –º–æ–µ–º –∫–∞–Ω–∞–ª–µ –±—É–¥–µ—Ç –∫—Ä—É—Ç–æ–µ –≤–∏–¥–µ–æ —Å–≤—è–∑–∞–Ω–Ω–æ–µ —Å –º–∞–∫–∏—è–∂–µ–ºüòç‚ù§Ô∏è
karina_08_|861712039303106563|2017-05-08 22:38:54|–î–µ–ª–∞ —Ç–∞–∫–∏–µ - —Å–µ–≥–æ–¥–Ω—è –Ω–∞ –º–æ–µ–º –∫–∞–Ω–∞–ª–µ –≤—ã—à–µ–ª –≤–ª–æ–≥ 5 —Å –ï–≤—Ä–æ–ø—ã https://t.co/zknNpSc9yd , 10 —á–∏—Å–ª–∞ –≤—ã–π–¥–µ—Ç 6–æ–π –≤–ª–æ–≥ –Ω–∞ –∫–∞–Ω‚Ä¶ https://t.co/9hRZQswKhk
karina_08_|861711486904922112|2017-05-08 22:36:42|–°–¥–µ–ª–∞–ª–∞ –¥–≤–∞ –≤–∏–¥–µ–æ —Å–µ–≥–æ–¥–Ω—è, –ø—Ä—è–º  –æ—Ç —Å–∞–º–æ–≥–æ –Ω–∞—á–∞–ª–∞ –¥–æ —Å–∞–º–æ–≥–æ –∫–æ–Ω—Ü–∞. –ù–∞—á–∏–Ω–∞—é —Ç—Ä–µ—Ç—å–µ. –®–µ—Å—Ç–æ–π –≤–ª–æ–≥ —Å –ï–≤—Ä–æ–ø—ã –º–µ–Ω—è –ø—Ä–æ—Å—Ç —É–º–∏–ª—è–µ—Ç, –∫–∞–∫–æ–π –æ–Ω –∫—Ä—É—Ç–æ–π
karina_08_|860845277338640384|2017-05-06 13:14:42|RT @markaryanOsk: –ö–∞–∫ –º—ã —Å –¥–µ–≤—É—à–∫–æ–π –≤–º–µ—Å—Ç–µ –ø—Ä–æ–≤–æ–¥–∏–º –≤—Ä–µ–º—è?: https://t.co/AxrcrAnhJ9 –Ω–∞ @YouTube
karina_08_|860768961599819778|2017-05-06 08:11:27|RT @Parviz673: @karina_08_ üåπ https://t.co/SgIy3LHrJL
karina_08_|860768944818446336|2017-05-06 08:11:23|RT @_11diana_: –û—á–µ–Ω—å –º–∏–ª–æ–µ –≤–∏–¥–µ–æ‚ù§–ö–∞—Ä–∏–Ω–∞ —Ç–∞–∫–∞—è –∑–∞–π–∫–∞‚ù§üòç @karina_08_ https://t.co/46gCVVKgdV
karina_08_|860768874450628608|2017-05-06 08:11:06|RT @minttearsendi: —É–∂–µ –Ω–∞ –ø—Ä–æ—Ç—è–∂–µ–Ω–∏–∏ 2,5-3 –ª–µ—Ç –Ω–∞ –æ–±–æ—è—Ö —Ç–µ–ª–µ—Ñ–æ–Ω–∞ —É –º–µ–Ω—è —Å—Ç–æ–∏—Ç @karina_08_ üòØüò±üòª
karina_08_|860552910928834560|2017-05-05 17:52:56|üíïüíïüíïüíïüíïüíï https://t.co/jMOlwCJV9g
karina_08_|860552533542154241|2017-05-05 17:51:26|"–§–æ—Ä—Å–∞–∂ - —ç—Ç–æ –õ—é–±–æ–≤—å ‚ù§Ô∏è 
–§–æ—Ä—Å–∞–∂ 8 –Ω–µ —Ä–∞–∑–æ—á–∞—Ä–æ–≤–∞–ª, –æ—á–µ—Ä–µ–¥–Ω–æ–π —à–∏–∫–∞—Ä–Ω—ã–π —Ñ–∏–ª—å–º. –û–±–æ–∂–∞—é‚ù§Ô∏è‚ù§Ô∏è"
karina_08_|860442350212050944|2017-05-05 10:33:37|RT @hell_2devil: –¥—Ä—É–∂–±–∞ - —ç—Ç–æ –∫–æ–≥–¥–∞, @JuliaPushman –∏ @karina_08_ –≤—ã–∫–ª–∞–¥—ã–≤–∞—é—Ç –≤–∏–¥–µ–æ –æ–¥–Ω–æ–≤—Ä–µ–º–µ–Ω–Ω–æüñ§ https://t.co/8kBQVFcHk8
karina_08_|860157087132864512|2017-05-04 15:40:05|üíïüíïüíï https://t.co/XBt6M46x0d
karina_08_|860036002068525056|2017-05-04 07:38:56|"RT @KasparyDream: –ë—ã–ª–∞ —Ç–∞–∫–æ–π –º–∞–ª–µ–Ω—å–∫–æ–π –ø—Ä–∏–Ω—Ü–µ—Å—Å–æ–π, –æ—á–µ–Ω—å –º–∏–ª–∞—è @karina_08_ üíóüíóüíó
–°–µ–π—á–∞—Å –ö–∞—Ä–∏ —É–∂–µ –≤—ã—Ä–æ—Å–ª–∞ –∏ —Å—Ç–∞–ª–∞ —Å–∞–º–æ–π –∫—Ä–∞—Å–∏–≤–æ–π –∫–æ—Ä–æ–ª–µ–≤–æ–π –≤ –º‚Ä¶"
karina_08_|859883810665705482|2017-05-03 21:34:10|–ú–µ–º–Ω—ã–π –≤–µ—á–µ—Ä–æ—á–µ–∫–∫ https://t.co/QMbXYuAYba
karina_08_|859838538510213141|2017-05-03 18:34:17|RT @KseniyaDallas: @karina_08_ –≠–¢–û –°–ê–ú–û–ï –ú–ò–õ–û–ï –í–ò–î–ï–û –ö–û–¢–û–†–û–ï –Ø –í–ò–î–ï–õ–êüòçüòçüòç https://t.co/Gf7BAy4f7i
karina_08_|859133050101387264|2017-05-01 19:50:55|"RT @markaryanOsk: –ü—Ä–∏–≤–µ—Ç –º–∞–π!
–ë—É–¥—å —Ö–æ—Ä–æ—à–∏–º –ø–ª–∑"
karina_08_|858063178349019136|2017-04-28 20:59:38|"RT @Angelina200002: –∫–∞–∫–∏–µ –∂–µ —á—É–≤—Å—Ç–≤–∏—Ç–µ–ª—å–Ω—ã–µ,–Ω–µ–∂–Ω—ã–µ,–Ω–µ–≤–µ—Ä–æ—è—Ç–Ω–æ–π –∫—Ä–∞—Å–æ—Ç—ã –∞—Ä–º—è–Ω—Å–∫–∏–µ –ø–µ—Å–Ω–∏ üíéüíïüîù
—Å–ø–∞—Å–∏–±–æ,@karina_08_,–∑–∞ —Ç–æ,—á—Ç–æ –∑–Ω–∞–∫–æ–º–∏—à—å –ø–æ–±–ª–∏–∂–µ‚Ä¶"
karina_08_|858063092353302528|2017-04-28 20:59:17|"RT @kristina030702: –õ–∏—Ü–æ, –∫–æ–≥–¥–∞ –µ–¥—è—Ç –º–æ—é –≤–∫—É—Å–Ω—è—à–∫—É
@karina_08_ @markaryanOsk 
–û—á–µ–Ω—å –º–∏–ª–æ–µ –≤–∏–¥–µ–æ, —É–∂–µ –∂–¥—É —Ç—Ä–µ—Ç—å—é —á–∞—Å—Ç—å –≤–ª–æ–≥–∞, –ª—é–±–ª—é –≤–∞—Å üòò ht‚Ä¶"
karina_08_|858063054025699330|2017-04-28 20:59:08|"RT @lusina_z: –ö–æ–≥–¥–∞ —Å–∫–∞–∑–∞–ª–∏,—á—Ç–æ —á–µ—Ä–µ–∑ –º–µ—Å—è—Ü —ç–∫–∑–∞–º–µ–Ω—ãüòÇüò±
–û—á–µ–Ω—å —Å–º–µ—à–Ω–æ–µ –∏ –º–∏–ª–æ–µ –≤–∏–¥–µ–æüíû@karina_08_ https://t.co/npbRKQAh6J"
karina_08_|858062972320698369|2017-04-28 20:58:49|"RT @Sviridenkova15: –°–∫–∞–∂–∏, –∞ –∏–Ω–∞—á–µ –ø–æ–∂–∞–ª–µ–µ—à—å üòπüòπ
@karina_08_ –≤–∏–¥–µ–æ –ø–æ–ª—É—á–∏–ª–æ—Å—å –æ—á–µ–Ω—å –º–∏–ª—ã–º üíì–¢—ã –ø—Ä–æ—Å—Ç–æ –ø—Ä–µ–ª–µ—Å—Ç—å üíû https://t.co/rR4BiL0O8p"
karina_08_|857970351481004033|2017-04-28 14:50:46|–†–µ–±—è—Ç–∞, –µ—Å–ª–∏ —á—Ç–æ –≤–∏–¥–µ–æ –Ω–µ –ø—Ä–æ—Å—Ç–æ –ø–æ–¥–±–æ—Ä–∫–∞ –º–∞—Ç–µ—Ä–∏–∞–ª–æ–≤, –∞ –º–Ω–æ–≥–æ —á–µ–≥–æ! –ú—ã —Å –º–∞–º–æ–π —Å–Ω—è–ª–∏ –¥–ª—è –≤–∞—Å —á–µ–ª–ª–µ–Ω–¥–∂ !)
karina_08_|856418214082998272|2017-04-24 08:03:08|@GustaveHotel üíéüåü #Paris https://t.co/Qh9nI5RL5c
karina_08_|854958669917761537|2017-04-20 07:23:25|RT @markaryanOsk: —Ä–µ—à–∏–ª–∏ –ø–æ—Ö—É–¥–µ—Ç—å —Å @karina_08_ , –ø–æ—ç—Ç–æ–º—É –Ω–µ —Å—Ç–∞–ª–∏ –∑–∞–∫–∞–∑—ã–≤–∞—Ç—å –ø–∏—Ü—Ü—É, –∞ —Å–∞–º–∏ —Å—Ö–æ–¥–∏–ª–∏ –∑–∞ –Ω–µ–π‚Ä¶
karina_08_|854694036468379649|2017-04-19 13:51:52|@komkozavra üôÖüèΩ‚Äç‚ôÇÔ∏è
karina_08_|854693727226306560|2017-04-19 13:50:38|@komkozavra üç≥
karina_08_|854681643214401536|2017-04-19 13:02:37|–í—Å–µ —Ä–∞–≤–Ω–æ –ø–æ–ª–æ–∂–∏—Ç–µ–ª—å–Ω—ã—Ö –∫–æ–º–º–µ–Ω—Ç–æ–≤ –±–æ–ª—å—à–µ, —Å–ø–∞—Å–∏–±–æ –≤–∞–º üíéüíï
karina_08_|854681561807167489|2017-04-19 13:02:18|–ü–ª—é—Å –∑–∞—á–µ–º –º–Ω–µ –¥–µ–ª–∞—Ç—å –æ–¥–Ω–æ –≤–∏–¥–µ–æ –Ω–∞ 40–º–∏–Ω—É—Ç , –µ—Å–ª–∏ –º–æ–≥—É —Ä–∞–∑–¥–µ–ª–∏—Ç—å –∏ –¥–æ–∑–∏—Ä–æ–≤–∞—Ç—å –≤—Å–µ —ç—Ç–æ –¥–µ–ª–æ. –≠—Ö..) –ª—é–¥–∏ –∑–ª—ã–µ. –Ø —É—Å—Ç–∞–ª–∞...
karina_08_|854681527195709446|2017-04-19 13:02:09|–≤–µ–¥—å –µ—Å—Ç—å —Ç–∞–∫–∏–µ –∂–µ –∫–∞–∫ —è, –∫–æ–º—É —ç—Ç–æ –∏–Ω—Ç–µ—Ä–µ—Å–Ω–æ. –Ø –º–æ–≥—É –∏ 10 –ø–æ—Å–º–æ—Ç—Ä–µ—Ç—å —Ç–∞–∫–∏—Ö, —á—Ç–æ –∏ –¥–µ–ª–∞–ª–∞ –∫–æ–≥–¥–∞ —É—á–∏–ª–∞—Å—å!
karina_08_|854681482765512705|2017-04-19 13:01:59|–ê –∫—Ç–æ-—Ç–æ –ø–∏—Å–∞–ª –≤ –∫–æ–º–µ–Ω—Ç–∞—Ö –ø–æ–¥ –≤–∏–¥–µ–æ, —á—Ç–æ —É –º–µ–Ω—è –Ω–µ—Ç –º–æ–∑–≥–∞, –ø–æ—Ç–æ–º—É —á—Ç–æ —è —Å–Ω–∏–º–∞—é —É–∂–µ —Ç—Ä–µ—Ç—å–µ –≤–∏–¥–µ–æ –Ω–∞ —Ç–µ–º—É —Ñ–æ—Ç–æ..
karina_08_|854681392273391616|2017-04-19 13:01:37|"–ò –≤—ã –µ—â—ë —Å–ø—Ä–∞—à–∏–≤–∞–µ—Ç–µ –ø–æ—á–µ–º—É —è —Ç–∞–∫ –∑–∞–≥–æ–Ω—è—é—Å—å –Ω–∞—Å—á—ë—Ç —Ñ–æ—Ç–æüòÇ 
–Ø –ø—Ä–æ—Å—Ç–æ –æ–±–æ–∂–∞—é —ç—Ç–æ –∏ –≤—Å–µ."
karina_08_|854680247542972416|2017-04-19 12:57:04|–§–æ—Ç–æ –∑–∞–≤—Ç—Ä–∞–∫–∞ –æ–±—ã—á–Ω–æ–≥–æ —á–µ–ª–æ–≤–µ–∫–∞ VS –∏–Ω—Å—Ç–∞–≥—Ä–∞–º–µ—Ä–∞ üòÇ https://t.co/cLgDoe9ajn
karina_08_|854211006377185280|2017-04-18 05:52:29|–û—Ä—É —Å–∏–ª—å–Ω–∞–∞–∞–∞ —Ö–∞—Ö–∞—Ö–∞—Ö https://t.co/430VpgdCDu
karina_08_|854111150656684032|2017-04-17 23:15:41|@AleynikovaDi –û–π, —Å–∫–æ—Ä–æ! –û–≥–æ —É–∂–µ –Ω–∞ –ö–∞–Ω–∞–ª–µ –Ω–µ–¥–µ–ª—é –≤ –∑–∞–∫—Ä—ã—Ç–æ–º –¥–æ—Å—Ç—É–ø–µ üòÇüòÇ
karina_08_|854111071250116610|2017-04-17 23:15:22|RT @PSLeylaM: @karina_08_ —Ç—ã –ø—Ä–∞–≤–∞. –ü–µ—Å–Ω—è –ø—Ä–æ—Å—Ç–æ üí£üí£üí£üí£ https://t.co/uM5L3SBmH1
karina_08_|853850852410478592|2017-04-17 06:01:21|–ù–∞—à–ª–∞ —Ñ–æ—Ç–æ, –æ—á –∫—Ä—É—Ç–æ–µüíïü§§ https://t.co/nKpOSuwMCU
karina_08_|853568946599059456|2017-04-16 11:21:10|@irinawaimer –ü—Ä–∏—Å—Ç—É–ø–∞—é
karina_08_|853568612975738880|2017-04-16 11:19:50|@irinawaimer –Ø –∫—Ç–æ-–Ω–∏–±—É–¥—å
karina_08_|853568544717627392|2017-04-16 11:19:34|@irinawaimer –ê —è –Ω–∞–æ–±–æ—Ä–æ—Ç –ª—é
karina_08_|853391233259012097|2017-04-15 23:34:59|"RT @markaryanOsk: –ù–∏—á—Ç–æ –Ω–µ –æ–≥—Ä–∞–Ω–∏—á–∏–≤–∞–µ—Ç —Ç–≤–æ–∏ –¥–µ–π—Å—Ç–≤–∏—è —Ç–∞–∫, –∫–∞–∫ —Ñ—Ä–∞–∑–∞:
""–î–ï–õ–ê–ô –ß–¢–û –•–û–ß–ï–®–¨"""
karina_08_|852967914512809988|2017-04-14 19:32:52|"–ù–æ–≤–æ–µ –≤–∏–¥–µ–æüòÇüíï
–ù–û–í–û–ï –í–ò–î–ï–û
https://t.co/JkMuW0y6YA
–ú–£–ó–´–ö–ê–õ–¨–ù–´–ï –ê–°–°–û–¶–ò–ê–¶–ò–ò // –°–ú–ï–•, –°–õ–ï–ó–´, –†–ê–î–û–°–¢–¨, –ú–£–†–ê–®–ö–ò https://t.co/OE9s7tbPna"
karina_08_|851197153720627200|2017-04-09 22:16:30|–ê —Ç–µ–ø–µ—Ä—å –ø—Ä–µ–¥—Å—Ç–∞–≤—å—Ç–µ : —è —É–º–µ—é —á–∏—Ç–∞—Ç—å –Ω–∞ –∞—Ä–º—è–Ω—Å–∫–æ–º üòÇü§§ —Ç–æ–ª—å–∫–æ –ø–æ—Å–º–æ—Ç—Ä–∏—Ç–µ –∫–∞–∫–∏–∏–∏–∏–µ –±—É–∫–≤—ã —Å–ª–æ–∂–Ω—ã–µ!! –ù–æ —Ç–∞–∫–∏–µ –∫—Ä–∞—Å–∏–≤—ã–µ ü§§üíï https://t.co/3Nd7WGEuiw
karina_08_|851195240354652160|2017-04-09 22:08:54|https://t.co/nwNAfBvKso
karina_08_|851194763911077889|2017-04-09 22:07:00|https://t.co/aIUI7tkj9B
karina_08_|851194639310888960|2017-04-09 22:06:31|RT @karina_08_: –ï–¥–∞ –∫–∞–∫ —Å–º—ã—Å–ª –∂–∏–∑–Ω–∏. –£ –∫–æ–≥–æ —Ç–æ–∂–µ —Ç–∞–∫, –¥–∞–≤–∞–π—Ç–µ –¥—Ä—É–∂–Ω–æ —Å–¥–µ–ª–∞–µ–º —Ä–µ—Ç–≤–∏—Çüòòüåü‚ù§ —Å–∫–æ–ª—å–∫–æ –Ω–∞—Å?üòÇ
karina_08_|851194627457773568|2017-04-09 22:06:28|–ï–¥–∞ –∫–∞–∫ —Å–º—ã—Å–ª –∂–∏–∑–Ω–∏. –£ –∫–æ–≥–æ —Ç–æ–∂–µ —Ç–∞–∫, –¥–∞–≤–∞–π—Ç–µ –¥—Ä—É–∂–Ω–æ —Å–¥–µ–ª–∞–µ–º —Ä–µ—Ç–≤–∏—Çüòòüåü‚ù§ —Å–∫–æ–ª—å–∫–æ –Ω–∞—Å?üòÇ
karina_08_|851194332313006080|2017-04-09 22:05:17|–ï–Ω—Ç–æ –º–æ—è —Å–µ–º—å—è üíé —á–∞—Å—Ç—å. –û—á–µ–Ω—å –º–∞–ª–µ–Ω—å–∫–∞—è —á–∞—Å—Ç—åüòÇ  –Ω–∞ —Ñ–æ—Ç–æ –±—Ä–∞—Ç—å—è + —Å–µ—Å—Ç—Ä–∞. –ò –≤—Å–µ –º–ª–∞–¥—à–µ –º–µ–Ω—èüòÇ https://t.co/FIuMYD1NHk
karina_08_|851193959439364096|2017-04-09 22:03:49|–ö–æ–≥–¥–∞ –ø–æ—Å–ª–µ–¥–Ω–∏–π –ø—Ä–∏—ë–º –ø–∏—â–∏ —É —Ç–µ–±—è –≤ 7 –≤–µ—á–µ—Ä–∞, –∞–±—Å–æ–ª—é—Ç–Ω–æ –Ω–µ—Ç —Å–º—ã—Å–ª–∞ –ø–æ –≤–µ—á–µ—Ä–∞–º –∂–∏—Ç—å, —Ö–æ—á–µ—Ç—Å—è —Å–∫–æ—Ä–µ–µ —É—Ç—Ä–æ –∏ —Å–Ω–æ–≤–∞ –µ—Å—Ç—å
karina_08_|851177260971380736|2017-04-09 20:57:27|@polinafill –Ø —á—Ç–æ, –ø–æ—Ö–æ–∂–∞ –Ω–∞ —Ä–∞–±—ã–Ω—é —à–∞–º–ø—É–Ω—è? –Ø –Ω–µ —Å–¥–∞–º—Å—è –µ–º—É –≤ –ø–ª–µ–Ω....
karina_08_|851175678569463808|2017-04-09 20:51:10|–ö—É—Ä—Å–∞—á, –º–æ–∂–Ω–æ –ø–æ–∂–∞–ª—É–π—Å—Ç–∞ —Ç—ã –Ω–µ –±—É–¥–µ—à—å –ª–µ–∑—Ç—å –≤ –º–æ—é –∂–∏–∑–Ω—å.
karina_08_|851175555227693057|2017-04-09 20:50:41|–ö—É—Ä—Å–∞—á —Å–∞–º —Å–µ–±—è –Ω–µ –Ω–∞–ø–∏—à–µ—Ç, –∞ —Ç–∞–∫ —Ö–æ—á–µ—Ç—Å—è !
karina_08_|851175357982150657|2017-04-09 20:49:54|RT @markaryanOsk: –ü–æ —Ç–µ—Ö–Ω–∏—á–µ—Å–∫–∏–º –ø—Ä–∏—á–∏–Ω–∞–º –µ—Å—Ç—å –ø—Ä–∏—á–∏–Ω—ã
karina_08_|851063922211901444|2017-04-09 13:27:05|üåü‚ù§ https://t.co/OIuxpQ5GN1
karina_08_|851063616338092033|2017-04-09 13:25:52|https://t.co/h7eToKbXhB
karina_08_|851061998628605953|2017-04-09 13:19:27|–≠—Ö —Å–µ–π—á–∞—Å –±—ã –Ω–æ–∂ –∫—Ä–µ–¥–∏—Ç–∫—É —Å —Å–∞–π—Ç–∞ –±–∏—Ç—Å —Ç–æ—á–∫–∞ 7 –ø–æ–¥–∞—Ä–∏–ª–∏ –±—ã......
karina_08_|850825863306326016|2017-04-08 21:41:08|–ü–æ–∫–∞ —Ä–∞–Ω–æ —Å–º–æ—Ç—Ä–µ—Ç—å —Ä–µ–∑—É–ª—å—Ç–∞—Ç, –º–∞–ª–æ –≤—Ä–µ–º–µ–Ω–∏ –ø—Ä–æ—à–ª–æ)) https://t.co/G99qsU36TP
karina_08_|850825721618587649|2017-04-08 21:40:34|–ö—Å—Ç–∞—Ç–∏, 3 —á–∞—Å—Ç—å –≤ –ø–æ–Ω–µ–¥–µ–ª—å–Ω–∏–∫ –≤—ã–π–¥–µ—Çü¶ãüåüüíéüíï
karina_08_|850825515699253248|2017-04-08 21:39:45|–ü–æ—Å–ª–µ 6 –Ω–µ—É–¥–æ–±–Ω–æ,–Ω–µ —É—Å–ø–µ–≤–∞—é –ø–æ—É–∂–∏–Ω–∞—Ç—å)–ø–ª—é—Å —è –ª–æ–∂—É—Å—å –ø–æ–∑–¥–Ω–æ,–±–ª–∏–∂–µ –∫ –¥–≤—É–º –∏ —Ç–∞–∫ –ø–æ–ª–µ–≥—á–µ. –ù–µ –µ—Å—Ç—å –ø–æ—Å–ª–µ 6 –¥–æ–ª–∂–Ω—ã —Ç–µ,–∫—Ç‚Ä¶ https://t.co/LnM3uoCNVy
karina_08_|850825014614085632|2017-04-08 21:37:45|RT @ADELINADAKENOVA: @karina_08_  ‚ù§Ô∏è‚ù§Ô∏è‚ù§Ô∏è‚ù§Ô∏è https://t.co/l7h6D8JBzM
karina_08_|850824921051779073|2017-04-08 21:37:23|–¢–∞–∫ –ø—Ä–∏—è—Ç–Ω–æ –∑–Ω–∞—Ç—å, —á—Ç–æ —è –ø–æ–º–æ–≥–∞—é —Ö–æ—Ç—è –±—ã –∫–æ–º—É-—Ç–æ‚ù§ —Å–ø–∞—Å–∏–±–æ! –ö–∏–¥–∞–π—Ç–µ –∏ –¥–∞–ª—å—à–µ –≤–∞—à–∏ –¥–æ/–ø–æ—Å–ª–µ! –Ø –≤—Å–µ –ª–∞–π–∫–∞—é‚ù§ –æ—á–µ–Ω—å –∏–Ω—Ç–µ—Ä–µ—Å–Ω–æ!
karina_08_|850824721176330243|2017-04-08 21:36:35|RT @flewberry: @karina_08_ —Å–ø–∞—Å–∏–±–æ –∑–∞ –≤–∏–¥–µ–æ, –Ω–∞—É—á–∏–ª–∞—Å—å –∫—Ä–∞—Å–∏–≤–æ –æ–±—Ä–∞–±–∞—Ç—ã–≤–∞—Ç—å. –∂–¥—É 3 —á–∞—Å—Ç—åüíñ https://t.co/dY2eNwOSev
karina_08_|850824636971569152|2017-04-08 21:36:15|RT @cenovel: @karina_08_  –ø–æ—Å–ª–µ —Ç–≤–æ–µ–≥–æ –≤–∏–¥–µ–æ, —Ç–æ–∂–µ —Å–∫–∞—á–∞–ª–∞ ft üòªüå∫—Å–ø–∞—Å–∏–±–æ https://t.co/YA9H4CB7CV
karina_08_|850824622719291394|2017-04-08 21:36:12|"RT @rita_margo45: –ö–æ–≥–¥–∞ —É—á–∏—à—å—Å—è —É @karina_08_ üòªüòª
–î–æ –ø–æ—Å–ª–µ https://t.co/S1IstMCcIl"
karina_08_|850823530698735616|2017-04-08 21:31:51|–£–∂–µ —à–µ—Å—Ç–æ–π –¥–µ–Ω—å —è –Ω–µ –µ–º –ø–æ—Å–ª–µ 7 –∏ —Ä–µ—à–∏–ª–∞ —Å—é–¥–∞ –æ–± —ç—Ç–æ–º –Ω–∞–ø–∏—Å–∞—Ç—å, –ø–æ—Ç–æ–º—É —á—Ç–æ –¥–ª—è –º–µ–Ω—è —ç—Ç–æ –ø–æ–≤–æ–¥ –≥–æ—Ä–¥–∏—Ç—å—Å—è —Å–æ–±–æ–πüòÇüòÇüòÇ –µ–µ–µ —Ä–æ—Ü–∫
karina_08_|850399803158786048|2017-04-07 17:28:07|"–ù–û–í–û–ï –í–ò–î–ï–û!
https://t.co/QlZZgrK35l
–ü–†–û–ë–£–Æ –ö–û–°–ú–ò–ß–ï–°–ö–£–Æ –ï–î–£! –ë–æ—Ä—â, –ø—é—Ä–µ –∏ –∫—É—Ä–∏—Ü–∞ –≤ –¢–Æ–ë–ò–ö–ê–•! –í–∫—É—Å–Ω–æ –∏–ª–∏ –Ω–µ—Ç? 
+–ö–û–ù–ö–£‚Ä¶ https://t.co/bnIRGm4wMN"
karina_08_|850338059803664385|2017-04-07 13:22:46|https://t.co/jprCkbEVO4 ‚ù§‚ù§‚ù§‚ù§‚ù§ https://t.co/q7EO7ZQUrN
karina_08_|850335254204305412|2017-04-07 13:11:37|RT @SashaSpilberg: –ü–µ—Ä–µ–¥–∞—é —ç—Å—Ç–∞—Ñ–µ—Ç—É —Å –∫–æ—Å–º–∏—á–µ—Å–∫–æ–π –µ–¥–æ–π @karina_08_ ‚ò∫üíö –û—á–µ–Ω—å –∂–¥—É —Ç–≤–æ–µ –≤–∏–¥–µ–æ!
karina_08_|850332082572328960|2017-04-07 12:59:01|–ù–∞–¥–µ—é—Å—å –Ω–∏–∫—Ç–æ –∏–∑ –≤–∞—Å –∏ –Ω–µ —É–≤–∏–¥–µ–ª, —á—Ç–æ —è —á—Ç–æ-—Ç–æ –≤—ã—Å—Ç–∞–≤–ª—è–ª–∞ üò∞
karina_08_|850332010547625984|2017-04-07 12:58:44|–ù–∞ –∫–æ–º–ø—å—é—Ç–µ—Ä–µ –≤—Å–µ –Ω–æ—Ä–º–∞–ª—å–Ω–æ –±—ã–ª–æ.. –ø–µ—Ä–µ—Å–æ—Ö—Ä–∞–Ω—é –µ–≥–æ –∏ –≤—ã–ª–æ–∂—É –∑–∞–Ω–æ–≤–æ —á–µ—Ä–µ–∑ —á–∞—Å–∞ —Ç—Ä–∏üíï
karina_08_|850331985428045824|2017-04-07 12:58:38|–†–µ–±—è—Ç–∞, –≤–∏–¥–µ–æ –ø–æ–∫–∞ –∑–∞–∫—Ä—ã–ª–∞, —Ç–∞–º –∫–∞—á–µ—Å—Ç–≤–æ —É–∂–∞—Å–Ω–æ–µ! –ù–µ –∑–Ω–∞—é –∫–∞–∫ —Ç–∞–∫ –≤—ã—à–ª–æ, —Å–æ—Ö—Ä–∞–Ω—è–ª–∞ –∫–∞–∫ –æ–±—ã—á–Ω–æ.
karina_08_|849391515151605760|2017-04-04 22:41:32|RT @markaryanOsk: #–ø–∏—Ç–µ—Ä –¥–µ—Ä–∂–∏—Ç–µ—Å—åüôèüèª https://t.co/NtcgXhZbpA
karina_08_|849364691436666880|2017-04-04 20:54:57|RT @milkashop246: @karina_08_  –∑–∞ —ç—Ç–∏ –¥–≤–∞ –≤–∏–¥–µ–æ —è –ø—Ä–æ—Å—Ç–æ —Å—Ç–∞–ª–∞ —Ñ–æ—Ç–æ–≥—Ä–∞—Ñ–æ–ºüòÇüòÇüòÇ,—Å–ø–∞—Å–∏–±–æ —Ç–µ–±–µ –±–æ–ª—å—à–æ–µ‚ù§‚ù§‚ù§(–≤–æ—Ç –º–æ—è —Ä–∞–±–æ—Ç–∞) https://t.co/2g8Kq0uFh3
karina_08_|849298204013338624|2017-04-04 16:30:45|RT @markaryanOsk: –Ø –Ω–µ –∑–Ω–∞—é, –∫—É–¥–∞ –æ–Ω –∏–¥—ë—Ç, –Ω–æ —Ö–æ—á—É —Ç–∞–∫—É—é –∂–µ —Ü–µ–ª–µ—É—Å—Ç—Ä–µ–º–ª—ë–Ω–Ω–æ—Å—Ç—å https://t.co/qM2JARAX3B
karina_08_|848953594929958912|2017-04-03 17:41:24|RT @tim_cook: –ò—Å–∫—Ä–µ–Ω–Ω–∏–µ —Å–æ–±–æ–ª–µ–∑–Ω–æ–≤–∞–Ω–∏—è –≤—Å–µ–º, –∫–æ–≥–æ –∫–æ—Å–Ω—É–ª–∞—Å—å —Ç—Ä–∞–≥–µ–¥–∏—è –≤ –°–∞–Ω–∫—Ç-–ü–µ—Ç–µ—Ä–±—É—Ä–≥–µ üá∑üá∫
karina_08_|848546438900568064|2017-04-02 14:43:30|@DmitryKrikun Spasiiibo!!!
karina_08_|848527735882481666|2017-04-02 13:29:11|@DmitryKrikun –ê–≥–∞
karina_08_|848318099493441536|2017-04-01 23:36:10|#–ù–æ–≤—ã–π–ê–≤–∞—Ç–∞—Ä https://t.co/fUK7ALvG4g
karina_08_|848317806248701952|2017-04-01 23:35:00|https://t.co/5p9XqW1u1L
karina_08_|848317198909272064|2017-04-01 23:32:35|–Ø –ª—é–±–ª—é —Ç—Ä–∞—Ç–∏—Ç—å –¥–µ–Ω—å–≥–∏ –Ω–∞ —É–ª—É—á—à–µ–Ω–∏–µ –≤–∏–¥–æ—Å–æ–≤, –≥–ª–∞–≤–Ω–æ–µ, —á—Ç–æ–±—ã –Ω–µ –≤–ø—É—Å—Ç—É—é!) —ç—Ç–∞ –ø–æ–∫—É–ø–∫–∞ –æ–∫—É–ø–∏–ª–∞—Å—å —Å—Ç–æ —Ä–∞–∑ —É–∂–µ –º–æ–∏–º –Ω–∞—Å—Ç—Ä–æ–µ–Ω–∏–µ–º üòç
karina_08_|848316985293320192|2017-04-01 23:31:44|–ù–µ –∑–Ω–∞–ª–∞, –∫–∞–∫ —Å–¥–µ–ª–∞—Ç—å —ç—Ñ—Ñ–µ–∫—Ç –∫—Ä–∞—Å–∏–≤—ã–π, —á—Ç–æ–±—ã —Ü–≤–µ—Ç–∞ –±—ã–ª–∏ —è—Ä–∫–∏–º–∏ –∏ –Ω–µ–æ–±—ã—á–Ω—ã–º–∏, –ø—Ä–∏—à–ª–æ—Å—å –ø–æ–∫—É–ø–∞—Ç—å –ø–ª–∞–≥–∏–Ω –∑–∞ 6.000 —Ä, –Ω–æ —ç—Ç–æ —Å—Ç–æ–∏–ª–æ —Ç–æ–≥–æ :))
karina_08_|848316650046844932|2017-04-01 23:30:24|–Ø –∫–ª—è–Ω—É—Å—å —É–∂–µ —Ä–∞–∑ 10 –ø–µ—Ä–µ—Å–º–æ—Ç—Ä–µ–ª–∞ !) –æ—á–µ–Ω—å –Ω—Ä–∞–≤–∏—Ç—Å—è –∫–∞—Ä—Ç–∏–Ω–∫–∞:)) —è –º–æ–Ω—Ç–∏—Ä–æ–≤–∞–ª–∞ –¥–æ–ª–≥–æ, –∑–∞–ø–∞—Ä–∏–≤–∞–ª–∞—Å—å –Ω–∞–¥ –≤—Å–µ–º –∏ —Ç–µ–ø–µ—Ä—å –¥–∞–≤–æ–ª—å–Ω–∞‚ù§
karina_08_|848316461013753856|2017-04-01 23:29:39|"https://t.co/OOvjSejgXc
–ö—Å—Ç–∞—Ç–∏ –≤–æ—Ç –∏ –≤–ª–æ–≥ —Å –ñ–µ–Ω–µ–≤—ã! –°–º–æ—Ç—Ä–∏—Ç–µ, –æ—á–µ–Ω—å –∫—Ä—É—Ç–æ –≤—ã—à–ª–æ))) https://t.co/X1o4Du48c9"
karina_08_|848315351842598912|2017-04-01 23:25:15|https://t.co/K13SXsQYxV https://t.co/4Aod0sjAUA
karina_08_|848312688807743488|2017-04-01 23:14:40|–û–±–æ–∂–∞—é –≤–∞—Å –≤—Å–µ—Ö! —Å–ø–∞—Å–∏–±–æ! –°–ª–µ–¥—É—é—â–∞—è —á–∞—Å—Ç—å –ø—Ä–æ –æ–±—Ä–∞–±–æ—Ç–∫—É —Ñ–æ—Ç–æ —É–∂–µ –≥–æ—Ç–æ–≤–æ. –í—ã—Å—Ç–∞–≤–ª—é –≤ –ø–æ–Ω–µ–¥–µ–ª—å–Ω–∏–∫ –≤ —á–∞—Å–æ–≤ 5 –≤–µ—á–µ—Ä–∞ü§óü§óüíï https://t.co/FGMGJSoHmQ
karina_08_|848312140427649025|2017-04-01 23:12:29|RT @koidulas: —Å–ø–∞—Å–∏–±–æ –∑–∞ –ø—Ä–∏–ª–æ–∂–µ–Ω–∏–µ @karina_08_ , –≥–¥–µ –º–æ–∂–Ω–æ –¥–µ–ª–∞—Ç—å –ø–æ—Ç—Ä—è—Å–Ω–æ–µ –Ω–µ–±–æ. —ç—Ç–æ –¥–æ—Å—Ç–æ–π–Ω–∞—è –Ω–∞—Ö–æ–¥–∫–∞ –¥–ª—è –º–æ–µ–≥–æ –ø—Ä–æ—Ñ–∏–ª—è –≤ –∏–Ω—Å—Ç–µ:)) –¥–æ/–ø–æ‚Ä¶
karina_08_|848311899934609413|2017-04-01 23:11:32|RT @ya_problemaa: @karina_08_ üíó https://t.co/JMeOYjphBr
karina_08_|848311729389961216|2017-04-01 23:10:51|–û—á–µ–Ω—å –∫—Ä—É—Ç–æ —Å–¥–µ–ª–∞–ª–∞! –†–µ–±—è—Ç–∞, –∫—Ç–æ –µ—â—ë –Ω–µ –ø–æ—Å–º–æ—Ç—Ä–µ–ª –≤–∏–¥–µ–æ –ø—Ä–æ –æ–±—Ä–∞–±–æ—Ç–∫—É —Ñ–æ—Ç–æ, –±–µ–≥–∏—Ç–µ –Ω–∞ –∫–∞–Ω–∞–ª! –ò –≤—ã —Ç–æ–∂–µ –±—É–¥–µ—Ç–µ –∑–Ω–∞—Ç—å‚Ä¶ https://t.co/2K6WLAknj1
karina_08_|848311243979071490|2017-04-01 23:08:56|RT @YarnyxElena: –°–ø–∞—Å–∏–±–æ –∑–∞ –ø—Ä–µ–∫—Ä–∞—Å–Ω–æ–µ –≤–∏–¥–µ–æ‚ù§ –ò –∑–∞ –∫—Ä—É—Ç–æ–µ –ø—Ä–∏–ª–æ–∂–µ–Ω–∏–µ Pic Party üíì @karina_08_ https://t.co/T4hwwYJWbF
karina_08_|848311110537273344|2017-04-01 23:08:24|RT @markaryanOsk: –Ω–µ –ª–µ–Ω–∏–≤—ã–π, –∞ —Ç–µ–ª–æ—Ö—Ä–∞–Ω–∏—Ç–µ–ª—å –¥–∏–≤–∞–Ω–∞.
karina_08_|847989408221593603|2017-04-01 01:50:04|–ó–∞–≤—Ç—Ä–∞ –≤–ª–æ–≥ –∏–∑ –ñ–µ–Ω–µ–≤—ãü§§ü§§ü§§üíïüíïüíïüíõüíõüíõ‚ù§‚ù§‚ù§üíéüíéüíéüòòüòòüòò
karina_08_|847875001541959681|2017-03-31 18:15:27|RT @_veta_0220: @karina_08_, —Å–ø–∞—Å–∏–±–æ –∑–∞ —Å–æ–≤–µ—Çüòòüòòüòò https://t.co/wQhFaWy4Qm
karina_08_|847848386741104641|2017-03-31 16:29:42|RT @mezenova_: üååüååüååüåå @karina_08_ üôàüòç https://t.co/E9pR3ePLVb
karina_08_|847848372803338246|2017-03-31 16:29:38|@mezenova_ –°–ø–∞—Å–∏–∏–∏–±–æüòÖüíï
karina_08_|847843783953797121|2017-03-31 16:11:24|@mezenova_ üòÇüòÇ –≤–∏–¥–µ–ª–∞ —Å–µ–±—è –≤ –≤–∏–¥–µ–æ?? –ö—Å—Ç–∞—Ç–∏, —è –æ–¥–∏–Ω –∏–∑ —Ç–µ—Ö –ª—é–¥–µ–π, –∫—Ç–æ –∫—É–ø–∏–ª —Ç–≤–æ–π —Ç—É—Ç–æ—Ä–∏–∞–ª –∑–∞ 600—Äü§£ –∫—Ç–æ –±—ã –º–æ–≥ –ø–æ–¥—É–º–∞‚Ä¶ https://t.co/fQdhcbzS42
karina_08_|847827799989784577|2017-03-31 15:07:54|–ü—Ä–æ—Å—Ç–∏—Ç–µ –∑–∞ —Ä–µ—Ç–≤–∏—Ç—ã, –æ–æ–æ—á–µ–Ω—å —É–∂ –Ω—Ä–∞–≤—è—Ç—Å—è —Ñ–æ—Ç–∫–∏! –í—ã —Ç–∞–∫–∏–µ –º–æ–ª–æ–¥—Ü—ã! –†–∞–¥–∞ –±—ã—Ç—å –ø–æ–ª–µ–∑–Ω–æ–π!üíï
karina_08_|847827669047705600|2017-03-31 15:07:22|RT @shchitnikova201: –ë–ª–∞–≥–æ–¥–∞—Ä—è @karina_08_  –ø–æ–ª—É—á–∏–ª–∞—Å—å —Ç–∞–∫–∞—è –∫–ª–∞—Å—Å–Ω–∞—è –æ–±—Ä–∞–±–æ—Ç–∫–∞üòçüòç https://t.co/UnT360gKAr
karina_08_|847827500147388416|2017-03-31 15:06:42|RT @KurochkinaEka: @karina_08_  üíì https://t.co/xdl1rcEUdF
karina_08_|847827416890437636|2017-03-31 15:06:22|RT @albina_tarabina: @karina_08_  –≤–æ—Ç —ç—Ç–æ –≤–∞—É https://t.co/ydGT53Bo5u
karina_08_|847827340411457537|2017-03-31 15:06:04|RT @xopenorina: –°–ø–∞—Å–∏–±–æ –æ–≥—Ä–æ–º–Ω–æ–µ @karina_08_ –∑–∞ –ø—Ä–µ–∫—Ä–∞—Å–Ω—ã–µ —Å–æ–≤–µ—Ç—ã. –ö—Å—Ç–∞—Ç–∏ —É –º–µ–Ω—è –ø–æ–ª—É—á–∞–ª–æ—Å—å —Å–∫–∞—á–∞—Ç—å –±–µ—Å–ø–ª–∞—Ç–Ω–æ FACETUNE https://t.co/9adV4tQ‚Ä¶
karina_08_|847827223021330435|2017-03-31 15:05:36|RT @mary_kass23: –°–ø–∞—Å–∏–±–æ —Ç–µ–±–µüòò‚ù§Ô∏è @karina_08_ https://t.co/zbhwrFlurq
karina_08_|847818532259852288|2017-03-31 14:31:04|RT @Amaliya_102: @karina_08_ —ç—Ç–æ —Ç–µ–±–µ —Å–ø–∞—Å–∏–±–æ ‚ù§ —Å–æ–≤–µ—Ç—ã –¥–µ–π—Å—Ç–≤–∏—Ç–µ–ª—å–Ω–æ –ø–æ–ª–µ–∑–Ω—ã–µ
karina_08_|847818202587463680|2017-03-31 14:29:45|–í—ã –≤—Å–µ —Ç–∞–∫–∏–µ –∫—Ä—É—Ç—ã–µ!!! –°–ø–∞—Å–∏–±–æ, –º–Ω–µ –æ—á–µ–Ω—å –ø—Ä–∏—è—Ç–Ω–æ!‚ù§üíé
karina_08_|847817813901312001|2017-03-31 14:28:13|RT @more1725: @karina_08_ üíïüíïüíï https://t.co/titDshfZRR
karina_08_|847817536758566912|2017-03-31 14:27:07|"RT @gasanovaar: –ø–æ –≤–∏–¥–µ–æ @karina_08_  ‚ù§Ô∏è
–ù–Ø–ú–ù–Ø–ú–ù–Ø–ú https://t.co/VkrAFIDlsG"
karina_08_|847817462179667969|2017-03-31 14:26:49|@Madina0621_N –ù–µ–±–æ —à–∏–∫–∞—Ä–Ω–æ–µ!
karina_08_|847817197850374144|2017-03-31 14:25:46|RT @Madina0621_N: @karina_08_ –±—ã—Å—Ç—Ä–æ —Å–¥–µ–ª–∞–ª–∞,–Ω—Ä–∞–≤–∏—Ç—Å—è.–°–ø–∞—Å–∏–±–æ —Ç–µ–±–µ –∑–∞ –≤–∏–¥–µ–æ‚ù§–õ—é–±–ª—é‚ù§‚ù§ https://t.co/JyqQdJSp3y
karina_08_|847816720014245888|2017-03-31 14:23:52|RT @_psa_swag: –Ω–æ —è –Ω–µ —Å–∏–ª—å–Ω–æ —Å—Ç–∞—Ä–∞–ª–∞—Å—å üòÇ @karina_08_ https://t.co/R73RJj0AEm
karina_08_|847816685306478592|2017-03-31 14:23:44|RT @mary_kass23: –ë–ª–∞–≥–æ–¥–∞—Ä—è @karina_08_ —è —Ç–µ–ø–µ—Ä—å –∫—Ä—É—Ç–æ –æ–±—Ä–∞–±–∞—Ç—ã–≤–∞—é —Ñ–æ—Ç–æ—á–∫–∏üíú –°–ø–∞—Å–∏–±–æüòäüòò –° –Ω–µ—Ç–µ—Ä–ø–µ–Ω–∏–µ–º –∂–¥—É 2 –∏ 3 —á–∞—Å—Ç–∏üòç https://t.co/umwzEuc3jJ
karina_08_|847815432853741568|2017-03-31 14:18:45|–ö–∏–¥–∞–π—Ç–µ —Ñ–æ—Ç–∫–∏, –∫–æ—Ç–æ—Ä—ã–µ –≤—ã –æ–±—Ä–∞–±–æ—Ç–∞–ª–∏ –ø–æ –º–æ–µ–º—É –≤–∏–¥–µ–æ –∏ —è –±—É–¥—É —Ä–µ—Ç–≤–∏—Ç–µ—Ç—å —Ö–æ—Ä–æ—à–∏–µü§£üíõ‚ù§
karina_08_|847814896443990016|2017-03-31 14:16:37|"–°—Ä–∞–∑—É –≤–∏–¥–Ω–æ, –∫—Ç–æ —Å–º–æ—Ç—Ä–∏—Ç –º–æ–∏ –≤–∏–¥–æ—Å–∏–∫–∏! –°–ø–∞—Å–∏–±–æ‚ù§‚ù§‚ù§ –≤–æ—Ç —Å—Å—ã–ª–∫–∞, –∫—Ç–æ –Ω–µ –≤–∏–¥–µ–ª: https://t.co/K13SXt8zpt
–ö–ê–ö –Ø –û–ë–†–ê–ë–ê–¢–´–í‚Ä¶ https://t.co/aog98Uq4Wc"
karina_08_|846816668781334528|2017-03-28 20:10:01|üíõ https://t.co/Am49qabXlr
karina_08_|846816197983260672|2017-03-28 20:08:09|"RT @markaryanOsk: –ï—Å–ª–∏ —É –≤–∞—Å –µ—Å—Ç—å –±–µ—à–µ–Ω–æ–µ –∂–µ–ª–∞–Ω–∏–µ –ø–æ–µ—Ö–∞—Ç—å —Å–æ –º–Ω–æ–π –≤ –õ–æ–Ω–¥–æ–Ω, —Ç–æ –ø–µ—Ä–µ—Ö–æ–¥–∏—Ç–µ –≤ –∏–Ω—Å—Ç.
–¢–∞–º –≤—Å—è –∏–Ω—Ñ–∞ –≤ —Å—Ç–æ—Ä–∏ü§òüöÄ"
karina_08_|846816093188640768|2017-03-28 20:07:44|RT @markaryanOsk: –Ø –ò–ó–ú–ï–ù–Ø–õ –ö–ê–†–ò–ù–ï?! –ü–£–¢–ï–®–ï–°–¢–í–ò–ï –í –®–í–ï–ô–¶–ê–†–ò–Æ: https://t.co/eptniuFFaa –Ω–∞ @YouTube
karina_08_|845558647711256576|2017-03-25 08:51:05|–ú–∞–ª—å—á–∏–∫, —É –∫–æ—Ç–æ—Ä–æ–≥–æ —Å–µ–ª —Ç–µ–ª–µ—Ñ–æ–Ω, –ª–æ–≤–∏üòãü§ó https://t.co/WVkCJfKZP1
karina_08_|845304865320566784|2017-03-24 16:02:39|–û—Ö—Ö—Ö—Ö—Ö—Ö , —Ä–µ–±—è—Ç–∞, –õ–æ–Ω–¥–æ–Ω—É –±—ã—Ç—å ! –°–µ–≥–æ–¥–Ω—è-–∑–∞–≤—Ç—Ä–∞ –Ω–∞—á–Ω—ë–º —Å–æ–±–∏—Ä–∞—Ç—å –≥—Ä—É–ø–ø—É ‚ù§
karina_08_|844617535546953729|2017-03-22 18:31:27|‚ù§ https://t.co/dURzViqKjA
karina_08_|843727897714147328|2017-03-20 07:36:21|–£—á–µ–±–∞, –ø–æ—á–µ–º—É —Ç–∞–∫ —Å–ª–æ–∂–Ω–æ –≤—Å—Ç–∞–≤–∞—Ç—å –Ω–∞ —Ç–µ–±—è?üò¢
karina_08_|842519975898337281|2017-03-16 23:36:30|"RT @markaryanOsk: –ø—Ä–æ–∏–≥–Ω–æ—Ä–∏—Ä—É—é –≤–∞—à–∏ —Å–æ–æ–±—â–µ–Ω–∏—è. 
–ö–æ–º—É –∏–Ω—Ç–µ—Ä–µ—Å–Ω–æ, –ø–∏—à–∏—Ç–µ –≤ –ª–∏—á–∫—É."
karina_08_|842519965056024578|2017-03-16 23:36:27|RT @markaryanOsk: –ü–æ–∫–∞ —è –±—É–¥—É 7 —Ä–∞–∑ –æ—Ç–º–µ—Ä—è—Ç—å- –¥—Ä—É–≥–æ–π –æ—Ç—Ä–µ–∂–µ—Ç
karina_08_|841896030857777156|2017-03-15 06:17:10|–ö–∞–∫–∏–µ–µ–µ–µüòçüòçüòçüòçüòçüíìüíìüíì –Ω–∞—à–ª–∞ –∏—Ö —Ç—É—Ç https://t.co/CYHqH7LSuB –∏ —Ç–µ–ø–µ—Ä—å –æ–Ω–∏ –º–æ–∏–∏–∏–∏‚òÇÔ∏è‚òÇÔ∏èüòä https://t.co/gsXTDResuQ
karina_08_|841555822358482946|2017-03-14 07:45:18|–°–∞–º—ã–π –∫—Ä—É—Ç–æ–π –Ω–æ–≤–æ—Å—Ç–Ω–æ–π –ø–∞–±–ª–∏–∫, –ø—Ä–∞–≤–¥–∞) –≤—Å–µ –Ω–æ–≤–æ—Å—Ç–∏ —é—Ç—É–±–∞ –∏ –ø–æ—è–≤–ª—è—é—Ç—Å—è –æ–Ω–∏ —Ç–∞–º –º–≥–Ω–æ–≤–µ–Ω–Ω–æüî•
karina_08_|841555460276834304|2017-03-14 07:43:51|–ü–æ–¥–ø–∏—Å—ã–≤–∞–π—Ç–µ—Å—å –Ω–∞ —Å–µ–ª—Ñ–∏ https://t.co/MKf8YLMQU4 üíé
karina_08_|838756775717404673|2017-03-06 14:22:53|"–í –ø–∞–±–ª–∏–∫–∏ —Å–µ–≥–æ–¥–Ω—è –∑–∞—Ö–æ–¥–∏—Ç—å –Ω–µ–≤–æ–∑–º–æ–∂–Ω–æ- –≤–µ–∑–¥–µ —Å–ø–æ–π–ª–µ—Ä—è—Ç —Ü–∏—Ç–∞—Ç—ã –∏–∑ –Ω–æ–≤–æ–≥–æ –≤—ã–ø—É—Å–∫–∞ ""–ü—É—Å—Ç—å –ì–æ–≤–æ—Ä—è—Ç"", –∞ —è —Ö–æ—á—É —É–≤–∏–¥–µ—Ç—å –≤—Å–µ –∏–∑ –ø–µ—Ä–≤–æ–∏—Å—Ç–æ—á–Ω–∏–∫–∞üòÇ"
karina_08_|838650147752067072|2017-03-06 07:19:11|"RT @Mary_Senn: –°–µ–≥–æ–¥–Ω—è –ø–æ—Å–ª–µ–¥–Ω–∏–π –¥–µ–Ω—å,—Å–ø–∞—Å–∏–±–æ –≤—Å–µ–º, –∫—Ç–æ –ø–æ–¥–¥–µ—Ä–∂–∏–≤–∞–ª, —Å–ø–∞—Å–∏–±–æ, –∫—Ç–æ –µ—â—ë –ø–æ–¥–¥–µ—Ä–∂–∏—Ç! @NickTVru üíó
üìå–ì–û–õ–û–°–û–í–ê–¢–¨ –¢–£–¢ - https://t.co‚Ä¶"
karina_08_|838649559035293696|2017-03-06 07:16:50|RT @markaryanOsk: –í–´–ñ–ò–í–ê–ï–ú –ó–ê 20 –ï–í–†–û. –ê–ú–°–¢–ï–†–î–ê–ú –ò–õ–ò –ü–ê–†–ò–ñ?!: https://t.co/MSa86KMSWf –Ω–∞ @YouTube
karina_08_|837468323797471232|2017-03-03 01:03:02|–Ø –Ω–µ –ª—é–±–ª—é —Å–≤–æ–π –ª–µ–≤—ã–π –ø—Ä–æ—Ñ–∏–ª—å.. –æ–Ω —Ç–∞–∫–æ–π —Å—Ç—Ä–∞–Ω–Ω—ã–π, –Ω–æ—Å, –≤–µ–Ω—ã –ø–æ–¥ –≥–ª–∞–∑–∞–º–∏ –∏ –ø—Ä–æ—á–µ–µ. –ê –ø—Ä–∞–≤—ã–π —Ç–∞–∫–æ–π –∏–∑—è—â–Ω—ã–π üòÉüòÉüòÉüòç
karina_08_|837468249306574849|2017-03-03 01:02:44|"–ñ–∏–≤–æ–π –ø—Ä–∏–º–µ—Ä —Ç–æ–≥–æ, —á—Ç–æ –Ω–∞–¥–æ –∑–Ω–∞—Ç—å —Å–≤–æ—é —Ä–∞–±–æ—á—É—é —Å—Ç–æ—Ä–æ–Ω—Éüòå
–¢–∞–∫ —á—Ç–æ –≤—Å–µ–≥–¥–∞ –¥–µ–ª–∞–π—Ç–µ —Ñ–æ—Ç–æ –∏ —Å–Ω–∏–º–∞–π—Ç–µ –≤–∏–¥–µ–æ, —Å–ª–µ–¥—è –∑–∞ —Ç–µ–º,‚Ä¶ https://t.co/hwXtszOoDV"
karina_08_|836738612586754049|2017-03-01 00:43:25|üíïüíïüíïüíïüíïüíïüíïüíïüíïüíïüíïüíïüíïüíïüíïüíïüíïüíï–•–æ—á—Éüíïüíïüíïüíïüíïüíïüíïüíïüíïüíïüíïüíïüíïüíï—Ç—ë–ø–ª—ã–µ üíïüíïüíïüíïüíïüíïüíïüíïüíïüíïüíïüíïüíïüíïüíïüíïüíïüíïüíïüíïüíïüíïüíïüíï–¥–µ–Ω—å–∫–∏üíïüíïüíïüíïüíïüíïüíïüíïüíïüíïüíïüíïüíïüíïüíï—É–∂–µ üíïüíïüíïüíïüíïüíïüíï—Å–∫–æ—Ä–µ–µüíïüíïüíïüíïüíïüíïüíïüíïüíïüíïüíïüíïüíïüíïüíïüíïüíïüíïüíïüíïüíï
karina_08_|836720690585821185|2017-02-28 23:32:12|RT @elmira707: –≤–µ—Å–Ω–∞ –Ω–∞–¥–æ–µ–ª–∞, —Å–∫–æ—Ä–µ–π –±—ã –ª–µ—Ç–æ
karina_08_|836649677231689730|2017-02-28 18:50:01|@IrakliNodia555 —Ç—É—Ç –≤–µ–¥—å —Ç–æ–∂–µ –∞—É–¥–∏—Ç–æ—Ä–∏—è –Ω–µ–º–∞–ª–µ–Ω—å–∫–∞—è. –¢–µ–º –±–æ–ª–µ–µ –º–∏–ª–ª–∏–æ–Ω—ã –ª–∞–π–∫–æ–≤ –Ω–µ –Ω–∞–¥–æ —Ç—É—Ç —Å–æ–±–∏—Ä–∞—Ç—å))
karina_08_|836523587557294080|2017-02-28 10:28:59|https://t.co/6AJsptBd9a —Ä–µ–±—è—Ç , –ø–æ—Å—Ç–∞–≤—å—Ç–µ –ø–æ–∂–∞–ª—É–π—Å—Ç–∞ –ª–∞–π–∫ –∫–æ–º—É –Ω–µ —Å–ª–æ–∂–Ω–æ!) —Ö–æ—á—É –ø–æ–º–æ—á—å –¥–µ–≤–æ—á–∫–µ –≤—ã–∏–≥—Ä–∞—Ç—å –≤ –∫–æ–Ω–∫—É—Ä—Å–µüòä
karina_08_|836313911754358788|2017-02-27 20:35:49|RT @markaryanOsk: –ï–°–õ–ò –ë–´ –Ø –ë–´–õ JUSTIN BIEBER // FAIL COVER: https://t.co/Ucch3G1SV7 –Ω–∞ @YouTube
karina_08_|836259851319771145|2017-02-27 17:01:00|@sheidlina —É—Ç–∏
karina_08_|836259078670270465|2017-02-27 16:57:55|@sheidlina —ç—Ç–æ —Ñ–∞–π—Ç —á–µ–ª–ª–µ–Ω–¥–∂
karina_08_|836258555409874946|2017-02-27 16:55:51|–ê –≤ –∞–º–µ—Ä–∏–∫–∞–Ω—Å–∫–æ–º —é—Ç—É–±–µ –±—ã–≤–∞—é—Ç —Å–∫–∞–Ω–¥–∞–ª—ã? –ï—Å–ª–∏ –Ω–µ—Ç, –∫–∞–∫ –æ–Ω–∏ –∂–∏–≤—É—Ç?üòÇ
karina_08_|835912155266433024|2017-02-26 17:59:22|@alirun04 –≤—Å–µ –≤–ø–µ—Ä–µ–¥–∏ üíò
karina_08_|835911632672927745|2017-02-26 17:57:18|–î–≤–∞ –≥–æ–¥–∞ —É–∂–µ‚ô•Ô∏è https://t.co/FdDlAoQ9fE
karina_08_|835894016235405312|2017-02-26 16:47:18|RT @markaryanOsk: –õ—é–¥–∏, –≤—ã –Ω–∞—Å—Ç–æ–ª—å–∫–æ –≥—Ä–µ—à–Ω—ã, —á—Ç–æ –≤–∞–º –º–∞–ª–æ –æ–¥–Ω–æ–≥–æ –ü—Ä–æ—â—ë–Ω–æ–≥–æ –í–æ—Å–∫—Ä–µ—Å–µ–Ω—å—è.
karina_08_|835893994680889344|2017-02-26 16:47:13|RT @markaryanOsk: –Ø –Ω–µ –±–µ–≥–∞—é –ø–æ —É—Ç—Ä–∞–º, —Ç–∞–∫ –∫–∞–∫ –±–æ—é—Å—å —É–±–µ–∂–∞—Ç—å –∏–∑ —Å—Ç—Ä–∞–Ω—ã
karina_08_|835643273783951361|2017-02-26 00:10:56|–ê –∫—Ç–æ-—Ç–æ –Ω–µ –Ω–æ–µ—Ç , –∞ –ø—Ä–æ—Å—Ç–æ –µ–¥–µ—Ç. –Ø –±—ã —Ç–æ–∂–µ —Ç–∞–∫ –º–æ–≥–ª–∞ –Ω–æ —á—ë—Ç –Ω–µ –º–æ–≥—É —Ä–µ—à–∏—Ç—å—Å—è üñã
karina_08_|835642677442011136|2017-02-26 00:08:34|–Ø –µ—â—ë –Ω–µ –±—ã–ª–∞ –≤ –ê–º–µ—Ä–∏–∫–µ –ø—Ä–∏ –î–æ–Ω–∞–ª—å–¥–µ –¢—Ä–∞–º–ø–µ. So excited
karina_08_|835642559816937475|2017-02-26 00:08:06|–í–æ—Ç –Ω–æ—é
karina_08_|835642385560395776|2017-02-26 00:07:24|–ü–æ–∂–∞–ª—É–π –ø—Ä–∏—à–ª–æ –≤—Ä–µ–º—è –ø–æ–Ω—ã—Ç—å –æ —Ç–æ–º –∫–∞–∫ —Å–∏–ª—å–Ω–æ —è —Ö–æ—á—É –≤ —à—Ç–∞—Ç—ã #MakeAmericaGreatAgain
karina_08_|835642269940211713|2017-02-26 00:06:57|https://t.co/0cJqEvv9IU
karina_08_|835094646195826689|2017-02-24 11:50:53|"–ú–û–ô –ü–ê–†–ï–ù–¨ –û–ó–í–£–ß–ò–í–ê–ï–¢ –ö–ê–ö –Ø –î–ï–õ–ê–Æ –ü–û–í–°–ï–î–ù–ï–í–ù–´–ô –ú–ê–ö–ò–Ø–ñ
https://t.co/SGZlxgZJ7C https://t.co/DkaeWzwT8a"
karina_08_|834561478325915649|2017-02-23 00:32:16|#–ù–æ–≤—ã–π–ê–≤–∞—Ç–∞—Ä https://t.co/6Yo6AORM7w
karina_08_|834470135108947976|2017-02-22 18:29:18|@polinafill –≤—Å–µ —Ä–∞–≤–Ω–æ –¥–ª—è –ø—É–±–ª–∏–∫–∏ –∏ –∑—Ä–∏—Ç–µ–ª–µ–π –º–æ–≥–ª–∏ –±—ã —Å–¥–µ–ª–∞—Ç—å –¥–æ–ø—Ä–æ—Å –Ω–∞ –¥–µ—Ç–µ–∫—Ç–æ—Ä–µ –ª–∂–∏ :—Å —Å—á–∏—Ç–∞—é –ø–æ—Å—Ç–∞–≤–∏–ª–æ –±—ã –≤—Å–µ —Ç–æ—á–∫–∏ –Ω–∞–¥ –∏ –∏–ª–∏ —ã
karina_08_|834469337327161344|2017-02-22 18:26:08|@polinafill –æ–π –≤—Å–µ
karina_08_|834468998460952577|2017-02-22 18:24:47|@polinafill —Ç–∞–∫ –µ—Å—Ç—å –µ—â—ë —Å–µ–º—å—è —É –Ω–µ—ë –∏ —Å–∞–º –°–µ—Ä–≥–µ–π
karina_08_|834181467429298177|2017-02-21 23:22:14|RT @HannaLevandovsk: –í—Å–µ —Å–º–æ—Ç—Ä—è—Ç –ø—Ä–æ —à—É—Ä—ã–≥–∏–Ω—É,–∞ —è —Å–º–æ—Ç—Ä—é –≤–æ–ª–≥–∏ —Å –¥–∞—á–∏ @JuliaPushman @karina_08_  ‚ù§Ô∏è‚ù§Ô∏è‚ù§Ô∏è‚ù§Ô∏è https://t.co/WjEaHkSyJC
karina_08_|834178318987624448|2017-02-21 23:09:44|–ù—É –¥–ª—è –ø—É–±–ª–∏–∫–∏ —Ö–æ—Ç—è –±—ã –º–æ–∂–Ω–æ –±—ã–ª–æ –±—ã –æ—Ä–≥–∞–Ω–∏–∑–æ–≤–∞—Ç—å. –ü—É—Å—Ç—å –≥–æ–≤–æ—Ä—è—Ç –º–æ–≥–ª–∏ –±—ã —É—Å—Ç—Ä–æ–∏—Ç—å https://t.co/xGMzpSznxa
karina_08_|834164968522207233|2017-02-21 22:16:41|@GrentsPolina —É—É—É :—Å —ç—Ç–æ –æ—á–µ–Ω—å —Å—Ç—Ä–∞–Ω–Ω–æ, —è –Ω–µ –æ–∂–∏–¥–∞–ª–∞ . –ï—Å–ª–∏ —è –ø—Ä–∞–≤–∏–ª—å–Ω–æ –ø–æ–Ω—è–ª–∞ –∫–æ–Ω–µ—á–Ω–æ
karina_08_|834107322012164098|2017-02-21 18:27:37|–û–ø—Ä–∞–≤–¥–∞–ª–∞ –±—ã, –∫–∞–∫ –∏ –º–Ω–æ–≥–∏–µ, –¥—É–º–∞—é. https://t.co/fbdTpa9S8C
karina_08_|834106985461198848|2017-02-21 18:26:16|–ò–Ω—Ç–æ–Ω–∞—Ü–∏—è , –∫–æ–≥–¥–∞ —á–∏—Ç–∞–µ—à—å –ø—Ä–µ–¥–ª–æ–∂–µ–Ω–∏–µ –±–µ–∑ –∑–∞–ø—è—Ç—ã—Ö —Å–æ–≤—Å–µ–º –¥—Ä—É–≥–∞—è. –ù–µ –¥–µ–ª–∞–µ—à—å –ø–∞—É–∑ –∏ –ø–æ—ç—Ç–æ–º—É —Å–º–µ—à–Ω–µ–µ https://t.co/bYnk79zigH
karina_08_|834106778359037953|2017-02-21 18:25:27|–ù–æ –≤–µ–¥—å —Ç–∞–º –µ—â—ë –µ—Å—Ç—å 21–ª–µ—Ç–Ω–∏–π –°–µ—Ä–≥–µ–π.. ( https://t.co/Cprzo4zbD8
karina_08_|834106639527600128|2017-02-21 18:24:54|–•–æ—Ä–æ—à–æ –æ—Ç–Ω–æ—à—É—Å—å. –û–Ω–∏ —Å –ø–µ—Ä–≤—ã—Ö —Å–µ–∫—É–Ω–¥ –ø–æ–∫–∞–∑–∞–ª–∏—Å—å –º–Ω–µ –∞–¥–µ–∫–≤–∞—Ç–Ω—ã–º–∏ –∏ —á–µ—Å—Ç–Ω—ã–º–∏ https://t.co/H2W3urLphH
karina_08_|834106440591749120|2017-02-21 18:24:07|–ê –ø–∞—Ä–Ω—è –∂–∞–ª–∫–æ. –ù–∞–¥–µ—é—Å—å –≤ –±—É–¥—É—â–µ–º –≤ –Ω–µ–≥–æ –ø–æ–ª—É—á–∏—Ç—Å—è —É—Å—Ç—Ä–æ–∏—Ç—å—Å—è –Ω–∞ —Ö–æ—Ä–æ—à—É—é —Ä–∞–±–æ—Ç—É. –ò–Ω–∞—á–µ —Å–æ–≤—Å–µ–º –±–µ–¥–∞ :—Å
karina_08_|834106064123592704|2017-02-21 18:22:37|–õ—é–¥–∏, –∫–æ—Ç–æ—Ä—ã–µ —É–≥—Ä–æ–∂–∞—é—Ç –∏ –¥–µ–ª–∞—é—Ç –ø–ª–æ—Ö–æ –æ–±–µ–∏–º —Å–µ–º—å—è–º (–º–∞–º—É –î–∏–∞–Ω—ã —É–¥–∞—Ä–∏–ª–∏, —É –æ—Ç—Ü–∞ –ø—Ä–æ–∫–æ–ª–æ–ª–∏ –∫–æ–ª–µ—Å–∞ —Ç–∞—á–∫–∏) - –Ω–µ –ª—É—á—à–µ. –í–æ–∑–º–æ–∂–Ω–æ –¥–∞–∂–µ —Ö—É–∂–µ. –ù–∏–∑–∫–æ
karina_08_|834105527026192384|2017-02-21 18:20:29|–û–¥–Ω–æ–≥–æ –Ω–µ –ø–æ–Ω–∏–º–∞—é- –µ—Å–ª–∏ –¥–µ—Ç–µ–∫—Ç–æ—Ä –ª–∂–∏ –¥–µ–π—Å—Ç–≤–∏—Ç–µ–ª—å–Ω–æ –Ω–µ –≤—ã–º—ã—Å–µ–ª, –∞ —Ä–µ–∞–ª—å–Ω–æ —Ä–∞–±–æ—Ç–∞—é—â–∏–π –ø—Ä–∏–±–æ—Ä- –ø–æ—á–µ–º—É –±—ã –∏–º –µ–≥–æ –Ω–µ –∏—Å–ø–æ–ª—å–∑–æ–≤–∞—Ç—å ?
karina_08_|834105280392749062|2017-02-21 18:19:30|–ù–∞—Å—á—ë—Ç –®—É—Ä—ã–≥–∏–Ω—ã—Ö- –¥–∞–∂–µ –≥–æ–≤–æ—Ä–∏—Ç—å –Ω–∏—á–µ–≥–æ –Ω–µ —Ö–æ—á—É, –Ω–µ —Å–µ–º–µ–π–∫–∞ –∞ —Ö–æ–¥—è—á–∏–π –∫–æ—à–º–∞—Ä,–æ–Ω–∏ —Å–∞–º–∏ –∑–∞–ø—É—Ç–∞–ª–∞—Å—å –≤ —Å–≤–æ–µ–π –ª–∂–∏ –∏ –∫–∞–∂–¥—É—é –ø–µ—Ä–µ–¥–∞—á—É –≥–æ–≤–æ—Ä—è—Ç —Ä–∞–∑–Ω–æ–µ
karina_08_|834104674953392128|2017-02-21 18:17:06|–ü—Ä–∏–º–µ—Ä –º–µ–º–∞—Å–æ–≤ https://t.co/8Avs3SkRMu
karina_08_|834104128829788164|2017-02-21 18:14:55|–ö–æ–Ω–µ—á–Ω–æ) –≤ –∑–∞–ª–µ –Ω–∞ –¥–æ—Ä–æ–∂–∫–µ —Å–º–æ—Ç—Ä–µ–ª–∞ –∏ –ø—Ä–æ—Å—Ç –≤ —à–æ–∫–∞—Ö –±—ã–ª–∞ –≤–µ—Å—å –≤—ã–ø—É—Å–∫ https://t.co/3wRNS2AI73
karina_08_|834102290894163968|2017-02-21 18:07:37|–õ—é–±–ª—é –º–µ–º–∞—Å—ã –±–µ–∑ –∑–∞–ø—è—Ç—ã—Ö –æ–Ω–∏ —Å–º–µ—à–Ω–µ–µ
karina_08_|834102204302753792|2017-02-21 18:07:17|–õ—é–±–ª—é –ø–∏—Å–∞—Ç—å –±–µ–∑ –∑–∞–ø—è—Ç—ã—Ö –æ—â—É—â–µ–Ω–∏–µ —á—Ç–æ –Ω–µ –º—ã—Å–ª–∏ –∏–∑–ª–∞–≥–∞—é –∞ –ø–∏—à—É –º–µ–º–∞—Å
karina_08_|834101951939887105|2017-02-21 18:06:16|–ï—Å–ª–∏ –≤ –±–ª–∏–∂–∞–π—à–∏–µ 2 –≥–æ–¥–∞ —è –Ω–µ –ø–æ–ø–∞–¥—É –≤ –ê–º–µ—Ä–∏–∫—É –º–æ–∂–µ—Ç–µ –Ω–∞–∑—ã–≤–∞—Ç—å –º–µ–Ω—è –ª—É–∑–µ—Ä–æ–º
karina_08_|834101653250912256|2017-02-21 18:05:05|–ë—É—Ç–∏—Ñ—É–ª https://t.co/wnBS8mLxzS
karina_08_|833732007830102016|2017-02-20 17:36:15|@LinaSafronova_1 —ç—Ç–æ –Ω–µ —Å–∏–ª—å–Ω—ã–π —Å–ø–æ–π–ª–µ—Ä))
karina_08_|833731605076254721|2017-02-20 17:34:39|RT @_psa_swag: –Ø —Ç–µ–±—è –æ—á–µ–Ω—å —Å–∏–ª—å–Ω–æ –ª—é–±–ª—é –ö–∞—Ä–∏–Ω–∞ –ö–∞—Å–ø–∞—Ä—è–Ω—Ü...üíó @karina_08_ https://t.co/uPHt9u9ldH
karina_08_|833731560138477574|2017-02-20 17:34:28|–î–∞ –≤ —Å–º—ã—Å–ª–µ ? –ü–ª–æ—Ö–æ –º–æ–∂–Ω–æ –∑–Ω–∞—á–∏—Ç –º–∏–ª–ª–∏–æ–Ω –≤–µ—â–µ–π. –ü—Ä–æ —Å–∞–º—É –ø—Ä–æ–±–ª–µ–º—É –Ω–µ –±—ã–ª–æ —Å–ª–æ–≤, –î–∏–∞–Ω–∞ –≥–æ–≤–æ—Ä–∏–ª–∞, —á—Ç–æ –æ–Ω–∞ –Ω–µ —Å–æ–æ–±—â–∏–ª–∞‚Ä¶ https://t.co/eVxFmHOof6
karina_08_|833731089072082944|2017-02-20 17:32:36|–ù—É –∫–ª–∞—Å—Å.
karina_08_|833731053844099072|2017-02-20 17:32:27|–ó–∞—Ç–µ–º - —Å–Ω–∞—á–∞–ª–∞ –≤ –±–æ–ª—å–Ω–∏—Ü—É , –ø–æ—Ç–æ–º –≤ –ø–æ–ª–∏—Ü–∏—é. –ò –≤ –∫–æ–Ω—Ü–µ –º–∞–º–∞ –≤–æ–æ–±—â–µ —Å–∫–∞–∑–∞–ª–∞, —á—Ç–æ –æ–Ω–∏ –ø–æ–µ—Ö–∞–ª–∏ –≤ –±–æ–ª—å–Ω–∏—Ü—É, –∞ —Ç—É–¥–∞ –≤—ã–∑–≤–∞–ª–∏ –ø–æ–ª–∏—Ü–µ–π—Å–∫–∏—Ö.
karina_08_|833730824046526465|2017-02-20 17:31:33|–ê –≤—Ç–æ—Ä–æ–µ - –æ–Ω–∏ –¥–æ —Å–∏—Ö –ø–æ—Ä –Ω–µ –æ–ø—Ä–µ–¥–µ–ª–∏–ª–∏—Å—å –∫—É–¥–∞ –æ–Ω–∏ –ø–æ–µ—Ö–∞–ª–∏ –ø–æ—Å–ª–µ —Ç—É—Å—ã. –°–Ω–∞—á–∞–ª–∞ –≥–æ–≤–æ—Ä–∏–ª–∏ —á—Ç–æ –≤ –ø–æ–ª–∏—Ü–∏—é , –∞ –ø–æ—Ç–æ–º –≤ –±–æ–ª—å–Ω–∏—Ü—É
