Milenamurrr|866769911808393217|2017-05-22 21:37:05|–ü—Ä–∏–ª–µ—Ç–µ–ª–∞,–≤—Å–µ –≤ –ø–æ—Ä—è–¥–∫–µ)
Milenamurrr|866769870637215744|2017-05-22 21:36:55|–û—Ç –¥–∞–≤–ª–µ–Ω–∏—è –≤ —Å–∞–º–æ–ª—ë—Ç–µ –æ—á–µ–Ω—å –æ—Ç–µ–∫–∞–µ—Ç –∏ –±–æ–ª–∏—Ç –Ω–æ—Å, —è –Ω–∏ –∑–∞ —á—Ç–æ —Ç–∞–∫ –Ω–µ –≤–æ–ª–Ω—É—é—Å—å –ø—Ä–∏ –ø–æ–ª—ë—Ç–µ, –∫–∞–∫ –∑–∞ –Ω–æ—Å–∏–∫üôàüòÖ‚úàÔ∏è
Milenamurrr|866720069790953473|2017-05-22 18:19:02|–í —Å–∞–º–æ–ª—ë—Ç–µ –ø—Ä–æ–∏–∑–æ—à–ª–∞ –∫–∞–∫–∞—è-—Ç–æ —É—Ç–µ—á–∫–∞ –≤ –¥–≤–∏–≥–∞—Ç–µ–ª–µ... –±–ª—è, –º–Ω–µ —Å—Ç—Ä–∞—à–Ω–æ —Ç–µ–ø–µ—Ä—å
Milenamurrr|866718185860591617|2017-05-22 18:11:33|@l1zzka –°—Ç—ã–¥–Ω–æ –∏ –°–∞—à–∞ - —ç—Ç–æ –Ω–µ—Å–æ–≤–º–µ—Å—Ç–∏–º—ã–µ –≤–µ—â–∏
Milenamurrr|866711323589181440|2017-05-22 17:44:16|RT @horrortwits: –†–∏—Å—É–Ω–∫–∏, –∏–ª–ª—é—Å—Ç—Ä–∏—Ä—É—é—â–∏–µ —Ç–æ, –∫–∞–∫ –ª—é–¥–∏ –æ–±—Ä–∞—â–∞—é—Ç—Å—è —Å –∂–∏–≤–æ—Ç–Ω—ã–º–∏: https://t.co/Q50fKskPvc
Milenamurrr|866709782413094913|2017-05-22 17:38:09|–í–æ—Ç —É–∂ –Ω–µ –¥—É–º–∞–ª–∞,—á—Ç–æ –æ–º–ª–µ—Ç —Å —Å—ã—Ä–æ–º-—ç—Ç –∑–Ω–∞—á–∏—Ç –ø—Ä–∏–Ω–µ—Å—Ç–∏ –æ–º–ª–µ—Ç –∏ –ø–æ–ª–æ–∂–∏—Ç—å —Ä—è–¥–æ–º –ª–æ–º—Ç–∏–∫–∏ —Å—ã—Ä–∞ üòÇ
Milenamurrr|866477283372134400|2017-05-22 02:14:17|–ù–µ,–õ–∞–Ω,5 —É—Ç—Ä–∞,–Ω–∞—Ñ–∏–≥ –º–æ–π –ø–ª–∞–Ω —Ö–∞—Ö–∞—Ö –æ—Ç–º–µ–Ω–∞üòÇ –∏–ª–∏ –ø—Ä–æ—Ç—Ä–µ–∑–≤–µ–ª–∞ –ø—Ä–æ—Å—Ç–æ ü§î
Milenamurrr|866469775727353856|2017-05-22 01:44:27|@10tanyushka –ù–µ–µ–µ, —è –ø—É—Å—Ç—å –ø–µ—Ä–µ–ø–ª–∞—á—É, –Ω–æ –ø–æ–π–¥—É –∫ —Ö–æ—Ä–æ—à–µ–º—É –≤—Ä–∞—á—É)
Milenamurrr|866467747001192448|2017-05-22 01:36:23|RT @godnoscop: –í–ï–°–´. 22 –º–∞—è. –í—ã —Å–æ—Å—Ç–æ–∏—Ç–µ –∏–∑ 98% –≤–µ–ª–∏–∫–æ–ª–µ–ø–∏—è –∏ —Å–æ–≤–µ—Ä—à–µ–Ω—Å—Ç–≤–∞. –ò –∏–∑ 2% –≤–æ–¥–∏—á–∫–∏.
Milenamurrr|866467582815162369|2017-05-22 01:35:44|@_olyarozka_ –¢–µ—Ö, –∫—Ç–æ –±—ã–ª —Ç–∞–º —Å 2015 –≥–æ–¥–∞
Milenamurrr|866453841344114689|2017-05-22 00:41:08|–í –Ω–æ–≤–æ–º –±–∞—Ä–µ –ø—Ä–∏–Ω–æ—Å—è—Ç —Å—Ç–∞–∫–∞–Ω—ã –∏ –æ—Å—Ç–∞–ª—å–Ω–æ–µ —à–∫—É—Ä—ã –∫–∞–∫–∏–µ-—Ç–æ, –≤—Ä–µ–º—è –æ–±—Ä–∞–±–∞—Ç—ã–≤–∞—Ç—å —Å–ø–∏—Ä—Ç–æ–º —Å—Ç–∞–∫–∞–Ω—ã üê£üôàüòÇ
Milenamurrr|866452617014259715|2017-05-22 00:36:16|@savemebananas –ù–µ—Ç
Milenamurrr|866452546419924996|2017-05-22 00:35:59|@sdthaking –ù–µ —Å–æ–≤—Å–µ–º –ø–æ–Ω—è–ª–∞ –æ –∫–æ–º —Ç—ã)
Milenamurrr|866452296632336384|2017-05-22 00:35:00|–ú–Ω–µ –ø—Ä–∏—à–ª–∞ —Ç–∞–∫–∞–∞–∞—è –µ–±–∞–Ω—É—Ç–∞—è –∏ –Ω–∞–≤—è–∑—á–∏–≤–∞—è –∏–¥–µ—è, –¥–∞ –∏ —Å–∫–æ—Ä–µ–µ –≤—Å–µ–≥–æ –Ω–µ –≤—ã–π–¥–µ—Ç —Ç–æ, —á—Ç–æ —è —Ö–æ—á—É, –Ω–æ —è –≤–µ–¥—å, —Å—É–∫–∞, –Ω–µ —É—Å–ø–æ–∫–æ—é—Å—å, –µ—Å–ª–∏ –Ω–µ –ø–æ–ø—Ä–æ–±—É—é üôà
Milenamurrr|866410791003721728|2017-05-21 21:50:04|@Ivan_Kapliy –ë–æ–ª—å—à–µ 1 –Ω–µ –æ—Å–∏–ª–∏–ª–∞... —Ç–µ—Ä—è—é —Ö–≤–∞—Ç–∫—É(
Milenamurrr|866397772374827008|2017-05-21 20:58:20|–†–∞–∑–æ–∫ –≤ –ö–∏–µ–≤–µ –≤ —Ç–æ–º –∂–µ —Å–∞–º–æ–º –∫–∞—Ñ–µ –º–æ–∂–Ω–æ –∏ –æ—Ç—Ç—è–Ω—É—Ç—å—Å—è!!)
Milenamurrr|866393160703934465|2017-05-21 20:40:00|–ó–æ–º–±–∏ —É–∂–µ –≤—Ç–æ—Ä–æ–π —á–∞—Å —Ö–ª–µ—Å—Ç–∞—é,–≤—Å–µ –Ω–∏–∫–∞–∫ –Ω–µ –º–æ–≥—É 1—ã–π –∫–æ–∫—Ç–µ–π–ª—å –¥–æ–ø–∏—Ç—å üòÇüôà –¢–µ—Ä—è—é —Ö–≤–∞—Ç–∫—É!) –∂–µ—Å—Ç—å) —Ö–∞—Ö–∞ —Ç—Ä–æ–ø–∏–∫ –µ—â—ë –≤–∑—è–ª–∞ ;) –ø–æ—Ç–æ–º —Å–≤–∏—Ç –ß–µ—Ä—Ä–∏ –Ω–∞–¥–æüòÇ
Milenamurrr|866390251966799876|2017-05-21 20:28:27|@PanicAtTheGig –ß—Ç–æ–æ–æ? –ë–ª—è—Ç—å,–Ω–µ—Ç, —è –Ω–µ —à–ª—é—Ö–∞
Milenamurrr|866389586968277000|2017-05-21 20:25:48|–ü–æ–¥–≥–æ—Ç–æ–≤–∏–ª–∞—Å—å –∑–∞–µ–±–∏—Å—å —Ö–∞—Ö–∞—Ö–∞—Ö–∞
Milenamurrr|866389433012154370|2017-05-21 20:25:12|@katiabelevich –°–ø–∞—Å–∏–∏–∏–∏–±–æ
Milenamurrr|866388176813903872|2017-05-21 20:20:12|–ë–ª—è –ø–æ—á–µ–º—É —Ç–∞–∫ –æ—Ä—É —Ö–∞—Ö–∞—Ö–∞
Milenamurrr|866385501703602177|2017-05-21 20:09:34|"""–≠—Ç–æ –±—ã–ª–æ —á—Ç–æ-—Ç–æ —É–∂–∞—Å–Ω–æ–µ,–ª—É—á—à–µ –± —è —ç—Ç–æ –Ω–µ –±—Ä–∞–ª–∞, –ø—Ä–æ—Å—Ç–æ —á—Ç–æ-—Ç–æ —Ü–∏—Ç—Ä—É—Å–æ–≤–æ–µ, –Ω–æ –Ω–µ –æ—Å–æ–±–æ! –î–æ —ç—Ç–æ–≥–æ —Ç–æ –∂–µ —Å–∞–º–æ–µ"" (—Å) –ú–∏–ª–µ—à–∫–∞"
Milenamurrr|866345208639782912|2017-05-21 17:29:28|@Arisha_Dubrova –í—Å–µ–≥–¥–∞, –∫—Ä–æ–º–µ —Ç–æ–≥–æ —Ä–∞–∑–∞
Milenamurrr|866345174863151106|2017-05-21 17:29:20|–ö–æ–≥–¥–∞ –≥–æ—Ç–æ–≤–∏—à—å—Å—è –∫ —Ç—É—Å–æ–≤–∫–µ üòÇ https://t.co/dALYo6v7F7
Milenamurrr|866345166831005699|2017-05-21 17:29:18|"RT @MonikaNight: - –ù–∞ —ç—Ç–æ–π –ø–ª–∞—Ç—Ñ–æ—Ä–º–µ(—é—Ç—É–±) –º–µ–Ω—è –≤—ã–≤–æ–¥–∏—Ç –∏–∑ —Å–µ–±—è:–æ–≥—Ä–æ–º–Ω–æ–µ –∫–æ–ª–∏—á–µ—Å—Ç–≤–æ —Ö—ç–π—Ç–∞, —É–≥—Ä–æ–∑ –∏ –ú–∏–ª–µ–Ω–∞ –ß–∏–∂–æ–≤–∞.
@Milenamurrr https://t.co‚Ä¶"
Milenamurrr|866344453862305793|2017-05-21 17:26:28|–ö–æ–≥–¥–∞ –î—Ä—É–∂–∫–æ —É–ø–æ–º—è–Ω—É–ª –≤ –Ω–æ–≤–æ–º –≤—ã–ø—É—Å–∫–µ üòÇ –≥–æ–≤–æ—Ä—é –∂ —è —Ö–∞–π–ø–æ–≤–∞—è –ø–µ—Ä—Å–æ–Ω–∞üò∏ –ø—Ä–∏ —á–µ–º –∫–∞–∫ –≤—Å–µ–≥–¥–∞ –∞–±—Å–æ–ª—é—Ç–Ω–æ –Ω–∏—á–µ–≥–æ –¥–ª—è —ç—Ç–æ–≥–æ –Ω–µ –Ω–∞–¥–æ –±—ã–ª–æ –¥–µ–ª–∞—Ç—åüê£
Milenamurrr|866323781408698369|2017-05-21 16:04:19|–ü—Ä–∏–≤–µ—Ç https://t.co/8eLLjd8KZH
Milenamurrr|866319755992592384|2017-05-21 15:48:19|–ö–æ—Ä–æ–ª–µ–≤–∞ –ª–∏—Ñ—Ç–æ–≤üòÇ https://t.co/MDelQL2Gtf
Milenamurrr|866316838883536896|2017-05-21 15:36:44|–¢–∞–∫–∞—è –Ω–æ—Å—Ç–∞–ª—å–≥–∏—è) https://t.co/tgK9cn7BcP
Milenamurrr|866316422707908608|2017-05-21 15:35:05|–í–µ—á–µ—Ä–æ–ºüî•üî•üî•
Milenamurrr|866316392764715008|2017-05-21 15:34:58|–ù–∞—Å—Ç—Ä–æ–µ–Ω–∏–µ: —Å–≥–æ–Ω—è—Ç—å –≤ —Ç–æ—Ç –∂–µ –±–∞—Ä, –≥–¥–µ –≥–æ–¥ –Ω–∞–∑–∞–¥ —è –ø–∏–ª–∞ –∑–æ–º–±–∏,—Ç—Ä–æ–ø–∏–∫ –∏ –æ—Å—Ç–∞–ª—å–Ω–æ–µ) –Ω—É –∞ –≤–∏–¥–µ–æ –≤—Å–µ –≤–∏–¥–µ–ª–∏ –∏—Ç–æ–≥–∞üòÇüòÇüòÇ
Milenamurrr|866263668043993088|2017-05-21 12:05:27|"@cha1ka1 –ü—Ä–æ—Å—Ç–æ —Ç–∞–∫ –Ω–∞–ø–∏—Å–∞–ª–∏ —Ç–∏–ø ""—Å—Ç–æ—è–ª–∞ –ø—å—è–Ω–∞—è"" –±–ª—è—è—è—Ç—å) –≤—Å–µ –≤–∑—Ä–æ—Å–ª—ã–µ –ª—é–¥–∏ –∂–µ) –Ω–∞ –∞—Ñ—Ç–µ—Ä–ø–∞—Ç–∏ 90% –ª—é–¥–µ–π –ø—å—é—Ç –∏ –∞–±—Å–æ–ª‚Ä¶ https://t.co/r8OvZgn1IV"
Milenamurrr|866263474678231040|2017-05-21 12:04:41|@cha1ka1 –û–∫ —Ö–∞—Ö–∞—Ö–∞
Milenamurrr|866263389173100544|2017-05-21 12:04:21|@alexswanxx –ù—É –≤–æ—Ç –≤–∏–¥–∏—Ç–µ :))
Milenamurrr|866262957952520192|2017-05-21 12:02:38|@albertaberlin @cha1ka1 –ù—É —Ç—Ä–∞–≤–∞ - —Ç–æ –º–æ–∂–µ—Ç –∏ –Ω–µ —É–±–∏–≤–∞–µ—Ç, –Ω–æ –≤—Ä–µ–¥–Ω–∞ –≤–µ–¥—å —Ç–æ–∂–µ)
Milenamurrr|866262618994069504|2017-05-21 12:01:17|@LisaPolowinka –Ø –≤–æ–æ–±—â–µ —ç—Ç–æ –Ω–µ –¥–µ–ª–∞—é, —è –∞—Å–µ–∫—Å—É–∞–ª—å–Ω–∞)
Milenamurrr|866262075412230144|2017-05-21 11:59:07|"RT @Mr_Aleksandr: When —Ç–µ–±–µ –≤—ã—Ö–æ–¥–∏—Ç—å —á–µ—Ä–µ–∑ 5 –º–∏–Ω –Ω–∞ –≤—Å—Ç—Ä–µ—á—É,–Ω–æ —Ç—ã –µ—â—ë –Ω–µ —É—Å–ø–µ–ª/–∞ —Å–æ–±—Ä–∞—Ç—å—Å—è.
–ò —Ç–∞–∫–æ–π/–∞—è....
#–º–∏–ª–µ–Ω–∞—á–∏–∂–æ–≤–∞ #—é–º–æ—Ä #–±–ª–æ–≥–≥–µ—Ä—ã @M‚Ä¶"
Milenamurrr|866240353539682304|2017-05-21 10:32:48|–ò –∂—Ä—É —è –∫–∞–∫ –∫–æ–Ω–∏–Ω–∞)üôàüåö
Milenamurrr|866240230613012480|2017-05-21 10:32:19|–ò–Ω—Ç–µ—Ä–µ—Å–Ω–æ –ø–æ—á–µ–º—É –∂–µ —É –º–µ–Ω—è —Ç–∞–∫–∏–µ –æ–≥—Ä–æ–º–Ω—ã–µ —â—ë–∫–∏ –∏ –∂–∏–≤–æ—Ç, –≤–µ–¥—å –ø–æ –∏–¥–µ–µ  –∂–µ –∏—Ö –±—ã—Ç—å –Ω–µ –¥–æ–ª–∂–Ω–æ ü§îü§∑üèº‚Äç‚ôÄÔ∏èü§£
Milenamurrr|866238151299411969|2017-05-21 10:24:03|–í 13:30 –±—É–¥—É –≤ –∑–æ–Ω–µ –ª–∞–π—Ñ—Å—Ç–∞–π–ª–∞) –ø—Ä–∏—Ö–æ–¥–∏—Ç–µ üíô
Milenamurrr|866227771881738240|2017-05-21 09:42:49|–ú—á—É –Ω–∞ –≤–∏–¥–µ–æ–∂–∞—Ä—É ^_^ —Ç—É—Ç —É –≤–∞—Å –ø—Ä–æ–±–∫–∞,–º–æ–∂–µ–º –Ω–µ–º–Ω–æ–≥–æ –æ–ø–æ–∑–¥–∞—Ç—åüòù
Milenamurrr|866221521261539328|2017-05-21 09:17:58|@Toffy__k –û—Ç–∫—É–¥–∞ —Ñ–æ—Ç–æ?
Milenamurrr|866221144243937281|2017-05-21 09:16:29|@lanaelioo –Æ–ª—è —Å–µ–±—è –º–∞–∫—Å–∏–º–∞–ª—å–Ω–æ –Ω–µ —É–≤–∞–∂–∞–µ—Ç, –ø—Ä–æ—Å—Ç–æ –ø–æ—Ç–æ–º—É, —á—Ç–æ –∫–∞–∂–¥—ã–π —Ä–∞–∑ –≤—Å–µ –ø—Ä–æ—â–∞–µ—Ç) –∂–µ—Å—Ç—å
Milenamurrr|866203141427081216|2017-05-21 08:04:56|@Toffy__k @godnoscop –í–∏–¥–∏–º–æ —Ö–∞—Ö–∞—Ö–∞—Ö
Milenamurrr|866201647256666112|2017-05-21 07:59:00|@vvvvvvkkkkk238 –ù–µ—Ç
Milenamurrr|866201593292697600|2017-05-21 07:58:47|@qwjhgsv –ë—ã–ª–æ –±—ã –∫–æ–≥–æ! –•–∞—Ö–∞—Ö–∞—Ö–∞—Ö
Milenamurrr|866200395626012672|2017-05-21 07:54:02|RT @godnoscop: –í–ï–°–´.21 –º–∞—è. –í–∞—Å –Ω–∞–∫–æ—Ä–º—è—Ç –≥–æ–ª–æ–≤–Ω–æ–π –±–æ–ª—å—é –∏ –≤—ã —É–±—å—ë—Ç–µ –∫–æ–≥–æ-–Ω–∏–±—É–¥—å.
Milenamurrr|866199418067972096|2017-05-21 07:50:09|–í—Å–µ—Ö –∂–¥—É —Å–µ–≥–æ–¥–Ω—è –Ω–∞ 2 –¥–Ω–µ –≤–∏–¥–µ–æ–∂–∞—Ä—ã üî•üíã
Milenamurrr|866198104097337344|2017-05-21 07:44:55|–î–æ–±—Ä–∞–ª–∞—Å—å –¥–æ –µ–¥—ã –æ–ø—è—Ç—å, —Å—á–∞—Å—Ç–ª–∏–≤–∞ üíìüíìüíì
Milenamurrr|866195410108518400|2017-05-21 07:34:13|–Ø —Ç–∞–∫ —Å–æ—Å–∫—É—á–∏–ª–∞—Å—å –ø–æ –∑–∞–ª—Éüò≠
Milenamurrr|866038637997305857|2017-05-20 21:11:16|–ö—Ä–∞–π—Ü–µ—Ä —Å–∏–¥–∏—Ç) –Ω–µ–º–Ω–æ–≥–æ —Å–ø–æ–π–ª–µ—Ä, –ú–∞—Ä—Ç—ã–Ω–µ–Ω–∫–æ —Å –Ω–µ–π –≤—Å—Ç—Ä–µ—á–∞–µ—Ç—Å—è –Ω—É –∏–ª–∏ –ø—Ä–æ—Å—Ç–æ –∏—Å–ø–æ–ª—å–∑—É–µ—Ç, —Å–æ—Å—É—Ç—Å—è,–æ–±–Ω–∏–º–∞—é—Ç—Å—è,—Ç–∞–∫–∏ –¥–µ–ª–∞) https://t.co/eKtFlv0Mbz
Milenamurrr|866008037097701378|2017-05-20 19:09:40|–°–ø–∞—Å–∏–±–æ –≤—Å–µ–º, –∫—Ç–æ –±—ã–ª —Å–µ–≥–æ–¥–Ω—è –∏ –ø–æ–¥–¥–µ—Ä–∂–∏–≤–∞–ª, –≤—ã –∑–∞–π–∫–∏ üíô
Milenamurrr|866001420063047682|2017-05-20 18:43:22|–ü–µ—Ä–µ–æ–¥–µ–ª–∏—Å—å)
Milenamurrr|866001396189024256|2017-05-20 18:43:17|–ê –º—ã –ø–µ—Ä–µ–æ–¥–µ–ª–æ—Å—å –∏ –µ–¥–µ–º —Ç—É—Å–∏—Ç—å ^^
Milenamurrr|866001308498759680|2017-05-20 18:42:56|–ù–µ –Ω–∞–¥–æ —Å–ø—Ä–∞—à–∏–≤–∞—Ç—å –∫—Ç–æ,—á—Ç–æ) –∏–º—ë–Ω —è –Ω–µ –Ω–∞–∑–æ–≤—É
Milenamurrr|865997796532465666|2017-05-20 18:28:58|–í–µ—á–µ—Ä –¥–æ–±—Ä—ã–π —Å: —á–µ–º –∑–∞–Ω—è—Ç—ã? https://t.co/I1dGDNjWBa
Milenamurrr|865995648189050880|2017-05-20 18:20:26|@crazyymegahell –Ø –Ω–µ –ø—Ä–æ —Ç–µ–±—è –∫–∞–∫ –±—ã)
Milenamurrr|865995586855718912|2017-05-20 18:20:11|@crazyymegahell –ì–æ–Ω–∏—à—å —á—Ç–æ–ª—å? –Ø —Ç–∞–∫—É—é —Ö—É–π–Ω—é –∑–∞ –∫–∏–ª–æ–º–µ—Ç—Ä –æ–±—Ö–æ–∂—É üåö
Milenamurrr|865995028468043778|2017-05-20 18:17:58|–ü–æ–Ω—è—Ç–Ω–æ–µ –¥–µ–ª–æ, —á—Ç–æ —ç—Ç–æ –ø—Ä–æ –û–¥–µ—Å—Å—É
Milenamurrr|865991578829160449|2017-05-20 18:04:16|@sdthaking –ù—É –æ–Ω–∏ –¥—Ä—É–∑—å—è –∫–∞–∫ —Ä–∞–∑)
Milenamurrr|865990510078545920|2017-05-20 18:00:01|–ê –∫—Ç–æ-—Ç–æ –º–∞—Ä–æ—á–∫–∏ –ª—é–±–∏—Ç, –ø—Ä–∏ —á–µ–º —é–∑–∞–µ—Ç –ø–æ —Å–µ–π –¥–µ–Ω—å,–Ω–æ–æ–æ –∫–∞–∫-—Ç–æ –ø—Ä–∏ —Ä–∞–∑–±–æ—Ä–∫–∞—Ö —ç—Ç–∞ —Ç–µ–º–∞ –Ω–µ –ø–æ–¥–Ω–∏–º–∞–µ—Ç—Å—è. –õ—É—á—à–µ –ø–∏—Ç—å, —á–µ–º –∑–∞–∫–∏–¥—ã–≤–∞—Ç—å—Å—è –∫–∏—Å–ª–æ—Ç–æ–πüôà
Milenamurrr|865990034423525377|2017-05-20 17:58:08|–ö—Ç–æ-—Ç–æ –Ω–µ —Ç–∞–∫ –¥–∞–≤–Ω–æ —Ä–µ–≤–æ –±—É—Ö–∞–ª –∫–∞–∫ –Ω–µ –≤ —Å–µ–±—è –∏ –∑–∞ –±–∞–Ω–æ—á–∫—É –±—ã–ª –≥–æ—Ç–æ–≤ –Ω–∞ –≤—Å–µ:) –Ω–æ –ø—Ä–∏ —á–µ–º —Ç—É—Ç —ç—Ç–æ –≤–æ–æ–±—â–µ? –ê—Ö–∞—Ö–∞—Ö–∞
Milenamurrr|865988865911382016|2017-05-20 17:53:29|–û–¥–∏–Ω –Ω–µ–≥–∞—Ç–∏–≤ –æ—Ç –≤–∞—Å) –≤—Å–µ –≤–∞—Å –Ω–µ –ª—é–±—è—Ç, –≤—Å–µ –æ–±–∏–∂–∞—é—Çüò∏ –Ω—É —Ä–∞–∑ –æ—Ç–æ–≤—Å—é–¥—É –≤–æ–Ω—è–µ—Ç –≥–æ–≤–Ω–æ–º, –º–æ–∂–µ—Ç —ç—Ç–æ –≤—ã –æ–±–æ—Å—Ä–∞–ª–∏—Å—å?
Milenamurrr|865976956046778371|2017-05-20 17:06:10|–Ø —É—Å—Ç–∞–ª—å,–µ–¥—É –ø–µ—Ä–µ–æ–¥–µ–≤–∞—Ç—å—Å—è üò∏
Milenamurrr|865826978921947136|2017-05-20 07:10:12|–í 14:00 –∂–¥—É –≤—Å–µ—Ö –≤ –∑–æ–Ω–µ –∞–≤—Ç–æ–≥—Ä–∞—Ñ —Å–µ—Å—Å–∏–∏)
Milenamurrr|865793074340954112|2017-05-20 04:55:29|https://t.co/mOGlaEIyQf
Milenamurrr|865790117822312448|2017-05-20 04:43:44|"–ù–∞–ø–æ–º–∏–Ω–∞—é, —á—Ç–æ –≤ 16:20 –º—ã —Å –ù–∞—Ç–∞—à–µ–π –≤—ã—Å—Ç—É–ø–∞–µ–º —Å ""–ú - —ç—Ç–æ –ú–∏–ª–µ–Ω–∞"" –∏ ""–Ø –≤ –º–µ—Ç—Ä–æ""‚ìÇÔ∏èüî•–ì–ª–∞–≤–Ω–∞—è —Å—Ü–µ–Ω–∞! –ë—É–¥–µ–º –∂–¥–∞—Ç—å –≤–∞—Å –∏ –≤–∞—à–µ–π –ø–æ–¥–¥–µ—Ä–∂–∫–∏üíãüëë"
Milenamurrr|865788061556330496|2017-05-20 04:35:34|–ë—É–¥–µ—Ç–µ —Å–µ–≥–æ–¥–Ω—è –Ω–∞ —Ñ–µ—Å—Ç–∏–≤–∞–ª–µ, –∫–æ—Ç–∏–∫–∏? –í—Å–µ—Ö –æ—á–µ–Ω—å –∂–¥—É—É—É—Éüå∏üíì
Milenamurrr|865787915296702465|2017-05-20 04:34:59|"–ü—Ä–æ—Å–Ω—É–≤—à–∏—Å—å —Å–ª—É—á–∞–π–Ω–æ –≤ 5 —É—Ç—Ä–∞ —è –ø–æ–¥—É–º–∞–ª–∞:""–ø–∏–∏–∏–∏–∏–∏—Å–µ—Ü,–ø–æ—Ç—É—Å–∏–ª–∏""üåö–Ω–æ –ª–µ–≥–ª–∞,–≤—Å—Ç–∞–ª–∞ —á–µ—Ä–µ–∑ —á–∞—Å –∏ —Ç–µ–ø–µ—Ä—å –≤—Å–µ –Ω–æ—Ä–º) —Ñ—É—É—É—Ö—Ö—Ö —Ö–∞—Ö–∞ —è –±—ã –Ω–µ –≤—ã–¥–µ—Ä–∂–∞–ª–∞"
Milenamurrr|865787716008636416|2017-05-20 04:34:11|–î–æ–±—Ä–æ–µ —É—Ç—Ä–æ!)‚òÄÔ∏è
Milenamurrr|865701408397549573|2017-05-19 22:51:14|–ö–∞–∂–µ—Ç—Å—è –∫–æ–º—É-—Ç–æ —É—Ç—Ä–æ–º –±—É–¥–µ—Ç –æ–æ–æ—á–µ–Ω—å —Ç—è–∂–µ–ª–æ –≤—Å—Ç–∞–≤–∞—Ç—åüò∏
Milenamurrr|865692279243251713|2017-05-19 22:14:57|–ë–ª–∏–Ω,—Ä–µ–∞–ª—å–Ω–æ –ø–∏–ø–µ—Ü( 2 —Å—É—Ç–æ–∫ –±–µ–∑ –µ–¥—ã, —Ç–æ–ª—å–∫–æ –ø–∞—Ä—É –ª–∏—Å—Ç—å–µ–≤ —Å–∞–ª–∞—Ç–∞ —Å–µ–≥–æ–¥–Ω—è —Å—ä–µ–ª–∞ –∏ 3-4 –¥–æ–ª—å–∫–∏ –æ–≥—É—Ä—Ü–∞, —è –ø–∏–∑–¥–µ—Ü –∫—É—à–∞—Ç—å —Ö–æ—á—Éüò≠üò≠üò≠
Milenamurrr|865690264911970305|2017-05-19 22:06:57|@x_dorner_x –ö —Å–æ–∂–∞–ª–µ–Ω–∏—é –≤—Å–µ –±—ã–ª–æ —Å –º—è—Å–æ–º –∏ —Ä—ã–±–æ–π)) –∞—Ö–∞—Ö–∞—Ö–∞ —è —ç—Ç–æ –Ω–µ –µ–º
Milenamurrr|865683247929405440|2017-05-19 21:39:04|@savemebananas –ê—Ö –µ—Å–ª–∏ –±—ã
Milenamurrr|865683194741391360|2017-05-19 21:38:51|–ñ–¥—É –∑–∞–≤—Ç—Ä–∞–∫ –±–æ–ª—å—à–µ, —á–µ–º —á—Ç–æ-–ª–∏–±–æ –≤ –º–æ–µ–π –∂–∏–∑–Ω–∏ —Ö–∞—Ö–∞—Ö –Ω–∞–¥–µ—é—Å—å –±—É–¥–µ—Ç –±–æ–ª—å—à–µ –≤–µ–≥–µ—Ç–∞—Ä–∏–∞–Ω—Å–∫–æ–≥–æ,—á–µ–º –ø—Ä–æ—Å—Ç–æ –æ–≥—É—Ä—Ü—ã –∫–∞–∫ —Å–µ–≥–æ–¥–Ω—è üê£
Milenamurrr|865682882517495808|2017-05-19 21:37:37|–ê —Ç—É—Ç –Ω–∞ –º–µ—Ç—Ä–æ –Ω—É–∂–Ω–æ —Ç–æ–∂–µ –∫–∞—Ä—Ç—É –ø–æ–∫—É–ø–∞—Ç—å –∏–ª–∏ –∫–∞–∫?)
Milenamurrr|865679380047159296|2017-05-19 21:23:42|–°–ø–∞—Å–∏–±–æ –±–æ–ª—å—à–æ–µ –º–æ–ª–æ–¥—ã–º –ª—é–¥—è–º, —á—Ç–æ –∑–∞–∫–∞–∑–∞–ª–∏ –º–Ω–µ —Ç–∞–∫—Å–∏üôåüèªüòá
Milenamurrr|865678308863868929|2017-05-19 21:19:27|@HEIDEN_KARINA –í 12?
Milenamurrr|865673961216000000|2017-05-19 21:02:10|–ë–ª—è—è—è—è—Ç—å, —É –º–µ–Ω—è –Ω–µ —Ä–∞–±–æ—Ç–∞—é—Ç —Ç–∞–∫—Å–∏ –Ω–∏–∫–∞–∫–∏–µ –∑–¥–µ—Å—å –∏ –ø–æ—Ö–æ–¥—É —è –æ—Å—Ç–∞—é—Å—å –Ω–æ—á–µ–≤–∞—Ç—å –≤ –∫–ª—É–±–µüê£
Milenamurrr|865612610179391488|2017-05-19 16:58:23|–°—É–ª–∏–º–∞ –∫–æ—Ç–∏–∫ üíì
Milenamurrr|865612555179499520|2017-05-19 16:58:10|–ú–æ–∂–Ω–æ —Å–ø–æ–∫–æ–π–Ω–æ —Ç—É—Å–∏–∏–∏–∏—Ç—å
Milenamurrr|865612524531613697|2017-05-19 16:58:02|–°–ª–∞–≤–∞ –±–æ–≥—É —Ç—É—Ç –Ω–µ—Ç –ú–∞—Ä—Ç—ã–Ω–µ–Ω–∫–æ, —è —É–∂ –≥–æ—Ç–æ–≤–∏–ª–∞—Å—å –æ—Ç–±–∏–≤–∞—Ç—å—Å—è üê£üòÇ
Milenamurrr|865612449218785280|2017-05-19 16:57:44|–ï—Ö–∞–ª–∏ –Ω–∞ —Ç—É—Å–∏—á –∏ –≤—Å—Ç—Ä–µ—Ç–∏–ª–∏ –®–∞–ø–∏–∫–∞,–ø—Ä–æ—Ö–æ–¥—è—â–µ–≥–æ –ø–æ –¥–æ—Ä–æ–≥–µ 2 —Ä–∞–∑–∞ üò∏
Milenamurrr|865610543717122048|2017-05-19 16:50:10|–¢—É—Å–∏—Ç—å –Ω–∞ –≥–æ–ª–æ–¥–Ω—ã–π –∂–µ–ª—É–¥–æ–∫ –æ–ø–∞—Å–Ω–æ –∫–æ–Ω–µ—á–Ω–æ üòÇ –Ω–æ —Ç—É—Ç –∏–∑ –≤–µ–≥–µ—Ç–∞—Ä–∏–∞–Ω—Å–∫–æ–≥–æ –ª–∏—à—å –ª–∏—Å—Ç—å—è —Å–∞–ª–∞—Ç–∞ —Ö–∞—Ö—Ö–∞—Ö–∞
Milenamurrr|865609963296739328|2017-05-19 16:47:52|–ü–æ—Å–ø–∞–ª–∏, –∞ —Ç–µ–ø–µ—Ä—å –∏ –ø–æ—Ç—É—Å–∏—Ç—å –º–æ–∂–Ω–æüåüüåüüåü
Milenamurrr|865480965790904320|2017-05-19 08:15:16|–ô–æ—É, –ö–∏–µ–≤ üòé
Milenamurrr|865431758656765954|2017-05-19 04:59:44|–ß—Ç–æ –≤ –ö–∏–µ–≤–µ –º–æ–∂–Ω–æ –¥–Ω—ë–º –¥–µ–ª–∞—Ç—å?) –∫—É–¥–∞ —Å—Ö–æ–¥–∏—Ç—å?)
Milenamurrr|865427030464229376|2017-05-19 04:40:57|–Ø –≤ –ú–∏–Ω—Å–∫–µ üê£
Milenamurrr|865390046693781505|2017-05-19 02:13:59|–ü–æ—á—Ç–∏ –≤ —Å–∞–º–æ–ª—ë—Ç–µ!)
Milenamurrr|865378851861475329|2017-05-19 01:29:30|–£–∂–µ 15 –º–∏–Ω—É—Ç –∏–∫–∞—éüò∏üê£üôà–∫—Ç–æ –º–µ–Ω—è —Ç–∞–∫ –≤—Å–ø–æ–º–∏–Ω–∞–µ—Ç??
Milenamurrr|865370285037555712|2017-05-19 00:55:28|https://t.co/Xgl3U1C9go
Milenamurrr|865368288515293184|2017-05-19 00:47:32|–ú–æ–∂–Ω–æ —Ö–æ—Ç—è –±—ã –≤ –∞—ç—Ä–æ–ø–æ—Ä—Ç—É —Å–æ –º–Ω–æ–π –Ω–µ –∑–Ω–∞–∫–æ–º–∏—Ç—å—Å—è —Ö–∞—Ö–∞—Ö—Ö
Milenamurrr|865357500580810757|2017-05-19 00:04:40|–ù–æ –∫–æ–µ - —á—Ç–æ –º–µ–Ω—è –ø—Ä—è–º —Ç–∞–∫ –ø–æ—Ä–∞–¥–æ–≤–∞–ª–æ, —á—Ç–æ –ø—Ä—è–º aaawwwwüòª‚ò∫Ô∏è
Milenamurrr|865357404128587783|2017-05-19 00:04:17|–í—Å—è –Ω–∞ –Ω–µ—Ä–≤–∞—Ö, –ø–µ—Ä–µ–∂–∏–≤–∞—é, –µ–¥—É –≤ –∞—ç—Ä–æ–ø–æ—Ä—Ç –∏ –±–æ—é—Å—å —Ö–∞—Ö–∞—Ö –±–æ—é—Å—å –∞—ç—Ä–æ–ø–æ—Ä—Ç–æ–≤( –æ–¥–Ω–∞ —Ç–∞–∫ —Ç–µ–º –±–æ–ª–µ–µ,—Å–ª–æ–∂–Ω–æ
Milenamurrr|865226071343595522|2017-05-18 15:22:25|–ù–µ –∑—Ä—è —Å–∏–Ω–∏–µ –≤–æ–ª–æ—Å—ã –±—ã–ª–∏ —Ö–∞—Ö–∞
Milenamurrr|865225934663802880|2017-05-18 15:21:52|–ò –¥–ª–∏—Ç–µ–ª—å–Ω–æ—Å—Ç—å –ø–µ—Å–Ω–∏ 4:20üòÇ
Milenamurrr|865225695835959296|2017-05-18 15:20:55|RT @PanicAtTheGig: –ö–∞–∂–µ—Ç—Å—è —è –∑–Ω–∞—é —á–µ–π —ç—Ç–æ –¥–∏–∞–ª–æ–≥: https://t.co/SBdnWLuNDd
Milenamurrr|865225532954345473|2017-05-18 15:20:16|–°–æ–æ–±—â–∞—é, –≤ –ø–µ—Ä–≤—ã–π –¥–µ–Ω—å —Ñ–µ—Å—Ç–∏–≤–∞–ª—è –≤—ã—Å—Ç—É–ø–∞–µ–º —Å –ø–µ—Å–Ω—è–º–∏ –≤ 16:20!) –±—É–¥—É –¥–µ—Ä–∂–∞—Ç—å –≤–∞—Å –≤ –∫—É—Ä—Å–µ –≤ —Å–ª—É—á–∞–µ —á–µ–≥–æüåüüíô
Milenamurrr|865194717432225793|2017-05-18 13:17:49|–ú–∞—Ç—å —Å–∫–∞–Ω–¥–∞–ª–æ–≤,–ú–∏–ª–µ—à–∫–∞ —Ö–∞–π–ø–æ—Ä–æ–∂–¥–µ–Ω–Ω–∞—èüëë
Milenamurrr|865194676239949824|2017-05-18 13:17:40|RT @purpursooqa: @Milenamurrr –ú–∏–ª–µ–Ω–∞, –∫—Å—Ç–∞—Ç–∏, —É—Å—Ç—Ä–æ–∏–ª–∞ —Ö–∞–π–ø –µ—â—ë –¥–æ –ø–æ—è–≤–ª–µ–Ω–∏—è —ç—Ç–æ–≥–æ –ø–æ–Ω—è—Ç–∏—è #–º–∞–º–∞—Å–ø–∏–ª–±–µ—Ä–≥
Milenamurrr|865194676101447681|2017-05-18 13:17:39|–ò –ø—Ä–∏ —á–µ–º –≤—Å–µ–≥–¥–∞ –≤—Å–µ —Å–∞–º–æ –ø–æ–ª—É—á–∞–µ—Ç—Å—è, —è —Ç—É—Ç –Ω–µ –ø—Ä–∏ —á–µ–º, —Ö–∞–π–ø –ø—Ä–µ—Å–ª–µ–¥—É–µ—Ç –º–µ–Ω—èüòπüôà
Milenamurrr|865188470146424832|2017-05-18 12:53:00|@cigarette_life_ –Ø –∫–∞–∫ —è –Ω–∏–∫–æ–º—É,–Ω–æ –∫–∞–∫ —á–µ–ª–æ–≤–µ–∫, –ø–æ–≤—ã—à–∞—é—â–∏–π –ø—Ä–æ—Å–º–æ—Ç—Ä—ã –∏ —Ä–∞–∑–≤–æ–¥—è—â–∏–π —Ö–∞–π–ø - –º–Ω–æ–≥–∏–º)
Milenamurrr|865188278189912064|2017-05-18 12:52:14|@Yana_d1611 –•–æ—Ä–æ—à–æ —Å–ø–æ—ë–º;)
Milenamurrr|865187783031365633|2017-05-18 12:50:16|@Darya_Laurent –ë–µ–∑!) —Å–µ–≥–æ–¥–Ω—è —Ä–µ–ø–µ—Ç–∏—Ü–∏—è
Milenamurrr|865187613971554304|2017-05-18 12:49:36|–ü–æ–Ω—è—Ç–Ω–æ,—á—Ç–æ –Ω–µ–∫–æ—Ç–æ—Ä—ã–µ –º—Ä–∞–∑–∏ –∂–∞–∂–¥—É—Ç —Ö–∞–π–ø–∞ –Ω–∞ —Ñ–µ—Å—Ç–∏–≤–∞–ª–µ) –∞ —Ç–∞–∫ –∫–∞–∫ —è –ø—Ä–æ—Å—Ç–æ —Ö–æ–¥—è—á–∏–π —Ö–∞–π–ø, —Ç–æ –∫–æ–Ω–µ—á–Ω–æ –Ω–µ –æ–±–æ–π–¥—É—Å—å –±–µ–∑ –≤–Ω–∏–º–∞–Ω–∏—è, –Ω–æ –≤–æ—Ç –≤–∞–º:üñïüèª
Milenamurrr|865173037397704704|2017-05-18 11:51:40|–í—Å–µ—Ö –∂–¥—É –ø–æ—Å–ª–µ–∑–∞–≤—Ç—Ä–∞ –Ω–∞ –≤–∏–¥–µ–æ–∂–∞—Ä–µ!) –ò—Å–ø–æ–ª–Ω–∏–º —Å –ù–∞—Ç–∞—à–µ–π –Ω–∞—à–∏ –ø–µ—Å–Ω–∏ ;)üíãüî•
Milenamurrr|865163479875014656|2017-05-18 11:13:42|@catredddd –î–∞,mysoulandyou
Milenamurrr|865163357065797632|2017-05-18 11:13:12|@YvVcGniJaM52zFn –ù–µ –∑–Ω–∞—é —Ö–æ—Ä–æ—à–µ–≥–æ –≤—Ä–∞—á–∞)
Milenamurrr|865141645209202688|2017-05-18 09:46:56|@liza_ventsel @maximivancha –ü—Ä–∏ —á–µ–º —Ç—É—Ç –æ–Ω? –û–Ω –Ω–∞—Ö—É–π –º–Ω–µ –Ω–µ —Å–¥–∞–ª—Å—è. –Ø –ø—Ä–æ—Å—Ç–æ —Ö–æ—á—É —É–ª–µ—Ç–µ—Ç—å, –ø–æ—Ö—É–π –∫—É–¥–∞
Milenamurrr|865141442473283584|2017-05-18 09:46:08|–ü–æ–¥–ø–∏—Å–∫—É –Ω–µ —Ö–æ—á—É –ø—Ä–æ—Å—Ç–æ, –∞ –≤—ã —Å–º–æ–∂–µ—Ç–µ –ø–æ–¥–∑–∞—Ä–∞–±–æ—Ç–∞—Ç—å —Å:
Milenamurrr|865141238625861632|2017-05-18 09:45:19|–¢–∞–∫–æ–π –≤–æ–ø—Ä–æ—Å–∏–∫, —É –∫–æ–≥–æ-–Ω–∏–±—É–¥—å –µ—Å—Ç—å –ø—Ä–æ–≥—Ä–∞–º–º—ã —Ç—Ä–µ–Ω–∏—Ä–æ–≤–æ–∫ –ú—É—Å–æ? –Ø –±—ã –∫—É–ø–∏–ª–∞ –∑–∞ 3000 —Ä—É–±–ª–µ–π –≤—Å–µ –≤—Å–µ)
Milenamurrr|864973080157970432|2017-05-17 22:37:07|–°–∫–æ—Ä–µ–π –±—ã —É–ª–µ—Ç–µ—Ç—å ‚úàÔ∏èüåü
Milenamurrr|864964827197865984|2017-05-17 22:04:19|üòîüòîüòî–¥–æ–±—Ä–æ–π –Ω–æ—á–∏
Milenamurrr|864957136761126912|2017-05-17 21:33:46|@YankaMiyavi1 –ö–æ–≥–¥–∞ –Ω–∞ —Å–∞–º–æ–º –¥–µ–ª–µ - —Ç–æ –ø–æ—á—Ç–∏ –Ω–∞–æ–±–æ—Ä–æ—Ç —Ö–∞—Ö–∞—Ö–∞
Milenamurrr|864942872445030402|2017-05-17 20:37:05|@jjustmary –ö–∞–∫–æ–π —Ö–∞–π–ø,–±–æ–∂–µ?) —Ö–∞—Ö–∞ –Ω–∏ –≤ –æ–¥–Ω–æ–º –≥–ª–∞–∑—É –µ–≥–æ) —ç—Ç–æ –∂–µ –¢–≤–∏—Ç—Ç–µ—Ä
Milenamurrr|864942480143372289|2017-05-17 20:35:31|"@jjustmary –ê —è —Ä–∞–∑–≤–µ –≥–æ–≤–æ—Ä—é, —á—Ç–æ ""–Ω–∏—á–µ–≥–æ –Ω–µ –¥–µ–ª–∞–ª–∞"" –∫–∞–∫ –ú–∞—à–µ–Ω—å–∫–∞?)"
Milenamurrr|864934716440498176|2017-05-17 20:04:40|@dz_belle @Maria__Way –ù—É —É —Ç–µ–±—è —á–µ–ª—é—Å—Ç—å –Ω–µ —É–º–µ–Ω—å—à–∏–ª–∞—Å—å)
Milenamurrr|864920695930859520|2017-05-17 19:08:58|–ì—É–±–æ—à–ª–µ–ø –Ω–µ –º–æ–∂–µ—Ç –æ–ø—Ä–µ–¥–µ–ª–∏—Ç—å—Å—è –∏ —Ö–æ—á–µ—Ç –≤—Å–µ üôÑüê£üò∏ https://t.co/4PqadLfVlF
Milenamurrr|864912347911131136|2017-05-17 18:35:47|–Ø –∫–∞–∫-—Ç–æ —É–ø–æ—Ä–æ–ª–∞—Å—å –∏–ª–∏ —É –º–∞—à–∏–Ω –¥–∏—Å–∫–∏ –ø—Ä–∏ –¥–≤–∏–∂–µ–Ω–∏–∏ —Ä–∏–ª –≤ –æ–±—Ä–∞—Ç–Ω—É—é —Å—Ç–æ—Ä–æ–Ω—É –∫—Ä—É—Ç—è—Ç—Å—è?üôÑ
Milenamurrr|864889922100088832|2017-05-17 17:06:40|–ù—É –∞ –≤–æ–æ–±—â–µ —è —Å–µ—Ä—å—ë–∑–Ω–æ) –∏—â—É —Ö–æ—Ä–æ—à–µ–≥–æ —Ö–∏—Ä—É—Ä–≥–∞, –∫–æ—Ç–æ—Ä—ã–π —Ç–∞–∫–∂–µ —Å–¥–µ–ª–∞–µ—Ç
Milenamurrr|864889853066039296|2017-05-17 17:06:24|–û–±–æ–∂–∞—é –≤–∑—Ä—ã–≤–∞—Ç—å –ø—É–∫–∞–Ω—ã, –ë–£–ú–ë–£–ú–ë–£–ú! –•–∞—Ö–∞—Ö–∞—Ö
Milenamurrr|864889588623474689|2017-05-17 17:05:21|@kate0236 –¢–∞–∫ —è —Ç–∞–∫–∂–µ —Ö–æ—á—É! –í–æ—Ç —Å–ø—Ä–∞—à–∏–≤–∞—é —É –∫–æ–≥–æ —Ç–∞–∫ –º–æ–∂–Ω–æ —Å–¥–µ–ª–∞—Ç—å
Milenamurrr|864889341889445889|2017-05-17 17:04:22|@peniekita –≠–º,–Ω–æ –∫—Ä–æ–º–µ –Ω–æ—Å–∞ –Ω–∏—á–µ–≥–æ –Ω–µ –∏–∑–º–µ–Ω–∏–ª–æ—Å—å —Ö–∞—Ö—Ö–∞–∞ –∏ —Ç–æ –Ω–µ–º–Ω–æ–≥–æ
Milenamurrr|864883744364257281|2017-05-17 16:42:08|–í—Å–µ—Ö —Å –ø—Ä–∞–∑–¥–Ω–∏–∫–æ–º!)üè≥Ô∏è‚Äçüåà
Milenamurrr|864882337905078272|2017-05-17 16:36:32|–ù–µ,—è —Å–µ—Ä—å—ë–∑–Ω–æ)) –ø–æ –±–∞—Ä—Ç–µ—Ä—É –Ω–µ –ø—Ä–µ–¥–ª–∞–≥–∞—Ç—å —Ç–æ–ª—å–∫–æ!üê£
Milenamurrr|864882186771722240|2017-05-17 16:35:56|–í–æ–æ–±—â–µ –≤ –º—Å–∫ —Ç–∞–∫–æ–µ –¥–µ–ª–∞—é—Ç?)
Milenamurrr|864881905015160832|2017-05-17 16:34:49|–ü–æ–¥—Å–∫–∞–∂–∏—Ç–µ –≥–¥–µ —Ç–∞–∫ —á–µ–ª—é—Å—Ç—å —Å—Ä–µ–∑–∞—é—Ç) —Ç–æ–∂–µ —Ö–æ—á—É https://t.co/Rek3YGFX5x
Milenamurrr|864880178530590720|2017-05-17 16:27:57|@PanicAtTheGig @peniekita –õ—É—á—à–µ —É–∂ –±—ã–ª–æ –º–æ–¥–Ω–æ))
Milenamurrr|864879903342301184|2017-05-17 16:26:52|@PanicAtTheGig @peniekita –ò–∑–Ω–∞—Å–∏–ª–æ–≤–∞–Ω–∏–µ - –Ω–µ —Å—á–∏—Ç–∞–µ—Ç—Å—è
Milenamurrr|864879634978099200|2017-05-17 16:25:48|@peniekita @PanicAtTheGig –ù–µ—Ç,—ç—Ç–æ –≤–æ—Å–ø–∏—Ç–∞–Ω–Ω–æ—Å—Ç—å,–≥–æ—Ä–∂—É—Å—å —Å–æ–±–æ–π)
Milenamurrr|864879539750653952|2017-05-17 16:25:25|@PanicAtTheGig @peniekita –õ—É—á—à–∏–º –¥—Ä—É–∑—å—è–º –∏ –Ω–µ —Ç–∞–∫–æ–µ –ø—Ä–æ—Å—Ç–∏—à—å) –¥–∞ –∏ —é–ª—è –¥–∞–≤–Ω–æ —Ç–∞–∫–∏–º –Ω–µ –∑–∞–Ω–∏–º–∞–ª–∞—Å—å
Milenamurrr|864877756798074880|2017-05-17 16:18:20|@InnaWhite05 –ù–∏ –≥—Ä–∞–º–º–∞) —è —Å —Ç—Ä–µ–Ω–∏
Milenamurrr|864877688657502214|2017-05-17 16:18:04|@peniekita @PanicAtTheGig –ú–Ω–µ –ø—Ä–æ—Ç–∏–≤–Ω–æ –æ—Ç —ç—Ç–æ–≥–æ —Å–ª–æ–≤–∞
Milenamurrr|864838672058810368|2017-05-17 13:43:02|"–ö–∞–∫ –∏–¥–µ–∞–ª—å–Ω–æ, —á—Ç–æ —è —Ç–∞–∫–æ–π —Ä–æ–¥–∏–ª–∞—Å—å) —Ç—É—Ç —Å–ª–æ–≤–æ ""—à–ª—é—Ö–∞"" –∏ –ø—Ä–æ–∏–∑–≤–æ–¥–Ω—ã–µ –∏—Å–∫–ª—é—á–µ–Ω—ã —Ö–∞—Ö–∞—Ö–∞ –ü—Ä–æ—Å—Ç–æ –ø–æ—Ç–æ–º—É —á—Ç–æ —è —Ç–∞–∫–∏–º –¥–∞–∂–µ —Å –ª—é–±–∏–º—ã–º –Ω–µ –∑–∞–Ω–∏–º–∞—é—Å—å"
Milenamurrr|864838433268789248|2017-05-17 13:42:05|–≠—Ç–æ –∫–æ–≥–¥–∞ —Ç–µ–±–µ –Ω–µ –Ω—Ä–∞–≤–∏—Ç—Å—è –∫–µ–∫—Å, –Ω–æ –ø–æ—Ü–µ–ª—É–∏ –Ω—Ä–∞–≤—è—Ç—Å—è –∏ —Å –ø–∞—Ä–Ω—è–º–∏ –∏ —Å –¥–µ–≤—É—à–∫–∞–º–∏)
Milenamurrr|864837549088542721|2017-05-17 13:38:34|–ú–Ω–µ —Ç—É—Ç –ø–æ–¥—Å–∫–∞–∑–∞–ª–∏, —è –æ–∫–∞–∑—ã–≤–∞–µ—Ç—Å—è –≥–æ–º–æ—Å–µ–∫—Å—É–∞–ª –ø–∞–Ω—Ä–∞–º–∞–Ω—Ç–∏–∫) ü§ó
Milenamurrr|864833860672114693|2017-05-17 13:23:54|@l1zzka –í —Ç–µ–±—è –≤—Å–µ–ª–∏–ª–∞—Å—å —è —Ö–∞—Ö–∞—Ö
Milenamurrr|864809779822243840|2017-05-17 11:48:13|–î–Ω–µ–≤–Ω–æ–π –ø–µ—Ä–µ–∫—É—Åüòã https://t.co/x7Ma59nbIJ
Milenamurrr|864790676222988288|2017-05-17 10:32:18|@julia_golovnina –§—É—Ö, –∞ —è —É–∂ –¥—É–º–∞–ª–∞ –æ–Ω–∏ –º–µ—Ä—Ç–≤—ã üôà
Milenamurrr|864766521779912705|2017-05-17 08:56:20|–ö—Ç–æ-–Ω–∏–±—É–¥—å –æ–±—ä—è—Å–Ω–∏—Ç–µ –ø—Ä–∏–∫–æ–ª —Å –∫–æ–∑–∞–º–∏ –Ω–∞ —Å—Ç–µ–Ω–µ)) –∞—Ö–∞—Ö–∞—Ö –æ–Ω–∏ –∫–∞–∫ —Ç–∞–º –æ–∫–∞–∑–∞–ª–∏—Å—å –∏ –≤–æ–æ–±—â–µ —á—Ç–æ –∑–∞üòÇ
Milenamurrr|864751277133135872|2017-05-17 07:55:45|@_belohka –ù—É –∞ –≤ –ø–µ—Ä–≤—É—é –æ—á–µ—Ä–µ–¥—å –¥–ª—è —Å–µ–±—è) —ç—Ç–æ –∑–∞–ª–æ–≥ —É—Å–ø–µ—Ö–∞
Milenamurrr|864751149022314496|2017-05-17 07:55:14|@_belohka –î–ª—è –ø–∏–¥–æ—Ä–∞? –ó–∞—á–µ–º? –£ –º–µ–Ω—è –µ—Å—Ç—å –æ—á–µ–Ω—å —Ö–æ—Ä–æ—à–∏–π –∫–æ—Ç–∏–∫, –¥–ª—è –∫–æ—Ç–æ—Ä–æ–≥–æ —Ä–µ–∞–ª—å–Ω–æ –º–æ–∂–Ω–æ –ø–æ—Å—Ç–∞—Ä–∞—Ç—å—Å—è
Milenamurrr|864750993053024256|2017-05-17 07:54:37|–ü–æ–∫–∞ —Ç—ã –±—É—Ö–∞–µ—à—å, —è —Ç—Ä–µ–Ω–∏—Ä—É—é—Å—å üòè
Milenamurrr|864745066237243392|2017-05-17 07:31:04|–ï–¥—É –Ω–∞ –º–∞–Ω–∏–∫—é—Ä/–ø–µ–¥–∏–∫—é—Ä, –≥–æ—Ç–æ–≤–ª—é—Å—å –∫ –≤–∏–¥–µ–æ–∂–∞—Ä–µ üî• –í –ø–µ—Ä–≤—ã–π –¥–µ–Ω—å —É –º–µ–Ω—è —Ç–∞–∫–æ–π –ª—É–∫))) —É —Å–∞–º–æ–π —Å–ª—é–Ω–∫–∏ —Ç–µ–∫—É—Ç üòçüò±
Milenamurrr|864590870120726528|2017-05-16 21:18:21|"–ú–Ω–µ –º–∞–∫—Å–∏–º–∞–ª—å–Ω–æ —Å—Ç—Ä–∞—à–Ω–æ —á—ë—Ç —Å—Ç–∞–ª–æ, —Ö–∞—Ö–∞—Ö—Ö–∞ 
–ó–∞–ø–æ–º–Ω–∏—Ç–µ, —á—ë—Ä–Ω—ã–π —Ö–µ–Ω–¥–∞–π –°011,–ü–µ—Ç—Ä–æ–≤ –ê–Ω–¥—Ä–µ–π - –æ—á–µ–Ω—å –æ–ø–∞—Å–Ω—ã–π –≤–æ–¥–∏–ª–∞, –Ω—É –Ω–∞—Ö—É–π"
Milenamurrr|864589716460634112|2017-05-16 21:13:46|–≠—ç—ç,–ø–æ –≤—Å—Ç—Ä–µ—á–∫–µ- —Ç–æ –Ω–µ –Ω–∞–¥–æ –Ω–∞ —Ç–∞–∫–æ–π —Å–∫–æ—Ä–æ—Å—Ç–∏üò±üôà
Milenamurrr|864588034444013569|2017-05-16 21:07:05|–î—Ä–∏—Ñ—Ç—É–µ—Ç –º–æ—è –∑–∞—èüòÇüôà
Milenamurrr|864587466052956162|2017-05-16 21:04:49|"–í–æ–ø—Ä–æ—Å —Ç–∞–∫—Å–∏—Å—Ç–∞ :"" –ü–æ –ª—é–±–ª–∏–Ω–∫–µ –º–æ–∂–Ω–æ –±—É–¥–µ—Ç –ø–æ–ø—Ä—ã–≥–∞—Ç—å?"" –Ω–µ–º–Ω–æ–≥–æ –æ–∑–∞–¥–∞—á–∏–ª –º–µ–Ω—è üòÖ"
Milenamurrr|864585728331837440|2017-05-16 20:57:55|@godnoscop –õ—É—á—à–∏–µ üíô
Milenamurrr|864585675328434176|2017-05-16 20:57:42|RT @godnoscop: @Milenamurrr –ü—É–ø—Å–∏–∫, –º—ã –ø—Ä–æ—Å—Ç–æ –±–µ—Ä–µ–∂–µ–º —Ç–µ–±—è
Milenamurrr|864585550648545280|2017-05-16 20:57:13|–†–µ–∂–µ—à—å –±–µ–∑ –Ω–æ–∂–∞
Milenamurrr|864581912588890113|2017-05-16 20:42:45|–ö–∞–ø—É—á–∏–Ω–æ –∞–π—Å –∑–∞ –≤–∞—Å!) https://t.co/D2twaNQHs3
Milenamurrr|864581733492117506|2017-05-16 20:42:03|–ù—É —è —Ö–æ—Ç—å –ø–æ–∫—É—à–∞–ª–∞ —Å: –¥–æ–≤–æ–ª—å–Ω–µ–π –ø–µ–ª—å–º–µ–Ω—å
Milenamurrr|864581633491468289|2017-05-16 20:41:39|–ê —á—Ç–æ —Å –ø–æ–≥–æ–¥–æ–π —Ç–æ( –∑–∞–¥–æ–ª–±–∞–ª–æ
Milenamurrr|864581432538271745|2017-05-16 20:40:51|@godnoscop –í–æ—Ç –≤–µ—á–Ω–æ —É –º–µ–Ω—è –≤—Å–µ —Å–æ —Å–Ω–æ–º —Å–≤—è–∑–∞–Ω–æ —Ö–∞—Ö–∞—Ö —Å–æ–Ω –∫–∞–∫ —Å–º—ã—Å–ª –∂–∏–∑–Ω–∏
Milenamurrr|864574385436454912|2017-05-16 20:12:51|–±–ª—ç–¥, —ç–∫–∑—ç–º—ç–Ω—ã.
Milenamurrr|864574009891061760|2017-05-16 20:11:21|RT @Aprelushka: –•–∑ –Ω–∞—Å—á—ë—Ç —Ç–æ–≥–æ, —á—Ç–æ–±—ã –æ–±–∏–∂–∞—Ç—å –∂–µ–Ω—â–∏–Ω—É. –û–Ω–∞ –≤ —ç—Ç–æ –≤—Ä–µ–º—è –ø—Ä–µ–≤—Ä–∞—â–∞–µ—Ç—Å—è –≤ –≤–µ–¥—å–º—É –∏ –º–æ–∂–µ—Ç –ø—Ä–æ–∫–ª—è–Ω—É—Ç—å.
Milenamurrr|864573752662786052|2017-05-16 20:10:20|RT @Dudareva20021: –¢–∞—â—É—Å—å –ø–æ –ø–æ—Å–ª–µ–¥–Ω–µ–º—É –≤–ª–æ–≥—É –ú–∏–ª–µ–Ω—ã  üíúüíúüíúüíú–û–Ω –∞—Ö—É–µ–Ω–Ω—ã–π https://t.co/QCBb9gF3nQ
Milenamurrr|864573634937049089|2017-05-16 20:09:52|–ö–æ–≥–¥–∞ –∑–æ–≤—ë—à—å –æ—Ñ–∏—Ü–∏–∞–Ω—Ç–∞, –∫ —Ç–µ–±–µ –ø–æ–¥—Ö–æ–¥—è—Ç –∏ —Å —Ö–æ–¥—É: –ü–∞—Å—Ç–∞ –ø–æ-–∫–∞–π–µ–Ω—Å–∫–∏ —Å –∫—É—Ä–∏—Ü–µ–π, –Ω–æ –±–µ–∑ –∫—É—Ä–∏—Ü—ã, –¥–∞? üòÇüòçüåü
Milenamurrr|864564480142979073|2017-05-16 19:33:29|@Sofiya_V_vip –ë—Ä–æ–≤–∏ —Å–≤–æ–∏ —Ç–∞–∫–∏–µ) –≥–æ—Ä–¥–æ—Å—Ç—å
Milenamurrr|864542764817690625|2017-05-16 18:07:12|RT @K_Eropolov: –í–Ω–µ–∑–∞–ø–Ω–æ!üòå @Milenamurrr https://t.co/0u6ymuWsIS
Milenamurrr|864516230740422656|2017-05-16 16:21:46|@RfhRomanoff @SamantaDarko –ò–ª–∏ —Å–∞–º –ø—Ä–æ—è–≤–ª—è–µ—Ç –∏–Ω–∏—Ü–∏–∞—Ç–∏–≤—É –ø–µ—Ä–≤—ã–π))
Milenamurrr|864501869749653504|2017-05-16 15:24:42|@LUBAONEBOWS –ü–∞–Ω?? –ß—Ç–æ —ç—Ç–æ?)
Milenamurrr|864501714342293504|2017-05-16 15:24:05|–ü–æ–≥–Ω–∞–ª–∏üëÑ
Milenamurrr|864484419029147649|2017-05-16 14:15:21|@gallavich_fore –ê –º–µ–Ω—è –≤–æ–∑–º—É—Ç–∏–ª–æ —ç—Ç–æ)) –ø—Ä–∏ —Ç–æ–º, —á—Ç–æ –º–æ–π –æ—Ç–¥—ã—Ö –≤–æ–æ–±—â–µ –∫–∞–∫ –±—ã –Ω–∏–∫–æ–≥–æ –≤–æ–ª–Ω–æ–≤–∞—Ç—å –Ω–µ –¥–æ–ª–∂–µ–Ω –∏ –≤ —ç—Ç–æ–π —Å–∏—Ç‚Ä¶ https://t.co/iQuIlhZUFR
Milenamurrr|864483243617341440|2017-05-16 14:10:41|@gallavich_fore –ê —Å –Ω–∏–º —è –∏ –Ω–µ –±—É—Ö–∞–ª–∞) —è –≥—É–ª—è–ª–∞ –∏ –≤—ã–ø–∏–≤–∞–ª–∞ —Å –µ–≥–æ —Å–µ—Å—Ç—Ä–æ–π –∫–∞–∫ –±—ã;) –∞ –æ–Ω –¥–æ–º–∞ –∂–¥–∞–ª
Milenamurrr|864459578544709632|2017-05-16 12:36:39|@_zaikinna_ –°–ª–∞–≤–∞ –±–æ–≥—É ) –ø—Ö–∞–∑—Ä–∑ –∞ –≤–æ—Ç –∫–∞–∫–æ–π –æ—Ä–∏–µ–Ω—Ç–∞—Ü–∏–∏?) –∏ —Ç–∞–∫ –¥–∞–ª–µ–µ –æ—Å—Ç–∞—ë—Ç—Å—è –∑–∞–≥–∞–¥–∫–æ–π
Milenamurrr|864459456976957440|2017-05-16 12:36:10|@iamidabitches –Ø –µ—â—ë –Ω–µ —Å–¥–µ–ª–∞–ª–∞) –∞ –æ—Ç–µ–∫ –ø–æ–ª–Ω–æ—Å—Ç—å—é —Å–æ–π–¥—ë—Ç –Ω–µ–¥–µ–ª–∏ —á–µ—Ä–µ–∑ –ø–æ–ª—Ç–æ—Ä—ã —Ç–æ–ª—å–∫–æ
Milenamurrr|864459164663382016|2017-05-16 12:35:00|–Ø —á—ë—Ç –º–∞–∫—Å–∏–º–∞–ª—å–Ω–æ –∑–∞–ø—É—Ç–∞–ª–∞—Å—å –∫—Ç–æ —è –≤–æ–æ–±—â–µ –∏ —á—Ç–æ —Å –∫–µ–º –º–Ω–µ –Ω—Ä–∞–≤–∏—Ç—Å—è üòÇ
Milenamurrr|864458795174559744|2017-05-16 12:33:32|–ü–µ—Ä–≤–æ–∞–ø—Ä–µ–ª—å—Å–∫–∞—è —Ç—É—Å–æ–≤–∫–∞ –ø–ª–æ—Ö–æ –Ω–∞ –º–µ–Ω—è –ø–æ–≤–ª–∏—è–ª–∞ –∞—Ö–∞—Ö–∞—Ö–∞–∑
Milenamurrr|864458474641600512|2017-05-16 12:32:15|@AKreysvord –° –ú–∞—Ä—å—è–Ω–æ–π –∏ –†–µ—àüôàüôàüôà –∏ –º—ã –≤—Ç—Ä–æ—ë–º... —á—Ç–æ-—Ç–æ –ø–∏–∑–¥–µ—Ü –∞—Ö–∞—Ö–∞—Ö–∞—Ö
Milenamurrr|864458234576470020|2017-05-16 12:31:18|–ú–∏–ª–µ—à–∫–∞ –±–µ–∑ –ª–∏–Ω–∑,–≥—É–± –∏ –º–µ–π–∫–∞) –∑–∞–ø–æ–º–Ω–∏—Ç–µ –µ–µ —Ç–∞–∫–æ–πüò∏ https://t.co/KbFsFw7WxR
Milenamurrr|864451424247308288|2017-05-16 12:04:14|–í–µ–¥—å –≤ –ø–µ—Ä–≤—É—é –æ—á–µ—Ä–µ–¥—å —ç—Ç–æ –Ω—É–∂–Ω–æ –º–Ω–µüê¨
Milenamurrr|864451372367970305|2017-05-16 12:04:02|–ò–∑-–∑–∞ –¥–æ–ª–±–∞–Ω–æ–π –ø—Ä–æ–±–∫–∏ –æ–ø–æ–∑–¥–∞–ª–∞ –Ω–∞ –ø–æ–ª—á–∞—Å–∞(( –≤–æ—Ç —É–∂ –∫—É–¥–∞ –æ–±–∏–¥–Ω–æ –æ–ø–∞–∑–¥—ã–≤–∞—Ç—å,—Ç–∞–∫ —ç—Ç–æ –Ω–∞ —Ç—Ä–µ–Ω–∏
Milenamurrr|864418513540304898|2017-05-16 09:53:28|–ü–æ—Ç–æ–º –∫—É—à–∞—Ç—å –∏ –ø–æ—Ç–æ–º –∫ –∫–æ—Å–º–µ—Ç–æ–ª–æ–≥—É :)
Milenamurrr|864418449291976704|2017-05-16 09:53:13|–ï–¥—É –Ω–∞ —Ç—Ä–µ–Ω—é ^__^ –±—É–¥–µ–º –ª–µ—Ç–∞—Ç—å üïä
Milenamurrr|864416956803407872|2017-05-16 09:47:17|@LizzzaKr –ù–µ–µ–µ–µ–µ—Ç, —Ç–∞–∫–æ–µ —è –æ–∑–≤—É—á–∏–≤–∞—Ç—å –Ω–µ –±—É–¥—É —Ö–∞—Ö—Ö–∞—Ö–∞
Milenamurrr|864412257786232832|2017-05-16 09:28:36|–í–æ—Ç —ç—Ç–æ —Å–Ω—ã –∫–æ–Ω–µ—á–Ω–æ –º–Ω–µ —Å–Ω–∏–ª–∏—Å—å üò∂üôÑ
Milenamurrr|864272426565324800|2017-05-16 00:12:58|üòíüòíüòí
Milenamurrr|864265037359304705|2017-05-15 23:43:36|–í–∏–¥–∏–º–æ –º–∏–Ω–∏-—Ç—É—Å–æ–≤–∫–∞ –æ—Ç–º–µ–Ω—è–µ—Ç—Å—è :( –ª–∞–¥–Ω–æ
Milenamurrr|864253453043986432|2017-05-15 22:57:34|–Ø –±—É–¥—É –≤–º–µ—Å—Ç–æ, –≤–º–µ—Å—Ç–æ, –≤–º–µ—Å—Ç–æ –Ω–µ—ëüòé
Milenamurrr|864252020865347588|2017-05-15 22:51:53|–°–∫–∞–∂–∏—Ç–µ, —è –∂–µ –Ω–µ –æ–¥–Ω–∞ –≤ –Ω–∞—É—à–Ω–∏–∫–∞—Ö –ø–µ—Ä–µ–¥ –∑–µ—Ä–∫–∞–ª–æ–º —Ç–∞–Ω—Ü—É—é –∏ –∫—Ä–∏–≤–ª—è—é—Å—å? –•–∞—Ö–∞—Ö–∞—Ö
Milenamurrr|864249671920832512|2017-05-15 22:42:33|–ö—Ç–æ-—Ç–æ —Å–∫–æ—Ä–æ –≤—ã—Ö–≤–∞—Ç–∏—Ç –æ—Ç–±–æ—Ä–Ω–æ–π –ø–∏–∑–¥—ã)))
Milenamurrr|864247937521643521|2017-05-15 22:35:39|–ü—Ä–æ—Ç–µ–∏–Ω–æ–≤–∞—è –º–æ—Ä–æ–∂–∫–∞ –∏ –º—É–∑—ã–∫–∞ - —Ç—É—Å–∞ –≤–µ–∫–∞ üò∏ https://t.co/3tHbRJ4XVz
Milenamurrr|864236635822731264|2017-05-15 21:50:45|@icvunpCRNR7MobD –£ –º–µ–Ω—è —Å–≤–æ–∏ –∑–∞—à–∏–±–µ–Ω–Ω—ã–µ;) –Ω–∏ –¥–æ–±–∞–≤–∏—Ç—å,–Ω–∏ —É–±–∞–≤–∏—Ç—å –∞—Ö–ø—Ö–∞—Ö
Milenamurrr|864234853927194624|2017-05-15 21:43:40|@icvunpCRNR7MobD –§—É,–Ω–µ–Ω–∞–≤–∏–∂—É –±–∏–¥–æ–Ω—ã
Milenamurrr|864216515016634368|2017-05-15 20:30:48|–°—Ç—Ä–µ–ª–∫–∏ —è —Ä–∏—Å—É—é —Å–∏—Ä–µ–Ω–µ–≤—ã–º–∏ —Ç–µ–Ω—è–º–∏,–ø–æ—Ç–æ–º—É –æ–Ω–∏ —Ç–∞–∫–∏–µ –∏–Ω—Ç–µ—Ä–µ—Å–Ω—ã–µ –≤—ã—Ö–æ–¥—è—Ç)
Milenamurrr|864216039130836993|2017-05-15 20:28:54|https://t.co/Z9gd5B30jg
Milenamurrr|864216028309594112|2017-05-15 20:28:52|–ú—É—Ä–∫ https://t.co/PEIYwTIRN0
Milenamurrr|864215654496391174|2017-05-15 20:27:23|@glazur_sladkaia –î–∞)) —è –∂ —Ä–∞–∑–±–∏–ª–∞ —Ñ–∏–ª–ª–µ—Ä ) —Ç–µ–ø–µ—Ä—å —Å–≤–æ–∏ —Ä–æ–¥–Ω–µ–Ω—å–∫–∏–µ
Milenamurrr|864213412930351104|2017-05-15 20:18:28|@glazur_sladkaia –£ –º–µ–Ω—è —Å–≤–æ–∏)) –ø–æ–∫–∞ —á—Ç–æ —Ö–∞—Ö–∞ —Ç–∞–∫ —á—Ç–æ –º–æ–≥—É –ø–æ–∑–≤–æ–ª–∏—Ç—å
Milenamurrr|864211457625522177|2017-05-15 20:10:42|@aukukareku –¢–æ–ª—å–∫–æ –Ω–æ—Å —Å–ª–µ–≥–∫–∞ –∏–∑–º–µ–Ω–∏–ª–∞) —Ç–∞–∫ —á—Ç–æ –∫—Ç–æ —Ç—É—Ç —Å–ª–µ–ø–∏–ª, —Ç–∞–∫ —ç—Ç–æ –í—ç–π)
Milenamurrr|864211334409461764|2017-05-15 20:10:13|"–ù–∞—Å—á—ë—Ç –ø–µ—Å–Ω–∏) –£ –≥—Ä—É–ø–ø—ã ""–ê–ª–∏—Å–∞"" –µ—Å—Ç—å —Ü–µ–ª—ã–π –∞–ª—å–±–æ–º ""–ë–ª–æ–∫–∞–¥–∞"", –Ω–æ —á—Ç–æ-—Ç–æ –Ω–∏–∫—Ç–æ –Ω–µ –≤–æ–∑–º—É—â–∞–ª—Å—è :)"
Milenamurrr|864208511768690689|2017-05-15 19:59:00|–î–ª—è —Ç–µ—Ö, –∫—Ç–æ –≤—Å–µ –µ—â—ë —Å–æ–º–Ω–µ–≤–∞–µ—Ç—Å—è –≤ –±—É–ª—Ö–æ—Ä–Ω–µ –í—ç–π) —Ä–∞—Å—Å—Ç–æ—è–Ω–∏–µ –æ—Ç –Ω–æ—Å–∞ –¥–æ –≥—É–± –Ω–µ —É–º–µ–Ω—å—à–∞–µ—Ç—Å—è –∏ –≥—É–±–∞ —Ç–∞–∫ –ø—Ä–æ—Å—Ç–æ —Ç–∞–∫ –Ω–µ‚Ä¶ https://t.co/m52P2exkMX
Milenamurrr|864207225027534849|2017-05-15 19:53:53|@ksca98 –í—Å–µ —Ç–æ—Ç –∂–µ))
Milenamurrr|864193117901250566|2017-05-15 18:57:49|–°–µ–≥–æ–¥–Ω—è –≤–∏–¥–µ–ª–∞ —Ç—Ä—ë—Ö–Ω–µ–¥–µ–ª—å–Ω–æ–≥–æ —Å—É—Ä–∏–∫–∞—Ç–∞,—Ç–∞–∫–æ–æ–æ–æ–π –ø—É–ø—Å–∏–∫ ^___^
Milenamurrr|864190467180777472|2017-05-15 18:47:17|–ü—Ä–æ—Å—Ç–æ —Ç–∞–∫ —Å–æ –º–Ω–æ–π —Ç—ã –∏–≥—Ä–∞–µ—à—å)
Milenamurrr|864186958687465472|2017-05-15 18:33:21|–Ø —Å–µ–±—è –∏ —Å–µ–±—è –ø–æ–¥–∂–∏–≥–∞—é
Milenamurrr|864186361099812865|2017-05-15 18:30:58|–í–µ—Å—ë–ª—ã–π –¥–µ–Ω—å ^_^ –Ω–µ –¥—É–º–∞–ª–∞, —á—Ç–æ –ø—Ä–æ–≤–µ–¥—É –µ–≥–æ —Ç–∞–∫) –µ–¥—É –¥–æ–º–æ–π, –∂–¥—É –∫–æ—Ç—é –†–µ—à :–∑
Milenamurrr|864116768729698304|2017-05-15 13:54:26|–ú–æ–π —Ç—Ä–µ–Ω–µ—Ä —É–ª–µ—Ç–µ–ª –æ—Ç–¥—ã—Ö–∞—Ç—å( —Å–µ–≥–æ–¥–Ω—è —Ç—Ä–µ–Ω—é –æ–¥–Ω–∞üê£—Ç–∞–∫ —Å—Ç–µ—Å–Ω—è—é—Å—å –≤—Å–µ—Ö,–ø–∏–ø–µ—Ü –∞—Ö–∞—Ö
