RuslanUsachev|866660858407129088|2017-05-22 14:23:45|"–£–∂–µ –∫—É—á–∞ –¥–∏–∑–æ–≤ –∑–∞ ""—Å—É–º–º–∞—Ä–Ω–æ –Ω–∞ –º–µ–Ω—è –ø–æ–¥–ø–∏—Å–∞–Ω—ã –≤—Å–µ –ª—é–¥–∏"", –Ω–æ –≤ —Ü–µ–ª–æ–º –æ–∫. –ë–∞–ª–∞–Ω—Å –º–µ–∂–¥—É –∞–¥–µ–∫–≤–∞—Ç–Ω–æ—Å—Ç—å—é –∏ –±–µ–∑–æ–ø–∞—Å–Ω–æ—Å—Ç—å—é
https://t.co/HXniTd6v2y"
RuslanUsachev|866555982834536448|2017-05-22 07:27:00|"RT @VidfestRu: –ê –≤–æ—Ç –∏ —Å–ø–∏—Å–æ—á–µ–∫ –º—É–∑—ã–∫–∞–Ω—Ç–æ–≤, –∫–æ—Ç–æ—Ä—ã–µ –±—É–¥—É—Ç –∑–∞–∂–∏–≥–∞—Ç—å –Ω–∞ ""–í–∏–¥—Ñ–µ—Å—Ç–µ"": @thehttrs, @DLGreez, @klavacoca, @NDproduction –∏ –í–∞–ª–µ–Ω—Ç–∏–Ω‚Ä¶"
RuslanUsachev|865996208610971648|2017-05-20 18:22:40|RT @Urgant_Show: –í–æ –≤—Ç–æ—Ä–Ω–∏–∫ –≤ –≥–æ—Å—Ç–∏ –∫ –ò–≤–∞–Ω—É –£—Ä–≥–∞–Ω—Ç—É –ø—Ä–∏–¥—É—Ç –≤–∏–¥–µ–æ–±–ª–æ–≥–µ—Ä—ã @RuslanUsachev –∏ @psychodozer. –°–∫–æ—Ä–µ–µ –∑–∞–ø–∏—Å—ã–≤–∞–π—Ç–µ—Å—å –Ω–∞ —Å—ä—ë–º–∫—É ‚û° @ur‚Ä¶
RuslanUsachev|865984141489262593|2017-05-20 17:34:43|"–õ—É—á—à–∏–π –º–æ–º–µ–Ω—Ç –Ω–∞ –ù–µ—Ñ–æ—Ä—É–º–µ ‚Äì –ø–æ—Å–ª–µ –ø—Ä–µ–∑–µ–Ω—Ç–∞—Ü–∏–∏ –æ –≤–∏–¥–µ–æ –∏ —Ç—Ä–∞–Ω—Å–ª—è—Ü–∏—è—Ö –æ—Ç ok.ru, –∏–∑ –∑–∞–ª–∞ —Ä–∞–∑–¥–∞–µ—Ç—Å—è —Ç–æ–ª—å–∫–æ –æ–¥–∏–Ω –≤–æ–ø—Ä–æ—Å: ""–ó–∞—á–µ–º —ç—Ç–æ –≤—Å–µ?"""
RuslanUsachev|865313817311444992|2017-05-18 21:11:05|–í —ç—Ç–æ–º –º–µ—Å—è—Ü–µ –º–Ω–µ –ø–æ–Ω—Ä–∞–≤–∏–ª–æ—Å—å: –Ω–æ–≤–∞—è —Ç—É—à—å, —á–µ—Ö–æ–ª –¥–ª—è –∞–π—Ñ–æ–Ω–∞ –∏ –Ω–µ —Ö–æ–¥–∏—Ç—å –Ω–∞ –º–∏—Ç–∏–Ω–≥–∏. https://t.co/BqpPqaFSlf
RuslanUsachev|865276192122863617|2017-05-18 18:41:34|–ò—Å—Ç–æ—Ä–∏—è —Å #—à—É—Ç–∫–∞–Ω—É–ª–∫–∞–∫–ø—É—Ç–∏–Ω —Ä–∞–∑–≤–∏–≤–∞–µ—Ç—Å—è. –ê–≥–µ–Ω—Å—Ç–≤–æ, –æ—Ç –ª–∏—Ü–∞ –∫–æ—Ç–æ—Ä–æ–≥–æ –ø–∏—Å–∞–ª–∏, –æ–∫–∞–∑–∞–ª–æ—Å—å –Ω–∏–∫–∞–∫–∏–º –Ω–µ –∞–≥–µ–Ω—Å—Ç–≤–æ–º. https://t.co/UIIvSsfC0a
RuslanUsachev|865191335531347968|2017-05-18 13:04:23|–ù–æ –º–Ω–µ —Ä–µ–∞–ª—å–Ω–æ –∏–Ω—Ç–µ—Ä–µ—Å–Ω–æ –ø–æ—Å–ª—É—à–∞—Ç—å, –∫–∞–∫ –°–∞—à–∞ –∏—Å–ø–æ–ª—å–∑—É–µ—Ç –≤–æ–∑–º–æ–∂–Ω–æ—Å—Ç—å –æ–±—Ä–∞—Ç–∏—Ç—å—Å—è –∫ –¥–µ–ø—É—Ç–∞—Ç–∞–º –æ—Ç –ª–∏—Ü–∞ —Å–≤–æ–µ–π –∞—É–¥–∏—Ç–æ—Ä–∏–∏. –•–∞–π–ø –∏–ª–∏ –¥–µ–ª—å–Ω—ã–µ –º—ã—Å–ª–∏?
RuslanUsachev|865187498162573312|2017-05-18 12:49:08|–ê –≤ –î—É–º–µ –ø—Ä–∞–≤–¥–∞ —Å—á–∏—Ç–∞—é—Ç, —á—Ç–æ –°–∞—à–∞ –°–ø–∏–ª–±–µ—Ä–≥ –ø—Ä–µ–¥—Å—Ç–∞–≤–ª—è–µ—Ç —Ç—É –º–æ–ª–æ–¥–µ–∂—å, —á—Ç–æ –Ω–∞ –º–∏—Ç–∏–Ω–≥–∞—Ö –±—ã–ª–∞? https://t.co/ydQbI0b8aP
RuslanUsachev|864887842190893060|2017-05-17 16:58:25|–ï—Å–ª–∏ –£–∫—Ä–∞–∏–Ω–∞ —É–¥–∞–ª–∏—Ç—Å—è –∏–∑ –í–∫–æ–Ω—Ç–∞–∫—Ç–µ, —Ç–æ –∫–∞–∫ –æ–Ω–∏ –±—É–¥—É—Ç —É–∑–Ω–∞–≤–∞—Ç—å, –∫–æ–≥–¥–∞ –¥–µ–Ω—å —Ä–æ–∂–¥–µ–Ω–∏—è —É –¥—Ä—É–∑–µ–π? https://t.co/W2gC0XuIeu
RuslanUsachev|864493810985861121|2017-05-16 14:52:40|"–ö—Å—Ç–∞—Ç–∏ ""—Ä–µ–∫–ª–∞–º–Ω–æ–µ –∞–≥–µ–Ω—Ç—Å—Ç–≤–æ"" –∫–∞–∫–æ–µ-—Ç–æ –ª–µ–≤–æ–µ –æ—á–µ–Ω—å."
RuslanUsachev|864489387123499008|2017-05-16 14:35:05|–ü–æ—Å–º–æ—Ç—Ä–∏—Ç–µ, –∫–∞–∫–æ–µ –∏–Ω—Ç–µ—Ä–µ—Å–Ω–æ–µ –ø—Ä–µ–¥–ª–æ–∂–µ–Ω–∏–µ –ø—Ä–∏—à–ª–æ. –°–∫–æ–ª—å–∫–æ –¥–µ–Ω–µ–≥ –ø—Ä–æ—Å–∏—Ç—å? https://t.co/HBeiB2VZLe
RuslanUsachev|864344928872157185|2017-05-16 05:01:04|–ó–∞ –≥–æ–¥—ã –≤–∏–¥–µ–æ–±–ª–æ–≥–∏–Ω–≥–∞ —è —Ç–∞–∫ –∏ –Ω–µ –ø—Ä–∏–≤—ã–∫ –∫ –∂—ë—Å—Ç–∫–æ–º—É —Ö—ç–π—Ç—É –≤ –∫–æ–º–º–µ–Ω—Ç–∞—Ä–∏—è—Ö. https://t.co/z7Q60sKni4
RuslanUsachev|863817413510430721|2017-05-14 18:04:54|–ï—Å—Ç—å –µ—â–µ –ø–æ—Ä–æ—Ö https://t.co/KCo4yRiidQ
RuslanUsachev|863746664724561920|2017-05-14 13:23:47|–†–µ—à–∏–ª –≤ –∏—Ç–æ–≥–µ –Ω–∞ –æ—Å–Ω–æ–≤–Ω–æ–π –∫–∞–Ω–∞–ª –∑–∞–ª–∏—Ç—å –≤–∏–¥–µ–æ, —Ç–∞–∫ –∫–∞–∫ —Ç–µ–º–∞ –≤–∞–∂–Ω–∞—è  https://t.co/m0Ay3trCeq
RuslanUsachev|863679983461560320|2017-05-14 08:58:49|@vanyafe –ï–µ–µ–µ, —Ñ–∞–±—Ä–∏–∫–∞ –ª–∞–π–∫–æ–≤!
RuslanUsachev|863495504000405505|2017-05-13 20:45:45|–í–∫–ª—é—á–∏–ª #Eurovision, –∞ —É –Ω–∏—Ö —Ç–∞–º –∏ —Å–≤–æ–∏—Ö –∏–Ω–≤–∞–ª–∏–¥–æ–≤ —Ö–≤–∞—Ç–∞–µ—Ç.
RuslanUsachev|863332358396809217|2017-05-13 09:57:28|"RT @VidfestRu: 14 –¥–Ω–µ–π –¥–æ ""–í–∏–¥—Ñ–µ—Å—Ç–∞"" –≤ –°–∞–Ω–∫—Ç-–ü–µ—Ç–µ—Ä–±—É—Ä–≥–µ! –í—Å–ø–æ–º–∏–Ω–∞–µ–º, –∫–∞–∫ —ç—Ç–æ –±—ã–ª–æ –≤ 2016, –∏ –æ–±–µ—â–∞–µ–º, —á—Ç–æ –≤ —ç—Ç–æ–º –±—É–¥–µ—Ç –µ—â–µ –ª—É—á—à–µ! https://t.‚Ä¶"
RuslanUsachev|863077409104572416|2017-05-12 17:04:24|@psychodozer @DLGreez –ü–∏—Ü—Ü–∞ —Ö–∞—Ç - —à–ª—è–ø–∞
RuslanUsachev|862631852263264257|2017-05-11 11:33:55|–°–æ–π–¥—ë—Ç https://t.co/8TgSPlyJHJ
RuslanUsachev|862616987180163072|2017-05-11 10:34:51|RT @userdie: –£–≥–∞–¥–∞–π https://t.co/CxUzlXlycz
RuslanUsachev|862588942956322817|2017-05-11 08:43:24|–°–æ–∫–æ–ª–æ–≤—Å–∫–æ–º—É –¥–∞–ª–∏ —É—Å–ª–æ–≤–Ω—ã–π —Å—Ä–æ–∫, —Å–ª–∞–≤–∞ –ë–æ–≥—É.
RuslanUsachev|862582780605214720|2017-05-11 08:18:55|–Ø —Å–µ–π—á–∞—Å —Å—Ç–æ—é –≤ —Å—É–¥–µ, –≥–¥–µ –ª—é–¥–∏ –∞–ø–ª–æ–¥–∏—Ä—É—é—Ç —É—Å–ª–æ–≤–Ω–æ–º—É —Å—Ä–æ–∫—É.
RuslanUsachev|862582407957970944|2017-05-11 08:17:26|–£—Å–ª–æ–≤–Ω—ã–π —Å—Ä–æ–∫
RuslanUsachev|862580790315626500|2017-05-11 08:11:01|"""–ù–∞–¥–µ—é—Å—å, —á–µ—Ä–µ–∑ 40 –ª–µ—Ç —è –Ω–µ –±—É–¥—É —Ç–∞–∫–∏–º —É—Ä–æ–¥–æ–º""‚Äì –≥–æ–≤–æ—Ä–∏—Ç —Å—Ç—É–¥–µ–Ω—Ç —é—Ä—Ñ–∞–∫–∞, –ø—Ä–∏—à–µ–¥—à–∏–π –ø–æ—Å–º–æ—Ç—Ä–µ—Ç—å –Ω–∞ –ø—Ä–æ—Ü–µ—Å—Å."
RuslanUsachev|862576163834777600|2017-05-11 07:52:38|–ï—Å–ª–∏ –≤—ã –≤–µ—Ä–∏–ª–∏ –≤ —Å—É–¥–µ–±–Ω—É—é —Å–∏—Å—Ç–µ–º—É –†–æ—Å—Å–∏–∏, —Ç–æ –≤–∞—à–∏ —á—É–≤—Å—Ç–≤–∞ –ø—Ä—è–º–æ —Å–µ–π—á–∞—Å –æ—Å–∫–æ—Ä–±–ª—è—é—Ç.
RuslanUsachev|862574428814790656|2017-05-11 07:45:44|–ó–∞–≤–æ–∂—É –¥—Ä—É–∑–µ–π —Å—Ä–µ–¥–∏ –∂—É—Ä–Ω–∞–ª–∏—Å—Ç–æ–≤. https://t.co/PRgs9DiGwu
RuslanUsachev|862573011781771264|2017-05-11 07:40:06|–ü–æ–ø–µ—Ä–µ—á–Ω—ã–π –±–ª–∏–∂–µ –∫ —Å—É–¥—å–µ —Å—Ç–æ–∏—Ç, –ø–æ—ç—Ç–æ–º—É —É –Ω–µ–≥–æ —Ä–∞–Ω—å—à–µ —Ç–≤–∏—Ç—ã –≤—ã—Ö–æ–¥—è—Ç.
RuslanUsachev|862571467569025025|2017-05-11 07:33:58|"""–î–æ–≤–æ–¥—ã –∑–∞—â–∏—Ç—ã –æ–± —É—â–µ—Ä–±–Ω–æ—Å—Ç–∏ —ç–∫—Å–ø–µ—Ä—Ç–∏–∑—ã –æ–ø—Ä–æ–≤–µ—Ä–≥–ª–∞ —ç–∫—Å–ø–µ—Ä—Ç–∏–∑–∞"". –£–¥–æ–±–Ω–æ."
RuslanUsachev|862563459380150272|2017-05-11 07:02:09|"""–ò–¥–µ–∞–ª—å–Ω–∞—è —Å–æ–≤–æ–∫—É–ø–Ω–æ—Å—Ç—å –ø—Ä–µ—Å—Ç—É–ø–ª–µ–Ω–∏–π"" ‚Äì –ª–∏–±–æ —è –æ—Å–ª—ã—à–∞–ª—Å—è, –ª–∏–±–æ —Å—É–¥—å—è —Å—Ç–µ–±–µ—Ç—Å—è."
RuslanUsachev|862559689145548800|2017-05-11 06:47:10|https://t.co/8eLrK6c7zL
RuslanUsachev|862558778583023616|2017-05-11 06:43:33|–î–∞, –µ–≥–æ –æ—Ñ–∏—Ü–∏–∞–ª—å–Ω–æ –ø—Ä–∏–∑–Ω–∞–ª–∏ –≤–∏–Ω–æ–≤–Ω—ã–º –≤ –ª–æ–≤–ª–µ –ø–æ–∫–µ–º–æ–Ω–æ–≤ –≤ —Ö—Ä–∞–º–µ.
RuslanUsachev|862554570521812993|2017-05-11 06:26:49|–í–∏–Ω–æ–≤–µ–Ω.
RuslanUsachev|862552919136247808|2017-05-11 06:20:16|–ü—Ä–∏–µ—Ö–∞–ª –Ω–∞ –æ–≥–ª–∞—à–µ–Ω–∏–µ –ø—Ä–∏–≥–æ–≤–æ—Ä–∞ –†—É—Å–ª–∞–Ω–∞ –°–æ–∫–æ–ª–æ–≤—Å–∫–æ–≥–æ –≤ –ï–∫–±. –ù–∞–¥–µ—é—Å—å, —á—Ç–æ –æ–Ω —Å–µ–≥–æ–¥–Ω—è –≤—ã–π–¥–µ—Ç –∏–∑ –∑–∞–ª–∞ –±–µ–∑ –Ω–∞—Ä—É—á–Ω–∏–∫–æ–≤. https://t.co/euBbcLBu4l
RuslanUsachev|862002773923168257|2017-05-09 17:54:11|–î–∞ –≤ –ü–∏—Ç–µ—Ä–µ –≤—Å–µ–≥–¥–∞ —Ç—Ä–∞–≤–∞ –ø–ª–æ—Ö–∞—è.
RuslanUsachev|861978619488473088|2017-05-09 16:18:12|–£ –º–µ–Ω—è —Å—Ç–æ–∏—Ç –∫–æ—Ä–æ–±–∫–∞ –ø–æ–¥–ø–∏—Å–∞–Ω–Ω—ã—Ö –ø–∞—á–µ–∫ –¥–ª—è –∫–æ–Ω–∫—É—Ä—Å–∞, –∏ —è –Ω–µ –æ—á–µ–Ω—å —É–≤–µ—Ä–µ–Ω, —á—Ç–æ –æ–Ω–∏ –¥–æ–∂–∏–≤—É—Ç –¥–æ –æ—Ç–ø—Ä–∞–≤–∫–∏. https://t.co/6icwOq9cEE
RuslanUsachev|861950406397702144|2017-05-09 14:26:05|–õ—É—á—à–µ —Å –π–æ–≥—É—Ä—Ç–æ–º, –∫—Å—Ç–∞—Ç–∏, —á–µ–º —Å –º–æ–ª–æ–∫–æ–º. https://t.co/DUh7OkxeOf
RuslanUsachev|861899292193239042|2017-05-09 11:02:59|–ö–æ–≥–¥–∞ @navalny –≤—ã—à–µ–ª –∑–∞ —Ö–ª–µ–±–æ–º. https://t.co/PVpCSYfxjX
RuslanUsachev|861839864966336512|2017-05-09 07:06:50|–ü–æ—á–µ–º—É —É –Ω–∞—Å –¥–æ —Å–∏—Ö –ø–æ—Ä –Ω–µ—Ç —ç–º–æ–¥–∑–∏ –≥–µ–æ—Ä–≥–∏–µ–≤—Å–∫–æ–π –ª–µ–Ω—Ç–æ—á–∫–∏?
RuslanUsachev|861611287616290816|2017-05-08 15:58:33|–≠–π, @mtvru, –∫–∞–∫ –Ω–∞—Å—á–µ—Ç –ø–µ—Ä–µ—Å—Ç–∞—Ç—å —Å—Ä–∞—Ç—å –Ω–∞ –º–æ–µ –¥–µ—Ç—Å—Ç–≤–æ?https://t.co/jT8ESZfwVy
RuslanUsachev|861161142894428160|2017-05-07 10:09:50|–¢–∞–∫-—Ç–æ Sign of the Times –ø—Ä–∏—è—Ç–Ω–∞—è –ø–µ—Å–µ–Ω–∫–∞.
RuslanUsachev|861159614372556800|2017-05-07 10:03:46|@yan_gordienko –Ω–µ —Å–¥–∞–ª—Å—è, –∞ –ø—Ä–∏–Ω—è–ª –Ω–µ–∏–∑–±–µ–∂–Ω–æ–µ
RuslanUsachev|860772149824552960|2017-05-06 08:24:07|–í–æ—Ç —ç—Ç–æ —Ü–∞—Ä—Å–∫–∞—è —Å–¥–µ–ª–∫–∞. –ê—ç—Ä–æ—Ñ–ª–æ—Ç –∏ S7, –∞—É! https://t.co/AYTP3cskg8
RuslanUsachev|860428981895561216|2017-05-05 09:40:29|–î–æ–±—Ä–æ –ø–æ–∂–∞–ª–æ–≤–∞—Ç—å –≤ –¢–∏–Ω—å–∫–æ–≤–µ–Ω—å–∫—É https://t.co/IE8RoZLJeG
RuslanUsachev|860378891554312192|2017-05-05 06:21:27|–ù–µ—É–¥–∞—á–Ω—ã–µ –¥—É–±–ª–∏ are coming
RuslanUsachev|860078760892280832|2017-05-04 10:28:50|–Ø –±—ã —Å–æ–≤—Å–µ–º –≤—Å–∫–∏–ø–µ–ª —Ç–∞–∫–æ–µ –º–æ–Ω—Ç–∏—Ä–æ–≤–∞—Ç—å. –ò, –∫–æ–Ω–µ—á–Ω–æ, –Ω—É–∂–Ω—ã –¥—Ä—É–≥–∏–µ –±—é–¥–∂–µ—Ç—ã –∏ –º–æ—â–Ω–æ—Å—Ç–∏, —á—Ç–æ–±—ã –ø–æ 40 –º–∏–Ω—É—Ç –≤—ã–¥–∞–≤–∞—Ç—å —Ä–µ–≥—É‚Ä¶ https://t.co/Hk4q3DEldk
RuslanUsachev|860070610453528576|2017-05-04 09:56:27|–ö–∞–∫ –≤–∞–º –≤—ã–ø—É—Å–∫? –õ–∞–π–∫–∏-–ø–æ–¥–ø–∏—Å–∫–∞ –∏–ª–∏ –¥–∏—Å–ª–∞–π–∫-–æ—Ç–ø–∏—Å–∫–∞?
RuslanUsachev|860057546098397186|2017-05-04 09:04:32|–ì–ª–∞–≤–Ω–∞—è –ø—Ä–µ–º—å–µ—Ä–∞ –≥–æ–¥–∞ ‚Äì –Ω–æ–≤—ã–π #–ü–æ—Ä–∞–í–∞–ª–∏—Ç—å –≤ –ú–∞–π–∞–º–∏ https://t.co/RhAWh2og9e –ø–æ–¥–¥–µ—Ä–∂–∏—Ç–µ —Ä–µ—Ç–≤–∏—Ç–æ–º!
RuslanUsachev|860022218583134210|2017-05-04 06:44:10|–í —ç—Ç–æ–π –∫–∞—Ä—Ç–∏–Ω–∫–µ –∑–∞—à–∏—Ñ—Ä–æ–≤–∞–Ω–æ –≤—Ä–µ–º—è –ø–æ—è–≤–ª–µ–Ω–∏—è –Ω–æ–≤–æ–≥–æ –≤—ã–ø—É—Å–∫–∞ #–ü–æ—Ä–∞–í–∞–ª–∏—Ç—å https://t.co/tTi4Szyw4w
RuslanUsachev|859831998034190341|2017-05-03 18:08:17|–Ø –∏ –º–æ–∏ –Ω–æ–≤—ã–µ –ª—É—á—à–∏–µ –¥—Ä—É–∑—å—è –ø–æ —Å–∫–∞–º–µ–π–∫–µ –ø–µ—Ä–µ–¥ Victoria's Secret https://t.co/fxgy5M9C2O
RuslanUsachev|859700476836798465|2017-05-03 09:25:40|–†–µ—à–∏–ª —Ä–∞–∑–±–∞–≤–∏—Ç—å –¥—É–±–∞–π—Å–∫–∏–π –≤–ª–æ–≥ –æ—Ç–≤–µ—Ç–∞–º–∏ –Ω–∞ –≤–∞—à–∏ –≤–æ–ø—Ä–æ—Å—ã. –°–ø—Ä–∞—à–∏–≤–∞–π—Ç–µ –ø–æ #–î–æ–ø—Ä–æ—Å–£—Å–∞—á–µ–≤–∞. –¢–æ–ª—å–∫–æ –∏–Ω—Ç–µ—Ä–µ—Å–Ω–æ!
RuslanUsachev|859547810441699328|2017-05-02 23:19:02|@Spoontamer –ø–æ-–º–æ–µ–º—É, –¥–ª—è –∞–π–ø–∞–¥–∞ –¥–µ–ª–∞–ª–∏, –∞ –Ω–µ –¥–ª—è –ª—é–¥–µ–π
RuslanUsachev|859448385996193794|2017-05-02 16:43:57|–¢—É—Ç –≤–Ω–µ–∑–∞–ø–Ω–æ –æ–∫–∞–∑–∞–ª–æ—Å—å, —á—Ç–æ –≤ –ø–æ—Å–ª–µ–¥–Ω–µ–º —Ä–æ–ª–∏–∫–µ @Spoontamer –Ω–µ–Ω–∞—Å—Ç–æ—è—â–∏–π –°–∫—Ä–∏–ø—Ç–æ–Ω–∏—Ç. –ß—É–≤—Å—Ç–≤—É—é —Å–µ–±—è –Ω–µ–º–Ω–æ–≥–æ —Ä–∞—Å–∏—Å—Ç–æ–º.
RuslanUsachev|859445426860195840|2017-05-02 16:32:12|–†–∞–±–æ—Ç–∞—é –Ω–∞ —Å—Ç—ã–∫–µ –∂–∞–Ω—Ä–æ–≤ https://t.co/UfXDwqCyYG
RuslanUsachev|859435202006970369|2017-05-02 15:51:34|@Spoontamer –î–∞–∂–µ –≤–æ —Å–Ω–µ —Ç—ã —Ö–æ—á–µ—à—å —Å–µ–±–µ —Å—Ç—Ä–µ–º–Ω—ã–µ –∫—Ä–æ—Å—ã.
RuslanUsachev|859190697739640836|2017-05-01 23:39:59|@RoZmro –ï—Å—Ç–µ—Å—Ç–≤–µ–Ω–Ω–æ, –∫–æ—Ç—Ç–µ–¥–∂
RuslanUsachev|859145701573496832|2017-05-01 20:41:12|@shmeIev –£ —Ç–µ–±—è –∑–≤–µ–Ω–µ–ª —Å—Ç–∞–ª—å–Ω–æ–π –ø—Ä–µ—Å—Å?
RuslanUsachev|859043499416662017|2017-05-01 13:55:05|–°–∞–º–æ–ª—ë—Ç–∏–∫, –Ω–∞ –∫–æ—Ç–æ—Ä—ã–π —É –º–µ–Ω—è –±–∏–ª–µ—Ç.
RuslanUsachev|859043312195579904|2017-05-01 13:54:20|–¢–æ–ª—å–∫–æ —á—Ç–æ —É–≥—Ä–æ–∂–∞–ª –Ω–∞—Ü–∏–æ–Ω–∞–ª—å–Ω–æ–π –±–µ–∑–æ–ø–∞—Å–Ω–æ—Å—Ç–∏ –≤–µ–ª–∏–∫–æ–π –†–æ—Å—Å–∏–∏, –∫–æ–≥–¥–∞ —Å–Ω–∏–º–∞–ª —Å–∞–º–æ–ª—ë—Ç–∏–∫ –≤ –ü—É–ª–∫–æ–≤–æ. –ê–∂ –æ—Ö—Ä–∞–Ω–∞ –ø—Ä–∏–±–µ–∂–∞–ª–∞, —á—Ç–æ–±—ã –ø—Ä–µ—Å–µ—á—å –±–µ–∑–∑–∞–∫–æ–Ω–∏–µ
RuslanUsachev|858974992041746432|2017-05-01 09:22:51|–û–∫–µ–π. –Ø–ø–æ–Ω—Å–∫–∏–π –≤–æ–µ–Ω–Ω—ã–π –∫–æ—Ä–∞–±–ª—å, –ø–µ—Ä–≤–æ–º–∞–π—Å–∫–∞—è –¥–µ–º–æ–Ω—Å—Ç—Ä–∞—Ü–∏—è –∏ –ù–∞–≤–∞–ª—å–Ω—ã–π —Å –∑–µ–ª–µ–Ω–∫–æ–π. –ù—É –∏ –∏–Ω—Ç–µ—Ä–µ—Å—ã —É –≤–∞—Å...
RuslanUsachev|858970737994018816|2017-05-01 09:05:57|–Ø –Ω–µ –∑–Ω–∞—é –æ —á–µ–º —Ä–∞—Å—Å–∫–∞–∑–∞—Ç—å –≤ UsachevToday. –ü–æ–¥—Å–∫–∞–∂–∏—Ç–µ, –ø–µ—Ä–≤—ã–µ —Ç—Ä–∏ –Ω–æ–≤–æ—Å—Ç–∏ –≤–æ–∑—å–º—É –≤ –≤—ã–ø—É—Å–∫.
RuslanUsachev|858000355585601537|2017-04-28 16:50:00|–ë–æ–ª—å—à–µ –≤—Å–µ–≥–æ –ø–µ—Ä–µ–∂–∏–≤–∞—é, —á—Ç–æ –Ω–∞ –ø—Ä–µ–∑–µ–Ω—Ç–∞—Ü–∏—é –∑–∞–≥–ª—è–Ω–µ—Ç –î—É—Ä–æ–≤.
RuslanUsachev|857974318906716160|2017-04-28 15:06:32|–õ–æ–≤–∏—Ç–µ –º–µ–Ω—è —Å–µ–≥–æ–¥–Ω—è —Å 19 –¥–æ 21 –≤ –ì–∞–ª–µ—Ä–µ–µ –Ω–∞ —Å—Ç–∞—Ä—Ç–µ –ø—Ä–æ–¥–∞–∂ —Å–∞–º–∏-–ø–æ–Ω–∏–º–∞–µ—Ç–µ-–∫–∞–∫–æ–≥–æ —Å–º–∞—Ä—Ç—Ñ–æ–Ω–∞. –¢–∞–º–∞–¥–∞ –æ–±–µ—â–∞–µ—Ç –∫–æ–Ω–∫—É—Ä—Å—ã‚Ä¶ https://t.co/3jt15gXqp2
RuslanUsachev|857584721752199170|2017-04-27 13:18:25|"RT @VidfestRu: –ú–µ—Å—è—Ü –¥–æ ""–í–∏–¥—Ñ–µ—Å—Ç–∞"" –≤ –°–∞–Ω–∫—Ç-–ü–µ—Ç–µ—Ä–±—É—Ä–≥–µ! –£–≤–∏–¥–∏–º—Å—è 27 –º–∞—è, —Ä–µ–±—è—Ç–∞! ‚ù§Ô∏è https://t.co/bc96MGA63Y"
RuslanUsachev|857284396969275393|2017-04-26 17:25:02|–¢—Ä–∞–Ω—Å–ø–æ—Ä—Ç –±—É–¥—É—â–µ–≥–æ –∏ –≤–∑–ª–æ–º –±–ª–æ–≥–µ—Ä–æ–≤ –í–∫–æ–Ω—Ç–∞–∫—Ç–µ https://t.co/fCFDqbuslG
RuslanUsachev|857283977115295747|2017-04-26 17:23:22|–ß—Ç–æ-—Ç–æ –∫–∞–∫-—Ç–æ –Ω–∏–∫–∞–∫ –Ω–æ–≤–∞—è –∫–æ–ª–¥–∞ –Ω–µ –∑–∞—Ü–µ–ø–∏–ª —Ç—Ä–µ–π–ª–µ—Ä–æ–º. –ò–º –±—ã –ø–∞—Ä—É –ª–µ—Ç –ø–µ—Ä–µ—Ä—ã–≤–∞ –≤–∑—è—Ç—å –¥–∞–≤–Ω–æ —Å—Ç–æ–∏—Ç.
RuslanUsachev|856719762835070976|2017-04-25 04:01:23|–í–¥—Ä—É–≥ —ç—Ç–æ –¥—É—Ö –º–æ–µ–≥–æ –¥–µ–¥–∞ –ø–æ —É—Ç—Ä–∞–º —Ç–µ–ª–µ–∫ —Å–º–æ—Ç—Ä–∏—Ç, –∞ —è —Ç—É—Ç –Ω–∞–¥ –µ–≥–æ —à–æ—É –ª—é–±–∏–º—ã–º —Å—Ç–µ–±—É—Å—å. –ö—Å—Ç–∞—Ç–∏, –ø—É–ª—å—Ç —è –µ—â–µ –∑–∏–º–æ–π –ø–æ—Ç–µ—Ä—è–ª.
RuslanUsachev|856718773386084352|2017-04-25 03:57:27|–¢–∞–º –¥–µ–∫–æ—Ä–∞—Ü–∏—è –∫–≤–∞—Ä—Ç–∏—Ä—ã, –≥–¥–µ —Ç—Ä–∏ –º—É–∂–∏–∫–∞ —Ç—Ä—É—Ç –∑–∞ –ø–æ–ª–∏—Ç–∏–∫—É, –∞ –∂–µ–Ω—â–∏–Ω—ã 90% –≤—Ä–µ–º–µ–Ω–∏ –º–æ–ª—á–∞—Ç –Ω–∞ –∫—É—Ö–Ω–µ –∏–ª–∏ —Å–º–µ—é—Ç—Å—è –Ω–∞–¥ —à—É—Ç–∫–∞–º–∏ –ø—Ä–æ –∞–º–µ—Ä–∏–∫–æ—Å–æ–≤.
RuslanUsachev|856718451397861376|2017-04-25 03:56:10|–°–µ—Ä—å–µ–∑–Ω–æ, —É—Ç—Ä–µ–Ω–Ω–µ–µ —à–æ—É –Ω–∞ –ó–≤–µ–∑–¥–µ ‚Äì —ç—Ç–æ —Å–∞–º–æ–µ –≤–∞—Ç–Ω–æ-—Å–µ–∫—Å–∏—Å—Ç–∫–æ–µ —à–æ—É –Ω–∞ –Ω–∞—à–µ–º —Ç–µ–ª–µ–≤–∏–¥–µ–Ω–∏–∏.
RuslanUsachev|856717112508862469|2017-04-25 03:50:51|–£ –º–µ–Ω—è —Å–µ–π—á–∞—Å –≤ —Å–æ—Å–µ–¥–Ω–µ–π –∫–æ–º–Ω–∞—Ç–µ –≤–∫–ª—é—á–∏–ª—Å—è —Ç–µ–ª–µ–≤–∏–∑–æ—Ä, –∏ —è –Ω–µ –∑–Ω–∞—é, —á—Ç–æ —Å—Ç—Ä–∞—à–Ω–µ–µ. –ß—Ç–æ –æ–Ω —Å–∞–º —ç—Ç–æ —Å–¥–µ–ª–∞–ª, –∏–ª–∏, —á—Ç–æ –æ–Ω –≤–∫–ª—é—á–∏–ª –∫–∞–Ω–∞–ª –ó–≤–µ–∑–¥–∞.
RuslanUsachev|856212929775120384|2017-04-23 18:27:24|–¢—É—Ç —Å–º–µ—à–Ω–æ–µ —à–æ—É –≤—ã—à–ª–æ –≤ –∏–Ω—Ç–µ—Ä–Ω–µ—Ç https://t.co/a478YXL02k
RuslanUsachev|856120820665548800|2017-04-23 12:21:24|–ù–∞ #–∫–∞–∫—Ç—É—Å —Ä—ã–∂–∏–π @Spoontamer —Å —Ñ–æ–Ω–æ–º —Å–ª–∏–≤–∞–µ—Ç—Å—è
RuslanUsachev|855809478037577728|2017-04-22 15:44:14|–£—Å–ø–µ–ª! https://t.co/FG4DWhSPoF
RuslanUsachev|855779353652846592|2017-04-22 13:44:32|–°–µ–≥–æ–¥–Ω—è –≤ –ê–≤—Ä–æ—Ä–µ  –∫–æ–Ω—Ü–µ—Ä—Ç –®–ª—è–ø–Ω–∏–∫–æ–≤. –ú–∏—Å—Å–∏—è: —É—Å–ø–µ—Ç—å –≤–ø–∏—Å–∞—Ç—å—Å—è!
RuslanUsachev|855126653802074113|2017-04-20 18:30:56|–°–µ–≥–æ–¥–Ω—è –≤ –ø—è—Ç—å —Ä–∞–∑–Ω—ã—Ö –º–µ—Å—Ç —É—Å–ø–µ–ª –Ω–∞ —Ç–∞–∫—Å–∏ –≤ –ü–∏—Ç–µ—Ä–µ. –í –ú–æ—Å–∫–≤–µ –∑–∞ —ç—Ç–æ –≤—Ä–µ–º—è —É—Å–ø–µ–ª –±—ã –æ–¥–∏–Ω —Ä–∞–∑ –ø–æ—Å—Ç–æ—è—Ç—å –≤ –ø—Ä–æ–±–∫–µ –∑–∞ —Ç–µ –∂–µ –¥–µ–Ω—å–≥–∏.
RuslanUsachev|855123483004727296|2017-04-20 18:18:20|–ë—ã–ª–æ –≤–µ—Å–µ–ª–æ, –ª–∞–≤.
RuslanUsachev|855105249811591172|2017-04-20 17:05:53|–°–µ–π—á–∞—Å –Ω–∞ –ü–∏—Ç–µ—Ä—Å–∫–æ–º Love Radio –±—É–¥—É –ø–æ–∑–æ—Ä–∏—Ç—å—Å—è. https://t.co/vKeypbO0yv
RuslanUsachev|854688281170243584|2017-04-19 13:29:00|@SobolLubov –Ø –Ω–∞–ø–∏—Å–∞–ª.
RuslanUsachev|854670225169625088|2017-04-19 12:17:15|@SobolLubov @navalny –∫–∞–∫ –º—ã —É–¥–æ–±–Ω–æ –≤—Å–µ –Ω–∞ –æ–¥–Ω–æ–π —Ñ–æ—Ç–∫–µ –ø–æ–º–µ—Å—Ç–∏–ª–∏—Å—å. –ê –≤—ã –Ω–µ —Ö–æ—Ç–∏—Ç–µ –≤—ã–µ–∑–¥–Ω—É—é —Å—Ç—É–¥–∏—é –≤ –ü–∏—Ç–µ—Ä–µ –æ—Ç–∫—Ä—ã—Ç—å?
RuslanUsachev|854650608309194752|2017-04-19 10:59:18|–ü–æ–∫–∏–¥–∞–π—Ç–µ —á—Ç–æ-–ª–∏ @navalny –≤–∏–¥–æ—Å–æ–≤ –º–æ–∏—Ö –Ω–µ—Å—Ç—ã–¥–Ω—ã—Ö, –∞ —Ç–æ –Ω–µ–ª–æ–≤–∫–æ –ø–æ–ª—É—á–∏–ª–æ—Å—å. https://t.co/eCBEhW1OZA
RuslanUsachev|854445325444165632|2017-04-18 21:23:35|–õ–∞–¥–Ω–æ, –±–æ–ª—å—à–µ –Ω–µ –±—É–¥–µ—Ç —Å–∫—Ä–∏–º–µ—Ä–æ–≤, —è –ø—Ä–æ—Å—Ç–æ –Ω–µ —É–¥–µ—Ä–∂–∞–ª—Å—è. https://t.co/n5KV1bSu9J
RuslanUsachev|854278908694474752|2017-04-18 10:22:18|–ü–æ—Å–º–æ—Ç—Ä–∏—Ç–µ, —ç—Ç–æ –≤–∞–∂–Ω–æ. https://t.co/jIAJT2Yedy
RuslanUsachev|853946351180279808|2017-04-17 12:20:50|@SergeiMinaev –ù–∞ —Å—Ç–∏–ª–µ
RuslanUsachev|853907827303358465|2017-04-17 09:47:45|@denisque –ù—É —Å–ø–∞—Å–∏–±–æ –∑–∞ —Å–ø–æ–π–ª–µ—Ä. –Ø –µ—â–µ –Ω–∞ –ø–µ—Ä–≤–æ–º —Å–µ–∑–æ–Ω–µ
RuslanUsachev|853700564076687363|2017-04-16 20:04:10|–ù–æ –º–æ—â—å –≤–∏–¥–µ–æ–±–ª–æ–≥–∏–Ω–≥–∞ –≤ –†–æ—Å—Å–∏–∏ –¥–∞–∂–µ –º–µ–Ω—è –ø–æ—Ä–∞–∂–∞–µ—Ç. 4 –∏–∑ 10 —Ç—Ä–µ–Ω–¥–æ–≤ —Ç–≤–∏—Ç—Ç–µ—Ä–∞ –ø—Ä–æ –æ–¥–∏–Ω –≤–∏–¥–æ—Å. https://t.co/BLB8AUFzje
RuslanUsachev|853697372358148097|2017-04-16 19:51:29|–Ø –æ—Ç–∫—Ä–æ—é —Å–≤–æ—é –±–∞—Ç–ª-–ø–ª–æ—â–∞–¥–∫—É —Å –±–ª—ç–∫–¥–∂–µ–∫–æ–º –∏ —à–ª—é—Ö–∞–º–∏.
RuslanUsachev|853692656676941824|2017-04-16 19:32:44|–ó–µ–Ω–∏—Ç —Å–ª–∏–ª –°–ø–∞—Ä—Ç–∞–∫—É, —á—Ç–æ–±—ã –ø–æ–±—ã—Å—Ç—Ä–µ–µ –≤–µ—Ä—Å—É—Å –ø–æ—Å–º–æ—Ç—Ä–µ—Ç—å.
RuslanUsachev|853692443170099204|2017-04-16 19:31:53|@Maria__Way —ç–π, –¥–µ–≤–æ—á–∫–∏ –Ω–µ –ø—É–∫–∞—é—Ç –∏ –Ω–µ —Å–º–æ—Ç—Ä—è—Ç –≤–µ—Ä—Å—É—Å
RuslanUsachev|853680842664706048|2017-04-16 18:45:48|–ù—É —Ç–µ–ø–µ—Ä—å –≤—ã –ø–æ–Ω—è–ª–∏. https://t.co/KqJtQiCZwW
RuslanUsachev|853680727891877891|2017-04-16 18:45:20|–í—ã—à–µ–ª –≤–µ—Ä—Å—É—Å. –û–ø—è—Ç—å –ø–µ—Ä–µ–∂–∏–≤–∞—Ç—å —ç—Ç–æ—Ç —Å—Ç—ã–¥, –Ω–æ —Ç–µ–ø–µ—Ä—å —Ö–æ—Ç—è –±—ã –≠–ª—å–¥–∞—Ä–∞ –≤–∏–¥–Ω–æ.
RuslanUsachev|853539378458763264|2017-04-16 09:23:40|–° –ø–∞—Å—Ö–æ–π, –±–µ–∑–±–æ–∂–Ω–∏–∫–∏!
RuslanUsachev|853308238649057283|2017-04-15 18:05:12|–°–µ–¥–∏–Ω–∞ –≤ –±–æ—Ä–æ–¥—É, —Ä—ç–ø –≤ —Ä–µ–±—Ä–æ https://t.co/sJuykGoSsI
RuslanUsachev|852971462571040768|2017-04-14 19:46:58|@vanyafe @DLGreez –ó–∞—Ç—è–Ω—É—Ç–æ –∏ –æ–¥–Ω–æ–æ–±—Ä–∞–∑–Ω–æ?
RuslanUsachev|852494141967806465|2017-04-13 12:10:16|–ö–∞–∫–æ–π —Ç–∞–º –∫—ç—à–±–µ–∫ —Å –æ–¥–Ω–æ–π –ø–æ–µ–∑–¥–∫–∏, @olegtinkov? https://t.co/Z9qPRM5sms
RuslanUsachev|852491583765323778|2017-04-13 12:00:06|–ü–æ–∫–∞ —Ç–∞–∫–æ–µ —Å–ª—É—à–∞—é. https://t.co/WXy6Q1AaJz
RuslanUsachev|852489793913147392|2017-04-13 11:53:00|–ö—É–ø–∏–ª –±–µ—Å–ø—Ä–æ–≤–æ–¥–Ω—ã–µ –Ω–∞—É—à–Ω–∏–∫–∏ –∏, –∫–∞–∂–µ—Ç—Å—è, –æ–ø—è—Ç—å –Ω–∞—á–∞–ª –º—É–∑—ã–∫—É —Å–ª—É—à–∞—Ç—å –≤ –¥–æ—Ä–æ–≥–µ. –£ –∫–æ–≥–æ –∞–ª—å–±–æ–º—ã –≤ –ø–æ—Å–ª–µ–¥–Ω–µ–µ –≤—Ä–µ–º—è —Ö–æ—Ä–æ—à–∏–µ –≤—ã—Ö–æ–¥–∏–ª–∏?
RuslanUsachev|852464928036454402|2017-04-13 10:14:11|–°–Ω–∏–ª—Å—è —Ç—Ä–æ–ø–∏—á–µ—Å–∫–∏–π –æ—Å—Ç—Ä–æ–≤ –∫–∞–∫–æ–π-—Ç–æ. –Ø, –∫–æ–Ω–µ—á–Ω–æ, –ø–æ—Ñ–æ—Ç–∫–∞–ª –µ–≥–æ –¥–ª—è –∏–Ω—Å—Ç–∞–≥—Ä–∞–º–∞, –Ω–æ –ø–æ—á–µ–º—É-—Ç–æ –Ω–∏—á–µ–≥–æ –Ω–µ —Å–æ—Ö—Ä–∞–Ω–∏–ª–æ—Å—å.
RuslanUsachev|852136868091236354|2017-04-12 12:30:35|@orangebrains @meduzaproject –æ—Ç–º–µ—á–∞–ª–∏ –ø—É–ª–∏—Ç—Ü–µ—Ä–æ–≤—Å–∫–∞—è –ø—Ä–µ–º–∏—é?
RuslanUsachev|852123620465938432|2017-04-12 11:37:57|@Spoontamer —É –Ω–∞—Å —É–∂–µ –µ—Å—Ç—å –æ–¥–∏–Ω –∂–∏—Ä–Ω—ã–π –∫–æ–º–∏–∫, –∫–æ—Ç–æ—Ä—ã–π –ø–ª–∞–≤–∞–µ—Ç –Ω–∞ –ø–æ–≤–µ—Ä—Ö–Ω–æ—Å—Ç–∏
RuslanUsachev|852122152618905601|2017-04-12 11:32:07|@Spoontamer –∫–∞–∫ –¥—Ä—É–≥ –≥–æ–≤–æ—Ä—é —Ç–µ–±–µ, —á—Ç–æ –Ω–∞–¥–æ –æ—Å—Ç–∞–Ω–æ–≤–∏—Ç—å—Å—è! –ü–æ–ª–Ω–æ–µ –∫–æ–ø–∏—Ä–æ–≤–∞–Ω–∏–µ –õ—É–∏ –°–∏ –ö–µ—è –Ω–µ —Å—Ç–æ–∏—Ç —Ç–∞–∫–∏—Ö –∂–µ—Ä—Ç–≤!
RuslanUsachev|851730519930937345|2017-04-11 09:35:54|"–ú—ã —Å–µ–π—á–∞—Å –≤ —à–∞–≥–µ –æ—Ç —Ç–æ–≥–æ, —á—Ç–æ ""–¢–∞–µ—Ç –ª–µ–¥"" —Å—Ç–∞–Ω–µ—Ç –≥–∏–º–Ω–æ–º –†–æ—Å—Å–∏–∏."
RuslanUsachev|851497606454939653|2017-04-10 18:10:24|–ù—É —Ä–µ—Ç–≤–∏—Ç–æ–≤ –æ–Ω–∏ –Ω–µ –ø–æ–∂–∞–ª–µ–ª–∏... https://t.co/Et7vOBUUad
RuslanUsachev|851442439831289856|2017-04-10 14:31:11|@Spoontamer –æ–π, —Ç—ã –±—ã –Ω–µ –æ–ø—Ä–∞–≤–¥—ã–≤–∞–ª—Å—è —Ç–∞–∫, –µ—Å–ª–∏ –±—ã –Ω–µ –±—ã–ª –≤–∏–Ω–æ–≤–∞—Ç
RuslanUsachev|851434048174120960|2017-04-10 13:57:50|–µ—Å–ª–∏ —á—Ç–æ, —ç—Ç–æ —è –ü–æ–ø–µ—Ä–µ—á–Ω–æ–º—É —Ç–∏–∑–µ—Ä –ø–æ–∫–∞–∑–∞–ª
RuslanUsachev|851433841713717248|2017-04-10 13:57:01|–ö–æ–º—É-—Ç–æ –ø–æ—Ä–∞ –≤–∞–ª–∏—Ç—å –≤ –ê—Å–≥–∞—Ä–¥, –∫–∞–∂–µ—Ç—Å—è https://t.co/Y3ZajUz2St
RuslanUsachev|851431537006571521|2017-04-10 13:47:51|–õ—É—á—à–µ –∑–∞–ø—Ä–µ—Ç–∏—Ç—å –¥–æ—Å—Ç—É–ø –ú–∏–ª–æ–Ω–æ–≤–∞ –∫ –¥–µ—Ç—è–º –º–ª–∞–¥—à–µ 14 –ª–µ—Ç.
RuslanUsachev|851406014494588928|2017-04-10 12:06:26|–ö–∞–∫ –≤–∞–º –≤—ã–ø—É—Å–∫? –Ø —á—É—Ç—å –Ω–µ –æ—Ç–∫–∏–Ω—É–ª—Å—è –µ–≥–æ –≤ 4–ö –º–æ–Ω—Ç–∏—Ä–æ–≤–∞—Ç—å, –∑–∞—Ç–æ –≤—ã –º–æ–∂–µ—Ç–µ —Å–º–æ—Ç—Ä–µ—Ç—å –µ–≥–æ –Ω–∞ –º–æ–¥–Ω–æ–º UHD-—Ç–µ–ª–µ–∫–µ ( —É –º–µ–Ω—è —Ç–∞–∫–æ–≥–æ –Ω–µ—Ç).
RuslanUsachev|851354206653042688|2017-04-10 08:40:34|–°–µ–≥–æ–¥–Ω—è –Ω–∞–º #–ü–æ—Ä–∞–í–∞–ª–∏—Ç—å –Ω–∞ –ö—É–±—É! https://t.co/dqk9rv50f0
RuslanUsachev|851178323355074562|2017-04-09 21:01:41|–ù–µ –ø–æ–Ω–∏–º–∞—é, –ø–æ—á–µ–º—É –¥–æ–∫–∞–ø–∞–ª–∏—Å—å –¥–æ –°–∫–∞—Ä–ª–µ—Ç—Ç –ô–æ—Ö–∞–Ω—Å—Å–æ–Ω –≤ –ü—Ä–∏–∑—Ä–∞–∫–µ –≤ –î–æ—Å–ø–µ—Ö–∞—Ö. –Ø –≤–æ—Ç –≤ –æ—Ä–∏–≥–∏–Ω–∞–ª–µ —Ç–æ–∂–µ –Ω–∏ –æ–¥–Ω–æ–≥–æ –∞–∑–∏–∞—Ç–∞‚Ä¶ https://t.co/D7jZJaH5qu
RuslanUsachev|851066257378037760|2017-04-09 13:36:22|–Ø –Ω–µ —É–º–µ—Ä, –ø—Ä–æ—Å—Ç–æ –Ω–æ–≤—ã–π #–ü–æ—Ä–∞–í–∞–ª–∏—Ç—å –∑–∞–≤—Ç—Ä–∞ –±—É–¥–µ—Ç.
RuslanUsachev|850383398594109440|2017-04-07 16:22:56|–¢—Ä–∞–º-–ø–∞–º-–ø–∞–º
RuslanUsachev|850337728008990722|2017-04-07 13:21:27|"RT @Spoontamer: –ù–û–í–´–ô STAND-UP!!!
–î–æ–ª–≥–æ–∂–¥–∞–Ω–Ω—ã–π —Å–ø–µ—à–ª ""–ì–î–ï –°–ú–ï–Ø–¢–¨–°–Ø?!"". –ú–∞–∫—Å–∏–º–∞–ª—å–Ω—ã–π —Ä–µ—Ç–≤–∏—Ç –∑–∞ —Ö–∞–ª—è–≤–Ω—É—é –∑–∞–ø–∏—Å—å –≤—ã—Å—Ç—É–ø–ª–µ–Ω–∏—è, —á—É–≤–∞–∫–∏! ü§ò
https:‚Ä¶"
RuslanUsachev|850029880687382529|2017-04-06 16:58:11|"–≠—Ç–æ–π –ø–µ—Å–Ω–µ –ø—è—Ç—å –ª–µ—Ç.
https://t.co/67bmso9Zwa"
RuslanUsachev|849664221310840833|2017-04-05 16:45:11|–ö–æ–º–º–µ–Ω—Ç–∞—Ä–∏–∏ –≤ Google Play ‚Äì —ç—Ç–æ –æ—Ç–¥–µ–ª—å–Ω—ã–π –∂–∞–Ω—Ä. https://t.co/jOsqr7l6DZ
RuslanUsachev|849606522342715392|2017-04-05 12:55:54|–Ø –≤–∏–∂—É. https://t.co/FbD8pPHuXX
RuslanUsachev|848902521179525120|2017-04-03 14:18:27|–†–µ—Å–ø–µ–∫—Ç —Å–µ—Ä–≤–∏—Å–∞–º —Ç–∞–∫—Å–∏, –∫–æ—Ç–æ—Ä—ã–µ –Ω–µ –±–∞–±–ª–æ –Ω–∞ –≥–æ—Ä–µ –ª—é–¥–µ–π —Ä—É–±—è—Ç, –∞ –±–µ—Å–ø–ª–∞—Ç–Ω–æ –ø–æ–º–æ–≥–∞—é—Ç –≤ —É—Å–ª–æ–≤–∏—è—Ö –∑–∞–∫—Ä—ã—Ç–æ–≥–æ –º–µ—Ç—Ä–æ.
RuslanUsachev|848895199543734273|2017-04-03 13:49:21|–ü—Ä–æ—Å—Ç–æ –Ω–∞–¥–æ –±—ã–ª–æ —Å–∏–ª—å–Ω–µ–µ –º–∏—Ç–∏–Ω–≥–∏ —Ä–∞–∑–≥–æ–Ω—è—Ç—å –∏ –±–æ–ª—å—à–µ —Å–∞–π—Ç–æ–≤ –±–ª–æ–∫–∏—Ä–æ–≤–∞—Ç—å. –í —ç—Ç–æ–º –∂–µ –ø—Ä–æ–±–ª–µ–º–∞, –¥–∞.
RuslanUsachev|848876239217623040|2017-04-03 12:34:01|–°–µ–π—á–∞—Å —á–∏—Ç–∞—é –Ω–æ–≤–æ—Å—Ç–∏ –ø—Ä–æ —Ç–µ–∫–∞—Ä–∫—Ç –∏ –≤—Å–ø–æ–º–∏–Ω–∞—é, —á—Ç–æ —Å–æ–±–∏—Ä–∞–ª—Å—è —Å–µ–≥–æ–¥–Ω—è –ø–æ —ç—Ç–æ–π –≤–µ—Ç–∫–µ –µ—Ö–∞—Ç—å.
RuslanUsachev|848860211599351808|2017-04-03 11:30:20|–ê –ø–æ—Ç–æ–º –æ–∫–∞–∂–µ—Ç—Å—è, —á—Ç–æ —É –Ω–∏—Ö –∏ –ø—Ä–∞–≤–∞ –µ—â–µ –µ—Å—Ç—å. https://t.co/gVr9QDOXC9
RuslanUsachev|848602128126005249|2017-04-02 18:24:48|#–ø—è—Ç–Ω–∞–¥—Ü–∞—Ç—ã–π–≥–æ–¥
RuslanUsachev|848500092189507588|2017-04-02 11:39:21|@psychodozer @DLGreez —è –Ω–µ –≤–∏–∂—É —Å—Å—ã–ª–∫–∏ –Ω–∞ –≤–∏–¥–æ—Å, –∫–æ—Ç–æ—Ä—ã–π –¥–æ–∫–∞–∑—ã–≤–∞–µ—Ç, —á—Ç–æ —ç—Ç–æ —Ñ–µ–π–∫
RuslanUsachev|848484468897796097|2017-04-02 10:37:16|@psychodozer @DLGreez https://t.co/lhSGBOXR8g
RuslanUsachev|847847352195047424|2017-03-31 16:25:35|–Ø –æ—Ç–¥–∞—é —Å–µ–±–µ –æ—Ç—á–µ—Ç, —á—Ç–æ –¥–æ—Ä–æ–≥–∞ –Ω–∞ –ü—É—Å—Ç—å –ì–æ–≤–æ—Ä—è—Ç —Ç–µ–ø–µ—Ä—å –∑–∞–∫—Ä—ã—Ç–∞.
RuslanUsachev|847845406050574337|2017-03-31 16:17:51|–ö–æ–≥–¥–∞ –æ—á–µ–Ω—å —Ö–æ—á–µ—à—å —Å–µ–ª—Ñ–∏, –Ω–æ –Ω–µ —Å–æ–≤—Å–µ–º –ø–æ–Ω—è–ª –∫–∞–∫. https://t.co/3EbjbqF0mW
RuslanUsachev|847159050425028608|2017-03-29 18:50:31|–û–Ω–∏ –Ω–∞—á–∞–ª–∏ –¥–æ–≥–∞–¥—ã–≤–∞—Ç—å—Å—è... https://t.co/6pD1ZMoaW8
RuslanUsachev|847133743626289153|2017-03-29 17:09:58|–ú–µ–Ω—è –±–æ–ª—å—à–µ –≤—Å–µ–≥–æ –æ–±–ª–æ–º–∞–ª–æ –≤–æ –≤—Ä–µ–º—è –≤–µ–¥–µ–Ω–∏—è —Ç—Ä–∞–Ω—Å–ª—è—Ü–∏–∏, —á—Ç–æ –Ω–µ–ª—å–∑—è –±—ã–ª–æ —à—É—Ç–∫–æ–≤–∞—Ç—å –≤ —Ç–≤–∏—Ç—Ç–µ—Ä. –ù–µ–ø—Ä–∏–≤—ã—á–Ω–æ.
RuslanUsachev|847128792468459520|2017-03-29 16:50:17|–ö—Ç–æ —Ç—Ä–∞–Ω—Å–ª—è—Ü–∏—é —Å–∞–º—Å—É–Ω–≥–∞ —Å–º–æ—Ç—Ä–µ–ª, –∫–∞–∫ —è —Å–ø—Ä–∞–≤–∏–ª—Å—è?
RuslanUsachev|847091246929793025|2017-03-29 14:21:06|–°–µ–≥–æ–¥–Ω—è —É–∑–Ω–∞–µ–º, —á—Ç–æ samsung –ø—Ä–µ–¥–ª–æ–∂–∏—Ç –Ω–∞ –∑–∞–º–µ–Ω—É –º–æ–µ–º—É –±—ç—Ç-–º–æ–Ω—Å—Ç—Ä—É s7. –ë—É–¥—É –≤–µ—Å—Ç–∏ —Ç—Ä–∞–Ω—Å–ª—è—Ü–∏—é —Ç—É—Ç‚Ä¶ https://t.co/O7CZMVfofH
RuslanUsachev|846338202319425536|2017-03-27 12:28:46|–ò —Ç—É—Ç –≤–Ω–µ–∑–∞–Ω–æ —Ç–∞–∫–æ–µ –≤–∏–¥–æ–µ https://t.co/CfuiaAQw3g
RuslanUsachev|846310252702248961|2017-03-27 10:37:42|–ü–æ—á–µ–º—É —É –º–µ–Ω—è –≤ —à–∫–æ–ª–µ –Ω–µ –±—ã–ª–æ –¥–µ–º–æ–Ω–æ–ª–æ–≥–∏–∏?
RuslanUsachev|846306785824772096|2017-03-27 10:23:56|–ê–ê–ê–ê–ê–ê–ê–ê–ê–ê–ê–ê–ê–ê! https://t.co/owRlYshJgO
RuslanUsachev|845950161863921664|2017-03-26 10:46:50|–ê –≥–¥–µ –∏ –≤–æ —Å–∫–æ–ª—å–∫–æ —Å–µ–≥–æ–¥–Ω—è –≤ –ü–∏—Ç–µ—Ä–µ –ª—É—á—à–µ –ø–æ–≥—É–ª—è—Ç—å?
RuslanUsachev|845777446813286400|2017-03-25 23:20:31|–ê –ø–æ–º–Ω–∏—Ç–µ –®—É—Ä—ã–≥–∏–Ω—É?
RuslanUsachev|845728863095279616|2017-03-25 20:07:28|–ö—Ç–æ —É—Å–ø–µ–µ—Ç? https://t.co/uQCYsOruq2
RuslanUsachev|844275778372227072|2017-03-21 19:53:26|–ï–≤–≥–µ–Ω —É—Å–ø–µ—à–Ω–æ –¥–≤–∏–∂–µ—Ç—Å—è –∫ —Å–≤–æ–µ–π –≥–ª–∞–≤–Ω–æ–π —Ü–µ–ª–∏ ‚Äì —Å–Ω—è—Ç—å –æ–±–∑–æ—Ä –¥–ª–∏–Ω–Ω–µ–µ —Å–∞–º–æ–≥–æ —Ñ–∏–ª—å–º–∞. https://t.co/uRLmdrt8mb
RuslanUsachev|844192805358649346|2017-03-21 14:23:43|–ù—É —Å–ø–∞—Å–∏–±–æ, @yan_gordienko https://t.co/CRPp3uKhJV
RuslanUsachev|843971937357484032|2017-03-20 23:46:04|@sozydai –ê —è —Ç–∞–∫–æ–µ –Ω–∞—à–µ–ª https://t.co/BGoC4qU2cY
RuslanUsachev|843877819662962691|2017-03-20 17:32:05|@Kate_Clapp @YouTube –≤—Å–µ —Ö—É–∂–µ —Å—Ç–∞–ª–æ –ø–æ—Å–ª–µ —Ç–≤–æ–µ–≥–æ —Ç–≤–∏—Ç–∞ https://t.co/in3CdYNFOl
RuslanUsachev|843877522706219008|2017-03-20 17:30:54|–£–≤–∞–∂–∞–µ–º—ã–µ –ö—Ä–∞—Å–∞–≤–∏—Ü–∞ –∏ –ß—É–¥–æ–≤–∏—â–µ, –ª–∞–¥–Ω–æ –≥–æ–≤–æ—Ä—è—â–∏–π –ø–æ–¥—Å–≤–µ—á–Ω–∏–∫ –∏ —á–∞—Å—ã, –Ω–æ —á–µ—Ä–Ω–æ–∫–æ–∂–∏–µ –Ω–∞ –±–∞–ª—É –≤ –∑–∞–º–∫–µ ‚Äì —ç—Ç–æ —Å–æ–≤—Å–µ–º —Å–∫–∞–∑–∫–∞ #—Å—É–ø–µ—Ä–∫—Ä–∏—Ç–∏–∫–∞
RuslanUsachev|843876667147935747|2017-03-20 17:27:30|@Spoontamer –∞ –ø–æ—á–µ–º—É –∏–º–µ–Ω–Ω–æ —Ç–µ–ª–∫–∏?! #feminism
RuslanUsachev|843789082937507840|2017-03-20 11:39:28|–•–æ—á—É —Å–∫–∞–∑–∞—Ç—å —Å–ø–∞—Å–∏–±–æ –≤—Å–µ–º —Ä–æ—Å—Å–∏—è–Ω–∞–º, –ø–µ—Ä–µ—Å—Ç–∞–≤—à–∏–º –ø–æ–≥–æ–ª–æ–≤–Ω–æ –∂—Ä–∞—Ç—å —Å—Ä–∞–Ω—ã–µ —Å—É—à–∏ –∏ –¥–∞–≤—à–∏–º —à–∞–Ω—Å —Ä–∞–∑–Ω–æ–æ–±—Ä–∞–∑–Ω—ã–º –∏ –∏–Ω—Ç–µ—Ä–µ—Å–Ω—ã–º –∑–∞–≤–µ–¥–µ–Ω–∏—è–º. –ì–æ—Ä–∂—É—Å—å!
RuslanUsachev|842854037255045125|2017-03-17 21:43:56|–ê —É –º–µ–Ω—è —É–∂–µ 400 —Ç—ã—Å—è—á –ø–æ–¥–ø–∏—Å—á–∏–∫–æ–≤ —Ç—É—Ç. –°–ø–∞—Å–∏–±–æ –≤—Å–µ–º, –∫—Ç–æ –Ω–µ –±–æ—Ç –∏ –∂–∏–≤–æ–π –µ—â–µ.
RuslanUsachev|842774538442170368|2017-03-17 16:28:02|@DLGreez @_Olexander_R1_ –î–∞, –¥–∞. –ü—Ç–∞—Ö–∞. –ù–æ —è –≤—Å–µ –µ—â–µ –Ω–µ –ø–æ–Ω–∏–º–∞—é, –∫–∞–∫–∞—è —É –Ω–∞—Å —Å—É–±–∫—É–ª—å—Ç—É—Ä–∞.
RuslanUsachev|842770498543128576|2017-03-17 16:11:59|@_Olexander_R1_ @DLGreez –í–æ—Ç —Ç—É—Ç —Å–æ–≥–ª–∞—Å–µ–Ω. –ê –∫–∞–∫–∞—è —É –Ω–∞—Å —Å—É–±–∫—É–ª—å—Ç—É—Ä–∞ –µ—â–µ —Ä–∞–∑?
RuslanUsachev|842668981152550912|2017-03-17 09:28:35|–¢—É—Ç —Ç–∞–∫–æ–µ –¥–µ–ª–æ... https://t.co/giXVEiJhyT
RuslanUsachev|842393967576666112|2017-03-16 15:15:47|–û—Ç–ª–∏—á–Ω–∞—è –∏–¥–µ—è –¥–ª—è –¥–µ—Ç—Å–∫–æ–π –ø–ª–æ—â–∞–¥–∫–∏ https://t.co/aTtzIQCqlU
RuslanUsachev|842097502765645833|2017-03-15 19:37:44|RT @VidfestRu: –†–∞–¥—ã –ø—Ä–µ–¥—Å—Ç–∞–≤–∏—Ç—å –≤–∞—à–µ–º—É –≤–Ω–∏–º–∞–Ω–∏—é –ö–õ–ò–ö–ö–õ–ê–ö —Ç—É—Ä! –ü—Ä–∏—Å–æ–µ–¥–∏–Ω—è–π—Ç–µ—Å—å –∫–æ –≤—Å—Ç—Ä–µ—á–∞–º –≤ —Å–≤–æ–∏—Ö –≥–æ—Ä–æ–¥–∞—Ö, –±–∏–ª–µ—Ç—ã —É–∂–µ –≤ –ø—Ä–æ–¥–∞–∂–µ. –°—Ç–∞—Ä—Ç—É–µ–º 5‚Ä¶
RuslanUsachev|842035420837892097|2017-03-15 15:31:03|RT @RustBark: –ë–û–õ–¨–®–ï @RuslanUsachev https://t.co/716RX7wBba
RuslanUsachev|842035344426045440|2017-03-15 15:30:45|@wylsacom –û–Ω–∏ –Ω–∞—Å—Ç–æ–ª—å–∫–æ –æ–≥—Ä–æ–º–Ω—ã–µ –±—É–¥—É—Ç?
RuslanUsachev|842035120534089730|2017-03-15 15:29:51|–û—Ç–ª–∏—á–Ω—ã–µ –Ω–æ–≤—ã–µ –ø—Ä–æ–º–æ-—Ñ–æ—Ç–æ —É –ö—Ä–∞—Å–∞–≤–∏—Ü—ã –∏ –ß—É–¥–æ–≤–∏—â–∞!
RuslanUsachev|841754068959797248|2017-03-14 20:53:03|–° –∫–∞–∂–¥—ã–º –∫–æ–Ω—Ü–µ—Ä—Ç–æ–º —á–∏—Å–ª–æ —É—á–∞—Å—Ç–Ω–∏–∫–æ–≤ @LITTLEBIG_BAND —É–≤–µ–ª–∏—á–∏–≤–∞–µ—Ç—Å—è –≤ –≥–µ–æ–º–µ—Ç—Ä–∏—á–µ—Å–∫–æ–π –ø—Ä–æ–≥—Ä–µ—Å—Å–∏–∏. https://t.co/IrhO3nEyk6
RuslanUsachev|841701123857739776|2017-03-14 17:22:40|@agashkov_k –í –ë–µ–ª–≥—Ä–∞–¥–µ —è —Ç–æ–∂–µ —á–∏—Ö–∞ –Ω–µ —Å–ª—ã—à–∞–ª
RuslanUsachev|841652914435325953|2017-03-14 14:11:06|–û–∫–µ–π, –≤ –ø–æ–º–µ—â–µ–Ω–∏–∏ –º–∞–≤–∏–∫ –Ω–µ –æ—á–µ–Ω—å —Ö–æ—Ä–æ—à–æ –ª–µ—Ç–∞–µ—Ç. –ì–¥–µ –º–æ–∏ –∑–∞–ø–∞—Å–Ω—ã–µ –ª–æ–ø–∞—Å—Ç–∏?
RuslanUsachev|841302597197783040|2017-03-13 14:59:04|"–ó–∞–∂–∞–ª–∏ –Æ–ª–∏–∏ –°–∞–º–æ–π–ª–æ–≤–æ–π –Ω–æ—Ä–º–∞–ª—å–Ω—É—é –ø–µ—Å–Ω—é –¥–ª—è –µ–≤—Ä–æ–≤–∏–¥–µ–Ω–∏—è. –° —Ç–∞–∫–æ–π –∫–æ–º–ø–æ–∑–∏—Ü–∏–µ–π –æ–Ω–∞ –º–æ–∂–µ—Ç –¥–∞–∂–µ –¥–æ —Ñ–∏–Ω–∞–ª–∞ –Ω–µ –¥–æ–π—Ç–∏
https://t.co/8R2fG4w8j0"
RuslanUsachev|841227422901125121|2017-03-13 10:00:21|"–ï—Å–ª–∏ –µ—Å—Ç—å –µ—â–µ –≤ –≤–∞—Å —Å–∏–ª—ã –¥–∞—Ç—å —à–∞–Ω—Å —Ä—É—Å—Å–∫–æ–π –∫–æ–º–µ–¥–∏–∏, —Ç–æ ""–ì—É–ª—è–π, –í–∞—Å—è"" —Ö–æ—Ä–æ—à–∏–π –≤–∞—Ä–∏–∞–Ω—Ç #—Å—É–ø–µ—Ä–∫—Ä–∏—Ç–∏–∫–∞"
RuslanUsachev|840996107274616833|2017-03-12 18:41:11|–ü–æ—Å–æ–≤–µ—Ç—É–π—Ç–µ, —á—Ç–æ —Ö–æ—Ä–æ—à–µ–≥–æ –∏–∑ –∫–æ–æ–ø–∞ –Ω–∞ –∫–æ–Ω—Å–æ–ª–∏ –µ—Å—Ç—å. –ê —Ç–æ —è –≤ –∑–∞–º–µ—à–∞—Ç–µ–ª—å—Å—Ç–≤–µ https://t.co/ZsRw5Y6Uky
RuslanUsachev|840941573445685250|2017-03-12 15:04:29|–ê –≤—ã –ø–æ–º–Ω–∏—Ç–µ? –ê –≤—ã –ø–æ–º–Ω–∏—Ç–µ 2016-–π, –∫–æ–≥–¥–∞ –≥–∏—Ä–æ—Å–∫—É—Ç–µ—Ä—ã –±—ã–ª–∏ –∫–ª–µ–≤—ã–º–∏?
RuslanUsachev|840600847297966080|2017-03-11 16:30:34|–°–º–æ—Ç—Ä—é –≤–ª–æ–≥ –Æ—Ä—ã —É –º–æ—Ä–∞–ª—å–Ω–æ –≥–æ—Ç–æ–≤–ª—é—Å—å –∫ —Å–æ–≤–º–µ—Å—Ç–Ω–æ–º—É —Ç—É—Ä—É —Å –∞–ø—Ä–µ–ª–µ. https://t.co/wBB5RbQafx
RuslanUsachev|840184142709063680|2017-03-10 12:54:44|@Kate_Clapp –û–Ω–∏ —Å–æ–≤—Å–µ–º –Ω–µ –ø—Ä–∏—Ö–æ–¥—è—Ç —á—Ç–æ –ª–∏?
RuslanUsachev|838811212339105792|2017-03-06 17:59:12|–°–∫–æ—Ä–æ –≤–µ—Ä–Ω—É—Å—å —Å–ø–∞—Å–∞—Ç—å —é—Ç—å—é–±. https://t.co/WVk4dNo1VJ
RuslanUsachev|838783938667642881|2017-03-06 16:10:49|–°—á–∏—Ç–∞—é, —á—Ç–æ @EmmaWatson, –∫–∞–∫ –∏ –ª—é–±–∞—è –∂–µ–Ω—â–∏–Ω–∞, –º–æ–∂–µ—Ç –ø–æ–∫–∞–∑—ã–≤–∞—Ç—å –Ω–∞ —Ñ–æ—Ç–æ —Å—Ç–æ–ª—å–∫–æ –≥—Ä—É–¥–∏, —Å–∫–æ–ª—å–∫–æ –∑–∞—Ö–æ—á–µ—Ç.
RuslanUsachev|838744961302597632|2017-03-06 13:35:56|@EeOneGuy –ö—Ç–æ —Ç–≤–æ–π –ª—é–±–∏–º—ã–π –∞–π–¥–æ–ª?
RuslanUsachev|838198097616515073|2017-03-05 01:22:54|–ü–æ—Å–ª–µ —Å–º–µ—Ä—Ç–∏ –ª–∞–¥—ã –ø–æ–ø–∞–¥–∞—é—Ç –Ω–∞ –ö—É–±—É. https://t.co/RAofEJFJaB
RuslanUsachev|837684036478828544|2017-03-03 15:20:12|–°–∏–∂—É –≤ –∞—ç—Ä–æ–ø–æ—Ä—Ç—É –ö—É–±—ã –∏ –ø–æ–Ω—è–ª, —á—Ç–æ –≤ –†–æ—Å—Å–∏–∏ –∂–µ –≤—ã—à–ª–∞ —Å–µ–≥–æ–¥–Ω—è Nintendo Switch. –ü—Ä–∏–¥–µ—Ä–∂–∏—Ç–µ —Ç–∞–º –¥–ª—è –º–µ–Ω—è –æ–¥–Ω—É @NintendoRU
RuslanUsachev|837671891338944514|2017-03-03 14:31:56|@Spoontamer –æ–ø—è—Ç—å –≤ —Ä–æ—Å–æ–º–∞—Ö–µ —Ç—É–ø–æ–π —Å—é–∂–µ—Ç?
RuslanUsachev|837664307835981824|2017-03-03 14:01:48|–ö–∞–∫ –±—ã —ç—Ç–æ –µ—â–µ –∏ —Å–º–æ–Ω—Ç–∏—Ä–æ–≤–∞—Ç—å —É—Å–ø–µ—Ç—å –≤ –º–∞—Ä—Ç–µ.
RuslanUsachev|837664215485788160|2017-03-03 14:01:26|–ù–∞—Å–Ω–∏–º–∞–ª–∏ 200 –ì–ë –º–∞—Ç–µ—Ä–∏–∞–ª–æ–≤ –≤ –ì–∞–≤–∞–Ω–µ, –ª–µ—Ç–∏–º –≤ –ú–∞–π–∞–º–∏ #–ü–æ—Ä–∞–í–∞–ª–∏—Ç—å
RuslanUsachev|837663938376515584|2017-03-03 14:00:20|https://t.co/pDpZTSsd2R
RuslanUsachev|837471862577905664|2017-03-03 01:17:06|–ê—Å—Ç–∞ –ª–∞ —Ä–µ–≤–æ–ª—é—Ü–∏—è –±–µ–π–±–∏! https://t.co/m4x0yCvnHR
RuslanUsachev|836248352769650688|2017-02-27 16:15:18|–ß–∏–ª –∞—É—Ç, —ç—Ç–æ –Ω–æ–≤—ã–π #–ü–æ—Ä–∞–í–∞–ª–∏—Ç—å –∏–∑ –ù–æ—Ä–∏–ª—å—Å–∫–∞ https://t.co/6Udm1eWFhp
RuslanUsachev|835714477903474691|2017-02-26 04:53:53|"–£–≥–∞–¥–∞–π—Ç–µ, –≤ –∫–∞–∫—É—é —Å—Ç—Ä–∞–Ω—É –º—ã —Å–µ–π—á–∞—Å –ø–æ–ª–µ—Ç–∏–º —Å–Ω–∏–º–∞—Ç—å #–ü–æ—Ä–∞–í–∞–ª–∏—Ç—å? 
–ü–æ–¥—Å–∫–∞–∑–∫–∞: —ç—Ç–æ –ö—É–±–∞.

–ñ–¥—É –≤–∞—à–∏ –≤–∞—Ä–∏–∞–Ω—Ç—ã! https://t.co/AvyvWWrMc2"
RuslanUsachev|835667500054548481|2017-02-26 01:47:12|"–ö–∞–∫ –®—É—Ä—ã–≥–∏–Ω–∞ –Ω–∞–∑—ã–≤–∞–µ—Ç —Å–≤–æ–∏—Ö –ø–æ–¥–ø–∏—Å—á–∏–∫–æ–≤ –Ω–∞ –∫–∞–Ω–∞–ª–µ? 
–î–æ–Ω—ã—à–∫–∏? –ù–∞—Å–∏–ª—å–Ω—è—à–∫–∏? –ó–µ–∫—á–∞—Ç–∫–∏? –°—Ç—Ä–æ–≥–∞—á–∫–∏? –í–æ—Å—å–º–∏–ª–µ—Ç–∫–∏?"
RuslanUsachev|835572604857692163|2017-02-25 19:30:07|–ù–æ–≤—ã–π –æ—Ç–º–æ—Ä–æ–∂–µ–Ω–Ω—ã–π #–ü–æ—Ä–∞–í–∞–ª–∏—Ç—å –≤—ã–π–¥–µ—Ç –≤ –ø–æ–Ω–µ–¥–µ–ª—å–Ω–∏–∫ –≤ –ø–æ–ª–¥–µ–Ω—å. https://t.co/rDjJsqCXmj
RuslanUsachev|835570549921284101|2017-02-25 19:21:57|–ê —ç—Ç–æ –∑–∞–∫–æ–Ω–Ω–æ? https://t.co/Cf28PXZuct
RuslanUsachev|835378296821002241|2017-02-25 06:38:01|–ú–æ–∂–µ—Ç —Ç–∞–∫–æ–µ –ø—Ä–µ–≤—å—é –∏ –æ—Å—Ç–∞–≤–∏—Ç—å? https://t.co/ZgZRSo9WhA
RuslanUsachev|835194580635160576|2017-02-24 18:27:59|–ü–æ–∫–∞ Horizon: Zero Dawn —Ç–∞–∫–æ–π, –∫–∞–∫ –∏ –æ–∂–∏–¥–∞–ª. –ö—Ä–∞—Å–∏–≤–∞—è —Å–º–µ—Å—å –∞—Å—Å–∞—Å—Å–∏–Ω–∞ –∏ —Ñ–∞—Ä –∫—Ä–∞—è.
RuslanUsachev|834403708096147456|2017-02-22 14:05:21|@Maria__Way —Ç–æ –µ—Å—Ç—å —è –Ω–µ –æ–¥–∏–Ω —ç—Ç–æ —É–≤–∏–¥–µ–ª
RuslanUsachev|833968940640518146|2017-02-21 09:17:44|27 ‚Äì —ç—Ç–æ, –≤ –Ω–µ–∫–æ—Ç–æ—Ä–æ–π —Å—Ç–µ–ø–µ–Ω–∏, 3.
RuslanUsachev|833772878990544900|2017-02-20 20:18:39|"–ü–æ—Å–ª–µ–¥–Ω–∏–π ""–ü—É—Å—Ç—å –ì–æ–≤–æ—Ä—è—Ç"" –æ—á–µ–Ω—å –ø–æ—Ö–æ–∂ –Ω–∞ –≥—Ä—É–ø–ø–æ–≤–æ–µ –∏–∑–Ω–∞—Å–∏–ª–æ–≤–∞–Ω–∏–µ."
RuslanUsachev|833425066419486720|2017-02-19 21:16:34|–ú–∞–π–æ—Ä –ì—Ä–æ–º –≤–ø–æ–ª–Ω–µ –æ–∫ #—Å—É–ø–µ—Ä–∫—Ä–∏—Ç–∏–∫–∞
RuslanUsachev|833409584802955265|2017-02-19 20:15:03|RT @tjournal: –î—É—Ö –í–µ—Å—Ç–µ—Ä–æ—Å–∞ –≤ –ø–µ—Ä–µ—Ö–æ–¥–µ –∫–∏–µ–≤—Å–∫–æ–≥–æ –º–µ—Ç—Ä–æ (via @kissmyba) https://t.co/HyrzthOtlP
RuslanUsachev|833307972516278279|2017-02-19 13:31:17|–ß—Ç–æ —ç—Ç–æ —É –Ω–∞—Å –º–∞—è—á–∏—Ç –Ω–∞ –≥–æ—Ä–∏–∑–æ–Ω—Ç–µ? https://t.co/OsF1ICnC7S
RuslanUsachev|832316030680641536|2017-02-16 19:49:40|@wylsacom —É—á—É—Å—å –º–µ—Ç–æ–¥–æ–º –ø–æ–≤—Ç–æ—Ä–µ–Ω–∏—è
RuslanUsachev|832306543077052416|2017-02-16 19:11:58|"–í—Å–ø–æ–º–Ω–∏–ª –Ω–æ–≤–æ—Å—Ç—å, —á—Ç–æ –º–Ω–æ–≥–∏–µ –º–µ–Ω—è—é—Ç –±–∞–Ω–∫, —á—Ç–æ–± Apple Pay –ø–æ–ª—å–∑–æ–≤–∞—Ç—å—Å—è.
–ï—Å–ª–∏ —á—Ç–æ 3000 –±–æ–Ω—É—Å–Ω—ã—Ö –º–∏–ª—å :)‚Ä¶ https://t.co/vR4krX7PgC"
RuslanUsachev|832226296545603590|2017-02-16 13:53:05|–¢–æ–ø-–∫–æ–Ω—Ç–µ–Ω—Ç —é—Ç—å—é–±–∞. –ú–∞–ª—å—á–∏–∫ –ø–∏—Å–∞–µ—Ç –Ω–∞ –±—Ä–∞—Ç–∞ —Ñ–ª–∞–≥–æ–º –£–∫—Ä–∞–∏–Ω—ã. https://t.co/5hhRs2pZ5o
RuslanUsachev|831994799452520450|2017-02-15 22:33:12|@yurakaplan –º–∞–∫—Å–∏–º—É–º –ª–∞–π–∫
RuslanUsachev|831957361598332933|2017-02-15 20:04:26|–°–µ–π—á–∞—Å —Ç–æ—Ç–∞–ª–∏ –±—É–¥—É —Ç–µ—Å—Ç–∏—Ç—å –≤—Å—é —ç—Ç—É –∫–æ–ª–±–∞—Å—É! https://t.co/wktDbPPw6Z
RuslanUsachev|831912124305768449|2017-02-15 17:04:41|@thatRuslan –≤ –ø–∞–±–ª–∏–∫–µ –±—ã–ª–∏ —Ä–µ–∑—É–ª—å—Ç–∞—Ç—ã –≤ –Ω–∞—á–∞–ª–µ —è–Ω–≤–∞—Ä—è
RuslanUsachev|831406946301382656|2017-02-14 07:37:17|–ù—É –∏ –∂–∞—Ä–∞ –≤ —ç—Ç–æ–π –≤–∞—à–µ–π –ú–æ—Å–∫–≤–µ https://t.co/rpuQzmaoW0
RuslanUsachev|830827793512546305|2017-02-12 17:15:56|–ê –¥–∞–≤–∞–π—Ç–µ —Ä–∞—Å–∫—Ä–∞—Å–∏–º –¥–µ—Ç—Å–∫—É—é –±–æ–ª—å–Ω–∏—Ü—É –≤ –ù–æ—Ä–∏–ª—å—Å–∫–µ, —á—Ç–æ–±—ã –≤–µ—Å–µ–ª–µ–µ –≤—ã–≥–ª—è–¥–µ–ª–æ. https://t.co/TjRCgd7AGN
RuslanUsachev|830539417458769920|2017-02-11 22:10:02|"@psychodozer —Å —Ç–æ–±–æ–π-—Ç–æ? –ù–∏ –∑–∞ —á—Ç–æ! 
–í—ã–∑—ã–≤–∞—é —Ç–µ–±—è –Ω–∞ –≤–µ—Ä—Å—É—Å."
RuslanUsachev|830538834597249027|2017-02-11 22:07:43|@psychodozer https://t.co/3RjRl4G0jm
RuslanUsachev|830537291747700736|2017-02-11 22:01:35|@psychodozer —É–ª–∏—Ü–∞ –î—é–º–∞, –¥–æ–º –ö–æ–ª–æ—Ç—É—à–∫–∏–Ω–∞
RuslanUsachev|830536678376931330|2017-02-11 21:59:09|@psychodozer –æ, —Ç—ã —Ç–æ–∂–µ –≤ –ù–æ—Ä–∏–ª—å—Å–∫–µ? –ù–∞–¥–æ –ø–µ—Ä–µ—Å–µ—á—å—Å—è
RuslanUsachev|830456654860845057|2017-02-11 16:41:10|–Ø –≤–∏–∂—É, –∫–∞–∫ —Ç—ã —Å–º–æ—Ç—Ä–∏—à—å –Ω–∞ –Ω–µ–µ. –°–æ–±–µ—Ä–∏—Å—å —É–∂–µ —Å –¥—É—Ö–æ–º –∏ –ø–æ–∑–æ–≤–∏ –µ–µ –Ω–∞ –≤–µ—Ä—Å—É—Å.
RuslanUsachev|830341206366416896|2017-02-11 09:02:25|–°–ª–µ–¥—É—é—â–∏–π —ç–ø–∏–∑–æ–¥ #–ü–æ—Ä–∞–í–∞–ª–∏—Ç—å  –±—É–¥–µ—Ç —Å–æ–≤—Å–µ–º –æ—Ç–º–æ—Ä–æ–∂–µ–Ω–Ω—ã–º! @ –ù–æ—Ä–∏–ª—å—Å–∫ https://t.co/A7gkiNFJIb
RuslanUsachev|829980335349854208|2017-02-10 09:08:26|https://t.co/h7UtuO2ALi
RuslanUsachev|829535321154953216|2017-02-09 03:40:07|–ü—Ä–∏–≤–µ—Ç, –ù–æ—Ä–∏–ª—å—Å–∫. –Ø —É–∂–µ –∑–∞–º–µ—Ä–∑. https://t.co/aTPHCSXg3x
RuslanUsachev|829353950054850560|2017-02-08 15:39:25|–í –ü–∏—Ç–µ—Ä–µ –∫—É—á–∞ —Ä–µ–∫—Ç–æ—Ä–æ–≤ –≤—É–∑–æ–≤ –ø–æ–¥–ø–∏—Å–∞–ª–∏—Å—å –∑–∞ –Ω–µ–º–µ–¥–ª–µ–Ω–Ω—É—é —Å–¥–∞—á—É –ò—Å–∞–∞–∫–∏–µ–≤—Å–∫–æ–≥–æ –°–æ–±–æ—Ä–∞ –ø–æ–ø–∞–º. –ì–ª–∞–≤–∞ —Ä–æ–¥–Ω–æ–≥–æ —É–Ω–∏–≤–µ—Ä–∞ –∫—É–ª‚Ä¶ https://t.co/AV8m232tO1
RuslanUsachev|829322413083082752|2017-02-08 13:34:06|–ì–¥–µ-—Ç–æ –≥—Ä—É—Å—Ç–∏—Ç –æ–¥–∏–Ω –ª—ã—Å—ã–π –∏ –±—Ä–∞–∑–∑–µ—Ä—Å https://t.co/mjRmY7BwJz
RuslanUsachev|827553205466836993|2017-02-03 16:23:54|"@Pasha_Mickey @DLGreez —Ç—ã —Ö–æ—Ç–µ–ª —Å–∫–∞–∑–∞—Ç—å ""–æ–Ω—Ç—É—Ä—ç–π–¥–∂""?"
