CosmopolitanRus|866898477309083648|2017-05-23 06:07:57|"Теракт на концерте Арианы Гранде: 20 погибших

↪ https://t.co/AdguLaAUPI #Звезды"
CosmopolitanRus|866880015987691521|2017-05-23 04:54:36|"Пригласил в кино на порнофильм! И еще 7 реальных забавных историй

↪ https://t.co/8I5L5NFsCS #Отношения"
CosmopolitanRus|866860146940534784|2017-05-23 03:35:39|"Тайны, покрытые мраком: 6 самых популярных секретов от партнера

↪ https://t.co/TNaGkMK3M0 #Отношения"
CosmopolitanRus|866847716558553090|2017-05-23 02:46:15|"Здорово придумано! 8 душещипательных историй от романтичных мужчин

↪ https://t.co/qLaAVXhZJS #Отношения"
CosmopolitanRus|866807065280303104|2017-05-23 00:04:43|"""Бактериологическая атака"" в спортзале: 6 мест, где можно подхватить инфекцию

↪ https://t.co/XR3WUsDP7p #Здоровье"
CosmopolitanRus|866802948679942144|2017-05-22 23:48:22|"Вкусы Поднебесной: рецепты китайской лапши от шефа ""Мандарин. Лапша и Утки""

↪ https://t.co/r4sWHgWsCn #Стиль"
CosmopolitanRus|866797276466786304|2017-05-22 23:25:49|"Искусственные любовницы: 8 неожиданных фактов о секс-куклах

↪ https://t.co/V4JRmBjOiv #Отношения"
CosmopolitanRus|866794532523851776|2017-05-22 23:14:55|"После работы: 7 соблазнительных луков российской марки Peony Moscow

↪ https://t.co/hWmZ8W5T3O #Мода"
CosmopolitanRus|866789506795450369|2017-05-22 22:54:57|"Как выйти замуж за идеального мужчину?

↪ https://t.co/UHAFd3Srj3 #Отношения"
CosmopolitanRus|866786694254575616|2017-05-22 22:43:46|"Бесплатная тренировка по пляжному волейболу для всех читательниц Cosmo!

↪ https://t.co/l0oqVAUw9D #Здоровье"
CosmopolitanRus|866783943248326656|2017-05-22 22:32:50|"6 приемов, которые помогут тебе усилить оргазм партнера ...

↪ https://t.co/YxPf9MP77E"
CosmopolitanRus|866781024218300416|2017-05-22 22:21:14|"Продажная любовь: исторические деятели, которые были одержимы проститутками

↪ https://t.co/cN2v5dfsNe #Отношения"
CosmopolitanRus|866778786477494272|2017-05-22 22:12:21|"Твой первый бал: блогеры и PAZOLINI поделились секретами идеального выпускного

↪ https://t.co/RYdnatAfTU #Мода"
CosmopolitanRus|866776124998602752|2017-05-22 22:01:46|"9 признаков того, что случайная встреча может стать чем-то большим ...

↪ https://t.co/XRFfTHGp3x"
CosmopolitanRus|866770356580753412|2017-05-22 21:38:51|"Ищешь идеальные кроссовки? В Skechers Memory Foam можно ходить не уставая

↪ https://t.co/ncAtceUF4s #Мода"
CosmopolitanRus|866767581725642752|2017-05-22 21:27:49|"Сказочный отдых в отеле La Blanche Island Bodrum

↪ https://t.co/udT8v2X9e8 #Стиль"
CosmopolitanRus|866762183803256832|2017-05-22 21:06:22|"Школьный выпускной: Лучший букет для лучшего учителя!

↪ https://t.co/nYUSUlF5L1 #Психология"
CosmopolitanRus|866759962331979776|2017-05-22 20:57:33|"Итоги конкурса «Навстречу солнечному дню»

↪ https://t.co/KOCGQPYTjv #Мода"
CosmopolitanRus|866757087795138560|2017-05-22 20:46:07|"Даниловский рынок устроил громкую вечеринку в честь завершения реконструкции

↪ https://t.co/ebz2LNUm5N #Звезды"
CosmopolitanRus|866753331326099456|2017-05-22 20:31:12|"5 эффективных упражнений для тех, кому лень идти в спортзал

↪ https://t.co/NsdkZvJpP3 #Красота"
CosmopolitanRus|866750364619386880|2017-05-22 20:19:25|"50-летняя Сальма Хайек примерила розовые волосы для вечеринки в Каннах

↪ https://t.co/GaMfEG15ej #Звезды"
CosmopolitanRus|866746696968978432|2017-05-22 20:04:50|"Блогеры поделились ужасами летнего сезона, которые переживал каждый

↪ https://t.co/g30tCALqBl #Стиль"
CosmopolitanRus|866740859089203200|2017-05-22 19:41:38|"Украинский Elle поместил на обложку кормящую грудью журналистку Катю Осадчую

↪ https://t.co/UgaNmxsAHq #Стиль"
CosmopolitanRus|866737830508101632|2017-05-22 19:29:36|"Шоу Леди Гаги на «Евровидении» отменили ради выступления Русланы

↪ https://t.co/s0xNqJt5ow #Звезды"
CosmopolitanRus|866734252796157952|2017-05-22 19:15:23|"Новый взгляд: российские звезды, которые сделали блефаропластику

↪ https://t.co/rNzoQJcyoQ #Красота"
CosmopolitanRus|866731507842334720|2017-05-22 19:04:29|"Назад в 60-е: новая круизная коллекция Bottega Veneta-2018

↪ https://t.co/ugzX7DZixW #Мода"
CosmopolitanRus|866727230730190848|2017-05-22 18:47:29|"Пермячка похудела на 30 килограммов и стала моделью

↪ https://t.co/y82zrnql9q #Стиль"
CosmopolitanRus|866723740129808384|2017-05-22 18:33:37|"71-летняя Шер вышла на сцену премии Billboard в прозрачном купальнике

↪ https://t.co/5ARkchQbR9 #Звезды"
CosmopolitanRus|866715568623177728|2017-05-22 18:01:09|"Бывший муж Виктории Бони Алекс Смерфит показал фото с новой подругой

↪ https://t.co/u4uv377028 #Звезды"
CosmopolitanRus|866711884484890624|2017-05-22 17:46:30|"Декольте и колготки в сетку: как одевается Алеся Кафельникова

↪ https://t.co/3exLw6qrw9 #Мода"
CosmopolitanRus|866708179932946432|2017-05-22 17:31:47|"Наши в Каннах: дочь Аркадия Новикова закрутила роман с Борисом Ельциным-младшим

↪ https://t.co/psKN4qA8Zd #Звезды"
CosmopolitanRus|866704646353469440|2017-05-22 17:17:44|"Дима Билан показал тизер клипа «Лабиринты», снятого в поддержку больных детей

↪ https://t.co/qqnLwrZ019 #Звезды"
CosmopolitanRus|866698824667901952|2017-05-22 16:54:36|"7 удивительных книг о том, что скрывает наше тело

↪ https://t.co/VMzCtbhcjS #Стиль"
CosmopolitanRus|866696962329817094|2017-05-22 16:47:12|"По-летнему ярко: 27 купальников INCANTO, которые мечтают улететь с тобой на море

↪ https://t.co/kWk1BxIUpy #Мода"
CosmopolitanRus|866693201347788800|2017-05-22 16:32:16|"Модная революция: Меланья Трамп отказалась покрывать голову в Саудовской Аравии

↪ https://t.co/ZYnhWzzL51 #Мода"
CosmopolitanRus|866689345759002625|2017-05-22 16:16:56|"Одеться как парижанка: 10 Instagram-уроков стиля из Парижа

↪ https://t.co/Puj0p5kjEm #Мода"
CosmopolitanRus|866685579429257216|2017-05-22 16:01:59|"Официантку уволили за ночь, которую она провела в постели Орландо Блума

↪ https://t.co/eQPx5IqeXn #Звезды"
CosmopolitanRus|866681740227624960|2017-05-22 15:46:43|"Ксения Собчак, Андрей Малахов и Дмитрий Хрусталев на благотворительном вечере

↪ https://t.co/47V9gAAkla #Звезды"
CosmopolitanRus|866678108920860672|2017-05-22 15:32:17|"Горячи не по годам: юные дочки звезд, которые шокируют своей сексуальностью

↪ https://t.co/Y5Hnu8IfSB #Звезды"
CosmopolitanRus|866674513341169664|2017-05-22 15:18:00|"36-летняя Маша Малиновская смутила фанатов, выложив селфи из туалета

↪ https://t.co/VfDIsqUjcy #Звезды"
CosmopolitanRus|866670240335134721|2017-05-22 15:01:01|"Экс-солистка t.A.T.u Лена Катина показала трогательные фото сына и мужа

↪ https://t.co/Ag0eSH8qID #Звезды"
CosmopolitanRus|866666742914859008|2017-05-22 14:47:08|"«Королева Канн!»: 49-летняя Николь Кидман затмила звезд Лазурного берега

↪ https://t.co/IBDKDAfSen #Звезды"
CosmopolitanRus|866663137134624768|2017-05-22 14:32:48|"Премия Billboard Music Awards-2017: лучшие и худшие образы звёзд

↪ https://t.co/0kV3YPeB0M #Мода"
CosmopolitanRus|866657510165327872|2017-05-22 14:10:26|"Ксения Собчак записала гневное обращение к президенту Украины Петру Порошенко

↪ https://t.co/IuS8wDujWP #Звезды"
CosmopolitanRus|866654743820591104|2017-05-22 13:59:27|"Лето 2017: революций в моде не будет

↪ https://t.co/4OdaSycn70 #Мода"
CosmopolitanRus|866651943543775235|2017-05-22 13:48:19|"Кореянки против француженок: как они ухаживают за собой и борются со старением

↪ https://t.co/TUqeUSYevL #Красота"
CosmopolitanRus|866647699336052736|2017-05-22 13:31:27|"В новом клипе Ольгу Бузову закидали помидорами

↪ https://t.co/7MycAi8BkQ #Звезды"
CosmopolitanRus|866644073930645504|2017-05-22 13:17:03|"Видеочат Сosmo.ru: задай вопрос певице Юлии Самойловой

↪ https://t.co/KTSz4ibObn #Звезды"
CosmopolitanRus|866640322247368704|2017-05-22 13:02:08|"Участницу «Дома-2» Леру Фрост заподозрили в операции по смене пола

↪ https://t.co/0zjBHagXgR #Звезды"
CosmopolitanRus|866636500867325952|2017-05-22 12:46:57|"Настасья Самбурская подколола Ольгу Бузову, певшую под фонограмму

↪ https://t.co/yZZOfqTWlh #Звезды"
CosmopolitanRus|866636059743969280|2017-05-22 12:45:12|Генетики выяснили, как спастись от меланомы https://t.co/U5YEOkYYu6
CosmopolitanRus|866632775285194752|2017-05-22 12:32:09|Редакция Cosmo делится личными историями непростых отношений со своими волосами. https://t.co/LAaYoDUR8k
CosmopolitanRus|866629121849212928|2017-05-22 12:17:38|"Вещь дня: летняя соломенная шляпка-канотье от отечественного бренда MDWS

↪ https://t.co/TqXwSDZ3va #Мода"
CosmopolitanRus|866625559677108224|2017-05-22 12:03:29|"""С годами только лучше"": Марк Цукерберг поздравил жену с пятой годовщиной

↪ https://t.co/d8T1jQkTf4 #Звезды"
CosmopolitanRus|866621823139565571|2017-05-22 11:48:38|"Певица Настя Кудри прокомментировала проклятие Алеси Кафельниковой

↪ https://t.co/64vUNuBcy5 #Звезды"
CosmopolitanRus|866618021418196992|2017-05-22 11:33:31|"""Русалка"": поклонники восхитились фигурой молодой мамы Ирины Шейк

↪ https://t.co/zDLcR13mWh #Звезды"
CosmopolitanRus|866613492043796481|2017-05-22 11:15:32|"Диана Шурыгина провела вечер на Венском балу в одиночестве с пивом

↪ https://t.co/LQjDhxRjeh #Звезды"
CosmopolitanRus|866610028005826560|2017-05-22 11:01:46|"39-летняя Екатерина Климова показала подросших сыновей

↪ https://t.co/chQ9vkllkg #Звезды"
CosmopolitanRus|866603905957875712|2017-05-22 10:37:26|"Мир в розовом цвете: звезды, которые выбрали самое модное окрашивание сезона

↪ https://t.co/9UInimUljm #Красота"
CosmopolitanRus|866601705567166464|2017-05-22 10:28:41|"Ксения Собчак ответила на критику своей внешности, выложив фото из бани

↪ https://t.co/hoSaxCdsYr #Звезды"
CosmopolitanRus|866598479770009603|2017-05-22 10:15:52|"Ксения Бородина посмеялась над своими ""кудахчущими"" критиками

↪ https://t.co/RLhnLxMGCK #Звезды"
CosmopolitanRus|866594861314527232|2017-05-22 10:01:30|"Владимир Пресняков признался, что неоднократно изменял Кристине Орбакайте

↪ https://t.co/Q59NoX5LTy #Звезды"
CosmopolitanRus|866590908732416001|2017-05-22 09:45:47|"Певец Шура рассказал о борьбе с раком и восемнадцати сеансах химиотерапии

↪ https://t.co/WgiSUSIQvr #Звезды"
CosmopolitanRus|866587387547107328|2017-05-22 09:31:48|"Мария Погребняк высмеяла золотую молодежь в своем дебютном клипе «Мажорки»

↪ https://t.co/voHTpUb9OS #Звезды"
CosmopolitanRus|866583808199360512|2017-05-22 09:17:34|"Мы знаем, что вы сделали: что стало со звездами молодежных ужастиков 90-х

↪ https://t.co/61lo2WudJQ #Звезды"
CosmopolitanRus|866581136381689856|2017-05-22 09:06:57|"Дресс-код на выпускной: что надеть (и чего избегать), когда прощаешься со школой

↪ https://t.co/Zffv94Jyr5 #Мода"
CosmopolitanRus|866564057897115648|2017-05-22 07:59:06|"Девочка, воспитанная обезьянами: потрясающая история Марины Чапман

↪ https://t.co/DFClVsKI6J #Стиль"
CosmopolitanRus|866550878341222400|2017-05-22 07:06:43|"Алексей Воробьев, Елена Темникова, Нюша и Ёлка на фестивале «Маёвка Лайв»

↪ https://t.co/GqeS50HAUK #Звезды"
CosmopolitanRus|866547722953695233|2017-05-22 06:54:11|"Дмитрий Тарасов и Анастасия Костенко провели романтический вечер в ресторане

↪ https://t.co/FypiL5M8eK #Звезды"
CosmopolitanRus|866531503903199232|2017-05-22 05:49:44|"Вслед за Ксенией Собчак Максим Виторган показал лицо сына

↪ https://t.co/3N8Genl0aH #Звезды"
CosmopolitanRus|866517865771311104|2017-05-22 04:55:32|"В центре внимания или в темном углу? 12 типов мужчин на вечеринке

↪ https://t.co/QIztcAN6HE #Отношения"
CosmopolitanRus|866515168892641281|2017-05-22 04:44:49|"40-летняя Наталья Орейро рассказала, как ей удалось похудеть на 30 килограммов

↪ https://t.co/rHMWYlaGZm #Звезды"
CosmopolitanRus|866498563857031168|2017-05-22 03:38:51|"""Делать ничего"" вместе: 8 историй о том, как люди встретили свою любовь

↪ https://t.co/GH107BdVzj #Отношения"
CosmopolitanRus|866482794729422848|2017-05-22 02:36:11|"Как расстаться по-взрослому: 5 причин и 4 шага к лучшей жизни

↪ https://t.co/de4KIz9FRA #Отношения"
CosmopolitanRus|866466243955507200|2017-05-22 01:30:25|"8 ошибок, которые ведут к разрыву отношений ...

↪ https://t.co/pRqBJDKDti"
CosmopolitanRus|866451245501792257|2017-05-22 00:30:49|"Стань еще круче в постели: 14 секс-советов от мужчин ...

↪ https://t.co/AkWuMCwvQN"
CosmopolitanRus|866436572987531264|2017-05-21 23:32:31|"10 вещей, которые говорят мужчине больше, чем «я люблю тебя» ...

↪ https://t.co/6qZhTi3un1"
CosmopolitanRus|866421521098522624|2017-05-21 22:32:42|"Cosmo-камасутра: 6 позиций, которые гарантируют космический оргазм ...

↪ https://t.co/AuY9JJwp0u"
CosmopolitanRus|866414385220141056|2017-05-21 22:04:21|"Максим Галкин и Алла Пугачева повеселились на вечеринке в стиле 90-х

↪ https://t.co/HQmhfEOX9z #Звезды"
CosmopolitanRus|866394347238862848|2017-05-21 20:44:43|"Филипп Киркоров показал фото Аллы Пугачевой с новорожденным Никитой Пресняковым

↪ https://t.co/bBLDj2SOYm #Звезды"
CosmopolitanRus|866391606487678976|2017-05-21 20:33:50|"Мужской взгляд: топ-5 его любимых поз для секса ...

↪ https://t.co/HRDivPtOwj"
CosmopolitanRus|866380821602500608|2017-05-21 19:50:59|"Памела, это ты? Памела Андерсон стала непохожа сама на себя в Каннах

↪ https://t.co/upqeVYEKVD #Звезды"
CosmopolitanRus|866372123689865216|2017-05-21 19:16:25|"Западная пресса назвала наряд Виктории Бони с перьями в Каннах «самым нелепым»

↪ https://t.co/EEgE3MDmcS #Звезды"
CosmopolitanRus|866368313445699584|2017-05-21 19:01:16|"Кендалл Дженнер блеснула в Каннах в платье с ошеломительным шлейфом

↪ https://t.co/P60nze37FI #Звезды"
CosmopolitanRus|866361006259191808|2017-05-21 18:32:14|"Краткий толковый словарь их языка: перевод с мужского на человеческий ...

https://t.co/fIhez5Fto2"
CosmopolitanRus|866353172255621120|2017-05-21 18:01:06|"Сальма Хайек произвела фурор первым появлением в Каннах на ужине Vanity Fair

↪ https://t.co/ojAcLvcvw8 #Звезды"
CosmopolitanRus|866350209831284736|2017-05-21 17:49:20|"Ксения Собчак показала фото сына Платона с бабушкой Людмилой Нарусовой

↪ https://t.co/SjGD0dxKuQ #Звезды"
CosmopolitanRus|866346370684264448|2017-05-21 17:34:05|"Илья Глинников едва не покончил с собой из-за несчастной любви

↪ https://t.co/0UW75eA7lr #Звезды"
CosmopolitanRus|866340883209125888|2017-05-21 17:12:17|"Звезды собрались на вечеринке Chopard и Рианны в Каннах

↪ https://t.co/Ubv5QFd8AL #Звезды"
CosmopolitanRus|866338938033651712|2017-05-21 17:04:33|"5 жутких традиций, убивавших и унижавших женщин в разные времена ...

https://t.co/eRkl2jtOXu"
CosmopolitanRus|866322819310731264|2017-05-21 16:00:30|"Бой с тенью: ты против его бывшей ...

https://t.co/f6KcqnUrg2"
CosmopolitanRus|866311080812740608|2017-05-21 15:13:51|"Бейонсе показала, как меняется ее фигура во время беременности на новых фото

↪ https://t.co/wiswj08gKT #Звезды"
CosmopolitanRus|866308412413329408|2017-05-21 15:03:15|"Блонд, который смотрится «дорого»: 5 правил идеального окрашивания ...

https://t.co/nQWrs9l1Bl"
CosmopolitanRus|866300179757924352|2017-05-21 14:30:32|"Любительницы нью-лука: 5 девушек из Instagram в стиле 50-х ...

https://t.co/ppd1bHStYW"
CosmopolitanRus|866292624973479936|2017-05-21 14:00:31|"От «соседской девчонки» до голливудской дивы: бьюти-эволюция Николь Кидман ...

https://t.co/wgL5rCMFrv"
CosmopolitanRus|866289202652004352|2017-05-21 13:46:55|"В Сети появились обнаженные снимки Николь Кидман

↪ https://t.co/YBRd6KwQk9 #Звезды"
CosmopolitanRus|866285378436714497|2017-05-21 13:31:43|"Елизавета II дала согласие на брак принца Гарри и разведенной Меган Маркл

↪ https://t.co/isQi0bKP27 #Звезды"
CosmopolitanRus|866280066547818497|2017-05-21 13:10:37|"Модель с витилиго блистала на Каннском фестивале

↪ https://t.co/ks6498i9Yj #Звезды"
CosmopolitanRus|866277905629822976|2017-05-21 13:02:02|"Cosmo-тест: какой русский поэт мог бы быть твоим бойфрендом?

https://t.co/BpeBRVxvPR"
CosmopolitanRus|866270048788152321|2017-05-21 12:30:48|"Антитренды: пять вещей, которые надо выбросить прямо сейчас!

https://t.co/H0imgtoWse"
CosmopolitanRus|866262881158832128|2017-05-21 12:02:19|"Кто был иконой стиля в год твоего рождения? Узнай прямо сейчас!

https://t.co/6VO0FNGSga"
CosmopolitanRus|866250810409144320|2017-05-21 11:14:22|"Светлана Лобода рассказала о «состоянии сжатой пружины» при работе в «ВИА Гре""

↪ https://t.co/m9985H5TuV #Звезды"
CosmopolitanRus|866247724936568832|2017-05-21 11:02:06|"Дмитрий Харатьян, Сергей Жигунов и другие гардемарины — как они выглядят сейчас ...

https://t.co/f2kHR9yKom"
CosmopolitanRus|866232349758857217|2017-05-21 10:01:00|"Кетогенная диета: разумный подход к похудению ...

https://t.co/tSdFIauLGQ"
CosmopolitanRus|866229641597435904|2017-05-21 09:50:14|"Звездный визажист показал, как сделать идеальные стрелки при помощи скотча

↪ https://t.co/GzbBqBiMAs #Стиль"
CosmopolitanRus|866220119868850176|2017-05-21 09:12:24|"Дочь Валерия Меладзе отпраздновала совершеннолетие в прозрачном наряде

↪ https://t.co/Zf6OWF3BEk #Звезды"
CosmopolitanRus|866217254181941248|2017-05-21 09:01:01|"Настоящие принцессы: реальные прототипы диснеевских красавиц ...

↪ https://t.co/pMnHNSHisC"
CosmopolitanRus|866212125928112128|2017-05-21 08:40:38|"Паркур в действии: Павел Воля рухнул со второго этажа на съемках Comedy Club

↪ https://t.co/6e4AwuW0Xq #Звезды"
CosmopolitanRus|866210244577312769|2017-05-21 08:33:10|"Натурпродукт: базилик против прыщей и миндальный пилинг своими руками ...

https://t.co/Muh4LJEpIm"
CosmopolitanRus|866205076343226368|2017-05-21 08:12:38|"Бриллиант в 70 карат: супруга самарского олигарха похвасталась подарком мужа

↪ https://t.co/TWnj0kNE9i #Стиль"
CosmopolitanRus|866202124832485376|2017-05-21 08:00:54|"Покажи своему мастеру: 11 крутых идей маникюра для коротких ногтей ...

https://t.co/QDw3AVTprJ"
CosmopolitanRus|866187327936188417|2017-05-21 07:02:06|"Носи меня по-французски: 10 вещей, которые превратят тебя в парижанку ...

https://t.co/xQ7BFfytIJ"
CosmopolitanRus|866184624115818497|2017-05-21 06:51:21|"Ксения Бородина и Дарья Пынзарь блистали на вечеринке в Краснодарском крае

↪ https://t.co/YSqLbNltoW #Звезды"
CosmopolitanRus|866171785439354880|2017-05-21 06:00:20|"Скотт Иствуд, Лив Тайлер и другие внебрачные дети звезд, сделавшие карьеру ...

https://t.co/ffnzUjHK3B"
CosmopolitanRus|866164699536039937|2017-05-21 05:32:11|"Восток - дело тонкое: 10 секретов идеальной кожи из Кореи ...

https://t.co/xw5w820ivV"
CosmopolitanRus|866157462155436032|2017-05-21 05:03:26|"7 приемов в макияже, которые мужчины считают сексуальными ...

https://t.co/FKOCh8oJ7j"
CosmopolitanRus|866149732522967043|2017-05-21 04:32:43|"10 звездных образов, которые точно станут классикой ...

https://t.co/HzdMg5A7nw"
CosmopolitanRus|866135053574602753|2017-05-21 03:34:23|"Самые важные витамины для роста и укрепления ногтей ...

https://t.co/Qys3biUmIz"
CosmopolitanRus|866118926551310336|2017-05-21 02:30:18|"5 лайфхаков макияжа, которые сделают тебя моложе ...

https://t.co/Hw8MOBXOjf"
CosmopolitanRus|866104471469805568|2017-05-21 01:32:52|"10 волшебных фраз, которые заводят любого мужчину!

↪ https://t.co/MDxuYPxVyQ"
CosmopolitanRus|866089509292617730|2017-05-21 00:33:24|"Третий лишний: почему парни не доверяют твоим подругам?

https://t.co/Vb2R4aimrq"
CosmopolitanRus|866074309965496320|2017-05-20 23:33:01|"7 фактов о браке, которые нужно рассказать своим детям ...

https://t.co/fWgNCQtatw"
CosmopolitanRus|866061642240479232|2017-05-20 22:42:40|"Королеве красоты заменили колено на лодыжку, чтобы спасти ее жизнь

↪ https://t.co/11c7HZ14Ws #Стиль"
CosmopolitanRus|866058940739538944|2017-05-20 22:31:56|"Сами вы все дуры! Как противостоять злости и ненависти в соцсетях ...

↪ https://t.co/gBm7KE6FBH"
CosmopolitanRus|866033720922210304|2017-05-20 20:51:43|"Слишком толста для Louis Vuitton: модель уволили накануне показа

↪ https://t.co/8imPiItsMu #Стиль"
CosmopolitanRus|866028901591506944|2017-05-20 20:32:34|"5 женщин, которые кастрировали своих бойфрендов ...

https://t.co/7gnhd4xKwt"
CosmopolitanRus|866021379262435328|2017-05-20 20:02:41|"Лера Кудрявцева собрала звездных друзей на вечеринке в караоке в честь 46-летия

↪ https://t.co/HfiNNIfNwm #Звезды"
CosmopolitanRus|866008627512922112|2017-05-20 19:12:01|"«Чувствую колоссальное облегчение»: Дмитрий Шепелев о суде против семьи Фриске

↪ https://t.co/K3mlWDkT4T #Звезды"
CosmopolitanRus|866003555647344640|2017-05-20 18:51:51|"Обнаженная поклонница йоги взорвала Instagram

↪ https://t.co/6SGt9Od9dB #Стиль"
CosmopolitanRus|866001058161508352|2017-05-20 18:41:56|"59-летняя Шэрон Стоун показала седину

↪ https://t.co/f6gRFBZCit #Звезды"
CosmopolitanRus|865998366630490112|2017-05-20 18:31:14|"Женщина не должна говорить «Нет»: как общество запрещает тебе отказывать ...

https://t.co/lchYQOD09q"
CosmopolitanRus|865992068987985921|2017-05-20 18:06:13|"Новая оптическая иллюзия взорвала Сеть

↪ https://t.co/n0kJSGvfoY #Стиль"
CosmopolitanRus|865975530864033792|2017-05-20 17:00:30|"Как правильно выйти замуж? Рассказывает Алина Фаркаш ...

↪ https://t.co/vQty1QShig"
CosmopolitanRus|865970808400748545|2017-05-20 16:41:44|"Перерождение: Свами Даши выпускает первую книгу

↪ https://t.co/mgI7l0aL0R #Звезды"
CosmopolitanRus|865960663499235328|2017-05-20 16:01:25|"Украденная жизнь: 6 историй жертв похищения, которые провели долгие годы в плену ...

↪ https://t.co/2ntN598kKq"
CosmopolitanRus|865957707626422272|2017-05-20 15:49:40|"Анна Калашникова откровенно рассказала об отце своего второго ребенка

↪ https://t.co/fbJmir1ZWq #Звезды"
CosmopolitanRus|865945520065323017|2017-05-20 15:01:15|"Несравненно прекрасна: как перестать сравнивать себя с другими и зачем это нужно ...

https://t.co/Dbafr3SsBP"
CosmopolitanRus|865941727139385345|2017-05-20 14:46:10|"Карл Лагерфельд готов расстаться со своей кошкой за $545

↪ https://t.co/1GDnYbDrgW #Звезды"
CosmopolitanRus|865938111481511936|2017-05-20 14:31:48|"Истории безумия: 10 актеров-гениев, которые дошли до грани, вживаясь в роль ...

https://t.co/Cp38H1zqXE"
CosmopolitanRus|865933219702517760|2017-05-20 14:12:22|"Пиппа Миддлтон вышла замуж

↪ https://t.co/tiSFDITC49 #Звезды"
CosmopolitanRus|865930279759642624|2017-05-20 14:00:41|"От девушки из церковного хора до секс-символа: бьюти-эволюция Кэти Перри ...

↪ https://t.co/GWgFoGqTGL"
CosmopolitanRus|865915456862904321|2017-05-20 13:01:47|"Под прикрытием: 3 лайфхака, чтобы замаскировать выступающий живот одеждой ...

↪ https://t.co/EqpzCQU0UI"
CosmopolitanRus|865911660036235264|2017-05-20 12:46:42|"«Будь готов!»: Алла Пугачева показала свою пионерскую фотографию

↪ https://t.co/a423RwoSAe #Звезды"
CosmopolitanRus|865908190478651392|2017-05-20 12:32:55|"7 ошибок, которые ты совершаешь при выборе тонального крема ...

↪ https://t.co/LGJcXsPhn3"
CosmopolitanRus|865902845249306625|2017-05-20 12:11:40|"Морская королева Атлантиды: Эмбер Херд в роли владычицы морей в фильме «Аквамен»

↪ https://t.co/he4xzW068o #Звезды"
CosmopolitanRus|865900158159998978|2017-05-20 12:01:00|"Совсем не Мэри Поппинс: 5 чудовищных историй о нянях-убийцах ...

https://t.co/UVTmfhsV6W"
CosmopolitanRus|865887365809577985|2017-05-20 11:10:10|"«Она умная и интеллигентная»: Карла Бруни поддержала первую леди Франции

↪ https://t.co/zqmTAAQNIa #Звезды"
CosmopolitanRus|865885500388777984|2017-05-20 11:02:45|"Cosmo-тест: кто твой бойфренд из «Гарри Поттера»?

↪ https://t.co/x1iJZqZpnb"
CosmopolitanRus|865879856403369985|2017-05-20 10:40:19|"Катя Жужа забрала дочь из школы и увезла на «Дом-2»

↪ https://t.co/infylkmhUI #Звезды"
CosmopolitanRus|865878114173190144|2017-05-20 10:33:24|"Девушка - огонь! 20 идей окрашивания-балаяж для рыжих ...

https://t.co/8WzV76oeYZ"
CosmopolitanRus|865869931291721728|2017-05-20 10:00:53|"10 бьюти-средств из Кореи, которые надо приобрести как можно быстрее!

https://t.co/HJawkifYZI"
CosmopolitanRus|865857365999968256|2017-05-20 09:10:57|"Беременная Надя Ручка рассказала о жестокости женщин

↪ https://t.co/EFPxdsakfG #Звезды"
CosmopolitanRus|865854707364880384|2017-05-20 09:00:23|"Как удержать мужа: советы из женских журналов прошлого ...

https://t.co/iX9nJKUzpH"
CosmopolitanRus|865850430781145088|2017-05-20 08:43:24|"Анна Седокова оставила сына ради работы

↪ https://t.co/JEprGeHczP #Звезды"
CosmopolitanRus|865847771051343872|2017-05-20 08:32:49|"Принц или нищий: 8 звёзд, которых можно перепутать с бездомными ...

↪ https://t.co/wa89cYZWEI"
CosmopolitanRus|865843069379203073|2017-05-20 08:14:08|"Ксения Собчак рассказала, что ее сын слишком стремительно растет

↪ https://t.co/XQ4kQ8rY00 #Звезды"
CosmopolitanRus|865840005729492992|2017-05-20 08:01:58|"10 приемов в макияже, которые отпугивают мужчин ...

https://t.co/OFL6w5x59G"
CosmopolitanRus|865824864581505024|2017-05-20 07:01:48|"Малышка на миллион: 9 модных лайфхаков для невысоких девушек ...

https://t.co/dr8wB5V3yo"
CosmopolitanRus|865810012450414592|2017-05-20 06:02:47|"5 способов замаскировать седину. Без окрашивания!

https://t.co/p1Bqz3N3yb"
CosmopolitanRus|865801941313503232|2017-05-20 05:30:43|"Бикини для богини: 15 самых знаменитых выходов звезд в купальниках ...

↪ https://t.co/yYUmCRlJ3m"
CosmopolitanRus|865794920904138753|2017-05-20 05:02:49|"Пожелтели ногти? Не расстраивайся, сейчас все исправим!

https://t.co/vqgIJBXOq7"
CosmopolitanRus|865787425511030784|2017-05-20 04:33:02|"Как быстро уложить короткие волосы: 3 классных варианта ...

↪ https://t.co/Rc6pX2cbYF"
CosmopolitanRus|865772329896300548|2017-05-20 03:33:03|"Остались с носом: звезды, изменившие лицо ринопластикой ...

https://t.co/5NMA4vALOa"
CosmopolitanRus|865756542599020544|2017-05-20 02:30:19|"Легко и быстро: 4 простых рецепта шоколадных десертов ...

https://t.co/yxLfhD1KrM"
CosmopolitanRus|865696832017453056|2017-05-19 22:33:03|"8 способов радоваться жизни, если ты небогата ...

https://t.co/Lph0SYxbd9"
CosmopolitanRus|865691290314211329|2017-05-19 22:11:02|"Скажи ""нет"" стереотипам в сексе: 14 вещей, которых ты никому не должна

↪ https://t.co/iAOUEDjUxj #Отношения"
CosmopolitanRus|865688598552600576|2017-05-19 22:00:20|"Главный секрет мужской психологии: ты для него или «Феррари», или «Жигули» ...

https://t.co/1uzGQtB0jG"
CosmopolitanRus|865683949783195648|2017-05-19 21:41:51|"Всем по вибратору! 5 страстных поз с участием секс-игрушки

↪ https://t.co/pn5MsgxDgw #Отношения"
CosmopolitanRus|865681137779200000|2017-05-19 21:30:41|"Это нужно видеть! 28 прекрасных эффектных луков российской марки Lena Tsokolenko

↪ https://t.co/fR9XKMDAjS #Мода"
CosmopolitanRus|865677660390805504|2017-05-19 21:16:52|"Опасные связи: почему у тебя будут проблемы, если вы с мамой слишком близки

↪ https://t.co/hbZmqBa0lF #Психология"
CosmopolitanRus|865674072918695937|2017-05-19 21:02:37|"Лучшие колготки в мире приехали в Москву: в ГУМе открылся первый бутик FALKE

↪ https://t.co/SU9Af8HsfJ #Мода"
CosmopolitanRus|865670647619272704|2017-05-19 20:49:00|"Для тех, кто любит скорость: 8 лайфхаков для быстрого секса

↪ https://t.co/u0anTECpiK #Отношения"
CosmopolitanRus|865666223412985856|2017-05-19 20:31:25|"Идеальный выпускной: 16 элегантных платьев L.K. Bennett для особенных случаев

↪ https://t.co/JV3kWdip09 #Мода"
CosmopolitanRus|865662487189798912|2017-05-19 20:16:34|"Гладкий я: эволюция эпиляции от Нефертити до наших дней

↪ https://t.co/RlMfWBSIKx #Красота"
CosmopolitanRus|865658986724335618|2017-05-19 20:02:40|"Суд обязал родителей Жанны Фриске вернуть Русфонду 22 миллиона рублей

↪ https://t.co/2QoNmvN5oc #Звезды"
CosmopolitanRus|865655358357856258|2017-05-19 19:48:15|"100-летние близняшки отметили юбилей неожиданной фотосессией

↪ https://t.co/ozZZONQH5H #Стиль"
CosmopolitanRus|865650938463178752|2017-05-19 19:30:41|"В Кунцево открылся новый ресторан сети Аркадия Новикова #FARШ!

↪ https://t.co/eDja6EtUZm #Стиль"
CosmopolitanRus|865645643783585792|2017-05-19 19:09:39|"Максим Галкин поделился трогательным видео с дочерью Лизой

↪ https://t.co/qDT6Wmiq4D #Звезды"
CosmopolitanRus|865643887565520896|2017-05-19 19:02:40|"Адриана Лима и Сьюзан Сарандон на премьере фильма Андрея Звягинцева в Каннах

↪ https://t.co/vtP7vMlyKq #Звезды"
CosmopolitanRus|865639905438740481|2017-05-19 18:46:50|"Запретные фантазии: провокационный лукбук немецкой марки DSTM

↪ https://t.co/THX66LaU1T #Мода"
CosmopolitanRus|865636354859745280|2017-05-19 18:32:44|"Ретиноловое масло: новый anti-age ингредиент, который действительно работает

↪ https://t.co/BbTEheKtJW #Красота"
CosmopolitanRus|865628801094504450|2017-05-19 18:02:43|"8 вещей, которые должна знать каждая блондинка

↪ https://t.co/sI2F7MZXel #Красота"
CosmopolitanRus|865624399952584704|2017-05-19 17:45:14|"Ксения Бородина показала семейные фотографии из поездки в Краснодар

↪ https://t.co/tQ8s6kv0ra #Звезды"
CosmopolitanRus|865620910056681473|2017-05-19 17:31:22|"Вся в белом: 10 стильных белых платьев на все случаи жизни

↪ https://t.co/cSCji7kQM0 #Мода"
CosmopolitanRus|865617243836567553|2017-05-19 17:16:47|"Самые необычные музыкальные фестивали весны и лета-2017

↪ https://t.co/93Cif692KV #Стиль"
CosmopolitanRus|865613434963886080|2017-05-19 17:01:39|"Егор Крид, Вера Брежнева и Ксения Бородина стали любимыми звездами детей

↪ https://t.co/QwX7PeUQ9N #Звезды"
CosmopolitanRus|865609899220152321|2017-05-19 16:47:36|"Свободен! Леонардо Ди Каприо расстался с 25-летней моделью Ниной Агдал

↪ https://t.co/Bdk4pwUPGb #Звезды"
CosmopolitanRus|865606404228341761|2017-05-19 16:33:43|"Джордж и Амаль Клуни отказались от поездок до рождения близнецов

↪ https://t.co/alfZAHTbNJ #Звезды"
CosmopolitanRus|865600013774213122|2017-05-19 16:08:20|"В Москве запустился мобильный салон красоты Shelly

↪ https://t.co/M2PIWo4Ck7 #Красота"
CosmopolitanRus|865597822510317568|2017-05-19 15:59:37|"Модная клоунада: 10 самых безвкусных образов Сальмы Хайек

↪ https://t.co/obUbIt2ekd #Мода"
CosmopolitanRus|865592740129546240|2017-05-19 15:39:25|"Пляжный сезон: 15 ярких купальников от популярного масс-маркет бренда Monki

↪ https://t.co/PSbSzfKaNv #Мода"
CosmopolitanRus|865589873629044738|2017-05-19 15:28:02|"Алеся Кафельникова прокляла Настю Кудри, спевшую дуэтом с Ольгой Бузовой

↪ https://t.co/a77ILtOOgw #Звезды"
CosmopolitanRus|865584838333538304|2017-05-19 15:08:01|"Ким Кардашьян: ""Ненавижу красную помаду, она не идет никому!""

↪ https://t.co/DB7kHWf6w8 #Красота"
CosmopolitanRus|865581859291373570|2017-05-19 14:56:11|"Три ярких образа из Канн и гид по их воссозданию: наслаждайся!

↪ https://t.co/2nvXG6YrXD #Красота"
CosmopolitanRus|865579081080881153|2017-05-19 14:45:09|"Моника Беллуччи разочаровала выходом в прозрачном платье и туфлях-копытцах

↪ https://t.co/oN7SK7tmcl #Звезды"
CosmopolitanRus|865576468394393600|2017-05-19 14:34:46|"Своя или нет? 17-летнюю дочь Джонни Деппа подозревают в увеличении груди

↪ https://t.co/2ywBiFgBzU #Звезды"
CosmopolitanRus|865568522616815616|2017-05-19 14:03:11|"«Туфли бабушки и колготки в сетку»: образ Глюкозы в Каннах раскритиковали

↪ https://t.co/2WkXI5Ucad #Звезды"
CosmopolitanRus|865564375943225344|2017-05-19 13:46:43|"В стиле Шанель: 8 крутых Instagram-образов с туфлями в духе Chanel

↪ https://t.co/4XL4WCvkbT #Мода"
CosmopolitanRus|865555121165303809|2017-05-19 13:09:56|"51-летняя звезда ""Карточного домика"" Робин Райт снялась обнаженной

↪ https://t.co/RaAcGqILEl #Звезды"
CosmopolitanRus|865552163191246849|2017-05-19 12:58:11|"Обиженная девушка сделала своему парню макияж, пока он спал

↪ https://t.co/Sc9y1OdpH2 #Отношения"
