Elle_ru|866919252221145089|2017-05-23 07:30:30|"Лучшие бьюти-новинки для жительниц мегаполиса:
https://t.co/9RTSr67B5C https://t.co/QWul77FgqT"
Elle_ru|866911750045741056|2017-05-23 07:00:42|"ELLE кухня: цельнозерновые панкейки

https://t.co/jpU9NuSB4K https://t.co/jW8AKA6JK2"
Elle_ru|866896616468434944|2017-05-23 06:00:34|"5 упражнений, которые можно делать, не вставая с постели:
https://t.co/B1aEEXLb8v https://t.co/nciz50GG1y"
Elle_ru|866881708293017600|2017-05-23 05:01:19|"Каким должен быть правильный завтрак? Лучшие блюда для бодрого утра:
https://t.co/2SjfJzmUV5 https://t.co/9MN20xEdKK"
Elle_ru|866866379336675328|2017-05-23 04:00:25|"Лучшие модели кроссовок этого сезона:
https://t.co/HOFUxnUtUQ #кроссовки #мода https://t.co/7KwIaxxv08"
Elle_ru|866836141382799360|2017-05-23 02:00:15|"9 самых стильных и умных эротических фильмовт всех времен:
https://t.co/fbJVdiqJQz #ELLE #lifestyle #movie… https://t.co/yguVN6UZaz"
Elle_ru|866821157441466368|2017-05-23 01:00:43|"9 трюков с волосами, которые стоит позаимствовать у моделей:
https://t.co/W3DygmysIo #ELLE #beauty #красота https://t.co/j6BHYgwc1R"
Elle_ru|866805988078301184|2017-05-23 00:00:26|"6 брендов этичной косметики, которые достойны внимания:
https://t.co/nAsyNXhunu #beauty #красота #ELLE https://t.co/vJ6E6YeWef"
Elle_ru|866791167719034880|2017-05-22 23:01:33|"Что в моде этим летом: туфли на толстом каблуке или на платформе?

Модная обувь нового сезона — два главных тренда:… https://t.co/Xz82IZDWJ4"
Elle_ru|866784349173297152|2017-05-22 22:34:27|Бьюти-образ дня: сексуальный выход 42-летней Евы Лонгории на красную дорожку фестиваля: https://t.co/9dSvNxOlU0 https://t.co/qZdPjbCUJd
Elle_ru|866775860073967620|2017-05-22 22:00:43|"Как за 10 дней обрести идеальную фигуру? Несколько простых советов:
https://t.co/A3yyjVoFz5 https://t.co/la22PYjQ6S"
Elle_ru|866760818817327105|2017-05-22 21:00:57|"Какой должна быть современная женщина? Разбираемся, как научиться жить с в гармонии c собой:
https://t.co/PyuPutw9KG https://t.co/nYcuIiVoip"
Elle_ru|866745774956216321|2017-05-22 20:01:10|"Триумф стиля, не различающего полов

ELLE разбирается: где отныне проходит ­граница полов и есть ли она вообще?… https://t.co/LqbvfA24uC"
Elle_ru|866730660706254848|2017-05-22 19:01:07|"Тест: Какое свидание идеально подойдет вашей паре?
https://t.co/ODc6wN1LNL #ELLE #отношения #любовь https://t.co/nrBv39z9FZ"
Elle_ru|866729677888552960|2017-05-22 18:57:12|"Ирина Шейк поделилась фотографией с красной дорожки Каннского кинофестиваля

https://t.co/DLYbNys7TY #иринашейк… https://t.co/4ORQGF6Kst"
Elle_ru|866729611601862656|2017-05-22 18:56:57|"Ирина Шейк поделилась фотографией с красной дорожки Каннского кинофестиваля

https://t.co/1uMo9x4kpv #иринашейк… https://t.co/SnNiWn6yiv"
Elle_ru|866722352360542208|2017-05-22 18:28:06|"Русские в Каннах: романтичный образ Светланы Устиновой в Dior

Один из самых романтичных образов красной дорожки… https://t.co/t2vgY2zrDx"
Elle_ru|866717312853958656|2017-05-22 18:08:04|"Красная дорожка Каннского кинофестиваля: шестой день

Николь Кидман, Изабель Гулар и другие на премьерах киносмотра… https://t.co/FQRZOuwuh7"
Elle_ru|866712063627972608|2017-05-22 17:47:13|"Топ-10: самые горячие новости недели

https://t.co/gyCwumExhB https://t.co/4AgUzzED4w"
Elle_ru|866693392901787648|2017-05-22 16:33:01|"Моника Беллуччи рассказала об интригующем поцелуе 

Актриса раскрыла секрет самого обсуждаемого события Канн… https://t.co/qVAL8wpffV"
Elle_ru|866689880742649856|2017-05-22 16:19:04|"Великолепная пятерка: cамые популярные блюда 2000-х

https://t.co/BhM26xkckK https://t.co/LckYjUBEu8"
Elle_ru|866685845444722688|2017-05-22 16:03:02|"Лучшие вечерние платья Наоми Кэмпбелл

В честь дня рождения супермодели вспоминаем ее самые невероятные образы:… https://t.co/kuZG7sx8Km"
Elle_ru|866679996458430464|2017-05-22 15:39:47|"Черная пантера: история успеха Наоми Кэмпбелл

Сегодня одной из главных мировых топ-моделей исполняется 47 лет:… https://t.co/J7du4osltW"
Elle_ru|866676012922359810|2017-05-22 15:23:58|За кулисами Канн: что делают Айшвария Рай, Лили-Роуз Депп, Тина Кунаки и другие звезды вне красной дорожки?… https://t.co/Ms9YMNVU5G
Elle_ru|866663482795728897|2017-05-22 14:34:10|"Новый выход главной голливудской дивы Николь Кидман в Каннах

Как вам роскошный наряд актрисы?… https://t.co/oOlA6IML80"
Elle_ru|866659905306054657|2017-05-22 14:19:57|"Что дарить Близнецам? Чем удивить представителей воздушной стихии:
https://t.co/j2D7tHbbJB https://t.co/TQAlnEj17R"
Elle_ru|866659027903799297|2017-05-22 14:16:28|"Бейонсе отпраздновала baby shower в образе африканской богини

Певица устроила вечеринку в честь будущей двойни:… https://t.co/aYUxfnMyBo"
Elle_ru|866656298682679296|2017-05-22 14:05:37|"ELLE факты: Сергей Полунин

Видеоинтервью с самым обсуждаемым танцором балета современности:
https://t.co/JCciMDDRs8 https://t.co/ouYuF1eQv2"
Elle_ru|866648728400269312|2017-05-22 13:35:33|"Billboard Music Awards-2017: яркие моменты

https://t.co/YAP4ufgwW3 https://t.co/4zb83S92UF"
Elle_ru|866644735552888833|2017-05-22 13:19:41|"Как найти мужчину своей мечты? 6 простых советов, которые помогут изменить жизнь к лучшему:
https://t.co/7LJxB5fkIt https://t.co/WWkKPooGGR"
Elle_ru|866637910212317184|2017-05-22 12:52:33|"Гены или пластика? Как выглядели знаменитые красавицы в детстве

Детские снимки звезд:
https://t.co/AIlYnMkszv https://t.co/UgdXk4WMJr"
Elle_ru|866632157200044033|2017-05-22 12:29:42|"Невозможно поверить, но эти красавицы несчастливы в личной жизни: 
https://t.co/xoAgiGBtTf https://t.co/Ar4IkltXAX"
Elle_ru|866627614697541633|2017-05-22 12:11:39|"Мастер-класс от Джей Ло: 5 беспроигрышных образов для свидания

Звезда знает, как влюбить в себя мужчину мечты… https://t.co/wlCecOlP9M"
Elle_ru|866623394602770434|2017-05-22 11:54:53|"Что самые красивые женщины в мире думают о своей сексуальности? Вдохновляющее видео ELLE:
https://t.co/udvytKX0df https://t.co/SFYpMN4y0j"
Elle_ru|866621308892786688|2017-05-22 11:46:35|"Что самые красивые женщины в мире думают о своей сексуальности? Вдохновляющее видео ELLE:
https://t.co/EX6m4M1EEE https://t.co/hz8aG40Gs1"
Elle_ru|866614505656254465|2017-05-22 11:19:33|"«Пираты Карибского моря-5»: что нужно знать о главной премьере мая?

Все о пятой части популярной франшизы:… https://t.co/ZrtFSeUFFu"
Elle_ru|866607727937822720|2017-05-22 10:52:37|"Как выбрать кольцо для помолвки? Советы эксперта:
https://t.co/IThzgsGxIq https://t.co/OjVo2Z0hNT"
Elle_ru|866602960310198273|2017-05-22 10:33:41|"Как произвести незабываемое первое впечатление? 7 уловок, которые действительно работают:
https://t.co/tA2RLlmrwa https://t.co/WXDCob5OZ3"
Elle_ru|866602892089806848|2017-05-22 10:33:24|"Виктория Боня произвела фурор в Каннах

37-летняя телеведущая составила конкуренцию голливудским звездам… https://t.co/moYxc8y07N"
Elle_ru|866599093648461824|2017-05-22 10:18:19|"Виктория Боня произвела фурор в Каннах

37-летняя телеведущая составила конкуренцию голливудским звездам… https://t.co/5XstzpwrW8"
Elle_ru|866594901676482561|2017-05-22 10:01:39|"10 модных образов на все случаи жизни: 
https://t.co/5QfkPN1WbU #fashion #мода #style #стиль #ELLE https://t.co/NRW8dNivHb"
Elle_ru|866590971290583040|2017-05-22 09:46:02|"50 самых стильных женщин современности

Знаменитости с безупречным чувством стиля — в обзоре ELLE:… https://t.co/AU4IjDGxqG"
Elle_ru|866584322328940544|2017-05-22 09:19:37|"Какой цвет делает женщину привлекательнее в глазах мужчины?
 Ученые назвали самый сексуальный цвет:… https://t.co/IF6CeZLuRB"
Elle_ru|866579127847071744|2017-05-22 08:58:58|Что ждет вас в ближайшие три месяца? Большой летний гороскоп 2017: https://t.co/AqqlnJC6T9 https://t.co/eWvwqMVVqn
Elle_ru|866574322818744321|2017-05-22 08:39:53|"Сальма Хайек изменилась до неузнаваемости

Актриса стала блондинкой — первые фото с вечеринки в Каннах:… https://t.co/FrH2zWXjJv"
Elle_ru|866569806102900736|2017-05-22 08:21:56|"Наоми Кэмпбелл впервые за долгое время вышла на подиум

47-летняя супермодель в потрясающей форме появилась в Канна… https://t.co/RWOu9Eg4tY"
Elle_ru|866566247072358400|2017-05-22 08:07:47|"5 напитков, которые можно себе позволить даже на строгой диете:
https://t.co/KgE1tpSEdV https://t.co/SJFxstdRBc"
Elle_ru|866557080001490945|2017-05-22 07:31:22|"Как правильно пить воду?
https://t.co/c9Be3Xlhsy https://t.co/7AWiITtQ2D"
Elle_ru|866549150204166144|2017-05-22 06:59:51|"С чем носить кроп-топы в этом сезоне? 6 модных решений:
https://t.co/QB34k0ftUk #ELLE #fashion #GigiHadid https://t.co/U2TCaqgiZc"
Elle_ru|866541439014064128|2017-05-22 06:29:13|"Как выбрать диетическую кашу?

Какая из 9 круп наиболее полезна для организма:
https://t.co/eqkEt4JGEq https://t.co/1tehlavi6l"
Elle_ru|866534016681463808|2017-05-22 05:59:43|Почему вы так сильно устали и что с этим делать: https://t.co/R4GiV0E4Kn https://t.co/mq4Ihn1xFu
Elle_ru|866526347174305792|2017-05-22 05:29:15|"Чего мы не знали о сексуальных отношениях Анастейши и Кристиана Грея?
https://t.co/H0nohNNF6N https://t.co/xsuzGSGtnz"
Elle_ru|866522017704620033|2017-05-22 05:12:02|"Они встречались? Пять забытых романов российских звезд:
https://t.co/rcFQQGCC3N https://t.co/AhINRMpPjq"
Elle_ru|866506787809361920|2017-05-22 04:11:31|"Революция в астрологии: месяц рождения говорит о нас больше знака Зодиака
https://t.co/54Xafz5xhJ https://t.co/wb6abF6bWM"
Elle_ru|866495109738766337|2017-05-22 03:25:07|"Новый Джеймс Бонд и новая девушка Бонда 

Все претендентки на сердце самого харизматичного агента… https://t.co/zc4BM3kLKo"
Elle_ru|866479766051987456|2017-05-22 02:24:09|"Что произойдет с телом, если перестать есть сладкое?
https://t.co/kmbDWtnaQV #lifestyle #food #health #стильжизни… https://t.co/wbcopHNgNc"
Elle_ru|866473120256843778|2017-05-22 01:57:44|"50 бьюти-приемов звезд, которые стоит взять на заметку:
https://t.co/RbMPbAIkvT https://t.co/0H5E1zQJCG"
Elle_ru|866460469816676352|2017-05-22 01:07:28|"Больше, чем секс-символы: мужчины нашей мечты, которые сломали стереотипы
https://t.co/ZVmIkWb31F https://t.co/qjNIudVP5t"
Elle_ru|866447743375618049|2017-05-22 00:16:54|"Самые модные спортивные коллекции весны

Все, что нужно для подготовки к пляжному сезону:
https://t.co/j5rWHnIXYc https://t.co/O54w7FBmcA"
Elle_ru|866437390637953025|2017-05-21 23:35:46|"Неожиданные вещи,которые мужчины считают сексуальными

Самые эффективные приемы соблазнения,которым не нужно учитьс… https://t.co/d78GIwOcT1"
Elle_ru|866427125867458560|2017-05-21 22:54:58|Чужие дети быстро растут: 12-летняя дочь Моники Беллуччи и Венсана Касселя: https://t.co/MqveKaZsPE #elle… https://t.co/30bwqFHaPz
Elle_ru|866424183114346498|2017-05-21 22:43:17|"Бьюти-эволюция Кэти Перри (видео):
https://t.co/rTWCYmGkko #elle #beauty #celebrities https://t.co/ncs3wdVWXm"
Elle_ru|866411969858990081|2017-05-21 21:54:45|"Новый выход Ирины Шейк после рождения дочери

Фантастическая фигура модели спустя всего два месяца после родов… https://t.co/ZmKxokfUqQ"
Elle_ru|866401849531871234|2017-05-21 21:14:32|"Каннский подиум: вечеринка и показ Fashion for Relief 

Бандерас, Ума Турман, Кейт Мосс, Кендалл и другие звезды… https://t.co/wf1ZIZgAuq"
Elle_ru|866400202441314309|2017-05-21 21:07:59|10 лучших ароматов для соблазнения: https://t.co/L3AdUN3Eg3 #elle #beauty https://t.co/wd3MwNeyzX
Elle_ru|866392593919340549|2017-05-21 20:37:45|"13 радикальных советов Михаила Лабковского, которые изменят вашу жизнь:
https://t.co/5OSwThgqoZ https://t.co/AyIlh6yNPo"
Elle_ru|866387446220632065|2017-05-21 20:17:18|"Правила фэн‑шуй: как номер квартиры влияет на нашу жизнь?
https://t.co/imilj2ve5g https://t.co/x3oGucwCzd"
Elle_ru|866383463380914176|2017-05-21 20:01:28|"Белла Хадид VS. Кендалл Дженнер: новый выход подруг 

Два главных тренда Канн от самых популярных девушек в мире… https://t.co/29SxHWlS91"
Elle_ru|866377525144039425|2017-05-21 19:37:53|"Сексуальная совместимость по знакам зодиака

С каким партнером звезды обещают вам идеальный союз?… https://t.co/8SQNlYrmX6"
Elle_ru|866369951631904768|2017-05-21 19:07:47|"10 самых роскошных дизайнерских спа в мире — в обзоре #ELLEDecoration:
https://t.co/n0zYRWO5Yo https://t.co/tAVdNqW3qN"
Elle_ru|866365648116604930|2017-05-21 18:50:41|"Красная дорожка Каннского кинофестиваля: пятый день

Летиция Каста,Виктория Боня и другие звезды на красной дорожке… https://t.co/9baLfOlRny"
Elle_ru|866362458025414656|2017-05-21 18:38:00|"20 самых дорогих помолвочных колец звезд:
https://t.co/QGjU4olFB7 https://t.co/EHOuTC7cgN"
Elle_ru|866358584153698305|2017-05-21 18:22:37|"Индийская роза: Сонам Капур, которой прочат славу новой Айшварии:
https://t.co/DI0PM0mwxT https://t.co/LV47M8zXBR"
Elle_ru|866354890536345600|2017-05-21 18:07:56|"Модные тренды сезона, которым стилисты не советуют следовать:
https://t.co/3QOy2l58zs #fashion #trend #ELLE #мода… https://t.co/OnE9b981DC"
Elle_ru|866347498595647488|2017-05-21 17:38:34|"Самые красивые дизайнерские залы ожидания в аэропортах мира:
https://t.co/lArsiYLBEb #ELLEDecoration https://t.co/Mvlv11rK8I"
Elle_ru|866339738759962627|2017-05-21 17:07:44|"Почему хочется есть каждый час и как с этим бороться?
https://t.co/pnhWv7OUPN https://t.co/5JbSwmYJs2"
Elle_ru|866333587859263488|2017-05-21 16:43:17|"Какой цвет делает женщину привлекательнее в глазах мужчины?
 Ученые назвали самый сексуальный цвет:… https://t.co/RSvBE6HT96"
Elle_ru|866324749164699648|2017-05-21 16:08:10|"Секреты идеального тела Холли Берри

Тренировка, которая 15 лет помогает актрисе поддерживать себя в форме… https://t.co/js2SSw1571"
Elle_ru|866317107008598016|2017-05-21 15:37:48|"Главные тренды пляжной моды 2017: что брать с собой на побережье этим летом?
https://t.co/i19Ih7MyG7 #ELLE #fashion… https://t.co/OiRCmwtvJG"
Elle_ru|866310922733801472|2017-05-21 15:13:13|"Как за 10 дней обрести идеальную фигуру? Несколько простых советов:
https://t.co/tES5ExFcRE https://t.co/CNnYDKbTy1"
Elle_ru|866307058198556674|2017-05-21 14:57:52|"Расцвела: Эль Фаннинг поразила потрясающим платьем

Юная актриса вновь затмила всех на Каннском кинофестивале… https://t.co/TGuGpcyy7k"
Elle_ru|866301954204585984|2017-05-21 14:37:35|"Что должно быть написано на модной футболке в этом сезоне?
https://t.co/SfSffLAyET https://t.co/aH5LPee2rv"
Elle_ru|866294405069774849|2017-05-21 14:07:35|"Долой лишнее: лучшие скрабы для тела 
https://t.co/BOrTkzvkQD https://t.co/WECjVP2OL4"
Elle_ru|866286852352987136|2017-05-21 13:37:35|"Что в моде этим летом: туфли на толстом каблуке или на платформе?

Модная обувь нового сезона — два главных тренда:… https://t.co/NaGPIhHv1T"
Elle_ru|866279385296515072|2017-05-21 13:07:54|Как правильно выбирать косметику: инструкция с примерами: https://t.co/y2CQXqlWA9 https://t.co/Yf4Qi8BNBr
Elle_ru|866271760563535872|2017-05-21 12:37:36|Все знаковые бьюти-образы Каннского кинофестиваля за его историю: https://t.co/o7Y4hZmyRp https://t.co/7WEGEEAySj
Elle_ru|866268412363902976|2017-05-21 12:24:18|"Русские в Каннах: Наталья Водянова прилетела на кинофестиваль

Российская модель готовится выйти на красную дорожку… https://t.co/h6VpeLvKBi"
Elle_ru|866264416035246080|2017-05-21 12:08:25|"Ученые выяснили, как родить близнецов

Оказывается, нужно лишь выбрать правильный возраст для зачатия:… https://t.co/5ouoQQlWxP"
Elle_ru|866263929630097410|2017-05-21 12:06:29|"Планы на выходные: 20–21 мая

Чем заняться в этот уикенд в Москве — выбор ELLE:
https://t.co/XG0PACc3yr https://t.co/jhvm7tEXOl"
Elle_ru|866243978320130049|2017-05-21 10:47:13|"Что дарить Близнецам? Чем удивить представителей воздушной стихии:
https://t.co/kTN2GDaHjn https://t.co/7ybGMWrLRx"
Elle_ru|866239167914795008|2017-05-21 10:28:06|"Кэти Перри изменилась до неузнаваемости

Певица продолжает экспериментировать с откровенными образами… https://t.co/QGQw2Ma5Ot"
Elle_ru|866233949865082880|2017-05-21 10:07:22|"Звезды на вечеринке по случаю реконструкции Даниловского рынка

Пир на весь мир и группа ""Грибы""… https://t.co/WtZnAB6R6M"
Elle_ru|866230095295520769|2017-05-21 09:52:03|"Все модные оправы для очков 2017 — в обзоре ELLE:
https://t.co/N8qLRnHvFE #ELLE #fashion #trend #glasses… https://t.co/bJUDRV4c3R"
Elle_ru|866226820571697153|2017-05-21 09:39:02|"Принц Гарри и Меган Маркл появились вместе на свадьбе Пиппы Миддлтон
https://t.co/3FpX6L8UZN https://t.co/r22awnZHrj"
Elle_ru|866221456912502785|2017-05-21 09:17:43|"Какой должна быть современная женщина? Разбираемся, как научиться жить с в гармонии c собой:
https://t.co/TOvsknzAUo https://t.co/zIl0fC7NGd"
Elle_ru|866217992404774912|2017-05-21 09:03:57|"Свадьба Пиппы Миддлтон:самые элегантные мужчины на церемонии

Стиль мужчин королевской семьи на главной свадьбе год… https://t.co/r1g98VppIw"
Elle_ru|866211582522658816|2017-05-21 08:38:29|Дети, которые будут править миром. Кто они, наследники королевских семей? https://t.co/pndDRd3dJb #elle #kids https://t.co/85y9Hz17NI
Elle_ru|866203928878350336|2017-05-21 08:08:04|"Неизвестные факты о культовом сериале «Твин Пикс»⁰

Факты про сериал 90-х и его ремейк, премьера которого сегодня… https://t.co/n22aS9torO"
Elle_ru|866192741906210816|2017-05-21 07:23:37|"Что читать на отдыхе? 40 идеальных книг для летнего отпуска:
https://t.co/UJOtdwv3OC #ELLE #lifestyle #стильжизни https://t.co/lLWHTJpUXh"
Elle_ru|866190599942262784|2017-05-21 07:15:06|#ELLEtune https://t.co/M9Pez4m836
Elle_ru|866185388523651072|2017-05-21 06:54:24|"10 бьюти-новинок для глаз, которые заслуживают внимания:
https://t.co/G6muIiuNjK #ELLE #beauty #красота https://t.co/hMP4f2qRUP"
Elle_ru|866177687538323456|2017-05-21 06:23:48|"Модная деталь: оборки в минималистских образах
https://t.co/Y0rJKO7rGm https://t.co/xdKyKC9x7A"
Elle_ru|866170286894440448|2017-05-21 05:54:23|"Самые интересные бьюти-новинки мая по версии ELLE:
https://t.co/ySOdSDXmVu #ELLE #makeup #beauty #красота #макияж https://t.co/gSo9h0tm26"
Elle_ru|866162596759646208|2017-05-21 05:23:50|7 мифов о правильном питании: правда ли, что шоколад снимает стресс, а оливковое масло самое нежирное?… https://t.co/KVZTSFPP7K
Elle_ru|866147396148920320|2017-05-21 04:23:26|"6 продуктов, которые вас старят:
https://t.co/GuBHJ5Dx5E https://t.co/QQMkEvTs4C"
Elle_ru|866132213372420096|2017-05-21 03:23:06|"Что есть и пить, чтобы похудеть? 3 способа ускорить метаболизм и добиться идеального веса:
https://t.co/CksRF7YY3K https://t.co/DCX7FTsETA"
Elle_ru|866117384221986816|2017-05-21 02:24:10|"Простые позы йоги, которые помогут справиться с любой болью:
https://t.co/7aUOAw1bTU https://t.co/Z8ppfyele7"
Elle_ru|866102124995891201|2017-05-21 01:23:32|"Триумф стиля, не различающего полов

ELLE разбирается: где отныне проходит ­граница полов и есть ли она вообще?… https://t.co/pqwJtV6NPq"
Elle_ru|866087136172417024|2017-05-21 00:23:59|"12 секретов обольщения от француженок:
https://t.co/IOHi4uK5XZ https://t.co/7HmJ6li3gt"
Elle_ru|866072175928848384|2017-05-20 23:24:32|"Что говорит о человеке его голос?

Разбираемся, на что указывают тембр и другие особенности нашего звучания:… https://t.co/xoKAF8uAwp"
Elle_ru|866064374091440128|2017-05-20 22:53:32|"Тест: Какое свидание идеально подойдет вашей паре?
https://t.co/eAMjiIZjiz #ELLE #отношения #любовь https://t.co/4XrGwGKLiz"
Elle_ru|866056925598945281|2017-05-20 22:23:56|"Перманентный макияж бровей: все плюсы и минусы
https://t.co/Hbg4DmYDLe #ELLE #makeup #beauty #макияж #красота https://t.co/qUwfohA5g6"
Elle_ru|866049191168139268|2017-05-20 21:53:12|"«Не волноваться, а волновать»: 20 цитат о любовницах
https://t.co/uPlFSSfwrH #love #sex #отношения #любовь https://t.co/vEkX6MNknS"
Elle_ru|866041737722167296|2017-05-20 21:23:35|11 физиологических причин влюбленности. Как организм влияет на наши чувства? https://t.co/8j16FHdsNm #elle https://t.co/gTujs6PatJ
Elle_ru|866034252575645696|2017-05-20 20:53:50|"Кем были знаменитости по профессии до мировой славы?
https://t.co/tyWPS2UX7v https://t.co/kbS2HXOdm2"
Elle_ru|866026681433239554|2017-05-20 20:23:45|"11 самых сексуальных парфюмов этой весны

https://t.co/EDZIMWJj8R https://t.co/FxxFhuQ0s4"
Elle_ru|866019318814978050|2017-05-20 19:54:30|"7 самых роскошных отелей-дворцов во всем мире: 
https://t.co/eZnUHvr0HN https://t.co/MXsw8jgQls"
Elle_ru|866011608522395649|2017-05-20 19:23:51|"Как сделать модный мейкап и причёску за 5 минут? Бесценные лайфхаки: 
https://t.co/FMp98flTEG https://t.co/KNIs7WE1iq"
Elle_ru|866004093382340608|2017-05-20 18:54:00|"Как найти мужчину своей мечты? 6 простых советов, которые помогут изменить жизнь к лучшему:
https://t.co/R4QcqrP8jH https://t.co/cGakuMOsOS"
Elle_ru|865999875120529408|2017-05-20 18:37:14|"Звезды на премьере фильма «120 ударов в минуту»:
https://t.co/ZBMWFBhEpW #elle #celebrities https://t.co/3NxvedR6g7"
Elle_ru|865996334460960768|2017-05-20 18:23:10|"50 самых стильных женщин современности

Знаменитости с безупречным чувством стиля — в обзоре ELLE:… https://t.co/TFJg4SOqD7"
Elle_ru|865988943430463489|2017-05-20 17:53:48|"Почему нужно смотреть сериал «Вражда»? Разбираем один из главных кинопроектов 2017-го:
https://t.co/R5aFIH6H72 https://t.co/jFrHBGc5T1"
Elle_ru|865982528154415104|2017-05-20 17:28:18|"Страсти по фламенко: Айшвария Рай вновь затмила всех в Каннах:
https://t.co/aG1OYE6U0x https://t.co/O06iEjpkZR"
Elle_ru|865981271561957376|2017-05-20 17:23:18|"31 вещь, которую нужно успеть сделать до конца весны
https://t.co/SPPWj7xDjS https://t.co/XDLibTz8Al"
Elle_ru|865978863289028608|2017-05-20 17:13:44|Образы Виктории Бони в Каннах-2017. Три обсуждаемых наряда российской телеведущей: https://t.co/YH7oXf4A3J #elle… https://t.co/vCa6lbIEKh
Elle_ru|865973888777367552|2017-05-20 16:53:58|"Больше, чем секс-символы: мужчины нашей мечты, которые сломали стереотипы
https://t.co/i9BB3g1Iv8 https://t.co/LSNAaiOrbe"
Elle_ru|865966302132940800|2017-05-20 16:23:49|Что ждет вас в ближайшие три месяца? Большой летний гороскоп 2017: https://t.co/XjIR7crmHf https://t.co/VdcLbcR2w5
Elle_ru|865961355379134468|2017-05-20 16:04:10|Кендалл Дженнер, Белла Хадид, Виктория Боня и другие знаменитости на вечеринке Chopard Space Party:… https://t.co/gwjGZQ5xqR
Elle_ru|865958666524119040|2017-05-20 15:53:29|"Почувствуйте разницу: чем отличается секс в 20 и 30 лет?
https://t.co/pvthFfeo7B https://t.co/TSxFX1prY7"
Elle_ru|865951232933986305|2017-05-20 15:23:57|"10 лучших эротических арт-фильмов, которые стоит смотреть вместе со своим возлюбленным:
https://t.co/0CekvxkR77 https://t.co/jiXzKpBgoQ"
Elle_ru|865943612554706945|2017-05-20 14:53:40|"10 неожиданных фактов о российских путешественниках

https://t.co/zoIhM0IWzI https://t.co/LcIUEtS67M"
Elle_ru|865939788062502914|2017-05-20 14:38:28|"30+ трендов этого лета, которые стоит взять на заметку:
https://t.co/ZLxIQu3ZYy #ELLE #fashion #trend #style #мода https://t.co/A1lxEFKCq4"
Elle_ru|865937753913085953|2017-05-20 14:30:23|"Редкие кадры: Ева Мендес и Райан Гослинг на прогулке с детьми:
https://t.co/yufqum5A9h #elle #celebrities https://t.co/4ZJ4Hnlkm1"
Elle_ru|865935950811209728|2017-05-20 14:23:13|"12 дизайнерских объектов для путешествий:
https://t.co/nWZqux4mOA https://t.co/OVnWTF7Hko"
Elle_ru|865928509323128832|2017-05-20 13:53:39|"10 главных трендов весенне-летнего сезона:
https://t.co/OOcLStQR9z #ELLE #fashion #мода https://t.co/7AsaNC5Wp2"
Elle_ru|865920895197622276|2017-05-20 13:23:24|20 фильмов, которые заработали больше $1 миллиарда. Картины, которые точно стоит посмотреть хотя бы раз в жизни:… https://t.co/IlgpsCqmfe
Elle_ru|865915665781280768|2017-05-20 13:02:37|"Свадьба Пиппы Миддлтон: принц Георг и принцесса Шарлотта
https://t.co/iHXY4avOBA https://t.co/EaCM2IIMsh"
Elle_ru|865914899712667649|2017-05-20 12:59:34|"Образ дня: Кейт Миддлтон в Alexander McQueen

Герцогиня Кэтрин на свадьбе своей младшей сестры Пиппы:… https://t.co/1H2xEUJyK5"
Elle_ru|865913433690177537|2017-05-20 12:53:45|"Сколько любви ждёт вас в мае? Сексуальный гороскоп на месяц для всех знаков зодиака:
https://t.co/yxPJSJlm4x https://t.co/hlE4FOElIa"
Elle_ru|865905960874856450|2017-05-20 12:24:03|"Топ-10: самые ожидания премьеры Каннского кинофестиваля — в хит-параде ELLE:
https://t.co/Wn6KG5VsJG #ELLE #Cannes… https://t.co/zc1uxiOecX"
Elle_ru|865904199221071873|2017-05-20 12:17:03|Идеальная невеста: свадебное платье Пиппы Миддлтон. Самая обсуждаемая свадьба Великобритании и ее главная героиня:… https://t.co/SyfHWfAaDl
Elle_ru|865897703942881286|2017-05-20 11:51:14|Идеальные образы Мелании и Иванки Трамп во время первого международного визита: https://t.co/ObddtTG8AR https://t.co/wycFpdGeAQ
Elle_ru|865895366457208833|2017-05-20 11:41:57|"5 напитков, которые можно себе позволить даже на строгой диете:
https://t.co/PboLCmZXBm https://t.co/2VguddpNPO"
Elle_ru|865890530030489600|2017-05-20 11:22:44|"Кендалл Дженнер, Белла Хадид, Виктория Боня и другие знаменитости на вечеринке Chopard Space Party:
https://t.co/o2BB4qfnlm #elle"
Elle_ru|865883103046377473|2017-05-20 10:53:13|"12 неожиданных вещей, которые мужчины считают сексуальными:
https://t.co/a263Tznj7l https://t.co/Pq7iiyKTVf"
Elle_ru|865875733440327682|2017-05-20 10:23:56|"Молодая кровь: самые яркие лавстори, за которыми стоит следить
https://t.co/rv5jxOeOVf https://t.co/Cg57iCjXe9"
Elle_ru|865868049072762880|2017-05-20 09:53:24|Мария Байбакова: «Женщина может быть кем угодно — президентом, космонавтом, художником» — интервью ELLE:… https://t.co/9gFhlz7MUY
Elle_ru|865860986116464640|2017-05-20 09:25:20|"10 модных образов на все случаи жизни: 
https://t.co/Hz2Gwiq0qD #fashion #мода #style #стиль #ELLE https://t.co/rnBOUahW5i"
Elle_ru|865853452085338112|2017-05-20 08:55:24|"Что произойдет с телом, если перестать есть сладкое?
https://t.co/qi3i0vdviv #lifestyle #food #health #стильжизни… https://t.co/rZ9ceg9ztM"
Elle_ru|865846076934377473|2017-05-20 08:26:06|"Программа минимум: базовый гардероб 2017 года
https://t.co/SjJJzdYchU https://t.co/U1V4FEHaIJ"
Elle_ru|865842222352273412|2017-05-20 08:10:47|"Мачеха сестер Хадид стала их подругой

Шива Сафай младше отца Беллы и Джиджи на 31 год:
https://t.co/iWiimpuA5T https://t.co/V5RmpIbo6g"
Elle_ru|865838557822423043|2017-05-20 07:56:13|"Больше, чем секс-символы: мужчины нашей мечты, которые сломали стереотипы
https://t.co/8jG0zRePQR https://t.co/ZSGOEqcn8i"
Elle_ru|865831008637243396|2017-05-20 07:26:13|"Как носить кроссовки с платьем? 6 модных образов:
https://t.co/AQnaGbTCK5 #ELLE #fashion #style #мода #стиль https://t.co/y58HXB6KAi"
Elle_ru|865828296776437761|2017-05-20 07:15:26|#ELLEtune https://t.co/J6yQpgPFly
Elle_ru|865823295362535426|2017-05-20 06:55:34|"5 немодных вещей, которые снова стали модными:
https://t.co/BgGR0iEJbj https://t.co/6AVZcFiz0C"
Elle_ru|865815663562162176|2017-05-20 06:25:14|"Революция в астрологии: месяц рождения говорит о нас больше знака Зодиака
https://t.co/6OTanXHng1 https://t.co/d3HFJTyQIl"
Elle_ru|865808080084357121|2017-05-20 05:55:06|"7 вариантов нескучных укладок на весну:
https://t.co/Fve9YriFsb #ELLE #beauty #красота #hairstyle #hair https://t.co/8r5YpES0KT"
Elle_ru|865800732947165184|2017-05-20 05:25:55|"Самые модные спортивные коллекции весны

Все, что нужно для подготовки к пляжному сезону:
https://t.co/1B9eKQJ9AN https://t.co/DjoE7qYU97"
Elle_ru|865785604432420864|2017-05-20 04:25:48|Продукты, которые ускоряют рост волос. Какие блюда помогут отрастить длинные волосы: https://t.co/6zGTJ63HAq #elle… https://t.co/sRsOO0Nmhl
Elle_ru|865770478820098048|2017-05-20 03:25:42|"10 мифов о целлюлите: откуда он берется и как от него избавиться раз и навсегда
https://t.co/vwHgjzjvoA https://t.co/ivMuINeXYN"
Elle_ru|865755318533459970|2017-05-20 02:25:27|"Как произвести незабываемое первое впечатление? 7 уловок, которые действительно работают:
https://t.co/osMT9aVkeW https://t.co/r08iducxhE"
Elle_ru|865740307106811904|2017-05-20 01:25:48|"Они встречались? Пять забытых романов российских звезд:
https://t.co/soTgW9CiYs https://t.co/Px9z6wpGqw"
Elle_ru|865725126389714944|2017-05-20 00:25:29|"15 способов стать счастливее — в 20, 30 и 40 лет:
https://t.co/A6lBUb3V2g #психология #ELLE https://t.co/iavkqG1mrJ"
Elle_ru|865710073892491270|2017-05-19 23:25:40|"Что такое «гормональный гороскоп»? Как женский цикл помогает нам планировать будущее:
https://t.co/Iei5whqW1g #ELLE… https://t.co/3DSN4mVQeS"
Elle_ru|865702476883931136|2017-05-19 22:55:29|"Чего мы не знали о сексуальных отношениях Анастейши и Кристиана Грея?
https://t.co/kgVAbtGBOJ https://t.co/tRc0hw4rFB"
Elle_ru|865694972544266240|2017-05-19 22:25:39|"Гены или пластика? Как выглядели знаменитые красавицы в детстве

Детские снимки звезд:
https://t.co/z8zjQhawZs https://t.co/CJXg1eV9ES"
Elle_ru|865687336448929794|2017-05-19 21:55:19|"20 самых сексуальных свадебных платьев сезона 

https://t.co/qEfe39EvKQ https://t.co/ctr39MUNaP"
Elle_ru|865679898462965760|2017-05-19 21:25:46|"9 способов подготовить себя к новым отношениям

Что нужно сделать, чтобы влюбиться по-настоящему и взаимно?… https://t.co/JMoVGfduUC"
Elle_ru|865675291619971074|2017-05-19 21:07:27|"Музыка для соблазнения: 10 лучших композиций для романтического вечера
https://t.co/alDhaWOLEP #love #sex… https://t.co/BbdGfVmjIZ"
Elle_ru|865670283679514624|2017-05-19 20:47:33|Знаменитости, которые сильно располнели: https://t.co/hyysrmo6s4 https://t.co/7PA65PuYu4
Elle_ru|865665253157285888|2017-05-19 20:27:34|"Smart is sexy: лучшее самообразование в Москве

Курсы и воркшопы, на которые стоит записаться прямо сейчас… https://t.co/8MnshUMESO"
Elle_ru|865660150551425024|2017-05-19 20:07:17|"Что он в ней нашел? Знаменитые мужчины, влюбленные не в красавиц
https://t.co/pZWpbObz6q https://t.co/x0xVXjCr7D"
Elle_ru|865655095064580096|2017-05-19 19:47:12|"Весь опыт мировых психологов в 21 цитате:
https://t.co/I0OnHDSf6H https://t.co/vYKu5VL14f"
Elle_ru|865650254527344641|2017-05-19 19:27:58|"Месяц до лета: как похудеть к 1 июня? 10 самых эффективных способов:
https://t.co/5RGFqeb3mc #скоролето https://t.co/NO0kIvbUX1"
Elle_ru|865645200126820352|2017-05-19 19:07:53|"Что читать на отдыхе? 40 идеальных книг для летнего отпуска:
https://t.co/zezHMAQ525 #ELLE #lifestyle #стильжизни https://t.co/fZPKKJGt9X"
Elle_ru|865639959851540480|2017-05-19 18:47:03|"Как выглядеть моложе своего возраста? Советы эксперта:
https://t.co/8ggTH2lcgf https://t.co/tGYWMb6GtA"
Elle_ru|865636986022838277|2017-05-19 18:35:14|"В Питере — пить: модные места северной столицы

Лучшие заведения Санкт-Петербурга, куда стоит заглянуть вечером:… https://t.co/vsvCUUicFE"
Elle_ru|865633271270395905|2017-05-19 18:20:29|"Бьюти-образ дня: Джулианна Мур

Очередной элегантный выход голливудской актрисы:
https://t.co/5Psjz8oVI9 https://t.co/120QQJzgyh"
Elle_ru|865630064603316224|2017-05-19 18:07:44|"Красная дорожка Каннского кинофестиваля: третий день

Рианна, Белла Хадид и другие звезды на красной дорожке… https://t.co/yGLmvTMU8N"
Elle_ru|865627142603759617|2017-05-19 17:56:08|"Самые роскошные женщины Канн 2017

Индийская королева красоты Айшвария, роковая Белла, Рианна в кутюре и другие… https://t.co/ZWkDXBDosp"
Elle_ru|865623485330083841|2017-05-19 17:41:36|"Главные модные новости недели

Самое интересное, что произошло в мире моды и шопинга за последние несколько дней:… https://t.co/nbswLptDQi"
Elle_ru|865621411280199680|2017-05-19 17:33:21|"Current mood: enjoy friday
#ELLEPostcard https://t.co/YdYQQqYvyg"
Elle_ru|865621263749750784|2017-05-19 17:32:46|"Мачеха Беллы и Джиджи: Шива Сафай

Что мы знаем об одной из самых обсуждаемых женщин США?
https://t.co/ymd4jE9orK https://t.co/44A4MZTZJw"
Elle_ru|865617521822531584|2017-05-19 17:17:54|"Почти никакого эпатажа: Рианна на премьере фильма «Окча»:
https://t.co/JxzqEDt13K #elle #celebrities https://t.co/5p1Uj3XiyZ"
Elle_ru|865613899458113537|2017-05-19 17:03:30|"Еще одно красное платье Беллы произвело фурор в Каннах

Главная красавица фестиваля  удивила «пуританским» нарядом:… https://t.co/U3BuhYOkts"
Elle_ru|865610868930879489|2017-05-19 16:51:28|Восточная принцесса: роскошная Айшвария Рай затмила всех в Каннах: https://t.co/0NZRmSw0z7 https://t.co/ZghTnyUVE6
Elle_ru|865607452070490113|2017-05-19 16:37:53|Стала известна причина расставания Леонардо Ди Каприо и Нины Агдал. Актер снова влюбился в блондинку?… https://t.co/jnmyYKMlAP
Elle_ru|865603619982266371|2017-05-19 16:22:39|"Джонни Депп поделился подробностями отношений с дочерью

«Она невероятное создание»: все о Лили-Роуз Депп… https://t.co/GPGNeyT1xL"
Elle_ru|865599702078676992|2017-05-19 16:07:05|"Правила идеального курортного романа: как устроить романтическое приключение вашей мечты?
https://t.co/sKj3Fz9Jlg https://t.co/cHt7msVtuS"
Elle_ru|865594942252498944|2017-05-19 15:48:10|"Новый выход Ирины Шейк после рождения дочери

Фантастическая фигура модели спустя всего два месяца после родов… https://t.co/GnaHuePj1M"
Elle_ru|865592924905582593|2017-05-19 15:40:09|"20-летняя девушка Венсана Касселя в купальнике произвела фурор в Каннах:
https://t.co/zpB7yIGLtk https://t.co/jvT1scyb43"
Elle_ru|865586871673466880|2017-05-19 15:16:06|Сколько стоит свадьба Пиппы Миддлтон?https://t.co/02hf7lg8fj #elle #celebrities https://t.co/5TsDpIVr4J
Elle_ru|865580968370999296|2017-05-19 14:52:39|Что ждет вас в ближайшие три месяца? Большой летний гороскоп 2017: https://t.co/HsCriEsYl2 https://t.co/779qlYy8bv
Elle_ru|865575849399070720|2017-05-19 14:32:18|"Редкие фото знаменитостей продали на общую сумму более чем в £2,5 млн:
 https://t.co/4V5Swfy7A0 https://t.co/nmF2IGCFfx"
Elle_ru|865571027056828416|2017-05-19 14:13:09|"Кто станет подружкой невесты на свадьбе Пиппы Миддлтон вместо Кейт?
https://t.co/wYbWnQGPb2 https://t.co/WXDPChVr9B"
Elle_ru|865565323528994816|2017-05-19 13:50:29|"Кайя Гербер раскрыла бьюти-секреты Синди Кроуфорд

https://t.co/NlYXNkqb9k https://t.co/lHzsS96LfK"
Elle_ru|865562656761143296|2017-05-19 13:39:53|"Кара Делевинь снова появилась в слишком смелом образе

Как вам новый эпатажный выход модели?
https://t.co/i3yWF2Zwki https://t.co/jlHXBpzElq"
Elle_ru|865562544118870016|2017-05-19 13:39:26|"Лили Коллинз, Тильда Суинтон и другие звезды на фотоколле фильма «Окча» в Каннах:
https://t.co/ZVG7qe2BCe https://t.co/ZNDqqgTkRH"
Elle_ru|865547059910197248|2017-05-19 12:37:54|"Лунный календарь стрижек на май: 
https://t.co/bUzcVoi855 https://t.co/K2e876Bvqo"
Elle_ru|865542394166493184|2017-05-19 12:19:22|"Как оформить дом в японском стиле?
https://t.co/cCRIhJtJVk #ELLEDecoration #design #interiordesign #architecture https://t.co/1OKzATMR1x"
