gucci|866718338306772993|2017-05-22 18:12:09|.@JulietteBinoche in a #GucciPreFall17 gown with crystal embroidered UFO appliqué and sequin details at the… https://t.co/Hot2DIuBaI
gucci|866700396022181891|2017-05-22 17:00:51|In detail: the beaded butterfly appliqué on the velvet belt of the #Gucci gown worn by @salmahayek at the 3rd editi… https://t.co/zW0ZcdI299
gucci|866685320561119232|2017-05-22 16:00:57|At the #WomenInMotion Awards dinner, @salmahayek in a #Gucci gown with sequin embroideries, velvet belt and a lace… https://t.co/w3m4BLOsCY
gucci|866670161583124480|2017-05-22 15:00:43|At the #WomenInMotion event, #GinevraElkann wore #GucciCruise17 gown with embroidered patches and black velvet bow.… https://t.co/WobzOTIBQk
gucci|866656186917163014|2017-05-22 14:05:11|Details of the Gucci silk tulle gown by #AlessandroMichele worn by #CharlotteCasiraghi at the #WomenInMotion event.… https://t.co/fTM64vLNse
gucci|866639925600505857|2017-05-22 13:00:34|At the #WomenInMotion Awards dinner, #CharlotteCasiraghi wore #Gucci silk tulle gown with multi-color floral embroi… https://t.co/1jyywSdpva
gucci|866629476431560704|2017-05-22 12:19:03|#ChrisLee wore a #GucciPreFall17 wool jacket, #GGWallpaper shirt, velvet skirt and boots at the #KeringxCannes… https://t.co/CfCRNRYnp3
gucci|866382536016056320|2017-05-21 19:57:47|"#ElleFanning wore a #GucciFW17 tulle gown to the ""How To Talk To Girls At Parties"" screening at @festivaldecannes.… https://t.co/XSZXauw8sF"
gucci|866322947258056705|2017-05-21 16:01:00|Exclusive to @MRPORTERLIVE, a paisley printed bomber jacket, sporty pants and a tiger-embellished bracelet.… https://t.co/5QfkDBcJqF
gucci|866292712525484032|2017-05-21 14:00:52|Designed exclusively for @MRPORTERLIVE, a satin #GGWallpaper tracksuit and backpack, a sweatshirt with beaded tiger… https://t.co/e00XiIuw9C
gucci|866262461174960129|2017-05-21 12:00:39|Exclusive to @MRPORTERLIVE, the new capsule collection by #AlessandroMichele combines several House codes and motif… https://t.co/GKIoIAxqVs
gucci|866261587237232640|2017-05-21 11:57:11|Wearing new fine jewelry line GG Running, #ChrisLee in rings, bracelets and necklaces crafted in yellow, pink or wh… https://t.co/QtiYtV6tEq
gucci|866254232621600769|2017-05-21 11:27:57|Presenting #ChrisLee in a new #GucciTimepieces and jewelry campaign. https://t.co/zO4TChMFM0
gucci|865920746807336961|2017-05-20 13:22:48|".@JRart in a #Gucci Marseille tuxedo, an embroidered shirt and silk flower pin to ""Faces, Places (Visages, Villages… https://t.co/bM3hbmD1cQ"
gucci|865884870366683136|2017-05-20 11:00:15|To the 'Okja' photocall during #Cannes70 #PaulDano wore a #GucciPreFall17 two-button Monaco suit, white shirt and b… https://t.co/Q5o4mQL8Cn
gucci|865865954760298496|2017-05-20 09:45:05|Close-up of the detailed beading on a custom #Gucci duchesse silk dress by #AlessandroMichele worn by #ChrisLee to… https://t.co/mJuLnEgP5f
gucci|865857376536190976|2017-05-20 09:11:00|To the Okja screening at #Cannes70, #ChrisLee in a custom #Gucci duchesse silk dress with beaded cat patches by… https://t.co/Ro32DU4W9f
gucci|865658231900835840|2017-05-19 19:59:40|At the @angelicahicks T-shirt launch party, #MakenzieLeigh wore one of the designs from the collection. #GucciGeeks https://t.co/nbygkqqp37
gucci|865643364107952128|2017-05-19 19:00:35|#BriannaLance in a flower dress from #GucciSS17 at the @angelicahicks T-shirt launch party in New York.… https://t.co/8oB73xuAo2
gucci|865613137973608448|2017-05-19 17:00:29|At the launch of @angelicahicks collaborative T-shirt collection, @tinaleung wore a design from the collection.… https://t.co/4TYsy63fcF
gucci|865600498509983745|2017-05-19 16:10:15|Guests Antwaun Sargent and JiaJia Fei at the party for the @angelicahicks #Gucci limited edition T-shirt collection… https://t.co/Id2OTUSqjD
gucci|865567885959327744|2017-05-19 14:00:40|.@harinef spotted at the @angelicahicks #Gucci party for the limited edition T-shirt collection at St Ambroeus.… https://t.co/uj9mw0zD8N
gucci|865537636097605633|2017-05-19 12:00:28|At the @angelicahicks T-shirt launch party, @sokothecat in a design from the collection. More on… https://t.co/8qh7nH2yqY
gucci|865521534948880387|2017-05-19 10:56:29|Celebrating her collaborative T-shirt collection with #Gucci: @angelicahicks in one of her designs. #GucciGeeks… https://t.co/x5kLTlf2ah
gucci|865238447790985216|2017-05-18 16:11:35|Spotted leaving a gig he played in London, @Harry_Styles wore a pair of custom #Gucci pants with dragon embroidery.… https://t.co/NNV3ajZYHH
gucci|865112595170197504|2017-05-18 07:51:30|Member of the Feature Film Jury at #Cannes70, @jes_chastain carried a #Gucci GG duffle bag with Web details at her… https://t.co/obL1GaTc10
gucci|864966280704647168|2017-05-17 22:10:06|Details of the plissé tulle gown designed by #AlessandroMichele and worn by @NaomieHarris at the 70th Annual Cannes… https://t.co/OJLYwkGogW
gucci|864948555412328449|2017-05-17 20:59:40|At the 70th Cannes Film Festival, @NaomieHarris wore a #Gucci plissé tulle gown by #AlessandroMichele. #Cannes70 https://t.co/yxwrrMkjYe
gucci|864880829343961088|2017-05-17 16:30:33|A checked suit with silk embroidered bee motif and a regimental tie feature in the new #GucciTailoring collection b… https://t.co/GIjfOIlPko
gucci|864850604253999104|2017-05-17 14:30:26|Shot in the Libreria Cascianelli, an early 20th century bookstore in Rome, the #GucciTailoring campaign.… https://t.co/64en7ENnzJ
gucci|864820362256764928|2017-05-17 12:30:16|Shirt collars detailed with embroidered rabbits and a triangle neckbow feature in the new #GucciTailoring collectio… https://t.co/lWmMUMRT5t
gucci|864526043897573380|2017-05-16 17:00:45|Checks and pin dots from the new #GucciTailoring collection, captured by @arimarcopoulos. #GucciPreFall17 https://t.co/uNl42UwKXQ
gucci|864504508474433538|2017-05-16 15:35:11|Embroidered with dragons, an evening Heritage jacket from the new #GucciTailoring collection, lensed by… https://t.co/xYLtIxlwGr
gucci|864482105539141633|2017-05-16 14:06:09|Presenting the #GucciTailoring campaign, shot by @arimarcopoulos, featuring the geometric cross patterned Monaco su… https://t.co/WMqBgTZLnb
gucci|863799845831757824|2017-05-14 16:55:06|#RowanBlanchard at the opening of the #AMagCuratedBy #AlessandroMichele exhibit in Taipei in a tulle dress from… https://t.co/mpQwPLfQGh
gucci|863753286364561408|2017-05-14 13:50:05|Featured in the #AMagCuratedBy #AlessandroMichele, the bridge of Civita di Bagnoregio, near Rome captured by Giovan… https://t.co/03VuchkrxS
gucci|863710564928950272|2017-05-14 11:00:20|Artist #GiaCoppola attended the opening of the #AMagCuratedBy #AlessandroMichele in a flower printed dress from… https://t.co/3q9qb5jvez
gucci|863432464668164097|2017-05-13 16:35:16|Gia Coppola's @mastergiaa work from @amagcuratedby #AlessandroMichele exhibit, now showing in Taipei’s Wine Brewery… https://t.co/Gagfe0pexx
gucci|863387904629985280|2017-05-13 13:38:12|Recreating the moody look of Peter Weir’s film “Picnic at Hanging Rock” Gia Coppola’s images for @amagcuratedby… https://t.co/uIT7fWjLE9
gucci|863362834868187137|2017-05-13 11:58:34|An image by Gia Coppola shot for @amagcuratedby #AlessandroMichele, on show in the exhibit in Taipei’s Wine Brewery… https://t.co/BTME3d7oXN
gucci|863083942949396480|2017-05-12 17:30:21|Embroidered poetry from @rowanblanchard accompanying the photo portfolio of images by #GiaCoppola. #AMagCurateBy… https://t.co/WwUdRyOBjX
gucci|863053707772129280|2017-05-12 15:30:13|In textured detail: #GiaCoppola's shoot for @amagcuratedby #AlessandroMichele in the room in the exhibit at Taipei’… https://t.co/i6gbWmVA3n
gucci|863032634594734081|2017-05-12 14:06:29|In Taipei for the third exhibit dedicated to #AMagCuratedBy #AlessandroMichele with a focus on #GiaCoppola, running… https://t.co/2zei0s98ol
gucci|862974985480146944|2017-05-12 10:17:24|In his music video for “Sign of The Times” @Harry_Styles wears a #GucciCruise17 double-breast coat and… https://t.co/WBT6YVCAgh
gucci|862736654045413377|2017-05-11 18:30:21|For @dustmagazine’s latest issue, #GiovanniLindoFerretti wears a silk shirt from #GucciPreFall17 by… https://t.co/zUpGxG8zT8
gucci|862706423779741696|2017-05-11 16:30:14|#CharlieHeaton in a #GucciCruise17 cotton jacket, chino pants and printed T-shirt to the Netflix FYSee Kick Off Eve… https://t.co/FwvXbW29Ly
gucci|862374256272965635|2017-05-10 18:30:19|Get the exclusive #AngelicaHicks #GucciGeeks Snapchat geo-filter: visit the mural on Lafayette St NYC or any Gucci… https://t.co/OFyyXdalj5
gucci|862359137665122308|2017-05-10 17:30:14|Presenting the new #GucciArtWall in NYC featuring a design by @angelicahicks part of a collaborative T-shirt projec… https://t.co/rjmxN3CTFr
gucci|862344045699489792|2017-05-10 16:30:16|Meet #AngelicaHicks, the British illustrator collaborated with Gucci on a limited edition T-shirt collection launch… https://t.co/nqJTVeD97X
gucci|862328541618352128|2017-05-10 15:28:40|Unveiled: the #GucciArtWall in Largo La Foppa Milan, featuring a design by illustrator #AngelicaHicks. #GucciGeeks https://t.co/KPQazPksmb
gucci|861989261654052871|2017-05-09 17:00:29|Up close with the new leather loafers featuring an elastic House Web stripe detail and rubber sole from… https://t.co/O16rkmDYgY
gucci|861970447109369856|2017-05-09 15:45:43|A symbol first used by Gucci in the 70s, the bee appears on new jackets from #GucciPreFall17 by #AlessandroMichele. https://t.co/N29AxQ3d4N
gucci|861927207178043392|2017-05-09 12:53:54|Details: the new Princetown slippers featuring the House Web stripe and double G hardware from #GucciPreFall17 by… https://t.co/Esm05K4199
gucci|861626905912594433|2017-05-08 17:00:37|Up close with GG wallets from #GucciPreFall17 by #AlessandroMichele featuring the Angry Cat print. https://t.co/e5MhKbsuYl
gucci|861594153624457216|2017-05-08 14:50:28|Details: men’s silk scarves from #GucciPreFall17 by #AlessandroMichele. https://t.co/DDX2CfGFzN
gucci|861558909508694016|2017-05-08 12:30:25|Defined by the Angry Cat print and the word “Loved”, details of the GG men’s backpacks for #GucciPreFall17 by… https://t.co/iquSoLr2J5
gucci|861271970352173057|2017-05-07 17:30:14|In a leather color block design, a focus on the new #GucciQueenMargaret bags collection from #GucciPreFall17 by… https://t.co/XKWA49Tzas
gucci|861240480662683648|2017-05-07 15:25:06|Meet the #GucciQueenMargaret top-handle bag embellished by a crystal and pearl encrusted bee. #GucciPreFall17… https://t.co/IUTVpFFa4O
gucci|861196482480926720|2017-05-07 12:30:16|A glimpse at the #GucciBroadway mini bags with pearl studs and bee detail from #GucciPreFall17 by… https://t.co/YdxbxcND7e
gucci|860871894500880384|2017-05-06 15:00:28|In the June issue of @BazaarUK’s, @KarenElson_ in a velvet gown from #GucciPreFall17 by #AlessandroMichele.… https://t.co/ATzMYfHQYK
gucci|860841672569171968|2017-05-06 13:00:23|Featured in @voguemagazine, @kacyhill wears an all-over sequin dress from #GucciPreFall17 by #AlessandroMichele.… https://t.co/mIhgtrfjrO
gucci|860800494834515968|2017-05-06 10:16:45|The #GuiltyNotGuilty campaign starring @jaredleto won Best Male Communication Award @ Accademia del Profumo’s… https://t.co/ojm99pr8RT
gucci|860554883933638660|2017-05-05 18:00:47|Presenting the #GucciPreFall17 new window design inspired by imaginary behind-the-scenes scenarios and theatre stag… https://t.co/X2kSp69PYN
gucci|860524655823785984|2017-05-05 16:00:40|A glimpse at the new boutique windows for #GucciPreFall17 by #AlessandroMichele, featuring a mix of vibrant colours… https://t.co/Gv7AwEMYOv
gucci|860494574002851840|2017-05-05 14:01:08|Resembling a dressing room, the new #GucciPreFall17 window design at the Gucci Montenapoleone flagship store.… https://t.co/upuw5iG4gE
gucci|860434093787557891|2017-05-05 10:00:48|Seen at the Gucci Bloom party, #IndiaSalvorMenuez in a silk satin suit from #GucciSS17. Discover more… https://t.co/DeK7UZ5WF1
gucci|860411335661768704|2017-05-05 08:30:22|Presenting Gucci Bloom, an eau de parfum with notes of tuberose, jasmine and Rangoon Creeper. Pre-order:… https://t.co/56gKBgBPOj
gucci|860154688380993536|2017-05-04 15:30:33|At the launch of new fragrance Gucci Bloom, @atprettybirds in a printed #GucciSS17 dress. More… https://t.co/e65bheOr3A
gucci|860132120072769537|2017-05-04 14:00:52|#LauraLove attended the Gucci Bloom party in a #GucciCruise17 Web-trimmed jacket and skirt. More… https://t.co/nTQ95XJHcg
gucci|860116994183581696|2017-05-04 13:00:46|DJ #JulianaHuxtable in a #GucciBengal printed dress with @asaprocky at the launch for Gucci Bloom. More… https://t.co/zRSAcMTOgK
gucci|860094233570684929|2017-05-04 11:30:19|Phoebe Collings-James performed at the party to celebrate new fragrance Gucci Bloom. More https://t.co/5M6cLPovYv… https://t.co/bXiS5KFHZ5
gucci|860071597234958336|2017-05-04 10:00:22|#SelahMarley seen at the private party to launch Gucci Bloom in a #GucciFW16 dress. More https://t.co/5M6cLPovYv… https://t.co/RnKNbVagr7
gucci|860056477909884929|2017-05-04 09:00:18|At the #Gucci Bloom party, #MilesMcMillan wore pajama style #Gucci pants and shirt. More https://t.co/5M6cLPovYv… https://t.co/OP2yWt4JLm
gucci|860035665974710272|2017-05-04 07:37:36|#CleoWade at the #Gucci Bloom party in a lurex jacket, studded pumps and a #GucciSylvie mini bag. More… https://t.co/3Hx3SLOIcQ
gucci|859881525797695489|2017-05-03 21:25:06|At the #Gucci Bloom party, @SoKothecat in a #Gucci embroidered coat and crystal studded loafers. More… https://t.co/69ux6ZO6wY
gucci|859866438445785088|2017-05-03 20:25:09|.@seanonolennon at the #Gucci Bloom fragrance event in checked jacket and pants from #GucciCruise17. More… https://t.co/kBNwBpKeuh
gucci|859852649000206336|2017-05-03 19:30:21|At the launch of #Gucci Bloom, @LanaDelRey in a v-neck jacket with House Web stripe details and skirt from… https://t.co/NmtKZoE1vh
gucci|859837528337256449|2017-05-03 18:30:16|At the #Gucci Bloom event @asvpxrocky wears tracksuit pants and jacket from #GucciPreFall17. More… https://t.co/86vdhVCDdU
gucci|859818231984529409|2017-05-03 17:13:35|.@petracollins, #DakotaJohnson #AlessandroMichele and @harinef at the event for #Gucci Bloom. Pre-order… https://t.co/Q45638fTBq
gucci|859767749198925824|2017-05-03 13:52:59|Performer at the #Gucci Bloom fragrance launch event, #AlisonGoldfrapp from the band @goldfrapp. More… https://t.co/B5LHehnSDN
gucci|859759492669595653|2017-05-03 13:20:11|To celebrate #AlessandroMichele’s first female scent, campaign star @harinef wore #GucciSS17. Pre-order… https://t.co/Aej3p2IS80
gucci|859742027667439616|2017-05-03 12:10:47|Campaign star @petracollins at the party for the new #Gucci fragrance by #AlessandroMichele. Pre-order… https://t.co/TWTUAtoDI5
gucci|859702484352282625|2017-05-03 09:33:39|At the launch of #Gucci's new scent, campaign star #DakotaJohnson wore #GucciFW17. Pre-order… https://t.co/lyD9RI7yaK
gucci|859384557212250112|2017-05-02 12:30:19|Named one of the faces of Gucci’s new scent Bloom, #DakotaJohnson and #AlessandroMichele at last night’s #MetGala.… https://t.co/u8vFtpx6bu
gucci|859377048225280000|2017-05-02 12:00:29|To the #MetGala @rogerfederer wore an embroidered #GucciDIY tuxedo by #AlessandroMichele. #MetKawakubo https://t.co/ghBSQcRmZW
gucci|859365640712409088|2017-05-02 11:15:09|In the details: three-dimensional flowers on #DakotaJohnson’s #Gucci custom gown by #AlessandroMichele for the… https://t.co/Ay6zwydiLi
gucci|859358098250760192|2017-05-02 10:45:11|Seen at last night’s #MetGala, #DakotaJohnson in a #Gucci custom silk moiré gown by #AlessandroMichele. #MetKawakubo https://t.co/hGBpqgCFVZ
gucci|859346797625528321|2017-05-02 10:00:17|#DakotaJohnson in a #Gucci gown and #AlessandroMichele in a #Gucci Custom jacket and #CommeDesGarcons skirt and tro… https://t.co/U8I8vyhviV
gucci|859338701603827712|2017-05-02 09:28:06|At the #MetGala, creative director #AlessandroMichele in a #Gucci custom jacquard jacket and an oxford cotton shirt… https://t.co/aLpvF983iD
gucci|858711220760850432|2017-04-30 15:54:43|A look at the new #GGWallpaper drawstring backpack seen in the #GucciPreFall17 campaign. https://t.co/WyvpAPptey
gucci|858682567566012419|2017-04-30 14:00:52|The dynamic vibe of the #GucciPreFall17 collection reflects in the new campaign shot by #GlenLuchford. https://t.co/E3e9GoNXJU
gucci|858652333135327233|2017-04-30 12:00:43|Spotted in the #GucciPreFall17 campaign, the new #GucciSylvie maxi bag. https://t.co/Ds7a6maafV
gucci|858350373211426816|2017-04-29 16:00:51|Shot by @_glen_luchford for the #GucciPreFall17 campaign, velvet corduroy pants and wool knit with patch details. https://t.co/ToYNijdzbt
gucci|858320167591452672|2017-04-29 14:00:49|"Flower and tiger prints and the new #GGMarmont velvet bag with ""Loved” embroidered in pearls and floral appliqués. https://t.co/32M9PxDEhv"
gucci|858005114753347586|2017-04-28 17:08:54|See the #GucciPreFall17 VR and 360° campaign film on the Gucci App or https://t.co/sd7OPqeNv1 https://t.co/71vfatvrRp
gucci|858003070948659201|2017-04-28 17:00:47|An iguana and new sandals with a detachable crystal bow star in the #GucciPreFall17 campaign. https://t.co/4u0k780XJi
gucci|857953528207245312|2017-04-28 13:43:55|Reflecting the vibrant attitude of the collection, the #GucciPreFall17 campaign lensed by #GlenLuchford. https://t.co/jffvNdBbeo
gucci|857937137060261888|2017-04-28 12:38:47|Congrats #AlessandroMichele, named one of @Time’s 100 most influential people this year in an article written by… https://t.co/uxoax9WtfL
gucci|857893714244403200|2017-04-28 09:46:15|Coco Capitán @cocoladas captured at the @i_d x #Gucci party at the Mildmay club to fete the new #GucciPreFall17 cam… https://t.co/Fo1js9pv1t
gucci|857881535596425216|2017-04-28 08:57:51|A guest at last night’s @i_d x #Gucci Campaign Launch party Thomas Cohen in a printed silk jacket and pants from… https://t.co/bhyfvvPi9y
gucci|857738686338912256|2017-04-27 23:30:13|#SaiBennett wears printed silk shirt and pants from #GucciSS17 at the @i_D x #Gucci party to celebrate the new… https://t.co/Lq4ClSMx4k
gucci|857723574588780545|2017-04-27 22:30:10|At the @i_D x #Gucci launch party of the #GucciPreFall17 virtual reality campaign film, #SelahMarley wears a lace d… https://t.co/O0vigg60JI
gucci|857707131918835712|2017-04-27 21:24:50|At the @i_d x #Gucci Campaign Launch party, @alexander_olly wears #GGWallpaper technical jersey jacket and pants fr… https://t.co/zhFy4f1nyi
gucci|857565281266388994|2017-04-27 12:01:10|Aviator sunglasses captured in the new #GucciEyewear campaign by #GlenLuchford. https://t.co/nQYOAzsE29 https://t.co/NMLikQmQfH
gucci|857263284944347137|2017-04-26 16:01:08|Chevron patterned glasses from #GucciSS17, shot by #GlenLuchford.  https://t.co/b3szeBmOpO https://t.co/pulEUYQmbp
gucci|857202722478723077|2017-04-26 12:00:29|Spectacles at night: men’s rectangular shaped tortoiseshell glasses from #GucciSS17. #GucciEyewear… https://t.co/x8yd2CSeC2
gucci|856863067505872899|2017-04-25 13:30:49|Chevron patterned sunglasses from the new #GucciEyewear campaign by #GlenLuchford. #AlessandroMichele… https://t.co/PI5OMuP6a6
gucci|856846877618208769|2017-04-25 12:26:29|A look at the new #GucciEyewear campaign by #GlenLuchford featuring designs from #GucciSS17. https://t.co/sS7GyuK2Wb
gucci|856830199954108417|2017-04-25 11:20:13|New sunglasses from #GucciSS17 by #AlessandroMichele: round frames infused with a glitter treatment. #GucciEyewear… https://t.co/Sl8GCHBYs3
gucci|856534091432435713|2017-04-24 15:43:35|#Gucci is among the 16 best companies to work for in fashion according to @BoF's first annual report.… https://t.co/AQDQEk9lvm
gucci|856508424598827008|2017-04-24 14:01:36|Flowers and studs: details on the new #GucciDionysus. #GucciSS17 https://t.co/zSAB2tyUYE https://t.co/r5tuEKNegB
gucci|856493263997546502|2017-04-24 13:01:21|Iridescent brocade: Princetown slippers from #GucciSS17 https://t.co/brE2JpUa8B https://t.co/rBoGYZD022
gucci|856478080856199169|2017-04-24 12:01:01|The flower jacquard #GucciDionysus bag featuring a bamboo top handle. #GucciSS17 https://t.co/zSAB2tyUYE https://t.co/nl0yUwUOwh
gucci|856145826191597568|2017-04-23 14:00:46|Patches or Prints? New Princetown slippers from #GucciSS17 https://t.co/brE2JqbL09 https://t.co/X18C1jHS4T
gucci|856130656199479296|2017-04-23 13:00:29|Details: the floral jacquard #GGMarmont shoulder bag from #GucciSS17 by #AlessandroMichele. https://t.co/5dJ12nKPKj https://t.co/pnlTLGFEI8
gucci|856115532768178176|2017-04-23 12:00:23|A focus on new women’s leather slippers with crystal bow detail from #GucciSS17. https://t.co/brE2JpUa8B https://t.co/NFQt7tTYmB
gucci|855831123590606848|2017-04-22 17:10:15|Feathers and Sequins: on the new #GucciDionysus. #GucciSS17 https://t.co/tbmUyYdNHi
gucci|855768401465180162|2017-04-22 13:01:00|Black or gold? Women’s Horsebit loafers with a 70s inspired shape and embroidered appliqués from #GucciSS17. https://t.co/HNQRDeYESU
gucci|855541772818284545|2017-04-21 22:00:28|Design details: floral patches and sequin appliqués embellish the new #GucciDionysus bag. #GucciSS17 https://t.co/xNSco3pkin
gucci|855434298513653761|2017-04-21 14:53:24|"Gucci Stories: haute sport.
https://t.co/I80DVEs75Z"
gucci|855112584294432769|2017-04-20 17:35:01|#AlessandroMichele features on @TIME's 100 most influential people list, in an article written by @JaredLeto:… https://t.co/O5yxERyetN
gucci|855090365791182849|2017-04-20 16:06:44|"Gucci Stories
Crafted with a House bamboo handle.
https://t.co/s537fB5pjT"
gucci|854733950278914052|2017-04-19 16:30:28|A men’s embroidered velvet coat from #GucciSS17 features in the April issue of @wallpapermag. #GucciEditorials https://t.co/Sb9rWBA4Hd
gucci|854703743236964353|2017-04-19 14:30:26|At @nbcsnl, @Harry_Styles performed wearing checked jacket, pants and a silk shirt from #GucciFW17. https://t.co/UhCsZcTRX8
gucci|854655153655468032|2017-04-19 11:17:22|A marine-inspired look from #GucciSS17 features in the April issue of Le Monde’s @m_magazine. #GucciEditorials https://t.co/x4TR1RlzWr
gucci|854371555110998016|2017-04-18 16:30:26|On stage at @coachella, Brian D’Addario of @thelemontwigs in a #Gucci tartan Heritage suit. https://t.co/4FmL3b3y74
gucci|854341332369887232|2017-04-18 14:30:21|At @coachella, @rihanna in crystal mesh leggings and top and a T-shirt featuring #cococapitanwriting from… https://t.co/gmNKH2lILU
gucci|854303542085136387|2017-04-18 12:00:11|Performing at @coachella, Alaina Moore and Patrick Riley from @TennisInc, both in #Gucci. https://t.co/3bZl9DCrvO
gucci|854090893049167872|2017-04-17 21:55:11|At @coachella #JamieSmith from @The_xx in a #GucciSS17 embroidered shirt and pants. https://t.co/Ega4MJovPf
gucci|854069562115051520|2017-04-17 20:30:26|On stage at @coachella, #RomyMadleyCroft from @The_xx in an embroidered #GucciPreFall16 Heritage jacket. https://t.co/04K9n466zf
gucci|854033010164989954|2017-04-17 18:05:11|On stage at @coachella #OliverSim from @The_xx wore a #GucciSS17 floral embroidered shirt with wool trousers. https://t.co/nfcMImMkAY
gucci|854009231787380736|2017-04-17 16:30:42|Close up with the #LeMarchédesMerveilles fine jewelry and watches collection. #GucciSS17 https://t.co/n5a3C2dEDp https://t.co/fEYGubbsrM
gucci|853979042114097152|2017-04-17 14:30:44|A look at the leopard print bag with bamboo top handle and chain shoulder strap from #GucciSS17.… https://t.co/0TBYQjT67g
gucci|853948809935802368|2017-04-17 12:30:36|Fine and fashion jewelry pieces from the #GucciSS17 collection. https://t.co/R36EXQTT1V https://t.co/b66o4XwaLm
gucci|853647977327579137|2017-04-16 16:35:12|Details: velvet slippers and ballet flats slide into platforms from #GucciSS17. https://t.co/OOy0viP00t https://t.co/AlcBObG45R
gucci|853617784445652992|2017-04-16 14:35:13|Iridescent Brocade: mini #GucciSylvie shoulder bags with House Web detail. #GucciSS17 https://t.co/BEGEMvWFbY https://t.co/fSoJ7SILMz
gucci|853586381930725376|2017-04-16 12:30:26|Ankle strap sandals transform into booties when worn with a pair of latex socks. #GucciSS17 https://t.co/OOy0viP00t https://t.co/61PZTTzFKY
gucci|853292099613097984|2017-04-15 17:01:04|A look at the new #GucciBroche top handle bag collection with fox head closure. #GucciSS17 https://t.co/DCFjhCKATn https://t.co/p2VDQYNQpM
gucci|853261939803336704|2017-04-15 15:01:13|Design details: a detachable crystal bow features on pumps from #GucciSS17. https://t.co/jVM3ONgr2B https://t.co/SND0DDfrC2
gucci|853231726943928320|2017-04-15 13:01:10|Details of the new Gucci Naga bag featuring an enameled dragon head closure and silk satin shoulder strap… https://t.co/VPF7ANHaND
gucci|852869401435090945|2017-04-14 13:01:25|Celebrating men and women who challenge the conventions of society through art: the #GucciPreFall17 campaign. https://t.co/YNFENJ1AB5
gucci|852823942217650176|2017-04-14 10:00:47|Inspired by the portraiture of Malian artist Malick Sidibé, presenting the #GucciPreFall17 campaign. https://t.co/gp92AZj7ow
gucci|852605699330904068|2017-04-13 19:33:34|#CHIMEHACK4 is back. June 10-11 @Facebook HQ. Register for the #hackathon with @gucci @GlblCtzn @kpcb… https://t.co/lI6nxyse6g
gucci|852552206897348608|2017-04-13 16:01:00|Athletic dance moves and exuberant social scenes photographed by #GlenLuchford for the new #GucciPreFall17 campaign. https://t.co/HtUfZgoYh1
gucci|852501992136167425|2017-04-13 12:41:28|Set in the Mildmay club in London, the #GucciPreFall17 campaign. https://t.co/pOo0QvmuFs
gucci|852461428355338240|2017-04-13 10:00:17|The #GucciPreFall17 campaign: referencing England’s underground Northern Soul movement from the 60s. https://t.co/9VxJbw3G3e
gucci|852192164142612483|2017-04-12 16:10:19|Pink, black or brocade? Princetown slippers from #GucciSS17. https://t.co/lfCHQmcFF9
gucci|852161941422342145|2017-04-12 14:10:13|Brocade backpacks that turn into totes. #GucciSS17 https://t.co/tPtOfUhfTg
gucci|852131219001225216|2017-04-12 12:08:09|Up close with the #GucciAce low-tops revamped in colorful brocades. #GucciSS17 https://t.co/3VGFA2J0nK
gucci|851834883131494400|2017-04-11 16:30:37|GG tote with Donald Duck appliqué and brogue boots featuring a Dionysus buckle. #GucciSS17 https://t.co/2QTrqNFlQI
gucci|851804664140050434|2017-04-11 14:30:32|Black or pink? Men's velvet slides with crystal embellished appliqués from #GucciSS17. https://t.co/OVxybDUC7X
gucci|851774426190315522|2017-04-11 12:30:23|Details: Men’s embellished slides in velvet and satin. #GucciSS17 https://t.co/LlozMKsCpQ
gucci|851726812573028352|2017-04-11 09:21:11|Presenting the #GucciSylvie mini bag in the #GucciSS17 campaign shot by #GlenLuchford. https://t.co/YO1i0srSDc
gucci|851472471152889857|2017-04-10 16:30:31|On Rome's streets: #GGWallpaper dress, pumps with detachable crystal bow and big cats feature in the #GucciSS17 cam… https://t.co/5BBLhv7gbe
gucci|851412022550044676|2017-04-10 12:30:19|Tiger and stripes: the #GucciSS17 campaign featuring a hooded jacket and pajama pants and the #GucciBroche bag. https://t.co/eEpb28Embg
gucci|851072407913852928|2017-04-09 14:00:48|Athletic-inspiration in the new collection, captured by #GlenLuchford for the #GucciSS17 campaign. https://t.co/XBdTZdBl4Y
gucci|851027059669442560|2017-04-09 11:00:37|Set in Rome: #GlenLuchford shot the #GucciSS17 campaign. https://t.co/NFnSOrGn9c
gucci|850981772389122048|2017-04-09 08:00:39|A scene captured in Rome: the #GucciSylvie bag in the #GucciSS17 campaign by #GlenLuchford. https://t.co/VdcqxCoDV8
gucci|850740326918705153|2017-04-08 16:01:14|#ZhangHuan wears #GucciSS17 for the fifth act of The Perfomers, #Gucci and @BritishGQ’s video series. #Sponsored… https://t.co/YL486Azt3H
gucci|850679827715821569|2017-04-08 12:00:50|In a #GucciSS17 look, #ZhangHuan seen in “The Perfomers”, in collaboration with @britishgq. #GucciStories… https://t.co/i4xXSElegM
gucci|850619391117062146|2017-04-08 08:00:41|Details from the film The Performers featuring artist #ZhangHuan. @britishgq #sponsored https://t.co/4VjvSVDUmF https://t.co/ogcQN71DgX
gucci|850350747195768832|2017-04-07 14:13:11|“Natural landscape is the cycle of life,” #ZhangHuan in the fifth act of The Performers. #GucciStories #Sponsored… https://t.co/eh6rGlQF4E
gucci|850319851105251329|2017-04-07 12:10:25|#ZhangHuan wanders off in search of the desert’s mysticism in the fifth act of The Performers. @BritishGQ… https://t.co/NnUk1y8RSK
gucci|850272605995024384|2017-04-07 09:02:41|Artist #ZhangHuan journeys to Death Valley for the fifth act of The Performers. @BritishGQ #Gucci #Sponsored… https://t.co/WD9nCWPSbc
gucci|850000250031009794|2017-04-06 15:00:26|In the new act of The Performers featuring #JunyaIshigami, a GG duffle bag with House Web stripe details.… https://t.co/xX0sDstVSO
gucci|849939878951440384|2017-04-06 11:00:32|In the fourth act of The Performers, #JunyaIshigami in an evening look from #GucciCruise17. @BritishGQ #Sponsored… https://t.co/ptD3dAbdXX
gucci|849908775775555584|2017-04-06 08:56:57|#JunyaIshigami in #GucciSS17 sandals in The Performers, a series created w/ @BritishGQ. #Sponsored #GucciStories… https://t.co/gidPH4S6P2
gucci|849655534441701376|2017-04-05 16:10:39|‘Every time I travel I look for inspiration for a new type of space’ says Ishigami in The Performers… https://t.co/STRGPfWeXM
gucci|849590924594360321|2017-04-05 11:53:55|Architect #JunyaIshigami finds inspiration in Cenotes, the deep water caves in Mexico’s Yucatan jungle. @BritishGQ… https://t.co/HqvC1DMe3m
gucci|849562659137650688|2017-04-05 10:01:36|The fourth act in @BritishGQ’s “The Performers” film series features Japanese architect #JunyaIshigami in Yucatan.… https://t.co/tb6BKtwUgS
gucci|849290861913542656|2017-04-04 16:01:35|“It’s a city where you can choose to reinvent yourself in any way you want,” #CharlieHeaton for The Performers.… https://t.co/nlA914mXlv
gucci|849260639591829507|2017-04-04 14:01:29|#CharlieHeaton relives his first New York adventure in “The Performers” by #Gucci and @BritishGQ. #sponsored… https://t.co/lBThukZ92A
gucci|849230334642335744|2017-04-04 12:01:04|#CharlieHeaton in New York for “The Performers”, the third act of #Gucci and @BritishGQ’s video series. #sponsored… https://t.co/c5deKM25Pa
gucci|849199344733564930|2017-04-04 09:57:55|Embroidered velvet slippers from #GucciSS17 worn by #CharlieHeaton in The Performers. #Gucci @BritishGQ #sponsored… https://t.co/BTArEGx4wW
gucci|849180935224512512|2017-04-04 08:44:46|“It makes me want to be more creative,” #CharlieHeaton on NY in The Performers, Act III of #Gucci &amp; @BritishGQ’s vi… https://t.co/OMHSqvD3P8
gucci|849163506075172865|2017-04-04 07:35:31|"Presenting the third act of ""The Performers"", a film series by #Gucci &amp; @BritishGQ featuring actor #CharlieHeaton.… https://t.co/7VDMGg9vOV"
gucci|848589809673220096|2017-04-02 17:35:51|Francesco Bianconi, frontman of Baustelle @baustellemusic wears #Gucci onstage. #lamoreelaviolenzatour https://t.co/IRPM7dW4Hc
gucci|848550505987100672|2017-04-02 14:59:40|Designed by #AlessandroMichele, the cover for @baustellemusic’s “Eyes Without a Face”—soundtrack to the… https://t.co/6cpIqC7hj1
gucci|848511066564964353|2017-04-02 12:22:57|.@baustellemusic’s cover of Billy Idol’s “Eyes Without a Face” is the soundtrack to the #GucciDreamscape campaign d… https://t.co/wOS4b3XK8T
gucci|848208400345378816|2017-04-01 16:20:16|Videos by visual artist Jesse Kanda @truekanda play on stage w/ DJ Arca’s performance @arca100000 at #C2CMLN. https://t.co/b51V0tmQAW
gucci|848178187154722816|2017-04-01 14:20:12|DJ Arca @arca100000 on stage in #GucciSS17 sandals at #C2CMLN, a satellite event of 2017 @clubtoclub Festival. https://t.co/NEQjEuPy4e
gucci|848147992351846400|2017-04-01 12:20:13|Into the light: the #GucciHub fashion show space in Milan transformed into #C2CMLN, a satellite event of the 2017… https://t.co/p9CKkSxGMc
gucci|847860018707869696|2017-03-31 17:15:55|Textures and colors of cigars and cognacs inspire the fragrance Gucci Guilty Absolute bottle design.… https://t.co/lDGi2mprwm
gucci|847818585204543488|2017-03-31 14:31:17|Behind the scenes for new men’s scent Gucci Guilty Absolute, featuring @jaredleto. #GuiltyNotGuilty. https://t.co/aSZdf47cRc
gucci|847787593722941441|2017-03-31 12:28:08|Presenting a video on the ingredients inside new men’s scent Gucci Guilty Absolute #GuiltyNotGuilty https://t.co/hMdBVT3RpC
gucci|847493849463136260|2017-03-30 17:00:54|. @dan_thawley, editor in chief and curator of exhibit @amagcuratedby #AlessandroMichele at the show’s opening. https://t.co/E4T7FeGkqZ
gucci|847478712282996739|2017-03-30 16:00:45|Coco Capitán @cocoladas at the opening of @amagcuratedby #AlessandroMichele exhibit in Beijing featuring her work.… https://t.co/AQPcVhG8Ag
gucci|847463567225901056|2017-03-30 15:00:34|Chris Lee at the opening for the exhibit @amagcuratedby by #AlessandroMichele in Beijing. https://t.co/zjNti2dM2u
gucci|847448455538593794|2017-03-30 14:00:31|An arcade in Florence discovered by @cococapitan, on display at the @amagcuratedby #AlessandroMichele exhibit in Be… https://t.co/rnWotcQEbB
gucci|847407854189293568|2017-03-30 11:19:11|By @cocoladas from her series “The Castrati of Centrale Montemartini” on show at @amagcuratedby #AlessandroMichele… https://t.co/PxCjVGuLQA
gucci|847391390107443200|2017-03-30 10:13:45|Shot by @cocoladas, a giraffe in the Museo della Specola in Florence, the image is part of @amagcuratedby… https://t.co/XV77QFFJ4e
gucci|847202996710752256|2017-03-29 21:45:09|A look inside the immersive projection room, in the @amagcuratedby #AlessandroMichele exhibit in 77 Theatre in Beij… https://t.co/TSopOJeT8d
gucci|847185335712972800|2017-03-29 20:34:58|The second room of the @amagcuratedby #AlessandroMichele’s exhibit features @cocoladas’ famous handwriting. https://t.co/yk1LA99aXA
gucci|847177925174681604|2017-03-29 20:05:31|The second @amagcuratedby #AlessandroMichele’s exhibition is held in Beijing and runs until April 9. #BlindForLove https://t.co/vm8rsYZl4i
gucci|847093597094719489|2017-03-29 14:30:26|GG Wallpaper printed shirt and skirt from #GucciSS17 captured by @tmagazine. #GucciEditorials https://t.co/W7KbuWl5W4
gucci|847063349112307713|2017-03-29 12:30:14|Athletic-inspired: #GucciSS17 seen in the April issue of @VogueParis. #GucciEditorials https://t.co/ryHor20X5C
gucci|847035406013083648|2017-03-29 10:39:12|Walking the city in #GucciSS17. #GucciEditorials @wmag https://t.co/byAXAUFCF6
gucci|846761410814246914|2017-03-28 16:30:27|Inside #TheGreatestMagazine’s latest issue: a silk satin coat and men’s sandals from #GucciSS17. #GucciEditorials https://t.co/rEyIxntbnh
gucci|846731191013310464|2017-03-28 14:30:22|Contemporary suiting: looks from #GucciSS17 captured for the April issue of @VogueKorea. #GucciEditorials https://t.co/an7zCWFujj
gucci|846700185090711556|2017-03-28 12:27:09|From the April issue of @EsquireUK: a #GucciSS17 bomber jacket with beaded appliqué, t-shirt and trousers.… https://t.co/Xdis6fEik7
