RusMicrosoft|866693186269458432|2017-05-22 16:32:12|–ñ–¥—ë—Ç–µ –ø—Ä–∞–≤–æ–∫ –≤ –¥–æ–∫—É–º–µ–Ω—Ç–µ –æ—Ç –∫–æ–ª–ª–µ–≥–∏? #OneDrive —Å–æ–æ–±—â–∏—Ç, –∫–æ–≥–¥–∞ –æ–Ω –≤–æ–∑—å–º—ë—Ç—Å—è –∑–∞ —Ä–∞–±–æ—Ç—É ‚Üí https://t.co/w4R9pmR2gP. https://t.co/ziWmIfbREY
RusMicrosoft|866685971772968960|2017-05-22 16:03:32|–£–∑–Ω–∞–π—Ç–µ, –∫–∞–∫ –æ–ø—Ç–∏–º–∏–∑–∏—Ä–æ–≤–∞—Ç—å —Ä–∞–±–æ—Ç—É –ø–æ–ª–µ–≤—ã—Ö —Å–ø–µ—Ü–∏–∞–ª–∏—Å—Ç–æ–≤, –Ω–∞ –≤–µ–±–∏–Ω–∞—Ä–µ ¬´–£–ø—Ä–∞–≤–ª–µ–Ω–∏–µ —Å–µ—Ä–≤–∏—Å–æ–º. –í—Å—ë –ø–æ–¥ –∫–æ–Ω—Ç—Ä–æ–ª–µ–º¬ª ‚Üí‚Ä¶ https://t.co/GEBGqiSXjN
RusMicrosoft|866664715837112321|2017-05-22 14:39:04|@korfsky –í—Å–µ –≤–∞–∫–∞–Ω—Å–∏–∏ –∑–¥–µ—Å—å - https://t.co/Kv7MNTfypt –ù–µ —É–≤–µ—Ä–µ–Ω—ã, —á—Ç–æ —Ç–∞–º –µ—Å—Ç—å –ø–æ–¥–¥–µ—Ä–∂–∫–∞, –Ω–æ –µ—Å—Ç—å –º–Ω–æ–≥–æ –¥—Ä—É–≥–∏—Ö ;)
RusMicrosoft|866662089850540033|2017-05-22 14:28:38|@fvinogradov —ç—Ç–æ–≥–æ –∞–¥—Ä–µ—Å–∞ –Ω–µ—Ç –≤ –æ—Ç–∫—Ä—ã—Ç–æ–º –¥–æ—Å—Ç—É–ø–µ. –ú—ã –±—É–¥–µ–º —Å–≤—è–∑—ã–≤–∞—Ç—å—Å—è –ø–æ —Å–≤–æ–∏ –∫–∞–Ω–∞–ª–∞–º. –ü–æ–¥–ø–∏—à–∏—Ç–µ—Å—å –Ω–∞ –Ω–∞—Å –∏ –º—ã –Ω–∞–ø–∏—à–µ–º –≤–∞–º –≤ –õ–°.
RusMicrosoft|866645854622535681|2017-05-22 13:24:07|@fvinogradov –ê —Ç–∞–∫–∂–µ –æ–ø–∏—à–∏—Ç–µ, –∫–∞–∫–∏–µ –∏–º–µ–Ω–Ω–æ —Å–ª–æ–∂–Ω–æ—Å—Ç–∏ —Å–æ –≤—Å—Ö–æ–¥–æ–º –≤–æ–∑–Ω–∏–∫–ª–∏ - –∫–∞–∫–∞—è-—Ç–æ –æ—à–∏–±–∫–∞, –Ω–µ –ø–æ–¥—Ö–æ–¥–∏—Ç –ø–∞—Ä–æ–ª—å –∏ —Ç–∞–∫ –¥–∞–ª–µ–µ.
RusMicrosoft|866645571716689921|2017-05-22 13:23:00|@fvinogradov —É—Ç–æ—á–Ω–∏—Ç–µ, –∫–∞–∫–∞—è —É –≤–∞—Å —É—á–µ—Ç–Ω–∞—è –∑–∞–ø–∏—Å—å, —Å –∫–æ—Ç–æ—Ä–æ–π –≤–æ–∑–Ω–∏–∫–ª–∏ —Å–ª–æ–∂–Ω–æ—Å—Ç–∏. –ú—ã –ø–æ–ø—Ä–æ–±—É–µ–º —Ä–∞–∑–æ–±—Ä–∞—Ç—å—Å—è.
RusMicrosoft|866294874076835842|2017-05-21 14:09:27|–ò—Å–∫—É—Å—Å—Ç–≤–µ–Ω–Ω—ã–π –∏–Ω—Ç–µ–ª–ª–µ–∫—Ç –∏ #Azure –±—É–¥—É—Ç –∑–∞–±–æ—Ç–∏—Ç—å—Å—è –æ –±–µ–∑–æ–ø–∞—Å–Ω–æ—Å—Ç–∏ –∏ –ø—Ä–æ–¥—É–∫—Ç–∏–≤–Ω–æ—Å—Ç–∏ –Ω–∞ –ø—Ä–µ–¥–ø—Ä–∏—è—Ç–∏–∏ ‚Üí‚Ä¶ https://t.co/SfRtWINyBq
RusMicrosoft|866194109907841024|2017-05-21 07:29:03|@korfsky –ê –≤—ã —Ç–æ–ª—å–∫–æ —Å MSHelpRU –æ–±—â–∞–ª–∏—Å—å? –ü–æ–ø—Ä–æ–±—É–π—Ç–µ –ø–æ–∑–≤–æ–Ω–∏—Ç—å –Ω–∞ 8 800 200 80 01 –≤ –±—É–¥–Ω–∏. –ù–∞ —Ç–µ–ª–µ—Ñ–æ–Ω–µ –¥—Ä—É–≥–∏–µ —Å–ø–µ—Ü—ã —Å–∏–¥—è—Ç.
RusMicrosoft|866000820025921536|2017-05-20 18:40:59|–ß—Ç–æ–±—ã –Ω–µ –ø–æ–¥–≤–µ—Ä–≥–∞—Ç—å –∫–æ—Ä–ø–æ—Ä–∞—Ç–∏–≤–Ω—ã–µ –¥–∞–Ω–Ω—ã–µ —Ä–∏—Å–∫—É, –º–æ–∂–Ω–æ —Ä–∞–±–æ—Ç–∞—Ç—å –≤ –±–∞–Ω–∫–æ–≤—Å–∫–æ–º —Ö—Ä–∞–Ω–∏–ª–∏—â–µ. –ê –º–æ–∂–Ω–æ –≤ Microsoft #Teams ‚Üí‚Ä¶ https://t.co/DqJKY00TIR
RusMicrosoft|865957668619509764|2017-05-20 15:49:31|–ü—Ä–æ–¥–æ–ª–∂–∞–µ–º —Ç–µ–º—É –≥—Ä—è–¥—É—â–∏—Ö –æ—Ç–ø—É—Å–∫–æ–≤ —Å –∫–æ–º–∞–Ω–¥–æ–π Ctrl+F. https://t.co/HaFdnZYUgK
RusMicrosoft|865605221304737793|2017-05-19 16:29:01|–û –±—É–¥—É—â–µ–º –∏—Å–∫—É—Å—Å—Ç–≤–µ–Ω–Ω–æ–≥–æ –∏–Ω—Ç–µ–ª–ª–µ–∫—Ç–∞ –≤–∏–∑–∏–æ–Ω–µ—Ä—ã #Microsoft —Ä–∞—Å—Å–∫–∞–∑–∞–ª–∏ –∂—É—Ä–Ω–∞–ª—É @nakedsci ‚Üí https://t.co/c4ET7AFp7F. https://t.co/8VffFWyp1X
RusMicrosoft|865574661354115072|2017-05-19 14:27:35|"–ü—Ä–æ–∫–∞—á–∞–π—Ç–µ —Å–≤–æ–π –±–∏–∑–Ω–µ—Å –Ω–∞ –º–∞–π—Å–∫–∏—Ö –≤–µ–±–∏–Ω–∞—Ä–∞—Ö Microsoft ‚Üí https://t.co/W24tuTdakY.
#–ø—Ä–æ–∫–∞—á–∞–π–±–∏–∑–Ω–µ—Å https://t.co/dLIIAgjXxD"
RusMicrosoft|865472212463108096|2017-05-19 07:40:29|@DthWkiee –º–æ–∂–Ω–æ –ø–æ–ø—Ä–æ–±–æ–≤–∞—Ç—å —á–µ—Ä–µ–∑ Media Creation Tool –æ–±–Ω–æ–≤–∏—Ç—å. –°–∫–∞—á–∞—Ç—å —Å—Ä–µ–¥—Å—Ç–≤–æ - https://t.co/dBPaWBjEMQ, –∑–∞–ø—É—Å—Ç–∏—Ç—å –∏ –≤—ã–±—Ä–∞—Ç—å –æ–±–Ω–æ–≤–∏—Ç—å –ü–ö.
RusMicrosoft|865230504131428352|2017-05-18 15:40:02|–ß–∏—Ç–∞–π—Ç–µ, –∫–∞–∫ –º—ã –º–µ–Ω—è–ª–∏ –∏–Ω—Ç–µ—Ä—å–µ—Ä —à—Ç–∞–±-–∫–≤–∞—Ä—Ç–∏—Ä—ã #Microsoft –≤ –ú–æ—Å–∫–≤–µ –∏ –ø–æ–≤—ã—à–∞–ª–∏ –∫–æ–º–∞–Ω–¥–Ω—ã–π –¥—É—Ö, –Ω–∞ @OfficeNEXT ‚Üí‚Ä¶ https://t.co/d4ng0PL2kY
RusMicrosoft|865213750005170176|2017-05-18 14:33:27|–°–æ–±—Ä–∞–ª–∏ –Ω–∞ @habrahabr 5¬†–ø—Ä–∏–º–µ—Ä–æ–≤ –∏—Å–ø–æ–ª—å–∑–æ–≤–∞–Ω–∏—è –æ–±–ª–∞—á–Ω—ã—Ö —Ä–µ—à–µ–Ω–∏–π #Azure –≤¬†–±–∏–∑–Ω–µ—Å–µ¬†‚Äî –æ—Ç¬†—Ä–∞—Å—á—ë—Ç–∞ –ö–ê–°–ö–û –¥–æ #–±–ª–æ–∫—á–µ–π–Ω ‚Üí‚Ä¶ https://t.co/D2C9bTGnqE
RusMicrosoft|865201926077591552|2017-05-18 13:46:28|@DthWkiee @alexmak –ø–æ–ø—Ä–æ–±—É–π—Ç–µ –æ—Ç–∫–ª—é—á–∏—Ç—å –≤—Å—é –ø–µ—Ä–∏—Ñ–µ—Ä–∏—é –æ—Ç USB, –∫—Ä–æ–º–µ –º—ã—à–∫–∏ –∏ –∫–ª–∞–≤–∏–∞—Ç—É—Ä—ã. –ò –æ—Ç–∫–ª—é—á–∏—Ç–µ –∞–Ω—Ç–∏–≤–∏—Ä—É—Å.
RusMicrosoft|865113097471750145|2017-05-18 07:53:30|@Teomkin –ø–æ–∫–∞ —á—Ç–æ, —É–≤—ã. –û—Å–Ω–æ–≤–Ω–æ–π —Ü–µ–Ω—Ç—Ä —Ä–∞–∑—Ä–∞–±–æ—Ç–æ–∫ –≤ –°–®–ê, –∞ –†–§ - –ø—Ä–µ–¥—Å—Ç–∞–≤–∏—Ç–µ–ª—å—Å—Ç–≤–æ, —Ö–æ—Ç—è —É –Ω–∞—Å –µ—Å—Ç—å —Ä–∞–∑—Ä–∞–±–æ—Ç–∫–∏, –Ω–æ –∏—Ö –Ω–∞ —Ü–µ–Ω—Ç—Ä –Ω–µ —Ö–≤–∞—Ç–∏—Ç ;)
RusMicrosoft|864862108391002114|2017-05-17 15:16:09|–ü–æ—Å–µ—Ç–∏—Ç–µ 3D-—ç–∫—Å–∫—É—Ä—Å–∏—é –ø–æ #Microsoft Visitor Center –∏ –ø–æ–∑–Ω–∞–∫–æ–º—å—Ç–µ—Å—å —Å —Ç–µ—Ö–Ω–æ–ª–æ–≥–∏—è–º–∏, –∫–æ—Ç–æ—Ä—ã–µ –º–µ–Ω—è—é—Ç –º–∏—Ä –∫ –ª—É—á—à–µ–º—É ‚Üí‚Ä¶ https://t.co/AztzSMKofh
RusMicrosoft|864832679753252864|2017-05-17 13:19:13|–ó–∞–ø–∏—Å—å –∞–ø—Ä–µ–ª—å—Å–∫–æ–≥–æ Microsoft Dynamics AX Forum –¥–æ—Å—Ç—É–ø–Ω–∞ –ø–æ —Å—Å—ã–ª–∫–µ ‚Üí https://t.co/SGp86Oi77H. https://t.co/zyDd8Gwu4m
RusMicrosoft|864491508724117504|2017-05-16 14:43:31|–ì–æ—Ç–æ–≤—å—Ç–µ—Å—å –∫ —Å–µ—Å—Å–∏–∏ –≤–º–µ—Å—Ç–µ! –°–æ–±–∏—Ä–∞–π—Ç–µ –æ—Ç–≤–µ—Ç—ã –Ω–∞ –±–∏–ª–µ—Ç—ã —Å –¥—Ä—É–∑—å—è–º–∏ –≤ –æ–±–ª–∞–∫–µ #OneDrive  —Å –ø–æ–¥–ø–∏—Å–∫–æ–π #Office365 ‚Üí‚Ä¶ https://t.co/WlMFCsnn3J
RusMicrosoft|864491377408823297|2017-05-16 14:43:00|@Gospodin_Lukin –¥–∞, —Å –ª—é–±–æ–≥–æ —Ç–µ–ª–µ—Ñ–æ–Ω–∞ –†–§ - —Å –º–æ–±–∏–ª—å–Ω–æ–≥–æ –∏–ª–∏ —Å–æ —Å—Ç–∞—Ü–∏–æ–Ω–∞—Ä–∞.
RusMicrosoft|864435695758319616|2017-05-16 11:01:44|@alexbadaloff –ù–∞ –∑–¥–æ—Ä–æ–≤—å–µ! https://t.co/t2sS53qUc5
RusMicrosoft|864434473898823680|2017-05-16 10:56:53|@alexbadaloff –¥–∞, —É–∂–µ —É—Å—Ç–∞–Ω–æ–≤–ª–µ–Ω–æ. –£ –≤–∞—Å KB4019472. –û–Ω–æ –∑–∞–º–µ–Ω–∏–ª–æ KB4015217 –∏ —Ç–∞–∫ –¥–∞–ª–µ–µ - https://t.co/6AkT2VqWDn –í—ã—à–µ —Ç–æ–ª—å–∫–æ —Å–±–æ—Ä–∫–∞ 1703
RusMicrosoft|864423549817294848|2017-05-16 10:13:29|@alexbadaloff –∞ –∫–∞–∫–∞—è —É –≤–∞—Å —Å–µ–π—á–∞—Å –≤–µ—Ä—Å–∏—è —Å–±–æ—Ä–∫–∏? –ê–ø–¥–µ–π—Ç, —Å–≤—è–∑–∞–Ω–Ω—ã–π —Å —ç—Ç–æ–π —Å–∏—Ç—É–∞—Ü–∏–µ–π, –±—ã–ª –≤ –º–∞—Ä—Ç–µ –∏ –ø–æ–≤—ã—à–∞–ª –≤–µ—Ä—Å–∏—é –û–° –¥–æ 14393.953
RusMicrosoft|864386143047077888|2017-05-16 07:44:50|@Gospodin_Lukin –ø–æ–∑–≤–æ–Ω–∏—Ç –Ω–∞—à–∏–º –∫–æ–ª–ª–µ–≥–∞–º –Ω–∞ 8 800 200 80 01, —á—Ç–æ–±—ã –≤ –æ–Ω–ª–∞–π–Ω–µ —Å–æ —Å–ø–µ—Ü–∏–∞–ª–∏—Å—Ç–æ–º –º–æ–∂–Ω–æ –±—ã–ª–æ –ø–æ–ø—Ä–æ–±–æ–≤–∞—Ç—å —á—Ç–æ-—Ç–æ –Ω–∞—Å—Ç—Ä–æ–∏—Ç—å.
RusMicrosoft|864152789412438018|2017-05-15 16:17:34|–ó–∞—â–∏—Ç–∏—Ç–µ –∫–æ—Ä–ø–æ—Ä–∞—Ç–∏–≤–Ω—ã–µ —Ñ–∞–π–ª—ã –∫–æ–º–ø–∞–Ω–∏–∏ –æ—Ç –∫–∏–±–µ—Ä–∞—Ç–∞–∫ –∏ —Å–±–æ–µ–≤ –ü–û —Å —Å–µ—Ä–≤–∏—Å–æ–º –∞—Ä—Ö–∏–≤–∞—Ü–∏–∏ –¥–∞–Ω–Ω—ã—Ö –≤ –æ–±–ª–∞–∫–µ #Azure ‚Üí‚Ä¶ https://t.co/tRFsloj6FB
RusMicrosoft|864093117619867648|2017-05-15 12:20:27|Microsoft –≤—ã–ø—É—Å—Ç–∏–ª–∞ –∑–∞—â–∏—Ç—É –æ—Ç #WannaCrypt –¥–ª—è Windows XP, Windows 8 –∏ Windows Server 2003 ‚Üí https://t.co/mILZCrprIf.
RusMicrosoft|864067706919809025|2017-05-15 10:39:29|–†–∞–±–æ—Ç–∞–π—Ç–µ —Å –¥–æ–∫—É–º–µ–Ω—Ç–∞–º–∏ –≤ —Ä–µ–∞–ª—å–Ω–æ–º –≤—Ä–µ–º–µ–Ω–∏, –Ω–µ –≤—Å—Ç–∞–≤–∞—è —Å –¥–∏–≤–∞–Ω–∞, —Ö–æ—Ç—å –≤ –±—É–¥–Ω–∏, —Ö–æ—Ç—å –≤ –≤—ã—Ö–æ–¥–Ω—ã–µ —Å #Office365 ‚Üí‚Ä¶ https://t.co/oPlGBWQ7c7
RusMicrosoft|864023659891052545|2017-05-15 07:44:27|@LoenKilo —Å–ø–∞—Å–∏–±–æ! –ú—ã –ø–µ—Ä–µ–¥–∞–¥–∏–º ;)
RusMicrosoft|863786135742554116|2017-05-14 16:00:37|–ö–æ–º–∞–Ω–¥—ã ¬´–∫–æ–ø–∏—Ä–æ–≤–∞—Ç—å¬ª –∏¬†¬´–≤—Å—Ç–∞–≤–∏—Ç—å¬ª –ø—Ä–∏–≥–æ–¥–∏–ª–∏—Å—å¬†–±—ã –∏¬†–≤¬†–æ—Ç–ø—É—Å–∫–µ. https://t.co/69h41Qc0up
RusMicrosoft|863424329614319616|2017-05-13 16:02:56|–ü–∏–æ–Ω–µ—Ä –≤¬†—Å—Ñ–µ—Ä–µ –∏—Å–∫—É—Å—Å—Ç–≤–µ–Ω–Ω–æ–≥–æ –∏–Ω—Ç–µ–ª–ª–µ–∫—Ç–∞ –î–∂–æ—à—É–∞ –ë–µ–Ω—å–æ —Ä–∞—Å—Å–∫–∞–∑—ã–≤–∞–µ—Ç –æ¬†–≥–ª—É–±–∏–Ω–Ω–æ–º –æ–±—É—á–µ–Ω–∏–∏ –∏¬†—Å–æ–∑–¥–∞–Ω–∏–∏ –ò–ò ‚Üí‚Ä¶ https://t.co/FhNls2CUTZ
RusMicrosoft|863334510154436608|2017-05-13 10:06:01|–†–∞—Å—Å–∫–∞–∂–µ–º, –∫–∞–∫ –∫–æ–º–ø–∞–Ω–∏—è @FaberlicRussia –∏—Å–ø–æ–ª—å–∑—É–µ—Ç –æ–±–ª–∞—á–Ω—ã–µ —Ä–µ—à–µ–Ω–∏—è #Azure, —á—Ç–æ–±—ã –ø—Ä–µ–¥—É–≥–∞–¥—ã–≤–∞—Ç—å –∂–µ–ª–∞–Ω–∏—è –∫–ª–∏–µ–Ω—Ç–æ–≤ ‚Üí‚Ä¶ https://t.co/N0P5P816d0
RusMicrosoft|863053811857969152|2017-05-12 15:30:38|7¬†–ø—Ä–æ—Å—Ç—ã—Ö —à–∞–≥–æ–≤ –¥–ª—è –±—É–¥—É—â–∏—Ö –≤–µ–±-—Ä–∞–∑—Ä–∞–±–æ—Ç—á–∏–∫–æ–≤¬†‚Äî –º—ã¬†—Ä–∞—Å—Å–∫–∞–∂–µ–º, —Å¬†—á–µ–≥–æ –Ω–∞—á–∞—Ç—å ‚Üí https://t.co/DhsWzqJfhk. https://t.co/xov8qm4lrV
RusMicrosoft|863028996145123329|2017-05-12 13:52:01|–ü–æ–¥–≥–æ—Ç–æ–≤–∏–ª–∏ –¥–ª—è –≤–∞—Å —Å–ø–∏—Å–æ–∫ –º–∞–π—Å–∫–∏—Ö –≤–µ–±–∏–Ω–∞—Ä–æ–≤. –ü–æ—Ö–æ–∂–µ, –≤ —ç—Ç–æ–º –º–µ—Å—è—Ü–µ –ø–æ–ª–µ–∑–Ω—ã—Ö –¥–Ω–µ–π –±—É–¥–µ—Ç –±–æ–ª—å—à–µ, —á–µ–º —Å–æ–ª–Ω–µ—á–Ω—ã—Ö ‚Üí‚Ä¶ https://t.co/ZFq3e14n3E
RusMicrosoft|862944937821843456|2017-05-12 08:18:00|@bezumnica –≤–º–µ—Å—Ç–µ —Å –æ—Å–µ–Ω–Ω–∏–º –æ–±–Ω–æ–≤–ª–µ–Ω–∏–µ–º Fall Creators Update, –∫–æ—Ç–æ—Ä–æ–µ –±—É–¥–µ—Ç –±–ª–∏–∂–µ –∫ –∫–æ–Ω—Ü—É —ç—Ç–æ–≥–æ –≥–æ–¥–∞.
RusMicrosoft|862718906363981825|2017-05-11 17:19:50|–≠—Ç–æ–π –∑–∏–º–æ–π –∏—Å–ø—ã—Ç–∞–π—Ç–µ –º–∞–≥–∏—é —Å–º–µ—à–∞–Ω–Ω–æ–π —Ä–µ–∞–ª—å–Ω–æ—Å—Ç–∏ —Å motion-–∫–æ–Ω—Ç—Ä–æ–ª–ª–µ—Ä–∞–º–∏ Windows Mixed Reality. #WindowsMR #MSBuild‚Ä¶ https://t.co/xkI89nsjaU
RusMicrosoft|862710520159272961|2017-05-11 16:46:31|–ö –∫–æ–Ω—Ü—É —ç—Ç–æ–≥–æ –≥–æ–¥–∞ iTunes –±—É–¥–µ—Ç –¥–æ—Å—Ç—É–ø–µ–Ω –≤ Windows Store. #MSBuild #BUILD2017 https://t.co/1VOxReduZv
RusMicrosoft|862704821664718848|2017-05-11 16:23:52|‚ù§Ô∏è‚ù§Ô∏è‚ù§Ô∏è‚ù§Ô∏è https://t.co/hK2yjcWjuH
RusMicrosoft|862704565124296707|2017-05-11 16:22:51|–û—Å–≤–æ–±–æ–¥–∏—Ç–µ –º–µ—Å—Ç–æ –Ω–∞ –∂—ë—Å—Ç–∫–æ–º –¥–∏—Å–∫–µ —Å OneDrive Files On-Demand. –û—Ç–∫—Ä—ã–≤–∞–π—Ç–µ —Ñ–∞–π–ª—ã –≤ –æ–±–ª–∞–∫–µ –ø—Ä—è–º–æ –∏–∑ –ø—Ä–æ–≤–æ–¥–Ω–∏–∫–∞‚Ä¶ https://t.co/IYTawFOMmY
RusMicrosoft|862703815178498049|2017-05-11 16:19:52|–í—Å—Ç—Ä–µ—á–∞–π—Ç–µ Timeline. –û—Ç–ø—Ä–∞–≤–ª—è–π—Ç–µ—Å—å –Ω–∞–∑–∞–¥ –≤–æ –≤—Ä–µ–º–µ–Ω–∏ –∏ –ø—Ä–æ–¥–æ–ª–∂–∞–π—Ç–µ —Ä–∞–±–æ—Ç—É —Å —Ç–æ–≥–æ –º–µ—Å—Ç–∞, –Ω–∞ –∫–æ—Ç–æ—Ä–æ–º –æ—Å—Ç–∞–Ω–æ–≤–∏–ª–∏—Å—å.‚Ä¶ https://t.co/5XdVLPuXk0
RusMicrosoft|862701901175033859|2017-05-11 16:12:16|üëç https://t.co/Dg4jKRoWR9
RusMicrosoft|862701235203444736|2017-05-11 16:09:37|–ü—Ä–µ–¥—Å—Ç–∞–≤–ª—è–µ–º –Ω–æ–≤—ã–π –¥–∏–∑–∞–π–Ω Microsoft Fluent Design System! –ê–∫—Ü–µ–Ω—Ç–∏—Ä—É–π—Ç–µ –≤–Ω–∏–º–∞–Ω–∏–µ –Ω–∞ –Ω—É–∂–Ω—ã—Ö –¥–µ—Ç–∞–ª—è—Ö –≤ –Ω—É–∂–Ω–æ–µ –≤—Ä–µ–º—è.‚Ä¶ https://t.co/Ds2DILPcvY
RusMicrosoft|862697305497116672|2017-05-11 15:54:00|–°–æ–∑–¥–∞–≤–∞–π—Ç–µ –∑–∞—Ö–≤–∞—Ç—ã–≤–∞—é—â–∏–µ –∏—Å—Ç–æ—Ä–∏–∏ —Å –ø–æ–º–æ—â—å—é Story Remix. –°–∫–æ—Ä–æ –Ω–∞ #Windows10. #MSBuild #BUILD2017 https://t.co/phX1oXZfsi
RusMicrosoft|862695600554377217|2017-05-11 15:47:13|–ù–∞—á–Ω—ë–º –≤—Ç–æ—Ä–æ–π –¥–µ–Ω—å –∫–æ–Ω—Ñ–µ—Ä–µ–Ω—Ü–∏–∏ #BUILD2017 —Å –∞–Ω–æ–Ω—Å–∞ #Windows10 Fall Creators Update. #MSBuild https://t.co/HLqld0WmFo
RusMicrosoft|862664393254998016|2017-05-11 13:43:13|–ü–æ–∫–∞ –≤ –°–∏—ç—Ç–ª–µ –≥–æ—Ç–æ–≤—è—Ç—Å—è –∫ –ø—Ä–æ–¥–æ–ª–∂–µ–Ω–∏—é #BUILD2017, –ø—Ä–æ–±–µ–∂–∏–º—Å—è –ø–æ –æ—Å–Ω–æ–≤–Ω—ã–º –º–æ–º–µ–Ω—Ç–∞–º –ø–µ—Ä–≤–æ–≥–æ –¥–Ω—è –∫–æ–Ω—Ñ–µ—Ä–µ–Ω—Ü–∏–∏ ‚Üí‚Ä¶ https://t.co/EtD12OPetD
RusMicrosoft|862601360553988096|2017-05-11 09:32:45|@dzmilk1999 –∞ –ø–æ–º–∏–º–æ –Ω–∏—Ö –±–æ–ª—å—à–µ —É–∂–µ –Ω–∏—á–µ–≥–æ –Ω–µ—Ç? –ú—É–∑—ã–∫–∞, —Ñ–æ—Ç–æ, –≤–∏–¥–µ–æ. –í—Å–µ –º–æ–∂–Ω–æ –ø–µ—Ä–µ–º–µ—Å—Ç–∏—Ç—å –Ω–∞ –ü–ö –∏ —É–¥–∞–ª–∏—Ç—å —Å —Ç–µ–ª–µ—Ñ–æ–Ω–∞, –æ—Å–≤–æ–±–æ–¥–∏–≤ –º–µ—Å—Ç–æ.
RusMicrosoft|862343721865629696|2017-05-10 16:28:59|–ò—Å—Å–ª–µ–¥–æ–≤–∞—Ç–µ–ª–∏ Microsoft –∏–∑—É—á–∏–ª–∏ –±–æ–ª–µ–∑–Ω—å –ü–∞—Ä–∫–∏–Ω—Å–æ–Ω–∞, —á—Ç–æ–±—ã –ø–æ–º–æ—á—å –¥–∏–∑–∞–π–Ω–µ—Ä—É –≠–º–º–µ –õ–æ—É—Ç–æ–Ω –ø–æ–±–µ–¥–∏—Ç—å —Ç—Ä–µ–º–æ—Ä —Ä—É–∫. #MSBuild https://t.co/bDDxpbGm1y
RusMicrosoft|862342171877421057|2017-05-10 16:22:49|–¢–æ–ª—å–∫–æ —á—Ç–æ –∞–Ω–æ–Ω—Å–∏—Ä–æ–≤–∞–ª–∏ #VisualStudio –¥–ª—è #Mac. #MSBuild https://t.co/njghrCQnY9 https://t.co/1Mn6FFQtil
RusMicrosoft|862339778259406848|2017-05-10 16:13:19|RT @wylsacom: MS –ø—Ä–µ–¥—Å—Ç–∞–≤–∏–ª–∏ Visual Studio –¥–ª—è Mac. –°–æ–±—ã—Ç–∏–µ. –¢–∞–∫-—Ç–æ. https://t.co/gVIphjuOk0
RusMicrosoft|862334860295372800|2017-05-10 15:53:46|"RT @ekozlov: –ü—Ä–∏—à–ª–∞ –õ–∞—É—Ä–∞ —á—Ç–æ–±—ã –ø–æ–∫–∞–∑–∞—Ç—å –Ω–∞–º –∫–∞–∫ —Ä–∞–±–æ—Ç–∞–µ—Ç Cortana –Ω–∞ –Ω–æ–≤–æ–π –∫–æ–ª–æ–Ω–∫–µ Harman Kardon 
#MSBuild https://t.co/vKZhoUBwdi"
RusMicrosoft|862325732168658945|2017-05-10 15:17:30|RT @mixen: 500 –º–∏–ª–ª–∏–æ–Ω–æ–≤ –∞–∫—Ç–∏–≤–Ω—ã—Ö —É—Å—Ç—Ä–æ–π—Å—Ç–≤ –Ω–∞ Windows 10 –≤ –º–µ—Å—è—Ü –∏ –¥—Ä—É–≥–∏–µ —Ü–∏—Ñ—Ä—ã #MSBuild https://t.co/xOE4HDoEkH
RusMicrosoft|862322806788423682|2017-05-10 15:05:52|RT @wylsacom: –ù–∞–¥–µ–ª–ª–∞ –Ω–∞ —Ä–∞—Å—Å—Ç–æ—è–Ω–∏–∏ –≤—ã—Ç—è–Ω—É—Ç–æ–π —Ä—É–∫–∏. –ù—É –ø–æ—á—Ç–∏. https://t.co/84kN4lDOzo
RusMicrosoft|862322745035685888|2017-05-10 15:05:38|RT @mixen: –ü–æ–µ—Ö–∞–ª–∏! #MSBuild https://t.co/XkcDubJgfP
RusMicrosoft|862274802521972738|2017-05-10 11:55:07|"–°–µ–≥–æ–¥–Ω—è –≤ 18:00 –ø—Ä–∏—Å–æ–µ–¥–∏–Ω—è–π—Ç–µ—Å—å –∫ –æ–Ω–ª–∞–π–Ω-—Ç—Ä–∞–Ω—Å–ª—è—Ü–∏–∏ –µ–∂–µ–≥–æ–¥–Ω–æ–π –∫–æ–Ω—Ñ–µ—Ä–µ–Ω—Ü–∏–∏ Microsoft ‚Äî #BUILD2017.
#MSBuild ‚Üí‚Ä¶ https://t.co/uLiguc0qm5"
RusMicrosoft|861981093012144133|2017-05-09 16:28:02|–ú–æ–∂–µ—Ç –ª–∏ –±–∞–Ω–∫ —Å—É—â–µ—Å—Ç–≤–æ–≤–∞—Ç—å –±–µ–∑ —Ñ–∏–ª–∏–∞–ª–æ–≤, –∫–ª–∏–µ–Ω—Ç–æ–≤ –∏ –¥–µ–Ω–µ–≥? –£–∑–Ω–∞–π—Ç–µ, —á—Ç–æ –∂–¥—ë—Ç –±–∞–Ω–∫–æ–≤—Å–∫–∏–π –±–∏–∑–Ω–µ—Å –≤ —ç—Ä—É IT ‚Üí‚Ä¶ https://t.co/wRpmkp6R9H
RusMicrosoft|861965875871715328|2017-05-09 15:27:34|–í #CreatorsUpdate —Å—Ç–∞–ª–∏ –¥–æ—Å—Ç—É–ø–Ω—ã –Ω–æ–≤—ã–µ —ç–∫—Å–∫–ª—é–∑–∏–≤–Ω—ã–µ —Ñ—É–Ω–∫—Ü–∏–∏ Skype –¥–ª—è #Windows10. –£–∑–Ω–∞–π—Ç–µ –±–æ–ª—å—à–µ –≤ –Ω–∞—à–µ–º –±–ª–æ–≥–µ ‚Üí‚Ä¶ https://t.co/X6yjAHrvdx
RusMicrosoft|861626759539814400|2017-05-08 17:00:02|–£–∑–Ω–∞–π—Ç–µ, –∫–∞–∫ –æ–±–ª–∞—á–Ω—ã–µ —Ä–µ—à–µ–Ω–∏—è –ø–æ–º–æ–≥—É—Ç —Å–æ–∫—Ä–∞—Ç–∏—Ç—å —Ä–∞—Å—Ö–æ–¥—ã –∏ –ø–æ–≤—ã—Å–∏—Ç—å –ø—Ä–æ–¥—É–∫—Ç–∏–≤–Ω–æ—Å—Ç—å —Å–æ—Ç—Ä—É–¥–Ω–∏–∫–æ–≤. –≠–ª–µ–∫—Ç—Ä–æ–Ω–Ω–∞—è –∫–Ω–∏–≥–∞ ‚Üí‚Ä¶ https://t.co/HyyyYJBGfP
RusMicrosoft|861595363156905985|2017-05-08 14:55:16|–£–∑–Ω–∞–π—Ç–µ, –∫–∞–∫ –ø—Ä–∏–¥–∞—Ç—å –≤–∞—à–µ–º—É —Ç–≤–æ—Ä—á–µ—Å—Ç–≤—É –æ–±—ä–µ–º–∞ —Å #Paint3D ‚Üí https://t.co/Bn8aL5CHNj. https://t.co/PI8OiDdxCs
RusMicrosoft|861549925741584384|2017-05-08 11:54:43|@TJ_YourChoice –º—ã –ø–µ—Ä–µ–¥–∞–¥–∏–º –≤ –ø–æ–¥–¥–µ—Ä–∂–∫—É –¥–ª—è —Ä–∞—Å—Å–º–æ—Ç—Ä–µ–Ω–∏—è.
RusMicrosoft|861534890285817856|2017-05-08 10:54:59|@maksonsab —Å–ø—Ä–∞–≤–∞ –≤ —É–≥–ª—É ... - –ø–∞—Ä–∞–º–µ—Ç—Ä—ã - –∏–º–ø–æ—Ä—Ç–∏—Ä–æ–≤–∞—Ç—å –∏–∑ –¥—Ä—É–≥–æ–≥–æ –±—Ä–∞—É–∑–µ—Ä–∞. –ü–æ—Å–º–æ—Ç—Ä–∏—Ç–µ —Ç–∞–º.
RusMicrosoft|861534529626021888|2017-05-08 10:53:33|@pavarotti_mertv –≠—Ç–æ –¥–ª—è –±–∏–∑–Ω–µ—Å–∞. –ö–æ–º–ø–ª–µ–∫—Å–Ω–∞—è —Å–∏—Å—Ç–µ–º–∞ –∑–∞—â–∏—Ç—ã —É—Å—Ç—Ä–æ–π—Å—Ç–≤ –∏ –∏–Ω—Ñ–æ—Ä–º–∞—Ü–∏–∏ –Ω–∞ –Ω–∏—Ö –¥–ª—è –≤—Å–µ—Ö —Å–æ—Ç—Ä—É–¥–Ω–∏–∫–æ–≤.
RusMicrosoft|861235929842933760|2017-05-07 15:07:01|"–ö–∞–∫ –Ω–µ –ø–µ—Ä–µ–∂–∏–≤–∞—Ç—å –∑–∞ —Å–æ—Ö—Ä–∞–Ω–Ω–æ—Å—Ç—å –¥–∞–Ω–Ω—ã—Ö –∏ –ø–æ–ª—É—á–∞—Ç—å –≤—ã–≥–æ–¥—É –æ—Ç –º–æ–±–∏–ª—å–Ω–æ–π —Ä–∞–±–æ—Ç—ã? 
1. –£—Å—Ç–∞–Ω–æ–≤–∏—Ç–µ #EMS.
2. –ì–æ—Ç–æ–≤–æ!‚Ä¶ https://t.co/vEGVjjD65K"
RusMicrosoft|861215793421455361|2017-05-07 13:47:00|–°–¥–µ–ª–∞–π—Ç–µ –ø—Ä–µ–∑–µ–Ω—Ç–∞—Ü–∏—é –≤ #PowerPoint —è—Ä—á–µ –≤ –ª—é–±–æ–π –º–æ–º–µ–Ω—Ç —Å —Ñ—É–Ω–∫—Ü–∏–µ–π ¬´–ö–æ–Ω—Å—Ç—Ä—É–∫—Ç–æ—Ä¬ª –Ω–∞ Windows10, Mac –∏ iPad ‚Üí‚Ä¶ https://t.co/8rzjfF03VV
RusMicrosoft|861184398368092160|2017-05-07 11:42:15|"@maksonsab —Ç–æ –µ—Å—Ç—å Internet Explorer –∏ Paint –Ω–∏–∂–µ –≤–∞—Å –Ω–µ —Å–º—É—Ç–∏–ª–∏? :) –ù–∞ —Å–∞–º–æ–º –¥–µ–ª–µ –Ω–∞–ø–∏—à–∏—Ç–µ –≤ ""–¶–µ–Ω—Ç—Ä –æ—Ç–∑—ã–≤–æ–≤"" –æ–± —ç—Ç–æ–º."
RusMicrosoft|861183239024717824|2017-05-07 11:37:38|@darkquantum –®–∏–∫ https://t.co/QiAtI3R7gt
RusMicrosoft|860886709608873985|2017-05-06 15:59:20|–ü–æ—Ö–æ–∂–µ, –≤–¥–æ—Ö–Ω–æ–≤–∏–≤—à–∏—Å—å Windows 10 #CreatorsUpdate, @AcerRu –≤—ã–ø—É—Å—Ç–∏–ª–∏ —Å—Ä–∞–∑—É —á–µ—Ç—ã—Ä–µ –Ω–æ–≤—ã—Ö –Ω–æ—É—Ç–±—É–∫–∞ –ª–∏–Ω–µ–π–∫–∏ #Aspire ‚Üí‚Ä¶ https://t.co/NEw2x0VGCP
RusMicrosoft|860866971172298752|2017-05-06 14:40:54|–≠–∫—Å–ø–µ—Ä—Ç –ø–æ –æ—Ü–µ–Ω–∫–µ —ç—Ñ—Ñ–µ–∫—Ç–∏–≤–Ω–æ—Å—Ç–∏ –ø—Ä–æ–¥–∞–∂ –ê–û ¬´–†-–§–∞—Ä–º¬ª —Ä–∞—Å—Å–∫–∞–∑—ã–≤–∞–µ—Ç, –∫–∞–∫ –ø—Ä–æ–¥–∞–≤–∞—Ç—å –≥—Ä–∞–º–æ—Ç–Ω–æ, –∏—Å–ø–æ–ª—å–∑—É—è Dynamics #CRM ‚Üí‚Ä¶ https://t.co/dHAlf1gxwP
RusMicrosoft|860566800572043268|2017-05-05 18:48:08|–ü—Ä–∏–±–ª–∏–∂–∞–µ—Ç—Å—è –ø–æ—Ä–∞ –æ—Ç–ø—É—Å–∫–æ–≤. –ö–∞–∫–∏–µ –∫–æ–º–∞–Ω–¥—ã #Windows10 –ø—Ä–∏–≥–æ–¥—è—Ç—Å—è —Ç—É—Ä–∏—Å—Ç–∞–º –Ω–∞ –æ—Ç–¥—ã—Ö–µ? –î–µ–ª–∏—Ç–µ—Å—å —Å–≤–æ–∏–º–∏ –∏–¥–µ—è–º–∏ –≤ –∫–æ–º–º–µ–Ω‚Ä¶ https://t.co/RBOo8NLy4J
RusMicrosoft|860517572135063556|2017-05-05 15:32:31|–†–∞—Å—Å–∫–∞–∂–µ–º, –∫–∞–∫ —Ç–æ—Ä–≥–æ–≤–∞—è –æ–Ω–ª–∞–π–Ω-–ø–ª–æ—â–∞–¥–∫–∞ @Jet —Å–æ—Å—Ç–∞–≤–∏–ª–∞ –¥–æ—Å—Ç–æ–π–Ω—É—é –∫–æ–Ω–∫—É—Ä–µ–Ω—Ü–∏—é Amazon —Å –ø–æ–º–æ—â—å—é —Ç–µ—Ö–Ω–æ–ª–æ–≥–∏–∏ #Azure ‚Üí‚Ä¶ https://t.co/7EC8dq6no8
RusMicrosoft|860469556757901312|2017-05-05 12:21:43|@HttpoolRussia @tinkoff_bank @teremok_ru @aliexpress @ViberRus –ó–¥–æ—Ä–æ–≤–æ! –°–ø–∞—Å–∏–±–æ! üòç
RusMicrosoft|860205320114720768|2017-05-04 18:51:44|"#MayThe4thBeWithYou!
–í—Å–µ—Ö –¥–∂–µ–¥–∞–µ–≤, –∫–æ—Å–º–∏—á–µ—Å–∫–∏—Ö –∫–æ–Ω—Ç—Ä–∞–±–∞–Ω–¥–∏—Å—Ç–æ–≤ –∏ –ø—Ä–∏–Ω—Ü–µ—Å—Å –∏–∑ –¥–∞–ª—ë–∫–æ–π –≥–∞–ª–∞–∫—Ç–∏–∫–∏ –ø–æ–∑–¥—Ä–∞–≤–ª—è–µ–º —Å –î–Ω—ë–º –ó‚Ä¶ https://t.co/QNRIVdqO52"
RusMicrosoft|860134479452663808|2017-05-04 14:10:15|–£–Ω–∏–∫–∞–ª—å–Ω–æ–µ –ø—Ä–µ–¥–ª–æ–∂–µ–Ω–∏–µ! –î–æ 30.06 —Å–∫–∏–¥–∫–∏ –æ—Ç 50% –Ω–∞ CRM —Å–∏—Å—Ç–µ–º—É –¥–ª—è —É–ø—Ä–∞–≤–ª–µ–Ω–∏—è –ø—Ä–æ–¥–∞–∂–∞–º–∏ #Dynamics365 ‚Üí‚Ä¶ https://t.co/y8KfoPImpV
RusMicrosoft|860105989231706112|2017-05-04 12:17:02|–ö–æ–Ω—Ñ–µ—Ä–µ–Ω—Ü–∏—è Microsoft #BUILD2017 —Å–æ–±–µ—Ä—ë—Ç —É—á–∞—Å—Ç–Ω–∏–∫–æ–≤ —Å–æ –≤—Å–µ–≥–æ –º–∏—Ä–∞. –ü—Ä–∏—Å–æ–µ–¥–∏–Ω—è–π—Ç–µ—Å—å –∫ –æ–Ω–ª–∞–π–Ω-—Ç—Ä–∞–Ω—Å–ª—è—Ü–∏–∏ 10 –º–∞—è ‚Üí‚Ä¶ https://t.co/GRszu8SY93
RusMicrosoft|860032236569145344|2017-05-04 07:23:58|@auec4 —Ç–∞–∫ –µ—Å–ª–∏ –Ω–µ –Ω—Ä–∞–≤–∏—Ç—Å—è Windows 10s, —Ç–æ –º–æ–∂–Ω–æ –∏—Å–ø–æ–ª—å–∑–æ–≤–∞—Ç—å Windows 10 Home –∏–ª–∏ Pro. –ë–ª–∞–≥–æ 10s –∞–ø–≥—Ä–µ–π–¥–∏—Ç—Å—è –¥–æ Pro –∑–∞ –æ—Ç–¥–µ–ª—å–Ω—É—é –ø–ª–∞—Ç—É.
RusMicrosoft|860009596173340672|2017-05-04 05:54:00|@vlad84 —Ç—Ä–æ–ª–ª–∏—Ç–µ? :) –í—Å–µ —Å–∫–∞–∑–∞–Ω–æ –≤ –∞–Ω–æ–Ω—Å–µ. Edge –ø–æ —É–º–æ–ª—á–∞–Ω–∏—é –≤ Microsoft 10 S. https://t.co/bisLKuOo8F
RusMicrosoft|859790711113347072|2017-05-03 15:24:14|–ö–æ–Ω–∫—É—Ä—Å #–ú–µ—á—Ç–∞—Ç—å–ù–µ–í—Ä–µ–¥–Ω–æ –ø–æ–¥–æ—à—ë–ª –∫ –∫–æ–Ω—Ü—É! –ó–Ω–∞–∫–æ–º–∏–º—Å—è —Å –ø–æ–±–µ–¥–∏—Ç–µ–ª—å–Ω–∏—Ü–∞–º–∏ –∏ –∏—Ö –∏–¥–µ—è–º–∏ ‚Üí https://t.co/4ZNFDhVubj. https://t.co/UFxHNvIFaF
RusMicrosoft|859733898439389184|2017-05-03 11:38:29|–í –ø—Ä–æ—Å—Ç—Ä–∞–Ω—Å—Ç–≤–µ Microsoft #Teams –∫–æ–º–∞–Ω–¥–Ω–∞—è —Ä–∞–±–æ—Ç–∞ –∏–¥—ë—Ç –ø–æ–ª–Ω—ã–º —Ö–æ–¥–æ–º, –¥–∞–∂–µ –µ—Å–ª–∏ –∫–æ–º–∞–Ω–¥–∞ —Ä–∞–∑—ä–µ—Ö–∞–ª–∞—Å—å –≤ —Ä–∞–∑–Ω—ã–µ —Å—Ç—Ä–∞–Ω—ã ‚Üí‚Ä¶ https://t.co/VdbgwKT3X7
RusMicrosoft|859701427974877185|2017-05-03 09:29:27|@Stepantsov –¥–ª—è iPad –±—É–¥–µ—Ç –≤ –±–ª–∏–∂–∞–π—à–∏–µ –º–µ—Å—è—Ü—ã. Wunderlist, —É–≤—ã, –∑–∞–∫—Ä–æ—é—Ç.
RusMicrosoft|859430900509147136|2017-05-02 15:34:28|–ù–∞—à–∞ —Ü–µ–ª—å ‚Äî  –≤–¥–æ—Ö–Ω–æ–≤–ª—è—Ç—å —Å—Ç—É–¥–µ–Ω—Ç–æ–≤ —Å–µ–≥–æ–¥–Ω—è, —á—Ç–æ–±—ã –æ–Ω–∏ —Å–æ–∑–¥–∞–≤–∞–ª–∏ –º–∏—Ä –∑–∞–≤—Ç—Ä–∞—à–Ω–µ–≥–æ –¥–Ω—è. –ù–∞—á–∏–Ω–∞–µ–º –ø—Ä—è–º–æ —Å–µ–π—á–∞—Å.‚Ä¶ https://t.co/taKF9bugqR
RusMicrosoft|859425245282881537|2017-05-02 15:12:00|@decepticons_UA —Ç–∞–∫ –µ—Å—Ç—å –∏ –¥—Ä—É–≥–∏–µ –¥–µ–≤–∞–π—Å—ã –Ω–∞ Windows 10, –Ω–µ —Ç–æ–ª—å–∫–æ —Å–º–∞—Ä—Ç—Ñ–æ–Ω—ã.
RusMicrosoft|859424863580295169|2017-05-02 15:10:29|@pavarotti_mertv —Ä–∞–¥—ã, —á—Ç–æ –≤–∞–º –Ω—Ä–∞–≤–∏—Ç—Å—è :)
RusMicrosoft|859420663676899333|2017-05-02 14:53:48|RT @HoloLens: With Windows Mixed Reality, students discover new dimensions when they learn in 3D. #MicrosoftEDU https://t.co/ZpXj6wCYKY
RusMicrosoft|859419631081193473|2017-05-02 14:49:41|–° —Ç–µ—Ö–Ω–æ–ª–æ–≥–∏—è–º–∏ —Å–º–µ—à–∞–Ω–Ω–æ–π —Ä–µ–∞–ª—å–Ω–æ—Å—Ç–∏ –≤—ã —Å–º–æ–∂–µ—Ç–µ —É–≤–∏–¥–µ—Ç—å 3D-–º–æ–¥–µ–ª–∏ –≤ —Ä–µ–∞–ª—å–Ω–æ–º –º–∏—Ä–µ, –∏—Å–ø–æ–ª—å–∑—É—è –≤–∞—à–∏ —É—Å—Ç—Ä–æ–π—Å—Ç–≤–∞ –Ω–∞‚Ä¶ https://t.co/N43bSwySCX
RusMicrosoft|859409713338953729|2017-05-02 14:10:17|–ü—Ä–µ–¥—Å—Ç–∞–≤–ª—è–µ–º #MicrosoftTeams –≤ Office 365 –¥–ª—è –æ–±—Ä–∞–∑–æ–≤–∞–Ω–∏—è. #MicrosoftEDU https://t.co/rv0ZHA2CUD
RusMicrosoft|859407673019830281|2017-05-02 14:02:10|–ü—Ä–µ–¥—Å—Ç–∞–≤–ª—è–µ–º Windows 10 S. –ó–Ω–∞–∫–æ–º–∞—è Windows, –æ–ø—Ç–∏–º–∏–∑–∏—Ä–æ–≤–∞–Ω–Ω–∞—è –¥–ª—è –±–µ–∑–æ–ø–∞—Å–Ω–æ–π –∏ –±—ã—Å—Ç—Ä–æ–π —Ä–∞–±–æ—Ç—ã. #Windows10‚Ä¶ https://t.co/tPxol6CCAF
RusMicrosoft|859406660745519104|2017-05-02 13:58:09|–†–∞—Å–ø–ª–∞–Ω–∏—Ä—É–π—Ç–µ —Å–≤–æ–π –¥–µ–Ω—å –∏ —É–∑–Ω–∞–π—Ç–µ, –Ω–∞ —á—Ç–æ –≤—ã —Å–ø–æ—Å–æ–±–Ω—ã –Ω–∞ —Å–∞–º–æ–º –¥–µ–ª–µ, —Å –ø—Ä–∏–ª–æ–∂–µ–Ω–∏–µ–º Microsoft To-Do –∏ #Office365 ‚Üí‚Ä¶ https://t.co/pbdj77D2JG
RusMicrosoft|859405332757577729|2017-05-02 13:52:52|–í–º–µ—Å—Ç–µ —Ç–µ—Ö–Ω–æ–ª–æ–≥–∏–∏ –∏ –æ–±—Ä–∞–∑–æ–≤–∞–Ω–∏–µ –ø—Ä–µ–≤—Ä–∞—â–∞—é—Ç –≤–æ–∑–º–æ–∂–Ω–æ–µ –≤ —Ä–µ–∞–ª—å–Ω–æ–µ. #MicrosoftEDU https://t.co/tqsavjD41p
RusMicrosoft|859403311400857601|2017-05-02 13:44:51|¬´–¢–µ—Ö–Ω–æ–ª–æ–≥–∏–∏ –¥–æ–ª–∂–Ω—ã –æ–±–ª–µ–≥—á–∞—Ç—å —Ä–∞–±–æ—Ç—É —É—á–∏—Ç–µ–ª–µ–π –∏ —Ä–∞–∑–∂–∏–≥–∞—Ç—å –≤ —É—á–µ–Ω–∏–∫–∞—Ö –∏–Ω—Ç–µ—Ä–µ—Å –∫ —Ç–≤–æ—Ä—á–µ—Å—Ç–≤—É, –∞ –Ω–µ –ø–æ–¥–∞–≤–ª—è—Ç—å –µ–≥–æ¬ª ‚Äì @satyanadella #MicrosoftEDU
RusMicrosoft|859402671811383297|2017-05-02 13:42:18|–ù–∞ —Å—Ü–µ–Ω–µ #MicrosoftEDU –≤ –ù—å—é-–ô–æ—Ä–∫–µ CEO Microsoft –°–∞—Ç—å—è –ù–∞–¥–µ–ª–ª–∞. –ü—Ä–∏—Å–æ–µ–¥–∏–Ω—è–π—Ç–µ—Å—å –∫ –æ–Ω–ª–∞–π–Ω-—Ç—Ä–∞—Å–ª—è—Ü–∏–∏ ‚Üí‚Ä¶ https://t.co/KpuC5UokaW
RusMicrosoft|859366844104400898|2017-05-02 11:19:56|–ï—Å–ª–∏ –ø–æ–¥–≥–æ—Ç–æ–≤–∫–∞ –æ—Ç—á—ë—Ç–Ω–æ—Å—Ç–∏ –æ—Ç–Ω–∏–º–∞–µ—Ç –º–Ω–æ–≥–æ –≤—Ä–µ–º–µ–Ω–∏, –ø–µ—Ä–µ—Ö–æ–¥–∏—Ç–µ –Ω–∞ —Ç–µ—Ö–Ω–æ–ª–æ–≥–∏—á–Ω—É—é –∞–Ω–∞–ª–∏—Ç–∏–∫—É –ø–æ –ø—Ä–∏–º–µ—Ä—É @binbank_ru ‚Üí‚Ä¶ https://t.co/ndGWse2Aot
RusMicrosoft|859068003006263296|2017-05-01 15:32:27|–ü–æ—Å–º–æ—Ç—Ä–∏—Ç–µ, –∫–∞–∫ –Ω–µ–º–µ—Ü–∫–∞—è –∫–æ–º–ø–∞–Ω–∏—è ThyssenKrupp –∏—Å–ø–æ–ª—å–∑—É–µ—Ç #HoloLens –∏ —Å–ø–µ—Ü–∏–∞–ª—å–Ω—ã–µ –∏–Ω—Å—Ç—Ä—É–º–µ–Ω—Ç—ã –¥–ª—è —Ç–æ—á–Ω—ã—Ö –∑–∞–º–µ—Ä–æ–≤ –≤‚Ä¶ https://t.co/8c4JJZpVMa
RusMicrosoft|859053300058075136|2017-05-01 14:34:01|–£–∑–Ω–∞–π—Ç–µ, –∫–∞–∫ –∏—Å–ø–æ–ª—å–∑–æ–≤–∞—Ç—å #Dynamics365 –æ—Ç —ç–∫—Å–ø–µ—Ä—Ç–∞ @navicongroup –°–æ—Ñ—å–∏ –¢–æ—Ç–º–∞–∫–æ–≤–æ–π –∏ –ø–æ—Ä—Ç–∞–ª–∞ ¬´–ü—Ä–∞–∫—Ç–∏–∫–∞ CRM¬ª ‚Üí‚Ä¶ https://t.co/tb3RVhXKFC
RusMicrosoft|858700938479063045|2017-04-30 15:13:52|–ê –Ω–∞ —á—Ç–æ —Å–ø–æ—Å–æ–±–Ω–æ –≤–∞—à–µ –≤–æ–æ–±—Ä–∞–∂–µ–Ω–∏–µ? –£–∑–Ω–∞–π—Ç–µ —Å #Paint3D –∏ Windows 10 #CreatorsUpdate ‚Üí https://t.co/wY4RBu9OJk. https://t.co/Tscl8IocfW
RusMicrosoft|858670253567561728|2017-04-30 13:11:56|–£–∑–Ω–∞–π—Ç–µ, –∫–∞–∫ —Ç–µ—Ö–Ω–æ–ª–æ–≥–∏–∏ #Azure –ø–æ–º–æ–≥–ª–∏ NovaPress Publisher —Å–ø—Ä–∞–≤–∏—Ç—å—Å—è —Å –≤–æ–∑—Ä–æ—Å—à–∏–º–∏ –≤—ã—á–∏—Å–ª–∏—Ç–µ–ª—å–Ω—ã–º–∏ –Ω–∞–≥—Ä—É–∑–∫–∞–º–∏ ‚Üí‚Ä¶ https://t.co/bNGlWjeBPp
RusMicrosoft|858324246837288960|2017-04-29 14:17:01|"–ú–µ—Ç–∞–ª–ª–∏—á–µ—Å–∫–∏–π –∫–æ—Ä–ø—É—Å ‚òëÔ∏è
14-–¥—é–π–º–æ–≤—ã–π Full HD –¥–∏—Å–ø–ª–µ–π ‚òëÔ∏è
8 –ì–± –æ–ø–µ—Ä–∞—Ç–∏–≤–Ω–æ–π –ø–∞–º—è—Ç–∏ ‚òëÔ∏è
#Windows10 ‚òëÔ∏è‚Ä¶ https://t.co/ZyCfdP7I0e"
RusMicrosoft|858308253876465664|2017-04-29 13:13:28|–ê–≤—Ç–æ–º–∞—Ç–∏–∑–∏—Ä—É–π—Ç–µ —Ä–∞–±–æ—á–∏–µ –ø—Ä–æ—Ü–µ—Å—Å—ã –∏ —É–∑–Ω–∞–π—Ç–µ, –Ω–∞ —á—Ç–æ —Å–ø–æ—Å–æ–±–µ–Ω –æ—Ç–¥–µ–ª –ø—Ä–æ–¥–∞–∂ –≤–∞—à–µ–π –∫–æ–º–ø–∞–Ω–∏–∏, —Å #Dynamics365 for Sales ‚Üí https://t.co/Oc1cPdkRgt.
RusMicrosoft|858005647891234817|2017-04-28 17:11:02|–ò—Å–∫—É—Å—Å—Ç–≤–µ–Ω–Ω—ã–π –∏–Ω—Ç–µ–ª–ª–µ–∫—Ç –∏ —Ä–µ—à–µ–Ω–∏—è #Azure –ø–æ–º–æ–≥–ª–∏ @BankHlynov –æ–ø—Ç–∏–º–∏–∑–∏—Ä–æ–≤–∞—Ç—å —Ä–∞–±–æ—Ç—É –±–∞–Ω–∫–æ–º–∞—Ç–æ–≤ –∏ —Å–Ω–∏–∑–∏—Ç—å —Ä–∞—Å—Ö–æ–¥—ã ‚Üí‚Ä¶ https://t.co/EcYkr7JWZJ
RusMicrosoft|857975699684175872|2017-04-28 15:12:01|–°–ø–µ—Ü–∏–∞–ª—å–Ω–æ –¥–ª—è —Ä–∞–∑—Ä–∞–±–æ—Ç—á–∏–∫–æ–≤ –∏–≥—Ä –∏ –ª—é–±–∏—Ç–µ–ª–µ–π Unity3D: —Å—Ç–∞—Ç—å—è –æ —Ç–æ–º, –∫–∞–∫ –ø–æ–¥—Ä—É–∂–∏—Ç—å –¥–≤–∏–∂–æ–∫ —Å –≤–µ–∫—Ç–æ—Ä–Ω–æ–π –≥—Ä–∞—Ñ–∏–∫–æ–π ‚Üí‚Ä¶ https://t.co/hIshbYROJc
RusMicrosoft|857620107446669312|2017-04-27 15:39:02|–ü–æ–±–µ–¥–∏—Ç–µ–ª–µ–º @techstartrussia –≤ —Å–ø–µ—Ü–∏–∞–ª—å–Ω–æ–π –Ω–æ–º–∏–Ω–∞—Ü–∏–∏ Microsoft —Å—Ç–∞–ª–∞ –∫–æ–º–∞–Ω–¥–∞ –∏–∑ –ü–µ—Ä–º–∏ —Å –ø—Ä–æ–µ–∫—Ç–æ–º –≤ –æ–±–ª–∞—Å—Ç–∏ RCML ‚Üí‚Ä¶ https://t.co/n3MTsR6zcn
RusMicrosoft|857614417764245508|2017-04-27 15:16:25|–í —á—ë–º –æ—Ç–ª–∏—á–∏–µ —Ö–æ—Ä–æ—à–µ–π #PowerPoint –ø—Ä–µ–∑–µ–Ω—Ç–∞—Ü–∏–∏ –æ—Ç –ø–ª–æ—Ö–æ–π, —É–∑–Ω–∞–π—Ç–µ –Ω–∞ @tjournal –æ—Ç –≥—É—Ä—É –ø—Ä–µ–∑–µ–Ω—Ç–∞—Ü–∏–π –ê–ª–µ–∫—Å–µ—è –ö–∞–ø—Ç–µ—Ä–µ–≤–∞‚Ä¶ https://t.co/LvIP0oRY3U
RusMicrosoft|857529510148927488|2017-04-27 09:39:02|–ö–ª—é—á–µ–≤–æ–µ —Å–æ–±—ã—Ç–∏–µ –≥–æ–¥–∞ ‚Äî –∫–æ–Ω—Ñ–µ—Ä–µ–Ω—Ü–∏—è Microsoft #BUILD2017 –≤ –°–∏—ç—Ç–ª–µ. –ü—Ä–∏—Å–æ–µ–¥–∏–Ω—è–π—Ç–µ—Å—å –∫ –æ–Ω–ª–∞–π–Ω-—Ç—Ä–∞–Ω—Å–ª—è—Ü–∏–∏ 10 –º–∞—è ‚Üí‚Ä¶ https://t.co/zVNKGwAIGa
RusMicrosoft|857295951882571782|2017-04-26 18:10:57|@etosova @tinkoff_bank @sberbank @yamoneynews –ü—Ä–æ—à–ª–∏—Å—å –ø–æ –æ—Ñ–∏—Å—É #Microsoft –†–æ—Å—Å–∏—è —Å —Ñ–æ—Ç–æ–∞–ø–ø–∞—Ä–∞—Ç–æ–º https://t.co/JZsNdtWije
RusMicrosoft|857245422993240064|2017-04-26 14:50:10|–ß—Ç–æ–±—ã –ø–∞—Ä–æ–ª–∏ –Ω–µ —Å—Ç–∞–Ω–æ–≤–∏–ª–∏—Å—å –ø—Ä–∏—á–∏–Ω–æ–π –≥–æ–ª–æ–≤–Ω–æ–π –±–æ–ª–∏, –ø–µ—Ä–µ—Ö–æ–¥–∏—Ç–µ –Ω–∞ —É—Å—Ç—Ä–æ–π—Å—Ç–≤–∞ —Å #Windows10 –∏ #WindowsHello ‚Üí‚Ä¶ https://t.co/r29GlO3kBF
RusMicrosoft|857200236762206208|2017-04-26 11:50:37|–ì–æ—Ç–æ–≤—å—Ç–µ—Å—å –∫ –ø–µ—Ä–µ—Ö–æ–¥—É –Ω–∞ —Ü–∏—Ñ—Ä–æ–≤–æ–µ –ø—Ä–æ–∏–∑–≤–æ–¥—Å—Ç–≤–æ —Å —Ä–µ—à–µ–Ω–∏–µ–º –¥–ª—è –ø—Ä–µ–¥–ø—Ä–∏—è—Ç–∏–π –æ—Ç #Maykor –Ω–∞ –±–∞–∑–µ #DynamicsAX ‚Üí‚Ä¶ https://t.co/LFFRL3h7Xw
RusMicrosoft|856778788012773377|2017-04-25 07:55:55|@bezumnica –Ω—É–∂–Ω–∞ –∫–∞–º–µ—Ä–∞ —Å –∏–Ω—Ñ—Ä–∞–∫—Ä–∞—Å–Ω—ã–º –¥–∞—Ç—á–∏–∫–æ–º –¥–ª—è —Å—á–∏—Ç—ã–≤–∞–Ω–∏—è —Ä–∞–¥—É–∂–∫–∏ –≥–ª–∞–∑–∞. –ê –∫–∞—á–µ—Å—Ç–≤–æ –∫–∞–º–µ—Ä—ã –∑–¥–µ—Å—å –Ω–µ –≤–∞–∂–Ω–æ.
RusMicrosoft|856535422649999362|2017-04-24 15:48:53|–ó–∞—á–µ–º –ø—Ä–∏–¥—É–º—ã–≤–∞—Ç—å –ø–∞—Ä–æ–ª—å, –∫–æ–≥–¥–∞ —Å #WindowsHello –º–æ–∂–Ω–æ –∏–º —Å—Ç–∞—Ç—å? ‚Üí https://t.co/O61vyORpam. https://t.co/jipZebAdMF
RusMicrosoft|856495327473537024|2017-04-24 13:09:33|–£–∑–Ω–∞–π—Ç–µ, –∫–∞–∫ –ø–æ–≤—ã—Å–∏—Ç—å –ø—Ä–æ–¥—É–∫—Ç–∏–≤–Ω–æ—Å—Ç—å –≤—ã–µ–∑–¥–Ω—ã—Ö —Å–æ—Ç—Ä—É–¥–Ω–∏–∫–æ–≤, –Ω–∞ –≤–µ–±–∏–Ω–∞—Ä–µ ¬´–ú–µ—Ä—á–∞–Ω–¥–∞–π–∑–∏–Ω–≥ –ø–æ–¥ –∫–æ–Ω—Ç—Ä–æ–ª–µ–º¬ª ‚Üí‚Ä¶ https://t.co/ZzdPKbwmfK
RusMicrosoft|856480088766001153|2017-04-24 12:09:00|@ziminnnn –≤ –ø–∞—Ä–∞–º–µ—Ç—Ä–∞—Ö –æ–±–Ω–æ–≤–ª–µ–Ω–∏–π –º–æ–∂–Ω–æ –≤—ã—Å—Ç–∞–≤–∏—Ç—å –∞–∫—Ç–∏–≤–Ω—ã–µ —á–∞—Å—ã –∏ –≤ —ç—Ç–æ –≤—Ä–µ–º—è –û–° –Ω–µ –±—É–¥–µ—Ç –ø–µ—Ä–µ–∑–∞–≥—Ä—É–∂–∞—Ç—å—Å—è –∏ –Ω–∏—á–µ–≥–æ —Å—Ç–∞–≤–∏—Ç—å.
RusMicrosoft|856456942675537920|2017-04-24 10:37:01|–ö–∞–∫ –±—ã—Ç—å, –µ—Å–ª–∏ –±–∏–∑–Ω–µ—Å –≤—ã—Ä–æ—Å, –∞ —Å–∏—Å—Ç–µ–º–∞ —É–ø—Ä–∞–≤–ª–µ–Ω–∏—è ‚Äî –Ω–µ—Ç? –•–ª–µ–±–ø—Ä–æ–º –ø–æ–¥—Å–∫–∞–∑—ã–≤–∞–µ—Ç: –ø–µ—Ä–µ—Ö–æ–¥–∏—Ç–µ –Ω–∞ #DynamicsAX ‚Üí‚Ä¶ https://t.co/yyYWDWeicE
RusMicrosoft|856450521653182465|2017-04-24 10:11:31|@ziminnnn —Å–∏—Å—Ç–µ–º–∞ –≤—Å–µ–≥–¥–∞ –ø–æ–∑–≤–æ–ª—è–µ—Ç –ø–æ–ª—å–∑–æ–≤–∞—Ç–µ–ª—é –æ—Ç–∫–∞–∑–∞—Ç—å—Å—è. –ê –µ—Å–ª–∏ –æ–±–Ω–æ–≤–ª–µ–Ω–∏–µ –Ω–∞—á–∞–ª–æ—Å—å, –ø–æ—Å–ª–µ –∑–∞–≥—Ä—É–∑–∫–∏ –æ–Ω–∞ –¥–∞–µ—Ç 30 –º–∏–Ω—É—Ç, —á—Ç–æ–±—ã –≤—Å–µ –∑–∞–∫—Ä—ã—Ç—å.
RusMicrosoft|856419439260164097|2017-04-24 08:08:00|@maratnugmanov –Ω–µ –¥–æ —Ç–∞–∫–æ–π —Å—Ç–µ–ø–µ–Ω–∏ –ø–∞—Ä—Ç–Ω–µ—Ä—Å–∫–∏–π ;)
RusMicrosoft|856190688584765440|2017-04-23 16:59:02|"–ó–∞–≥–∞–¥–∫–∞ –¥–ª—è —Å–æ–æ–±—Ä–∞–∑–∏—Ç–µ–ª—å–Ω—ã—Ö. –ß—Ç–æ –º—ã –∑–∞—à–∏—Ñ—Ä–æ–≤–∞–ª–∏ –Ω–∞ —Ä–∏—Å—É–Ω–∫–µ?
–í–æ—Ç –≤–∞–º –ø–æ–¥—Å–∫–∞–∑–∫–∞: 8 —è–¥–µ—Ä, 12 –ì–ë, 6 —Ç–µ—Ä–∞—Ñ–ª–æ–ø—Å, –∑–∏–º–∞ 201‚Ä¶ https://t.co/8X5rfu6bf7"
RusMicrosoft|855829507227480064|2017-04-22 17:03:49|@maratnugmanov –≠—Ç–æ –Ω–∞—à –ø–∞—Ä—Ç–Ω–µ—Ä—Å–∫–∏–π –º–∞–≥–∞–∑–∏–Ω. –ù–æ—Ä–º–∞–ª—å–Ω–æ :)
RusMicrosoft|855822261386960897|2017-04-22 16:35:02|–ö–∞–∫ –∏–∑–±–µ–∂–∞—Ç—å –ø—Ä–æ—Å—Ç–æ–µ–≤ –∏–∑-–∑–∞ —Å–±–æ–µ–≤ –≤ —Ä–∞–±–æ—Ç–µ –æ–±–æ—Ä—É–¥–æ–≤–∞–Ω–∏—è? Rolls-Royce –Ω–∞—à–ª–∏ –æ—Ç–≤–µ—Ç –≤ —Ç–µ—Ö–Ω–æ–ª–æ–≥–∏—è—Ö –∏–Ω—Ç–µ—Ä–Ω–µ—Ç–∞ –≤–µ—â–µ–π ‚Üí‚Ä¶ https://t.co/TI7MlOZh2h
RusMicrosoft|855771356100796416|2017-04-22 13:12:45|–ü–æ–¥—Ä—É–≥–∏ –Ω–µ –º–æ–≥—É—Ç —Ä–∞–∑–ª–∏—á–∏—Ç—å –±–ª–∏–∑–Ω–µ—Ü–æ–≤ –°–µ—Ä—ë–∂—É –∏ –†—É—Å–ª–∞–Ω–∞. –ê —É #WindowsHello –ø–æ–ª—É—á–∞–µ—Ç—Å—è ‚Üí https://t.co/3YuQ8WRTqT. https://t.co/1Y8s53grzr
RusMicrosoft|855453354348208128|2017-04-21 16:09:07|–ü–æ–¥—Å—Ç—Ä–∞–∏–≤–∞–π—Ç–µ —Ä–∞–±–æ—á–µ–µ –ø—Ä–æ—Å—Ç—Ä–∞–Ω—Å—Ç–≤–æ –ø–æ–¥ –Ω—É–∂–¥—ã –≤–∞—à–µ–π –∫–æ–º–∞–Ω–¥—ã. –ü–æ–¥–±–∏—Ä–∞–π—Ç–µ –æ–ø—Ç–∏–º–∞–ª—å–Ω—ã–µ –∏–Ω—Å—Ç—Ä—É–º–µ–Ω—Ç—ã –≤ Microsoft #Teams ‚Üí‚Ä¶ https://t.co/Z8XWt0kNiv
RusMicrosoft|855435834656423936|2017-04-21 14:59:30|–ü–æ—á–µ–º—É –≤ –≥–µ–π–º–∏–Ω–≥–µ –ø–æ–ª –Ω–µ –∏–º–µ–µ—Ç –∑–Ω–∞—á–µ–Ω–∏—è, —Ä–∞—Å—Å–∫–∞–∂–µ—Ç –º–µ–Ω–µ–¥–∂–µ—Ä –ø–æ —Ä–∞–∑–≤–∏—Ç–∏—é –±–∏–∑–Ω–µ—Å–∞ @SoftClubGames @karin_karin_b ‚Üí‚Ä¶ https://t.co/ooocHoxFOW
RusMicrosoft|855410182268047361|2017-04-21 13:17:34|–ê—Ä—Ö–∏—Ç–µ–∫—Ç–æ—Ä K2IT –ù–∏–∫–∏—Ç–∞ –£—Å–∞—á–µ–≤ —Ä–∞—Å—Å–∫–∞–∑—ã–≤–∞–µ—Ç, –∫–∞–∫ —Å–æ–∑–¥–∞–≤–∞—Ç—å –∫—Ä–æ—Å—Å-–ø–ª–∞—Ç—Ñ–æ—Ä–º–µ–Ω–Ω—ã–µ –±–∏–∑–Ω–µ—Å-–ø—Ä–∏–ª–æ–∂–µ–Ω–∏—è –¥–ª—è #Dynamics365 ‚Üí https://t.co/zKzkjJnAXi.
RusMicrosoft|855080625384165376|2017-04-20 15:28:02|–£–∑–Ω–∞–π—Ç–µ, –∫–∞–∫ —ç–Ω–µ—Ä–≥–µ—Ç–∏—á–µ—Å–∫–∏–µ –∫–æ–º–ø–∞–Ω–∏–∏ –æ–ø—Ç–∏–º–∏–∑–∏—Ä—É—é—Ç –±–∏–∑–Ω–µ—Å-–ø—Ä–æ—Ü–µ—Å—Å—ã —Å –ø–æ–º–æ—â—å—é —Ç–µ—Ö–Ω–æ–ª–æ–≥–∏–π –∏–Ω—Ç–µ—Ä–Ω–µ—Ç–∞ –≤–µ—â–µ–π ‚Üí‚Ä¶ https://t.co/XxaAd88Hr6
RusMicrosoft|855063805273010176|2017-04-20 14:21:12|–£–∑–Ω–∞–π—Ç–µ –Ω–∞ @ru_lh, –∫–∞–∫ —Å–æ–≤–º–µ—Å—Ç–Ω–æ –∑–∞–∫–æ–Ω—á–∏—Ç—å –ø—Ä–æ–µ–∫—Ç –≤ #Excel, –¥–∞–∂–µ –µ—Å–ª–∏ –∫–æ–ª–ª–µ–≥–∞ –≤–Ω–µ–∑–∞–ø–Ω–æ —É–ª–µ—Ç–µ–ª –Ω–∞ –ú–∞—Ä—Å ‚Üí‚Ä¶ https://t.co/4ZUEoGBfoW
RusMicrosoft|855060366539280384|2017-04-20 14:07:32|@cooladmin –Ω—É, –º—ã –æ—Ç–ø—Ä–∞–≤–∏–º –∫–æ–ª–ª–µ–≥–∞–º, –Ω–æ –æ—Ç –Ω–∞—Å –º–∞–ª–æ —á—Ç–æ –∑–∞–≤–∏—Å–∏—Ç.
RusMicrosoft|855053438299897856|2017-04-20 13:40:00|@cooladmin –æ–Ω–∞ –∏ –¥–æ –Ω–µ–≥–æ –±—ã–ª–∞ :) –ü—Ä–∞–≤–¥–∞, —Ä–µ—á—å –ø—Ä–æ Windows 10 Pro. –£ –≤–∞—Å —ç—Ç–æ –º–µ–Ω—é —Å–æ–≤—Å–µ–º –ø—É—Å—Ç–æ–µ. –•–æ—Ç—è —É –≤–∞—Å –∏ –û–° —Å–µ—Ä–≤–µ—Ä–Ω–∞—è, –º–æ–∂–µ—Ç –±—ã—Ç—å –∏–Ω–∞—á–µ.
RusMicrosoft|855035538398736384|2017-04-20 12:28:52|@cooladmin –æ—Ç–ª–æ–∂–∏—Ç–µ –∫—Ä–∏—Ç–∏—á–µ—Å–∫–∏–µ –æ–±–Ω–æ–≤–ª–µ–Ω–∏—è –Ω–∞ –º–µ—Å—è—Ü, –∞ –∫—Ä—É–ø–Ω—ã–µ –≤–æ–æ–±—â–µ –Ω–∞ –≥–æ–¥ :) –ò –≤—Å–µ. –Ω–∏–∫–∞–∫–∏—Ö –ø–µ—Ä–µ–∑–∞–≥—Ä—É–∑–æ–∫ –º–∏–Ω–∏–º—É–º‚Ä¶ https://t.co/Vogh7U1JQH
RusMicrosoft|854964099469508608|2017-04-20 07:45:00|"@n3tm4niac –æ–±—ã—á–Ω–æ ""—ç—Ç–æ"" - —ç—Ç–æ –æ–±–Ω–æ–≤–ª–µ–Ω–∏–µ —Å–∏—Å—Ç–µ–º—ã :) –ö–∞–∫ —Ä–∞–∑ –¥–ª—è –Ω–µ–≥–æ —Ç—Ä–µ–±—É–µ—Ç—Å—è –≤—Ä–µ–º—è. –≠—Ç–æ –±—ã–≤–∞–µ—Ç –ª–∏–±–æ –ø—Ä–∏ —Å—Ç–∞—Ä—Ç–µ –û–°, –ª–∏–±–æ –ø—Ä–∏ –≤—ã–∫–ª—é—á–µ–Ω–∏–∏."
RusMicrosoft|854963596467605505|2017-04-20 07:43:00|@cooladmin –≤—ã —É—Ç—Ä–∏—Ä—É–µ—Ç–µ ;) –í–∞—à –ø–æ–∫–æ—Ä–Ω—ã–π —Å–ª—É–≥–∞, –Ω–∞—à –∞–¥–º–∏–Ω, —Ä–∞–±–æ—Ç–∞–µ—Ç —Å 9 –¥–æ 19, –∞ –ø–æ—Ç–æ–º –¥–æ 2-—É—Ö –Ω–æ—á–∏ –∏–≥—Ä–∞–µ—Ç –≤ Mass Effect –∏ –Ω–µ –ø–µ—Ä–µ–∑–∞–≥—Ä—É–∂–∞–µ—Ç—Å—è
RusMicrosoft|854961456558862339|2017-04-20 07:34:30|–ü–æ–≤—ã—à–∞–µ–º –ø—Ä–æ–¥—É–∫—Ç–∏–≤–Ω–æ—Å—Ç—å –∫–æ–º–ø–∞–Ω–∏–∏ –ø—Ä–∏ –ø–æ–º–æ—â–∏ –º–µ—Å—Å–µ–Ω–¥–∂–µ—Ä–æ–≤ —Å —ç–∫—Å–ø–µ—Ä—Ç–æ–º @Transas_Marine –ê–Ω–¥—Ä–µ–µ–º –°–∏—Ç–∫–æ–≤—ã–º –Ω–∞ #CIOB2017‚Ä¶ https://t.co/Dp985W5HM3
RusMicrosoft|854955180164599808|2017-04-20 07:09:33|–î–æ–±—Ä–æ –ø–æ–∂–∞–ª–æ–≤–∞—Ç—å –Ω–∞ CIO Briefing. –ú–µ—Ä–æ–ø—Ä–∏—è—Ç–∏–µ –æ—Ç–∫—Ä—ã–≤–∞—é—Ç —ç–∫—Å–ø–µ—Ä—Ç—ã Microsoft. –ü—Ä–∏—Å–æ–µ–¥–∏–Ω—è–π—Ç–µ—Å—å –∫ —Ç—Ä–∞–Ω—Å–ª—è—Ü–∏–∏ ‚Üí‚Ä¶ https://t.co/wgYJOeYOSu
RusMicrosoft|854691579516391424|2017-04-19 13:42:06|–° –Ω–µ—Ö–≤–∞—Ç–∫–æ–π –º–µ—Å—Ç–∞ –Ω–∞ —Ä–∞–±–æ—á–µ–º —Å—Ç–æ–ª–µ –≤ #Windows10 —Å–ø—Ä–∞–≤–ª—è—é—Ç—Å—è —Ç—Ä–∏ –∫–ª–∞–≤–∏—à–∏: Win, Ctrl –∏ D. –ê –∫–∞–∫ –±—ã –æ–Ω–∏ —Ä–∞–±–æ—Ç–∞–ª–∏ –≤ —Ä–µ–∞‚Ä¶ https://t.co/U3FXMv0Le8
RusMicrosoft|854647973065654272|2017-04-19 10:48:50|–û–±—ä–µ–¥–∏–Ω—è–µ–º ERP –∏ CRM —Å–∏—Å—Ç–µ–º—ã –≤ –µ–¥–∏–Ω–æ–º –æ–∫–Ω–µ #Dynamics. –≠–∫—Å–ø–µ—Ä—Ç Microsoft –î–º–∏—Ç—Ä–∏–π –õ–æ–±–æ–¥–∞ –ø–æ–¥—Å–∫–∞–∂–µ—Ç, –∫–∞–∫ —ç—Ç–æ —Å–¥–µ–ª–∞—Ç—å ‚Üí https://t.co/hoVGpB3Iwv.
RusMicrosoft|854591401085947904|2017-04-19 07:04:02|–û–±—Å—É–¥–∏–º –Ω–æ–≤–∏–Ω–∫–∏ –≤ –æ–±–ª–∞—Å—Ç–∏ –∞–Ω–∞–ª–∏–∑–∞ –¥–∞–Ω–Ω—ã—Ö, Big Data –∏ –ò–ò 19 –∞–ø—Ä–µ–ª—è –Ω–∞ –º–µ–∂–¥—É–Ω–∞—Ä–æ–¥–Ω–æ–π –æ–Ω–ª–∞–π–Ω-–∫–æ–Ω—Ñ–µ—Ä–µ–Ω—Ü–∏–∏ #MSDataAmp ‚Üí‚Ä¶ https://t.co/THTTLTWIYP
RusMicrosoft|854358387278184448|2017-04-18 15:38:07|–ß—Ç–æ–±—ã –≤–∞—à –∫–æ–º–ø—å—é—Ç–µ—Ä –Ω–µ –ø–µ—Ä–µ–∑–∞–≥—Ä—É–∂–∞–ª—Å—è, –∫–æ–≥–¥–∞ –µ–º—É –≤–∑–¥—É–º–∞–µ—Ç—Å—è, —É—Å—Ç–∞–Ω–æ–≤–∏—Ç–µ –∞–∫—Ç–∏–≤–Ω—ã–µ —á–∞—Å—ã, –≤–æ –≤—Ä–µ–º—è –∫–æ—Ç–æ—Ä—ã—Ö –ø–µ—Ä–µ–∑–∞–≥—Ä—É–∑–∫‚Ä¶ https://t.co/35W3CB1ENG
RusMicrosoft|854303029251723264|2017-04-18 11:58:09|–í–∏—Ç–∞–π—Ç–µ —Ç–æ–ª—å–∫–æ –≤ –ø—Ä–æ–¥—É–∫—Ç–∏–≤–Ω—ã—Ö –æ–±–ª–∞–∫–∞—Ö. –£–∑–Ω–∞–π—Ç–µ 7 —Å–ø–æ—Å–æ–±–æ–≤ –ø–æ–≤—ã—à–µ–Ω–∏—è —ç—Ñ—Ñ–µ–∫—Ç–∏–≤–Ω–æ—Å—Ç–∏ —Ä–∞–±–æ—Ç—ã –≤ –æ–±–ª–∞–∫–µ ‚Üí‚Ä¶ https://t.co/o8SoOmTqXM
RusMicrosoft|854291676684222464|2017-04-18 11:13:02|–í—Å–µ–º –¥–µ–≤—É—à–∫–∞–º, –∫–æ—Ç–æ—Ä—ã–µ —Ö–æ—Ç—è—Ç –ø–æ—Å—Ç—Ä–æ–∏—Ç—å –∫–∞—Ä—å–µ—Ä—É –≤ IT, —Å–æ–≤–µ—Ç—É–µ–º –ø–æ—Å–µ—Ç–∏—Ç—å –≤—Å—Ç—Ä–µ—á—É ¬´Girls in Tech¬ª 19 –∞–ø—Ä–µ–ª—è –≤ –ú–æ—Å–∫–≤–µ ‚Üí‚Ä¶ https://t.co/WzR96VMJ1T
RusMicrosoft|854010572140097536|2017-04-17 16:36:01|–ü—Ä–∏—Å–æ–µ–¥–∏–Ω—è–π—Ç–µ—Å—å –∫ #OfficeInsider –∏ –ø–µ—Ä–≤—ã–º–∏ –∑–Ω–∞–∫–æ–º—å—Ç–µ—Å—å —Å –∞—É–¥–∏–æ–∑–∞–º–µ—Ç–∫–∞–º–∏ –≤ #OneNote –¥–ª—è #Windows10 ‚Üí‚Ä¶ https://t.co/y2VRHAoBIq
RusMicrosoft|853989891599982593|2017-04-17 15:13:51|@ru_Parallels @st_cherepanov @Dart_dr @Yota_Russia @NotabilityApp –¢–æ —á—É–≤—Å—Ç–≤–æ, –∫–æ–≥–¥–∞ –∫—Ç–æ-—Ç–æ –ª—é–±–∏—Ç —Ç–≤–æ–π —Ç–≤–∏—Ç—Ç–µ—Ä-–∞–∫–∫–∞—É‚Ä¶ https://t.co/KWU6JVTVNa
RusMicrosoft|853982628562829318|2017-04-17 14:44:59|–£–∑–Ω–∞–π—Ç–µ –æ —Å–æ–≤—Ä–µ–º–µ–Ω–Ω—ã—Ö —Ç—Ä–µ–Ω–¥–∞—Ö –≤ —Å—Ñ–µ—Ä–µ –ø—Ä–æ–¥–∞–∂ –æ—Ç –õ–µ–æ–Ω–∏–¥–∞ –í–∞–ª—è –Ω–∞ –æ–Ω–ª–∞–π–Ω-—Ñ–æ—Ä—É–º–µ ¬´Microsoft Dynamics AX¬ª ‚Üí‚Ä¶ https://t.co/AkMm7muy4X
RusMicrosoft|853954818431471618|2017-04-17 12:54:29|–í—Ç–æ—Ä–∞—è –ø–æ–ª–æ–≤–∏–Ω–∞ –∞–ø—Ä–µ–ª—è –ø–æ–π–¥—ë—Ç –Ω–∞ –ø–æ–ª—å–∑—É –≤–∞—à–µ–π –∫–æ–º–ø–∞–Ω–∏–∏. –£—á–∞—Å—Ç–≤—É–π—Ç–µ –≤ —Å–µ–º–∏–Ω–∞—Ä–∞—Ö –∏ –ø–æ–≤—ã—à–∞–π—Ç–µ –ø—Ä–æ–¥—É–∫—Ç–∏–≤–Ω–æ—Å—Ç—å –±–∏–∑–Ω–µ—Å–∞ ‚Üí‚Ä¶ https://t.co/mfBbAtiuXB
RusMicrosoft|853875425768083456|2017-04-17 07:39:00|@reazzons –ø–æ—Å—Ç–µ–ø–µ–Ω–Ω–æ –ø–µ—Ä–µ–≤–æ–¥—è—Ç—Å—è —Å—Ç—Ä–∞–Ω–∏—Ü—ã. –í—ã –º–æ–∂–µ—Ç–µ —Å–∞–π—Ç –ø–µ—Ä–µ–∫–ª—é—á–∏—Ç—å –Ω–∞ –∞–Ω–≥–ª–∏–π—Å–∫–∏–π - –Ω–∞ —Å—Ç—Ä–∞–Ω–∏—Ü–µ –≤–Ω–∏–∑—É —Å–ª–µ–≤–∞ –µ—Å—Ç—å –ø–µ—Ä–µ–∫–ª—é—á–∞—Ç–µ–ª—å —Ä–µ–≥–∏–æ–Ω–æ–≤
RusMicrosoft|853874145150599168|2017-04-17 07:33:55|@fedot_tot_samyy —Å–æ–∂–∞–ª–µ–µ–º, —á—Ç–æ –≥—Ä–∞—Ñ–∏–∫ —Ä–∞–±–æ—Ç—ã —Å–ª—É–∂–±—ã –ø–æ–¥–¥–µ—Ä–∂–∫–∏ –≤—ã–∑—ã–≤–∞–µ—Ç —É –≤–∞—Å –Ω–µ–ø—Ä–∏—è—Ç–Ω—ã–µ —ç–º–æ—Ü–∏–∏. –ú—ã –ø–æ—Å—Ç–∞—Ä–∞–µ–º—Å—è —Å–¥–µ–ª–∞—Ç—å –µ–≥–æ –ª—É—á—à–µ.
RusMicrosoft|853574700798279681|2017-04-16 11:44:01|–ï—Å–ª–∏ –∑–ª–æ–π –¥–≤–æ–π–Ω–∏–∫ –æ–±—ä—è–≤–∏–ª –æ—Ö–æ—Ç—É –∑–∞ –≤–∞—à–∏–º –ü–ö, –Ω–µ –≤–æ–ª–Ω—É–π—Ç–µ—Å—å: #WindowsHello —Ä–∞–∑–ª–∏—á–∞–µ—Ç –¥–∞–∂–µ –±–ª–∏–∑–Ω–µ—Ü–æ–≤! ‚Üí‚Ä¶ https://t.co/03suwzDUTY
RusMicrosoft|853280263266340864|2017-04-15 16:14:02|"–ü–æ–∑–¥—Ä–∞–≤–ª—è–µ–º –∫–æ–º–∞–Ω–¥—É UTV, –ø—Ä–æ–µ–∫—Ç #MeetArticles, —Å –ø–æ–±–µ–¥–æ–π –≤ Imagine Cup 2017!
#imcup https://t.co/85imlMcXQi"
RusMicrosoft|853279265705603073|2017-04-15 16:10:04|–í—Ç–æ—Ä–æ–µ –º–µ—Å—Ç–æ –≤ #imcup —É –∫–æ–º–∞–Ω–¥—ã #CyberExplorers! https://t.co/MFkmEBfRlL
RusMicrosoft|853278797835141120|2017-04-15 16:08:13|–ö–æ–º–∞–Ω–¥–∞ #SocialGlobe –∑–∞–Ω—è–ª–∞ —Ç—Ä–µ—Ç—å–µ –º–µ—Å—Ç–æ –≤ #imcup. https://t.co/cbkroOhT6Y
RusMicrosoft|853263650731294722|2017-04-15 15:08:01|–ò–≥—Ä—ã, —Ä–∞–±–æ—Ç–∞, —Å–µ—Ä–∏–∞–ª—ã ‚Äî –∫–∞–∂–¥–æ–º—É –¥–µ–ª—É –Ω—É–∂–Ω–∞ —Å–≤–æ—è –º—ã—à–∫–∞. –í #MicrosoftStore –Ω–∞ –Ω–∏—Ö –∫–∞–∫ —Ä–∞–∑ —Å–∫–∏–¥–∫–∏ –¥–æ 20% ‚Üí‚Ä¶ https://t.co/8DzXStKEsM
RusMicrosoft|853252831574466560|2017-04-15 14:25:02|18 –∞–ø—Ä–µ–ª—è —É–∑–Ω–∞–π—Ç–µ –æ –ø—Ä–µ–∏–º—É—â–µ—Å—Ç–≤–∞—Ö –æ–±–ª–∞—á–Ω–æ–π —ç–∫–æ–Ω–æ–º–∏–∫–∏ –Ω–∞ —Å–µ–º–∏–Ω–∞—Ä–µ ¬´WMS –≤ –æ–±–ª–∞–∫–∞—Ö: –ø—Ä–∞–∫—Ç–∏—á–Ω–æ–µ —Ä–µ—à–µ–Ω–∏–µ¬ª ‚Üí‚Ä¶ https://t.co/kzTEn3acuW
RusMicrosoft|853227456060370945|2017-04-15 12:44:12|–†–µ–∞–±–∏–ª–∏—Ç–∞—Ü–∏—è –∏ –≤–æ—Å—Å—Ç–∞–Ω–æ–≤–ª–µ–Ω–∏–µ –ø–æ–¥–≤–∏–∂–Ω–æ—Å—Ç–∏ –∫–æ–Ω–µ—á–Ω–æ—Å—Ç–µ–π —á–µ—Ä–µ–∑ –∏–≥—Ä—É - –ø–æ–ª–µ–∑–Ω—ã–π –ø—Ä–æ–µ–∫—Ç –Ω–∞ #imcup https://t.co/6sXgntVod3
RusMicrosoft|853218988620488708|2017-04-15 12:10:33|"¬´–ü–æ–∑–≤–æ–ª–∏—Ç–µ –ª–∏ –≤—ã –º–Ω–µ —Å–∫–∞–Ω–∏—Ä–æ–≤–∞—Ç—å –≤–∞—à–µ –ª–∏—Ü–æ?¬ª
–ü—Ä–æ–µ–∫—Ç #SocialGlobe –Ω–µ —Ç–æ–ª—å–∫–æ —Ä–∞—Å–ø–æ–∑–Ω–∞–µ—Ç –ª–∏—Ü–∞, –Ω–æ –∏ –æ–ø—Ä–µ–¥–µ–ª—è–µ—Ç —Ö–∞—Ä–∞–∫—Ç–µ‚Ä¶ https://t.co/cjO9TqTBid"
RusMicrosoft|853215206004199426|2017-04-15 11:55:31|–ß—Ç–æ–±—ã –¥–æ—Å—Ç–∏—á—å –Ω–∏—Ä–≤–∞–Ω—ã, –æ—á–∏—Å—Ç–∏—Ç–µ —Å–≤–æ–∏ —É—Å—Ç—Ä–æ–π—Å—Ç–≤–∞ –æ—Ç —Ç—è–∂—ë–ª—ã—Ö —Ñ–∞–π–ª–æ–≤. –ü–µ—Ä–µ–Ω–µ—Å–∏—Ç–µ –∏—Ö –≤ –æ–±–ª–∞–∫–æ #OneDrive —Å #Office365 ‚Üí‚Ä¶ https://t.co/uH4rndhBf7
RusMicrosoft|853215104275558400|2017-04-15 11:55:07|"–û—Ç –Ω–µ–π—Ä–æ—Ä–µ–∞–±–∏–ª–∏—Ç–∞—Ü–∏–∏ –¥–æ –ø–µ—Ä–µ–¥–∞—á–∏ –º–æ—Ç–æ—Ä–Ω—ã—Ö –Ω–∞–≤—ã–∫–æ–≤ ‚Äî –≤–æ–∑–º–æ–∂–Ω–æ—Å—Ç–∏ –∫–æ—Å—Ç—é–º–∞ #CyberSuits –∫–æ–º–∞–Ω–¥—ã #CyberExplorers.
#imcup https://t.co/xmoXfuWGry"
RusMicrosoft|853209924616192000|2017-04-15 11:34:32|"–ö–∞–∫ –ø—Ä–æ—Ö–æ–¥–∏—Ç –¥–µ–Ω—å —É—á–∞—Å—Ç–Ω–∏–∫–æ–≤ Imagine Cup :)
–ü—Ä–∏—Å–æ–µ–¥–∏–Ω—è–π—Ç–µ—Å—å –∫ —Ç—Ä–∞–Ω—Å–ª—è—Ü–∏–∏ https://t.co/IF37hoGS6M
#imcup https://t.co/jLZZj11dSl"
RusMicrosoft|853192795783397377|2017-04-15 10:26:28|–°–ø–∞—Å–µ–Ω–∏–µ —Ç—Ä—ë—Ö–º–µ—Ä–Ω—ã—Ö –∫–æ—Ç–∏–∫–æ–≤ –∏–∑¬†–ª–∞–±–∏—Ä–∏–Ω—Ç–æ–≤ –∏¬†—Ä–µ–∫–ª–∞–º–∞, –ø–æ–¥–æ–±—Ä–∞–Ω–Ω–∞—è –ø–æ–¥ —ç–º–æ—Ü–∏–∏ –∏–≥—Ä–æ–∫–æ–≤¬†‚Äî –∏–¥–µ–∏ –∫–æ–º–∞–Ω–¥—ã #adsmile. #imcup https://t.co/1LHYIASV5K
RusMicrosoft|853187847200927745|2017-04-15 10:06:48|"–ö–æ–º–∞–Ω–¥–∞ MadDev —É—á–∏—Ç —É–ø—Ä–∞–≤–ª—è—Ç—å –ª–∏—á–Ω—ã–º–∏ —Ñ–∏–Ω–∞–Ω—Å–∞–º–∏ –Ω–∞ #imcup.
–°–º–æ—Ç—Ä–∏—Ç–µ —Ç—Ä–∞–Ω—Å–ª—è—Ü–∏—é: https://t.co/IF37hoGS6M https://t.co/mPKXhGnvMP"
RusMicrosoft|853162231617523712|2017-04-15 08:25:01|"Imagine Cup. –†–æ—Å—Å–∏–π—Å–∫–∏–π —Ñ–∏–Ω–∞–ª. –ü–æ–µ—Ö–∞–ª–∏!
–ü—Ä–∏—Å–æ–µ–¥–∏–Ω—è–π—Ç–µ—Å—å –∫ –æ–Ω–ª–∞–π–Ω-—Ç—Ä–∞–Ω—Å–ª—è—Ü–∏–∏ ‚Üí https://t.co/IF37hoGS6M.
#imcup https://t.co/2Swns1LipG"
RusMicrosoft|852910928970604544|2017-04-14 15:46:26|@quser —Ç–∞–∫ –∫–∞–∫ Surface Pro 4 –≤ –†–§ –Ω–µ –ø–æ—Å—Ç–∞–≤–ª—è–ª—Å—è, —Ç–æ –∏ Type Cover —Å —Ä—É—Å—Å–∫–∏–º –±—É–∫–≤–∞–º–∏ –ø–æ–¥ –Ω–µ–≥–æ –Ω–µ –¥–µ–ª–∞–ª–∏ :(
RusMicrosoft|852908170745958400|2017-04-14 15:35:28|@fp777 –ø–æ—ç—Ç–æ–º—É —Ç–∞–º –∏ –µ—Å—Ç—å –∫–æ–Ω—Ç—Ä–æ–ª—å —Ä–∞—Å–ø–∏—Å–∞–Ω–∏—è ;)
RusMicrosoft|852901005092159490|2017-04-14 15:07:00|–° #HoloLens –∏ –ø—Ä–∏–ª–æ–∂–µ–Ω–∏–µ–º –æ—Ç –Ω–∞—à–µ–≥–æ –ø–∞—Ä—Ç–Ω—ë—Ä–∞ HoloGroup –æ—Ç–ø—Ä–∞–≤–∏—Ç—å—Å—è –≤ –Ω–µ–¥—Ä–∞ –ø–ª–∞–Ω–µ—Ç—ã –º–æ–∂–Ω–æ –ø—Ä—è–º–æ –∏–∑ –ª–µ–∫—Ü–∏–æ–Ω–Ω–æ–≥–æ –∑–∞–ª–∞ ‚Üí https://t.co/DhA7zZzvYM
RusMicrosoft|852891194489274368|2017-04-14 14:28:01|–ü–æ–∑–≤–æ–ª—å—Ç–µ —Å–æ—Ç—Ä—É–¥–Ω–∏–∫–∞–º —Å–∞–º–∏–º –æ–±–º–µ–Ω–∏–≤–∞—Ç—å—Å—è —Å–º–µ–Ω–∞–º–∏ –∏ –∫–æ–Ω—Ç—Ä–æ–ª–∏—Ä—É–π—Ç–µ –∏—Ö —Ä–∞—Å–ø–∏—Å–∞–Ω–∏–µ —Å –ø–æ–º–æ—â—å—é #StaffHub –∏ #Office365‚Üí‚Ä¶ https://t.co/XDB68odnl4
RusMicrosoft|852882160793116672|2017-04-14 13:52:07|–ß—Ç–æ–±—ã –ø–æ—Å—Ç—Ä–æ–∏—Ç—å –≥—Ä–∞—Ñ–∏–∫ —Ñ—É–Ω–∫—Ü–∏–∏ (a sin ùë• + b sin ùë•/2) –Ω–µ –Ω–∞–¥–æ –≤—Å–ø–æ–º–∏–Ω–∞—Ç—å —à–∫–æ–ª—É. –ü—Ä–æ—Å—Ç–æ —É—Å—Ç–∞–Ω–æ–≤–∏—Ç–µ #OneNote ‚Üí‚Ä¶ https://t.co/h33pua0jWp
RusMicrosoft|852848794857328640|2017-04-14 11:39:32|11 –∞–ø—Ä–µ–ª—è –∑–∞–≤–µ—Ä—à–∏–ª—Å—è —Ü–∏–∫–ª –ø–æ–¥–¥–µ—Ä–∂–∫–∏ MS Exchange Server 2007. –ü–æ–¥—Ä–æ–±–Ω–µ–µ –≤ –ø—Ä–µ—Å—Å-—Ü–µ–Ω—Ç—Ä–µ Microsoft ‚Üí‚Ä¶ https://t.co/9Oid9D7QlI
RusMicrosoft|852573350828412928|2017-04-13 17:25:01|–ü—É—Ç–µ—à–µ—Å—Ç–≤—É–π—Ç–µ —Å #Prestigio MultiPad Visconte V. –î–æ 30.04 –Ω–∞ –Ω–µ–≥–æ —Å–∫–∏–¥–∫–∞ 1 000 —Ä. –∏ –≤–Ω–µ—à–Ω–∏–π –∞–∫–∫—É–º—É–ª—è—Ç–æ—Ä –≤ –ø–æ–¥–∞—Ä–æ–∫ ‚Üí‚Ä¶ https://t.co/tmIPGKFgF5
RusMicrosoft|852507186689445888|2017-04-13 13:02:06|–ß—Ç–æ–±—ã –æ—Ç –æ–±–∏–ª–∏—è —Ü–∏—Ñ—Ä –≤ –∞–Ω–∞–ª–∏—Ç–∏—á–µ—Å–∫–∏—Ö –æ—Ç—á—ë—Ç–∞—Ö –Ω–µ –±–æ–ª–µ–ª–∞ –≥–æ–ª–æ–≤–∞, –ø—Ä–µ–≤—Ä–∞—â–∞–π—Ç–µ —Ü–∏—Ñ—Ä—ã –≤ –ø–æ–Ω—è—Ç–Ω—ã–µ –¥–∏–∞–≥—Ä–∞–º–º—ã —Å #PowerBI ‚Üí‚Ä¶ https://t.co/7WigcibJac
RusMicrosoft|852496073499299840|2017-04-13 12:17:57|–ö—Ç–æ —Ç–∞–∫–æ–π Buddy? –≠—Ç–æ –ø–µ—Ä–≤—ã–π –¥–æ—Å—Ç—É–ø–Ω—ã–π —Ä–æ–±–æ—Ç-–∫–æ–º–ø–∞–Ω—å–æ–Ω –¥–ª—è –≤—Å–µ–π —Å–µ–º—å–∏. –ü–æ–∑–Ω–∞–∫–æ–º—å—Ç–µ—Å—å —Å –Ω–∏–º –ø–æ–±–ª–∏–∂–µ –Ω–∞ @habrahabr ‚Üí‚Ä¶ https://t.co/BstP28Kysw
RusMicrosoft|852173078302007296|2017-04-12 14:54:29|@ASubrovskis –≤ —Ç–∞–∫–æ–º —Å–ª—É—á–∞–µ –Ω–∞–¥–æ –≤ support. –ü–æ–ø—Ä–æ–±—É–π—Ç–µ –Ω–∞–ø–∏—Å–∞—Ç—å –Ω–∞—à–∏–º –∫–æ–ª–ª–µ–≥–∞–º @MSHelpsRU  –∏–ª–∏ –ø–æ–∑–≤–æ–Ω–∏—Ç–µ –≤ –†–∏–≥–µ –ø–æ –Ω–æ–º–µ—Ä—É  +371 6 7852152.
RusMicrosoft|852172210349506560|2017-04-12 14:51:02|–î–µ—Ç–∞–ª–∏ —Å–¥–µ–ª–∫–∏ –≤—ã–ª–µ—Ç–µ–ª–∏ –∏–∑ –≥–æ–ª–æ–≤—ã? –ó–∞–≥–ª—è–Ω–∏—Ç–µ –≤ #DynamicsCRM –Ω–∞ —Å–º–∞—Ä—Ç—Ñ–æ–Ω–µ. –¢–∞–º –∏ –¥–µ–ª–æ–≤–∞—è –ø–µ—Ä–µ–ø–∏—Å–∫–∞, –∏ —Ç–µ–∫—É—â–∏–µ —Å–¥–µ–ª–∫–∏‚Ä¶ https://t.co/HfJJHdWgaf
RusMicrosoft|852165660562124802|2017-04-12 14:25:00|@ASubrovskis –ø–æ–ø—Ä–æ–±—É–π—Ç–µ –∏–∑ –º–∞–≥–∞–∑–∏–Ω–∞ —Å–∞–º–æ–µ –ø—Ä–∏–ª–æ–∂–µ–Ω–∏–µ –ø–æ—Å—Ç–∞–≤–∏—Ç—å, –º–æ–∂–µ—Ç –µ–≥–æ –ø—Ä–æ—Å—Ç–æ –Ω–µ—Ç –≤ —Å–∏—Å—Ç–µ–º–µ –∏ –∏–∑-–∑–∞ —ç—Ç–æ–≥–æ –µ–≥–æ –Ω–µ–ª—å–∑—è –≤—ã–±—Ä–∞—Ç—å.
RusMicrosoft|852147041102954496|2017-04-12 13:11:01|@ASubrovskis –≤—Ä–æ–¥–µ –Ω–∞ –º–µ—Å—Ç–µ https://t.co/yTMZIiVsMu
RusMicrosoft|852141482144354310|2017-04-12 12:48:56|–ö–æ –î–Ω—é –∫–æ—Å–º–æ–Ω–∞–≤—Ç–∏–∫–∏ –º—ã —Å–æ–±—Ä–∞–ª–∏ 5 –∏—Å—Ç–æ—Ä–∏–π –æ –∑–µ–º–Ω—ã—Ö —Ç–µ—Ö–Ω–æ–ª–æ–≥–∏—è—Ö –≤ –∫–æ—Å–º–æ—Å–µ –∏ ¬´–∫–æ—Å–º–∏—á–µ—Å–∫–∏—Ö¬ª —Ç–µ—Ö–Ω–æ–ª–æ–≥–∏—è—Ö –Ω–∞ –ó–µ–º–ª–µ ‚Üí‚Ä¶ https://t.co/fY3mwxpZ0c
RusMicrosoft|852122518467084288|2017-04-12 11:33:34|–û—Ç–º–µ—á–∞–µ–º –î–µ–Ω—å –∫–æ—Å–º–æ–Ω–∞–≤—Ç–∏–∫–∏! –ü–æ —Ç–∞–∫–æ–º—É —Å–ª—É—á–∞—é –≤–æ–ø—Ä–æ—Å: –∫–∞–∫–∏–µ –∫–æ–º–∞–Ω–¥—ã #Windows10 –ø—Ä–∏–≥–æ–¥–∏–ª–∏—Å—å –±—ã –≤ –∫–æ—Å–º–æ—Å–µ? –ü–∏—à–∏—Ç–µ —Å–≤–æ–∏‚Ä¶ https://t.co/Uz6Tfqa3JT
RusMicrosoft|851858507754336257|2017-04-11 18:04:29|–í—Å—Ç—Ä–µ—á–∞–π—Ç–µ #Windows10 Creators Update! –í–æ—Ç —á—Ç–æ –æ–∂–∏–¥–∞–µ—Ç –≤–∞—Å –≤ –Ω–æ–≤–æ–º –æ–±–Ω–æ–≤–ª–µ–Ω–∏–∏ ‚Üí https://t.co/eWSDEcdnrY. https://t.co/SBsmEvow6G
RusMicrosoft|851815103896973312|2017-04-11 15:12:01|5 –∏—Å—Ç–æ—Ä–∏–π –æ—Ç —Ä–∞–∑—Ä–∞–±–æ—Ç—á–∏–∫–æ–≤ –∏–∑ –†–æ—Å—Å–∏–∏ –æ —Ç–æ–º, –∫–∞–∫ –≤—ã—Ä–∞—Å—Ç–∏—Ç—å —É—Å–ø–µ—à–Ω—ã–π IT-—Å—Ç–∞—Ä—Ç–∞–ø, –ø–æ—Å–ª–µ —É—á–∞—Å—Ç–∏—è –≤ Imagine Cup:‚Ä¶ https://t.co/WXz6O4z8cx
RusMicrosoft|851807047209406464|2017-04-11 14:40:00|"–ö–∞–∫ –Ω–∞–π—Ç–∏ –æ–±—â–∏–π —è–∑—ã–∫ —Å –º–∞–º–æ–π? –û—Ç–≤–µ—Ç–∏—Ç—å –Ω–∞ —ç—Ç–æ—Ç –≤–æ–ø—Ä–æ—Å @LeraLyubarskaya –ø–æ–º–æ–≥–ª–∏ —Ç–µ—Ö–Ω–æ–ª–æ–≥–∏–∏ #Microsoft.

https://t.co/D2sXsiGPH2"
RusMicrosoft|851749551870496768|2017-04-11 10:51:32|–í—Å–µ –∫–æ–º–∞–Ω–¥—ã —É–Ω–∏–∫–∞–ª—å–Ω—ã, –∏ –∫–∞–∂–¥–∞—è –¥–æ—Å—Ç–æ–π–Ω–∞ –ª—É—á—à–µ–≥–æ —Å–µ—Ä–≤–∏—Å–∞ –¥–ª—è —Å–æ–≤–º–µ—Å—Ç–Ω–æ–π —Ä–∞–±–æ—Ç—ã. –≠—Ç–æ—Ç —Å–µ—Ä–≤–∏—Å ‚Äî #MicrosoftTeams ‚Üí‚Ä¶ https://t.co/lZk5Ans9LQ
RusMicrosoft|851684330434965504|2017-04-11 06:32:22|@alexstartsev  https://t.co/GfP0HOwImc
RusMicrosoft|851681338260369412|2017-04-11 06:20:29|@MurcielagoCat –ù—É –º–æ–∂–µ—Ç —Ö–æ—Ç—è –±—ã –Ω–∞ –ø–∞—Ä—É –¥–Ω–µ–π? :) –ü—Ä–∏–¥–∞–π—Ç–µ –≤–∏—Ä—É—Å—É –≤–∏—Ä—É—Å–Ω–æ—Å—Ç—å :) –ü—É—Å—Ç—å –µ–≥–æ –ø–æ —Ç–≤–∏—Ç—Ç–µ—Ä—É —Ä–∞–∑–Ω–µ—Å–µ—Ç —Å –≤–∞—à–µ–π –∞–≤–∞—Ç–∞—Ä–∫–∏ ;)
RusMicrosoft|851485179185115136|2017-04-10 17:21:01|–í–∞—à–∏ –≥–ª–∞–∑–∞ —Å–ø–æ—Å–æ–±–Ω—ã –º–Ω–æ–≥–æ–µ —Ä–∞—Å—Å–∫–∞–∑–∞—Ç—å. –û—Å–æ–±–µ–Ω–Ω–æ —Å –ø—Ä–∏–ª–æ–∂–µ–Ω–∏–µ–º –¥–ª—è –≤–≤–æ–¥–∞ —Ç–µ–∫—Å—Ç–∞ –≤–∑–≥–ª—è–¥–æ–º –æ—Ç #Microsoft Research ‚Üí‚Ä¶ https://t.co/Ljpf8oyQvG
RusMicrosoft|851455486528548865|2017-04-10 15:23:01|–î–µ–≤—É—à–∫–∏, –∫–∞–∫ –±—ã –≤—ã –∏–∑–º–µ–Ω–∏–ª–∏ –º–∏—Ä —Å –ø–æ–º–æ—â—å—é —Ç–µ—Ö–Ω–æ–ª–æ–≥–∏–π? –û—Ç–º–µ—á–∞–π—Ç–µ –∏–¥–µ–∏ —Ö—ç—à—Ç—ç–≥–æ–º #–ú–µ—á—Ç–∞—Ç—å–ù–µ–í—Ä–µ–¥–Ω–æ –∏ –ø–æ–ª—É—á–∞–π—Ç–µ –ø—Ä–∏–∑—ã ‚Üí‚Ä¶ https://t.co/WoisontBmJ
RusMicrosoft|851440002617806849|2017-04-10 14:21:30|Exchange –∑–∞—â–∏—Ç–∏—Ç –∫–æ—Ä–ø–æ—Ä–∞—Ç–∏–≤–Ω—É—é –ø–æ—á—Ç—É –æ—Ç –≤—Ä–µ–¥–Ω—ã—Ö –ø—Ä–æ–≥—Ä–∞–º–º –∏ –≤–∏—Ä—É—Å–æ–≤. –ü–æ–¥—Ä–æ–±–Ω–µ–µ –ø–æ —Å—Å—ã–ª–∫–µ ‚Üí https://t.co/aLrJeR6AjD. https://t.co/CShR8OS9Z6
RusMicrosoft|851347892401033216|2017-04-10 08:15:29|@bezumnica —ç—Ç–æ Lenovo Yoga 910
RusMicrosoft|851346512802131969|2017-04-10 08:10:00|@Samarskiyparen –æ–±–Ω–æ–≤–ª–µ–Ω–∏–µ –¥–æ Windows 10 –±–µ—Å–ø–ª–∞—Ç–Ω–æ–µ, –ø—Ä–æ—Å—Ç–æ –Ω–µ –≤—Å–µ —Å–º–∞—Ä—Ç—Ñ–æ–Ω—ã –º–æ–≥—É—Ç –æ–±–Ω–æ–≤–∏—Ç—å—Å—è.
RusMicrosoft|851345639497768960|2017-04-10 08:06:32|@Samarskiyparen –≤—Å–µ –¥–µ–ª–æ –≤ —Ç–æ–º, —á—Ç–æ —Å–∞–º Facebook –æ—Ç–∫–∞–∑—ã–≤–∞–µ—Ç—Å—è –ø–æ–¥–¥–µ—Ä–∂–∏–≤–∞—Ç—å –±–æ–ª–µ–µ —Å—Ç–∞—Ä—ã–µ –≤–µ—Ä—Å–∏–∏ –û–°.
RusMicrosoft|851338962790690816|2017-04-10 07:40:00|@fsqgera —á—Ç–æ-—Ç–æ –ø–æ—à–ª–æ –Ω–µ —Ç–∞–∫ :) –û—Ç–ø—Ä–∞–≤–∏–º –∫–æ–ª–ª–µ–≥–∞–º –¥–ª—è –∏–∑—É—á–µ–Ω–∏—è.
RusMicrosoft|851087057560768514|2017-04-09 14:59:01|–° –∫–æ–º–∞–Ω–¥–æ–π ¬´Win+L¬ª –≤ —Ä–µ–∞–ª—å–Ω–æ–º –º–∏—Ä–µ –º–æ–∂–Ω–æ –±—ã–ª–æ –±—ã –∑–∞–±—ã—Ç—å –æ –∫–ª—é—á–∞—Ö. https://t.co/Eer1YkmBtf
RusMicrosoft|851035256132075520|2017-04-09 11:33:11|–ê–º–±–∞—Ä–Ω—ã–π –∑–∞–º–æ–∫ –Ω–µ –∑–∞—â–∏—Ç–∏—Ç –≤–∞—à –Ω–æ—É—Ç–±—É–∫ –æ—Ç —Ö–∞–∫–µ—Ä–æ–≤. –ï–≥–æ –∑–∞—â–∏—Ç–∏—Ç –≤–∞—à –ø–∞–ª–µ—Ü. –° #WindowsHello ‚Üí https://t.co/6x8pXXxAy7. https://t.co/uq5nm4XtLn
RusMicrosoft|850715356964552705|2017-04-08 14:22:01|–£–∑–Ω–∞–π—Ç–µ, –∫–∞–∫ @mtt_ru –∏—Å–ø–æ–ª—å–∑—É–µ—Ç #DynamicsCRM, —á—Ç–æ–±—ã –æ–±–ª–µ–≥—á–∏—Ç—å —Ä–∞–±–æ—Ç—É —Å–æ—Ç—Ä—É–¥–Ω–∏–∫–æ–≤ –∏ –∞–≤—Ç–æ–º–∞—Ç–∏–∑–∏—Ä–æ–≤–∞—Ç—å –±–∏–∑–Ω–µ—Å-–ø—Ä–æ—Ü–µ—Å—Å—ã‚Ä¶ https://t.co/j4ft3I2Cb7
RusMicrosoft|850705796736442368|2017-04-08 13:44:01|–ë–æ–ª–µ–π—Ç–µ –∑–∞ —Å–æ–≤—Ä–µ–º–µ–Ω–Ω—ã—Ö –∏–∑–æ–±—Ä–µ—Ç–∞—Ç–µ–ª–µ–π –≤ –∂–∏–≤—É—é –∏–ª–∏ –æ–Ω–ª–∞–π–Ω –Ω–∞ –†–æ—Å—Å–∏–π—Å–∫–æ–º —Ñ–∏–Ω–∞–ª–µ Imagine Cup 15.04 ‚Üí‚Ä¶ https://t.co/sfAgPqnlYl
RusMicrosoft|850678112010608644|2017-04-08 11:54:01|¬´–í–æ–∑—å–º–∏—Ç–µ –º–µ–Ω—è –Ω–∞ —Ä–∞–±–æ—Ç—É!¬ª ‚Äî –ø–æ –∏—Ç–æ–≥–∞–º –ø—Ä–µ–º–∏–∏ Changellenge –æ—Ç–Ω–æ—à–µ–Ω–∏–µ –º–æ–ª–æ–¥—ã—Ö —Å–ø–µ—Ü–∏–∞–ª–∏—Å—Ç–æ–≤ –∫ #Microsoft –æ–ø–∏—Å–∞—Ç—å –º–æ–∂–Ω‚Ä¶ https://t.co/RqFjZAP4aK
RusMicrosoft|850385574229929985|2017-04-07 16:31:34|–†–æ–¥–Ω–∞—è –º–∞—Ç—å –Ω–µ –æ—Ç–ª–∏—á–∏—Ç –±–ª–∏–∑–Ω–µ—Ü–æ–≤ –°–µ—Ä—ë–∂—É –∏ –†—É—Å–ª–∞–Ω–∞. –ê #WindowsHello –±–µ–∑ —Ç—Ä—É–¥–∞ —Ä–∞–∑–±–µ—Ä—ë—Ç, –≥–¥–µ –∫—Ç–æ ‚Üí‚Ä¶ https://t.co/0jdI7XIXvP
RusMicrosoft|850353530418450432|2017-04-07 14:24:15|–ü–æ–∑–≤–æ–ª—å—Ç–µ –∫–ª–∏–µ–Ω—Ç–∞–º –Ω–∞–∑–Ω–∞—á–∞—Ç—å –≤—Å—Ç—Ä–µ—á–∏ –∏ –∑–∞–∫–∞–∑—ã–≤–∞—Ç—å —É—Å–ª—É–≥–∏ –≤–∞—à–µ–π –∫–æ–º–ø–∞–Ω–∏–∏ –≤ —Ä–µ–∂–∏–º–µ 24/7 —Å #Office365 Bookings ‚Üí‚Ä¶ https://t.co/bzxcMLPyQh
RusMicrosoft|850327784224370688|2017-04-07 12:41:56|–£–¥–∞—Å—Ç—Å—è –ª–∏ –º–∞–º–µ @EugeneSagaz –≤–µ—Ä–Ω—É—Ç—å —Å—ã–Ω–∞ –¥–æ–º–æ–π? –í–æ–∑–º–æ–∂–Ω–æ, –µ—Å–ª–∏ –Ω–∞ –ø–æ–º–æ—â—å –ø—Ä–∏–¥—É—Ç —Ç–µ—Ö–Ω–æ–ª–æ–≥–∏–∏ #Microsoft. https://t.co/6cg4UrgNek
RusMicrosoft|850002450337734657|2017-04-06 15:09:11|–° #WindowsHello –≤–∞—à –ø–∞–ª–µ—Ü –∑–Ω–∞–µ—Ç –æ—Ç–≤–µ—Ç—ã –Ω–∞ –≤—Å–µ —Å–µ–∫—Ä–µ—Ç–Ω—ã–µ –≤–æ–ø—Ä–æ—Å—ã ‚Üí https://t.co/vxqaQId1QB. https://t.co/hs2IlODp7e
RusMicrosoft|849996118805139457|2017-04-06 14:44:01|@Onesply —Å–æ—á—É–≤—Å—Ç–≤—É–µ–º ;)
RusMicrosoft|849994316944740353|2017-04-06 14:36:51|@RiphyKid –≤–æ–∑–º–æ–∂–Ω–æ, –∏–Ω—Ç–µ—Ä–Ω–µ—Ç –Ω–µ –ø–æ–¥—Ü–µ–ø–∏–ª—Å—è? –ü–æ—Å–ª–µ –≤—Ö–æ–¥–∞ –≤ —Å–∏—Å—Ç–µ–º—É –º–æ–∂–Ω–æ –±—É–¥–µ—Ç –¥–æ–±–∞–≤–∏—Ç—å —É—á–µ—Ç–Ω—É—é –∑–∞–ø–∏—Å—å.
RusMicrosoft|849981014961270784|2017-04-06 13:44:00|@Onesply —Å–º–æ—Ç—Ä—è –≥–¥–µ. –í –ú–æ—Å–∫–≤–µ —Å–µ–≥–æ–¥–Ω—è +17, –∞ –≤ —á–µ—Ä—Ç–µ –≥–æ—Ä–æ–¥–∞ –ø—Ä–∞–∫—Ç–∏—á–µ—Å–∫–∏ –Ω–µ –æ—Å—Ç–∞–ª–æ—Å—å —Å–Ω–µ–≥–∞ –∏ –≥—Ä—è–∑–∏ :)
RusMicrosoft|849969573797482499|2017-04-06 12:58:32|–ß–µ–º –ø—Ä–∏–º–µ—á–∞—Ç–µ–ª–µ–Ω –∞–ø—Ä–µ–ª—å? –•–æ—Ä–æ—à–µ–π –ø–æ–≥–æ–¥–æ–π –∏ –ø–æ–ª–µ–∑–Ω—ã–º–∏ –≤–µ–±–∏–Ω–∞—Ä–∞–º–∏ –¥–ª—è –≤–∞—à–µ–π –∫–æ–º–ø–∞–Ω–∏–∏ ‚Üí https://t.co/o7nyRVkLJ3. https://t.co/O7sAcJxOUh
RusMicrosoft|849659148795076608|2017-04-05 16:25:01|–í—ã –∑–Ω–∞–ª–∏, —á—Ç–æ —Å–∏–Ω–µ–µ –∏–∑–ª—É—á–µ–Ω–∏–µ –º–æ–Ω–∏—Ç–æ—Ä–∞ –Ω–∞—Ä—É—à–∞–µ—Ç —Å–æ–Ω? –í #CreatorsUpdate –ø–æ—è–≤–∏–ª–∞—Å—å —Ñ—É–Ω–∫—Ü–∏—è ¬´–ù–æ—á–Ω–æ–π —Å–≤–µ—Ç¬ª, –∫–æ—Ç–æ—Ä–∞—è —Ä–µ—à‚Ä¶ https://t.co/9jr6ZIaWUs
RusMicrosoft|849636311350874113|2017-04-05 14:54:16|–ö–æ–Ω—Ñ–∏–¥–µ–Ω—Ü–∏–∞–ª—å–Ω–æ—Å—Ç—å –≤ #Windows10: –±–æ–ª—å—à–µ –Ω–∞—Å—Ç—Ä–æ–µ–∫ –∏ –ø—Ä–æ–∑—Ä–∞—á–Ω–æ—Å—Ç—å ‚Üí https://t.co/9hQxhv7E4q. https://t.co/4Obnu2LWNA
RusMicrosoft|849597619194253318|2017-04-05 12:20:31|–ù–µ —Ç–µ—Ä—è–π—Ç–µ —Ñ–∞–π–ª—ã –∫–æ–º–ø–∞–Ω–∏–∏ –Ω–∞ –∫–æ–º–ø—å—é—Ç–µ—Ä–∞—Ö –≤–∞—à–∏—Ö —Å–æ—Ç—Ä—É–¥–Ω–∏–∫–æ–≤. –î–µ—Ä–∂–∏—Ç–µ –∏—Ö –ø–æ–¥ —Ä—É–∫–æ–π –≤ #SharePoint ‚Üí‚Ä¶ https://t.co/m5lrcGPn34
RusMicrosoft|849585940419026944|2017-04-05 11:34:07|–ù–∞—á–∞–ª–æ –∞–ø—Ä–µ–ª—è #MicrosoftStore –æ—Ç–º–µ—á–∞–µ—Ç —Å–∫–∏–¥–∫–∞–º–∏. –° 1 –ø–æ 9 –∞–ø—Ä–µ–ª—è –ø–ª–∞–Ω—à–µ—Ç bb-mobile Techno W8 –¥–µ—à–µ–≤–ª–µ –Ω–∞ 2 500 —Ä. ‚Üí‚Ä¶ https://t.co/ehKcTwwTl7
RusMicrosoft|849534321304252416|2017-04-05 08:09:00|@saakyants –°–ø–∞—Å–∏–±–æ!
RusMicrosoft|849266059945365504|2017-04-04 14:23:01|–£–∑–Ω–∞–π—Ç–µ, –∫–∞–∫ –ø–æ–≤—ã—Å–∏—Ç—å —ç—Ñ—Ñ–µ–∫—Ç–∏–≤–Ω–æ—Å—Ç—å –±–∏–∑–Ω–µ—Å–∞ –Ω–∞ –æ–Ω–ª–∞–π–Ω-–∫–æ–Ω—Ñ–µ—Ä–µ–Ω—Ü–∏–∏ Microsoft Dynamics AX Forum ‚Üí‚Ä¶ https://t.co/BsMqLSPxnw
