darisha16|871708528460910592|2017-06-05 12:41:23|@Typical_MISiS @nansyanishina –¢—ã —É–≤–µ—Ä–µ–Ω? –Ø –µ—â—ë —Å–ª—ã—à–∞–ª–∞ –ø—Ä–æ –≤–∞—Ä–∏–∞–Ω—Ç 2.07.
darisha16|871659532497424384|2017-06-05 09:26:41|@nansyanishina –ö–∞–∫ —Ç–æ–ª—å–∫–æ —É–∑–Ω–∞—é —Ç–æ—á–Ω—É—é –¥–∞—Ç—É, –Ω–∞–ø–∏—à—Éüòç –æ—Ä–∏–µ–Ω—Ç–∏—Ä–æ–≤–æ—á–Ω–æ –∫–æ–Ω–µ—Ü –∏—é–Ω—è-–Ω–∞—á–∞–ª–æ –∏—é–ª—èüëåüèº
darisha16|871648879208529920|2017-06-05 08:44:21|@nansyanishina –ù–µ –∏—Å—á–µ–∑–∞–π!!
darisha16|871359773228355584|2017-06-04 13:35:33|@brupsen –¢–æ—Ç —Ñ–∞–∫—Ç, —á—Ç–æ –¥–µ–Ω—å –ø—Ä–æ—à—ë–ª, –∑–∞—Å—Ç–∞–≤–ª—è–µ—Ç –º–µ–Ω—è –≥—Ä—É—Å—Ç–∏—Ç—åüòí
darisha16|871356829833494528|2017-06-04 13:23:51|@katerinaSheh –ú–æ–π —Ç–∞–π–º-–º–µ–Ω–µ–¥–∂–º–µ–Ω—Ç —Ö—Ä–æ–º–∞–µ—Çüò¨
darisha16|871340766349725696|2017-06-04 12:20:02|–≠—Ç–æ –≤–æ–æ–±—â–µ –∑–∞–∫–æ–Ω–Ω–æ –ø—Ä–æ—Å—ã–ø–∞—Ç—å—Å—è –≤ 15:00 —É–∂–µ —Ç—Ä–µ—Ç–∏–π –¥–µ–Ω—å –ø–æ–¥—Ä—è–¥? (–Ω–µ—Ç)
darisha16|869930661746003968|2017-05-31 14:56:46|–ù–∞—á–∞–ª–æ –ø–æ–ª–æ–∂–µ–Ω–æ ‚úäüèªüòπ https://t.co/ORAnY10JXK
darisha16|869916207406878721|2017-05-31 13:59:20|@panfilova_a –î–ª—è –º–µ–Ω—è –æ—Å–æ–±–µ–Ω–Ω–æüñ§üëåüèºüòπ https://t.co/tjD1K4j5AN
darisha16|867508854673874944|2017-05-24 22:33:23|–®–ª–∞ –≤ –º–∞–≥–∞–∑–∏–Ω —Å —á–µ—Ç–∫–æ–π —É—Å—Ç–∞–Ω–æ–≤–∫–æ–π –Ω–∞ —Ü–≤–µ—Ç–Ω—ã–µ –≤–µ—â–∏. –ê–≥–∞, –≤—ã—à–ª–∞ —Å –ø–∞–∫–µ—Ç–æ–º —á—ë—Ä–Ω—ã—Ö —à–º–æ—Ç–æ–∫. –ü–æ—Ç–æ–º—É —á—Ç–æ —á—ë—Ä–Ω—ã–π-–º–æ—ë –≤—Å—ë‚ô†Ô∏è‚ô£Ô∏èüñ§
darisha16|867457846660796416|2017-05-24 19:10:41|@Eroticmonash @Typical_MISiS –ê–Ω–∏—Å–∏–º–æ–≤ —á—Ç–æ –∑–∞–±–æ–ª–µ–ª? üòÅ—É –Ω–µ–≥–æ —Ç–æ—á–Ω–æ –≤—Å–µ —Ö–æ—Ä–æ—à–æ?üòÇ
darisha16|867282057231314948|2017-05-24 07:32:10|@mariaszczepkina –°–ø–∞—Å–∏–±–æ)
darisha16|867042364631764992|2017-05-23 15:39:43|@mariaszczepkina –î–∞, —Ç–æ–ª—å–∫–æ —Å–ª–∞–±–æ—Å—Ç—å –∏ —à–∏—à–∫–∞ –Ω–∞ –ª–±—É. –°–µ–≥–æ–¥–Ω—è —Å—Ç—ã–∫–æ–≤–∞—è –∏–≥—Ä–∞, —Ç–∞–∫ —Ö–æ—Ç–µ–ª–∞ –∏–≥—Ä–∞—Ç—å, –Ω–æ –µ–¥—É –±–æ–ª–µ—Ç—å –∑–∞ —Å–≤–æ–∏—Ö –¥–µ–≤–æ—á–µ–∫üòí
darisha16|867010856193843200|2017-05-23 13:34:31|"–û—Ä–≥–∞–Ω–∏–∑–º —Ä–µ—à–∏–ª —Å–∫–∞–∑–∞—Ç—å '–î–∞—à–∞,—Ö–≤–∞—Ç–∏—Ç,–∑–∞–∫–æ–ª–µ–±–∞–ª–∞ —Å–æ —Å–≤–æ–∏–º –¥–∏–ø–ª–æ–º–æ–º.–û—Ç–¥–æ—Ö–Ω–∏,—Å–º–æ—Ç—Ä–∏ –∫–∞–∫–æ–π —É–¥–æ–±–Ω—ã–π –ø–æ–ª –≤ –ª–∏—Ñ—Ç–µ'
–ò–ª–∏ –∏—Å—Ç–æ—Ä–∏—è –æ 1 –æ–±–º–æ—Ä–æ–∫–µ –≤ –∂–∏–∑–Ω–∏"
darisha16|866330728757432321|2017-05-21 16:31:56|–ü–æ—á—Ç–∏ —É–≥–∞–¥–∞–ª–∞ —Å—á—ë—Ç –†–æ—Å—Å–∏—è-–§–∏–Ω–ª—è–Ω–¥–∏—èüôÄüôà –¥—É–º–∞–ª–∞ 5:2 –±—É–¥–µ—Ç, –∞ –≤—ã—à–ª–æ 5:3üòí
darisha16|865443411460882437|2017-05-19 05:46:03|https://t.co/9H1hgmrmS5
darisha16|862375019560796162|2017-05-10 18:33:21|@nansyanishina üòçüòçüòçüòçüòçüòç
darisha16|861360212258820096|2017-05-07 23:20:52|"RT @SamantaDarko: –ö–æ–≥–¥–∞ —Å–ª—ã—à—É, –∫–∞–∫ –º–æ—è —Ä–æ–≤–µ—Å–Ω–∏—Ü–∞ –≥–æ–≤–æ—Ä–∏—Ç ""–º–æ–π –º—É–∂"", –º–µ–Ω—è –Ω–∞—á–∏–Ω–∞–µ—Ç —Ç—Ä—É—Å–∏—Ç—å."
darisha16|860404491778232320|2017-05-05 08:03:11|RT @Eroticmonash: –ò —Ç—É—Ç —è –æ—Å–æ–∑–Ω–∞–ª–∞, —á—Ç–æ –≤ –º–æ–µ–π –∂–∏–∑–Ω–∏ –±–æ–ª—å—à–µ –ù–ò–ö–û–ì–î–ê  –Ω–µ –±—É–¥–µ—Ç —ç–∫–æ–Ω–æ–º –º–∏—Å–∏—Å–∞. –í–æ—Ç –æ–Ω–æ —Å—á–∞—Å—Ç—å–µü§ó
darisha16|859862234687733762|2017-05-03 20:08:26|–ï—Å–ª–∏ –Ω–µ—Ç –∫—Ä—é—á–∫–æ–≤ –¥–ª—è —à—Ç–æ—Ä,–∞ —Å–æ–ª–Ω—Ü–µ —É—Ç—Ä–æ–º —Å–ª–∏—à–∫–æ–º —è—Ä–∫–æ —Ö–µ—Ä–∞—á–∏—Ç –≤ –≥–ª–∞–∑,–¥–≤—É—Ö—Å—Ç–æ—Ä–æ–Ω–Ω–∏–π —Å–∫–æ—Ç—á –≤ –ø–æ–º–æ—â—å üòÅüëåüèº‚Ä¶ https://t.co/9vJiKiX6VW
darisha16|859084677130407936|2017-05-01 16:38:42|@AshifinaNastya –û –¥–∞üòÅ–Ω–æ—Å—Ç–∞–ª—å–≥–∏—è —â–∞ –∑–∞—Ö–ª–µ—Å—Ç–Ω—ë—Ç üôÄ
darisha16|857936636973330432|2017-04-28 12:36:48|@ep_sidorova –£–∂–µ –∏ –∑–∞–±—ã–ª–∞ –∫–∞–∫–∏–µ —Ä–∞–Ω—å—à–µ –∫—Ä–∞—Å–∏–≤–µ–Ω—å–∫–∏–µ —Å—Ç–∞–∫–∞–Ω—á–∏–∫–∏ –±—ã–ª–∏ –≤ –¥–∞–Ω–∫–∏–Ω–µüòø
darisha16|857893510552399872|2017-04-28 09:45:26|@panfilova_a –≠—Ç–æ –ø–æ-–Ω–∞—à–µ–º—É üëåüèøüòπ
darisha16|857291841364013056|2017-04-26 17:54:37|–ù–∞–≤–µ—Ä–Ω–æ–µ, —ç—Ç–æ –≤–∫—É—Å–Ω–æ –±—ã–ª–æ –±—ã. –•–æ—Ç—è –æ—Ç–∫—É–¥–∞ –º–Ω–µ –∑–Ω–∞—Ç—å üòπ
darisha16|857291592125861889|2017-04-26 17:53:37|–ö–∞–∫ –∏—Ç–æ–≥: –≤–µ—Å—å –∫–æ—Ä–∏–¥–æ—Ä –±–ª–æ—á–∫–∏ –≤ –∑–µ–ª–µ–Ω–æ–π –∂–∏–∂–µ.. –ö–∞–∫-–±—É–¥—Ç–æ –≤–∞—Ä–µ–Ω–∞—è —Å–≥—É—â–µ–Ω–∫–∞ –≤–∑–æ—Ä–≤–∞–ª–∞—Å—å if you know what I mean üòπ
darisha16|857291202768637956|2017-04-26 17:52:05|–†–µ—à–∏–ª–∞ —Å–¥–µ–ª–∞—Ç—å –∫—Ä–µ–º-—Å—É–ø. –ù–æ —Ç–æ –ª–∏ –≤—Å–µ–ª–µ–Ω–Ω–∞—è —Ä–µ—à–∏–ª–∞, —á—Ç–æ –º–Ω–µ –Ω–µ–ª—å–∑—è –µ—Å—Ç—å —ç—Ç—É –≥–∞–¥–æ—Å—Ç—å, —Ç–æ –ª–∏ –ø—Ä–æ—Å—Ç–æ —Ä—É–∫–∏ –∏–∑ –æ–¥–Ω–æ–≥–æ –º–µ—Å—Ç–∞..
darisha16|857290827764314112|2017-04-26 17:50:35|–®–ø–∏–Ω–∞—Ç-–∑–ª–æ
darisha16|857026530794496002|2017-04-26 00:20:22|–°–ª–∏—à–∫–æ–º –∫—Ä–∞—Å–∏–≤—ã–µ —Å—Ç–æ—Ä–∏–∑ –ø–æ–∑–∞–≤—á–µ—Ä–∞—à–Ω–µ–≥–æ –∑–∞–∫–∞—Ç–∞, –∫–æ—Ç–æ—Ä—ã–π —è –±–ª–∞–≥–æ–ø–æ–ª—É—á–Ω–æ –ø—Ä–æ–≤—Ç—ã–∫–∞–ª–∞, –Ω–∞—Ö–æ–¥—è—Å—å –≤ –º–µ—Ç—Ä–æü§¶üèº‚Äç‚ôÄÔ∏è https://t.co/e3RIavC4Ex
darisha16|857025672375611392|2017-04-26 00:16:57|–ö–∞–∫ —Ç–∞–∫ –≤—ã—à–ª–æ, —á—Ç–æ –¥–≤–∞ –¥–Ω—è –Ω–∞–∑–∞–¥ —Ç—ã –Ω–∞–ø—è–ª–∏–≤–∞–ª–∞ –∑–∏–º–Ω–∏–π –ø—É—Ö–æ–≤–∏–∫, –∞ —Å–µ–≥–æ–¥–Ω—è —É–∂–µ —Ä–∞—Å—Å–µ–∫–∞–ª–∞ –ø–æ —Å—Ç–æ–ª–∏—Ü–µ –≤ —Ç–æ–ª—Å—Ç–æ–≤–∫–µ??
darisha16|856463516437540864|2017-04-24 11:03:09|–õ—é–±–∏–º—ã–π –±–æ–º–∂ —Å—Ç–∞–π–ªüëåüèø https://t.co/p93ja5e1du
darisha16|856176764497924098|2017-04-23 16:03:42|–ù–µ—É–∂–µ–ª–∏ —è –¥–æ —Å–∏—Ö –ø–æ—Ä –ª–æ–≤–ª—é –ø–æ—Å–ª–µ–ø—è—Ç–Ω–∏—á–Ω—ã–µ –æ—Ç—Ö–æ–¥–Ω—è–∫–∏?
darisha16|855847104031449088|2017-04-22 18:13:45|"–°–ª–∏—à–∫–æ–º –≤–µ—Å–µ–ª–æ–µ '–≤—á–µ—Ä–∞'
–°–ª–∏—à–∫–æ–º —Ç—è–∂–µ–ª–æ–µ '—Å–µ–≥–æ–¥–Ω—è'"
darisha16|855421292119511040|2017-04-21 14:01:43|@brupsen –ú–æ–≥—É –¥–∞—Ç—å —Å–≤–æ—é –∑–æ–ª–æ—Ç—É—é –∫–∞—Ä—Ç—É –Ω–∞ 15%, –µ—Å–ª–∏ –Ω–∞–¥–æ –±—É–¥–µ—Ç
darisha16|855420591435862016|2017-04-21 13:58:56|@brupsen –ú–µ–≥–∞—Å–ø–æ—Ä—Ç –Ω–∞ –ø—É—à–∫–∏–Ω—Å–∫–æ–π
darisha16|855417832804405248|2017-04-21 13:47:58|–ü—Ä–∞–≤–∏–ª—å–Ω–æ, –Ω–∏–∫–∞–∫ü§ó
darisha16|855417765380972546|2017-04-21 13:47:42|–ù—É –∫–∞–∫ –º–æ–∂–Ω–æ —É—Å—Ç–æ—è—Ç—å –ø–µ—Ä–µ–¥ —Å–∫–∏–¥–∫–∞–º–∏ –≤ 40% –Ω–∞ –≤–µ—Å—å –∞—Å—Å–æ—Ä—Ç–∏–º–µ–Ω—Ç –∞—Å–∏–∫—Å –¥–∞ –µ—â—ë –∏ —Å —Ç—Ä–µ–Ω–µ—Ä—Å–∫–æ–π —Å–∫–∏–¥–∫–æ–π –Ω–∞ —Ä—É–∫–∞—Ö ?? üôàüò©
darisha16|855417379186245632|2017-04-21 13:46:10|–ú–æ–≥—É —Ç–µ–ø–µ—Ä—å –ª–µ–∫—Ü–∏–∏ —á–∏—Ç–∞—Ç—å, –∫–∞–∫ —Å–ø—É—Å—Ç–∏—Ç—å –≤—Å–µ —Å–≤–æ–∏ —Å–±–µ—Ä–µ–∂–µ–Ω–∏—è –≤ –º–µ–≥–∞—Å–ø–æ—Ä—Ç–µüòÇ
darisha16|855161104397455361|2017-04-20 20:47:50|–ò—Å—Ç–æ—Ä–∏—è –æ 4—Ö –¥–µ–≤–æ—á–∫–∞—Ö, –∫–æ—Ç–æ—Ä—ã–µ –±—ã—Å—Ç—Ä–µ–µ –∏ –ª—É—á—à–µ –ø–æ—Å—Ç–∞–≤–∏–ª–∏ —Å–µ—Ç–∫—É, –Ω–µ–∂–µ–ª–∏ —Ü–µ–ª–∞—è —Å–±–æ—Ä–Ω–∞—è –ø–∞—Ä–Ω–µ–π üòÅ https://t.co/NFVbhPdUTu
darisha16|855120571885080578|2017-04-20 18:06:46|"RT @leprasorium: ‚Äî –ü–æ—á–µ–º—É –æ–ø–æ–∑–¥–∞–ª? 
‚Äî –ü—Ä–æ–±–∫–∞. –ï–ª–µ –æ—Ç–∫—Ä—ã–ª –≤–∏–Ω–æ."
darisha16|855120463873355776|2017-04-20 18:06:20|@Evgeniya_Sobko –ü–æ–¥—Ä—è–≤–ª—è—é!!‚ù§Ô∏è
darisha16|854086122586198019|2017-04-17 21:36:14|@te_dasha –ê—Ö–∞—Ö–∞—Ö–∞—Ö–∞—Ö
darisha16|853901305773002752|2017-04-17 09:21:50|–ù–µ –Ω–∞—Ä—É—à–∞—è —Ç—Ä–∞–¥–∏—Ü–∏–∏, –∑–∞–≥–æ–Ω—è—é —Ñ–æ—Ç–∫–∏ —Å –¥—Ä –≤ —á–± üé∂üñ§ https://t.co/DCHYgoYKxX
darisha16|853710980462850050|2017-04-16 20:45:33|–ù–µ —è –æ–¥–Ω–∞ –∑–∞–º–µ—Ç–∏–ª–∞ –ø—Ä–æ–≥—Ä–µ—Å—ÅüòÅüòé https://t.co/vaQ54CwVBQ
darisha16|852653233906515968|2017-04-13 22:42:27|–Ø —Ä–µ–¥–∫–æ –±—ã–≤–∞—é –¥–æ–≤–æ–ª—å–Ω–∞ —Å–æ–±–æ–π, –ø–æ –±–æ–ª—å—à–µ–π –º–µ—Ä–µ –º–Ω–µ –≤—Å–µ–≥–¥–∞ –º–∞–ª–æ, —Ö–æ—á–µ—Ç—Å—è –ª—É—á—à–µ/—Å–∏–ª—å–Ω–µ–µ/–±—ã—Å—Ç—Ä–µ–µ/–≤—ã—à–µ.. –ù–æ —Å–µ–≥–æ–¥–Ω—è –ø—Ä—è–º –¥–∞..–ö–∞–π—Ñüòç
darisha16|852652650256617477|2017-04-13 22:40:07|–ù–∞–∫–æ–Ω–µ—Ü –ø–æ—á—É–≤—Å—Ç–≤–æ–≤–∞–ª–∞, —á—Ç–æ –ø—Ä–æ–∫–∞—á–∞–ª–∞ —Å–≤–æ–π –≤–æ–ª–µ–π–±–æ–ª—å–Ω—ã–π —Å–∫–∏–ª–ª. –û—Å—Ç–∞–ª–æ—Å—å –¥–æ–±–∏—Ç—å—Å—è —Å—Ç–∞–±–∏–ª—å–Ω–æ—Å—Ç–∏, –∞ –Ω–µ —Ä–∞–∑ –≤ –º–µ—Å—è—Ü —Ç–∞–∫ –∏–≥—Ä–∞—Ç—åüòÅüëåüèº
darisha16|852645224560168961|2017-04-13 22:10:37|RT @koffboy: https://t.co/0GvT61MliI
darisha16|852615707493793793|2017-04-13 20:13:20|@mariaszczepkina –°—Ç–∞—Ä–∞–µ–º—Å—è –∫–∞–∫ –º–æ–∂–µ–º üòé
darisha16|852481061581971456|2017-04-13 11:18:18|"'–ù–µ–ª—å–∑—è –≥–æ–≤–æ—Ä–∏—Ç—å –î–´–†–ö–ê, –Ω—É–∂–Ω–æ –≥–æ–≤–æ—Ä–∏—Ç—å –û–¢–í–ï–†–°–¢–ò–ï' 
–í—ã–¥–µ—Ä–∂–∫–∞ –∏–∑ –ª–∞–± –ø–æ –ª–∏—Ç—å—é üòÅ"
darisha16|852460284908371968|2017-04-13 09:55:44|–ò –∫–∞–∫ –≤—Å–µ —É—Å–ø–µ—Ç—å, –µ—Å–ª–∏ –æ—Å—Ç–∞–ª–æ—Å—å 2 –Ω–µ–¥–µ–ª–∏?üò©
darisha16|852123610907107335|2017-04-12 11:37:55|@brupsen –ö–∞–∫ 1000 –ª–∞–π–∫–æ–≤ –ø–æ—Å—Ç–∞–≤–∏—Ç—å?
darisha16|852085478174191617|2017-04-12 09:06:23|@katerinaSheh ‚ù§Ô∏è
darisha16|851938481395912705|2017-04-11 23:22:16|–ü–∏—Ç—å –≤–∏–Ω–æ, —Å–ª—É—à–∞—Ç—å –ó–µ–º—Ñ–∏—Ä—É –∏ –ø–ª–∞–∫–∞—Ç—å
darisha16|851927522728083456|2017-04-11 22:38:44|–£–±–∏—Ç–æ–µ —Ç–µ–ª—å—Ü–µ –≤–µ—Ä–Ω—É–ª–æ—Å—å —Å —Ç—Ä–µ–Ω–∏—Ä–æ–≤–∫–∏üí™üèª –∞ –µ—â—ë –¥–æ –∫—É—á–∏ —Å–µ–≥–æ–¥–Ω—è –Ω–∞–º–æ—Ç–∞–ª–∏ —Å –°–∞—à–∫–æ–π 11 –∫–ºüëåüèº https://t.co/GbGg2CWmr0
darisha16|851896922810068992|2017-04-11 20:37:08|RT @DLGreez: –ù–∏–∫—Ç–æ –Ω–∏–∫–æ–º—É –Ω–∏—á–µ–≥–æ –Ω–µ –¥–æ–ª–∂–µ–Ω
darisha16|851896866233081856|2017-04-11 20:36:55|RT @DLGreez: –ï—Å–ª–∏ —Ç—ã –¥—É–º–∞–µ—à—å, —á—Ç–æ —è –∫–æ–º—É-—Ç–æ —á—Ç–æ-—Ç–æ –¥–æ–ª–∂–µ–Ω, —Ç–æ –∏–¥–∏ –Ω–∞ —Ö—É–π, –ø–æ–∂–∞–ª—É–π—Å—Ç–∞
darisha16|851896650150891521|2017-04-11 20:36:03|–¢—Ä–µ–Ω–∏—Ä–æ–≤–∫–∞ –¥–ª–∏–ª–∞—Å—å —á–µ—Ç—ã—Ä–µ —á–∞—Å–∞. –ß–ï–¢–´–†–ï, –ö–ê–†–õ
darisha16|851877775967387649|2017-04-11 19:21:03|–¢—Ä–µ–Ω–∏—Ä–æ–≤–∫–∞ –Ω–∞—á–∏–Ω–∞–µ—Ç—Å—è –≤ 18:30.–°–µ–π—á–∞—Å-22:15, –∞ —Ç—ã —Ç–æ–ª—å–∫–æ –∑–∞–≤–µ—Ä—à–∏–ª —Å–≤–æ–π –µ–∂–µ–Ω–µ–¥–µ–ª—å–Ω—ã–π –≤—Ç–æ—Ä–Ω–∏—á–Ω—ã–π —Ä–∏—Ç—É–∞–ª –∏ –∑–∞–∫—Ä—ã–≤–∞–µ—à—å —Å‚Ä¶ https://t.co/WulVEyQQLT
darisha16|851798505773555712|2017-04-11 14:06:04|–°–ø–æ–Ω—Ç–∞–Ω–Ω—ã–π —Ñ–æ—Ç–æ—Å–µ—Ç –≤–º–µ—Å—Ç–æ –ø–∞—Ä? –ü–æ—á–µ–º—É –±—ã –∏ –Ω–µ—Ç —Å–æ–±—Å—Ç–≤–µ–Ω–Ω–æ?ü§óüòú https://t.co/hDeFRjnbiZ
darisha16|851404105767669761|2017-04-10 11:58:51|–Ø –∏ —Ç–∞–∫ —É–∂–µ –º–µ—Å—è—Ü –≤ –Ω–æ—Å—Ç–∞–ª—å–≥–∏–∏ –ø–æ –ø–µ—Ä–≤—ã–º –¥–≤—É–º –∫—É—Ä—Å–∞–º, –∞ —Ç—É—Ç –º–Ω–µ –µ—â—ë –ø–æ—Ä—Ü–∏—é  –ø–æ–¥–æ–≥–Ω–∞–ª–∏ –¥–æ –∫—É—á–∏ü§ó
darisha16|851403604456083456|2017-04-10 11:56:52|"""–î–∞–≤–∞–π —è —Ç–µ–±—è –∫–æ—Ñ–µ —É–≥–æ—â—É, –∫–∞–∫ –≤ —Å—Ç–∞—Ä—ã–µ-–¥–æ–±—Ä—ã–µ –Ω–∞ –ø–µ—Ä–≤–æ–º –∫—É—Ä—Å–µ"""
darisha16|851245095882018816|2017-04-10 01:27:00|@brupsen –£ —Ç–µ–±—è –¥–∏–ø–ª–æ–º –ø—Ä–æ —Ç–≤–∏—Ç—Ç–µ—Ä?üòÅ
darisha16|851244981650116608|2017-04-10 01:26:33|@alinaaipova –ù–µ–ª—å–∑—è
darisha16|851109156522254336|2017-04-09 16:26:50|RT @SamantaDarko: –ò–∑-–∑–∞ –µ–±—É—á–µ–≥–æ –¥–∏–ø–ª–æ–º–∞ —É –º–µ–Ω—è –ø–æ—Å—Ç–æ—è–Ω–Ω–æ –æ—â—É—â–µ–Ω–∏–µ, –±—É–¥—Ç–æ –±—ã –≤ –≥–æ–ª–æ–≤–µ –∫—Ç–æ-—Ç–æ –±–µ–≥–∞–µ—Ç –∏ –æ—Ä–µ—Ç.
darisha16|851023450974105600|2017-04-09 10:46:16|@Evgeniya_Sobko üëåüèºüòÇ
darisha16|850930451690774529|2017-04-09 04:36:43|–ö—É–ø–∏—Ç—å —á—Ç–æ –ª–∏ —Å–µ–±–µ –º—É–∂—Å–∫—É—é —Ç–æ–ª—Å—Ç–æ–≤–∫—É —Ä–∞–∑–º–µ—Ä–∞ L ?ü§î –ò–ª–∏ –∂–µ —ç—Ç—É –Ω–µ –≤–æ–∑–≤—Ä–∞—â–∞—Ç—å –ø—Ä–æ—Å—Ç–æ üòÅ https://t.co/YSRtLnSGgZ
darisha16|850927303668486144|2017-04-09 04:24:13|@Evgeniya_Sobko –ü–æ—á–µ–º—É –±—ã, —Å–æ–±—Å—Ç–≤–µ–Ω–Ω–æ, –∏ –Ω–µ—Ç?ü§î
darisha16|850770787120361473|2017-04-08 18:02:16|"–û—Ç –±–µ–ª—è–µ–≤–æ –¥–æ —á–µ—Ä—Ç–∞–Ω–æ–≤–æ 6,71 –∫–ºüëü
@katerinaSheh –ø–æ–∫–æ—Ä–º–∏–ª–∞, –ø–µ—Ä–µ–æ–¥–µ–ª–∞, —á–∞–µ–º –Ω–∞–ø–æ–∏–ª–∞ . –ê –∫–∞–∫ –≤–∞—Å –º–æ—Ç–∏–≤–∏—Ä—É—é—Ç –¥—Ä—É–∑—å—è?üòÅ https://t.co/uIFtgd4cLq"
darisha16|850642164220649472|2017-04-08 09:31:10|@panfilova_a –£-—É—Å–ø–µ—ÖüòÅ
darisha16|850114547302244352|2017-04-06 22:34:37|RT @koffboy: https://t.co/7CiiWWEXDV
darisha16|849987819053428736|2017-04-06 14:11:02|–¢–æ —á—É–≤—Å—Ç–≤–æ, –∫–æ–≥–¥–∞ —Ç–µ–±–µ —Å—Ç–∞–≤–∏—Ç –ª–∞–π–∫–∏ –ø–∞—Ä–µ–Ω—å, —á—å—ë –ª–∏—Ü–æ –Ω–∞ –≤—Å–µ—Ö –±–∞–Ω–Ω–µ—Ä–∞—Ö –∏ –∞—Ñ–∏—à–∞—Ö –Ω—å—é—Å—Ç–∞—Ä–∫—ç–º–ø–∞ –æ—Ç –∫–≤–∏–∫—Å–∏–ª—å–≤–µ—Ä–∞ü§óüòé https://t.co/6Daq83hi75
darisha16|849976019255734273|2017-04-06 13:24:09|22 –≥–æ–¥–∞ –∂–∏–ª–∞ –∏ –Ω–µ –∑–Ω–∞–ª–∞, —á—Ç–æ —É –º–µ–Ω—è –æ–∫–∞–∑—ã–≤–∞–µ—Ç—Å—è –ø–ª–æ—Å–∫–æ—Å—Ç–æ–ø–∏–µ 1 —Å—Ç–µ–ø–µ–Ω–∏, –Ω–∞–¥—Ä—ã–≤ —Å–≤—è–∑–æ–∫ –∏ —Å–∏–ª—å–Ω–æ–µ –Ω–∞—Ç—è–∂–µ–Ω–∏–µ –∞—Ö–∏–ª–ª–æ–≤–∞ —Å—É—Ö–æ–∂–∏–ª–∏—è üòë
darisha16|849975019556007937|2017-04-06 13:20:11|–†–µ—à–∏–ª–∞ –∫—É–ø–∏—Ç—å –±–∞–Ω–¥–∞–∂ –Ω–∞ –≥–æ–ª–µ–Ω–æ—Å—Ç–æ–ø, –ø–æ–ø–∞–ª–∞ –Ω–∞ –±–µ—Å–ø–ª–∞—Ç–Ω—É—é –∫–æ–Ω—Å—É–ª—å—Ç–∞—Ü–∏—é –∫ –æ—Ä—Ç–æ–ø–µ–¥—É. –õ—É—á—à–µ –± —Ç–∞–∫ –∏ –∂–∏–ª–∞ –≤ –Ω–µ–≤–µ–¥–µ–Ω–∏–∏ üòìüòÅ
darisha16|849634888022142976|2017-04-05 14:48:37|RT @leprasorium: https://t.co/SOwdE2VtZr
darisha16|849634135857614854|2017-04-05 14:45:38|@taseae –ù–∞ –ß–ú?
darisha16|848904983181488128|2017-04-03 14:28:14|–û—á–µ–Ω—å –ø—Ä–∏—è—Ç–Ω–æ —ç—Ç–æ —Å–ª—ã—à–∞—Ç—å –∏–º–µ–Ω–Ω–æ –æ—Ç —Ç–µ–±—è üòç https://t.co/WxtJjCI1YV
darisha16|848899212205076485|2017-04-03 14:05:18|@mariaszczepkina –û–æ –¥–∞–∞‚ò∫Ô∏è –Ω–∞—á–∞–ª–∞ –±–µ–≥–∞—Ç—å –≤ –Ω–æ—è–±—Ä–µ –∏ –æ—á–µ–Ω—å –±–æ—è–ª–∞—Å—å –∑–∞–±–æ–ª–µ—Ç—å, –±–µ—Å–∏–ª —Å–Ω–µ–≥/–¥–æ–∂–¥—å –∏ —Ç–¥, —Å–µ–π—á–∞—Å —É–∂–µ –≤–æ–æ–±—â–µ‚Ä¶ https://t.co/G8CmnbIfwl
darisha16|848898467124609024|2017-04-03 14:02:20|@panfilova_a –û—á–µ–Ω—å —Å—Ç—Ä–∞—à–Ω–æ üò≥ üôà
darisha16|848898152656777218|2017-04-03 14:01:06|@mariaszczepkina 20 –ª–µ—Ç –±—ã–ª–∞ –∞–±—Å–æ–ª—é—Ç–Ω–æ —É–±–µ–∂–¥–µ–Ω–∞, —á—Ç–æ —Ç–µ—Ä–ø–µ—Ç—å –Ω–µ –º–æ–≥—É –±–µ–≥–∞—Ç—å, —á—Ç–æ –ª—É—á—à–µ —Å–¥–µ–ª–∞—Ç—å –ª—é–±—É—é –¥—Ä—É–≥—É—é —Ñ–∏–∑–Ω–∞–≥—Ä‚Ä¶ https://t.co/UGE4RsZzQa
darisha16|848688392258846724|2017-04-03 00:07:35|RT @SamantaDarko: –í —Å–≤—è–∑–∏ —Å –∑–∞—ë–±–∏—Å—Ç—ã–º —Å–æ—Å—Ç–æ—è–Ω–∏–µ–º –∏ —Å —Ü–µ–ª—å—é –Ω–µ–¥–æ–ø—É—â–µ–Ω–∏—è –≥—Ä—É—Å—Ç–Ω–µ–Ω—å–∫–æ–≥–æ –Ω–∞—Å—Ç—Ä–æ–µ–Ω–∏—è, –º–Ω–æ—é –±—ã–ª–æ –ø—Ä–∏–Ω—è—Ç–æ —Ä–µ—à–µ–Ω–∏–µ –Ω–µ–∑–∞–º–µ–¥–ª–∏—Ç–µ–ª—å–Ω–æ‚Ä¶
darisha16|848688256912904193|2017-04-03 00:07:02|–ù–µ –ø–µ—Ä–µ—Å—Ç–∞—é –≤–æ—Å—Ö–∏—â–∞—Ç—å—Å—è, –¥–æ —á–µ–≥–æ –∂–µ –ø—Ä–∏—è—Ç–Ω–∞—è, –º–æ—Ç–∏–≤–∏—Ä—É—é—â–∞—è –≤–µ—â—å! –ù–∞–ø–∏—Å–∞–Ω–æ —Ö–æ—Ç—å –∏ –æ –±–µ–≥–µ, –Ω–æ –≤–µ–¥—å —Å–æ–≤—Å–µ–º –Ω–µ –æ –Ω–µ–º (i‚Ä¶ https://t.co/ptuX9FxK8U
darisha16|848657150977114112|2017-04-02 22:03:26|–ó–¥–µ—Å—å –≤—Å–µ –Ω–∞—á–∞–ª–æ—Å—å,–ø—É—Å–∫–∞–π –∑–¥–µ—Å—å –∏ –ø—Ä–æ–¥–æ–ª–∂–∞–µ—Ç—Å—è!ü§ó–¢–∞–∫–∞—è –¥–æ–ª–≥–æ–∂–¥–∞–Ω–Ω–∞—è,–∑–∞–≤–µ—Ç–Ω–∞—è —Ç—Ä—ë—à–∫–∞üòç–ö–æ–≥–¥–∞ —Ç–æ–ª—å–∫–æ –Ω–∞—á–∏–Ω–∞–ª–∞,–æ—á–µ–Ω—å —Å–∏–ª—å‚Ä¶ https://t.co/LUC6KMCUW8
darisha16|848595856731373569|2017-04-02 17:59:53|–î–æ—à–ª–∏ —Ä—É—á–∫–∏ —Å–¥–µ–ª–∞—Ç—å —Å–µ–±–µ –∫–∞—Ä—Ç—É –ª–æ—è–ª—å–Ω–æ—Å—Ç–∏ –æ—Ç S7ü§ó —É—Ä–∞, —Ç–æ–≤–∞—Ä–∏—â–∏
darisha16|848549380303048704|2017-04-02 14:55:12|–¢–µ–ø–µ—Ä—å –∑–Ω–∞—é, —É –∫–æ–≥–æ —Å–∫–∞—Ç–∞–ª –∏—Ö —Ç–æ—Ç, —É –∫–æ—Ç–æ—Ä–æ–≥–æ —Å–ø–∏—Å—ã–≤–∞–ª–∞ —èüòÅ–ò –ø–æ–ª—É—á–∏–ª–∞ –æ—Ñ–∏—Ü–∏–∞–ª—å–Ω–æ–µ —Ä–∞–∑—Ä–µ—à–µ–Ω–∏–µ —ç—Ç–∏ —Ä–∞—Å—á—ë—Ç—ã —Å—Ç—ã—Ä–∏—Ç—åüëçüèª
darisha16|848549249239396352|2017-04-02 14:54:40|–ü—Ä–µ–ø–æ–¥ –ø–æ–ø—Ä–æ—Å–∏–ª —Å–æ—Å–ª–∞—Ç—å—Å—è –Ω–∞ –∏—Å—Ç–æ—á–Ω–∏–∫, –∏–∑ –∫–æ—Ç–æ—Ä–æ–≥–æ –±—ã–ª–∞ –≤–∑—è—Ç–∞ –º–µ—Ç–æ–¥–∏–∫–∞ —Ä–∞—Å—á—ë—Ç–æ–≤. –ß–µ—Å—Ç–Ω–æ –ø—Ä–∏–∑–Ω–∞–ª–∞—Å—å —á—Ç–æ —Å–ø–µ—Ä–ª–∞ —Ä–∞—Å—á—ë—Ç—ãüôãüèº
darisha16|848101765962706944|2017-04-01 09:16:32|@Evgeniya_Sobko –ù–∏—á–µ–≥–æ, –ø—Ä–æ—Ñ–∏–ª–∞–∫—Ç–∏–∫–∞ü§ó
darisha16|847955532124233728|2017-03-31 23:35:27|–¢—É—Ä–∏—Å—Ç-–æ—Ä–∏–µ–Ω—Ç–∏—Ä–æ–≤—â–∏–∫ —É—á–∏—Ç –Ω–µ–¥–æ–±–µ–≥—É–Ω—å—é –∏ —ç–∫—Å-—Ç—É—Ä–∏—Å—Ç–∫—É –º–æ—Ç–∞—Ç—å —Å—Ç–æ–ø—ÉüòÅ –ø—Ä–∏–∫–æ–ª –¥–ª—è —Å–≤–æ–∏—Ö –∏ –ø–æ–Ω–∏–º–∞—é—â–∏—Öü§ó‚úåüèª https://t.co/vqIfksTeVv
darisha16|847947554843242497|2017-03-31 23:03:45|RT @AshifinaNastya: –ö–≤–∏–∫—Å–∏–ª—å–≤–µ—Ä- —ç—Ç–æ —Å–ª–∏—à–∫–æ–º –∫—Ä—É—Ç–æüòª–•–æ—á—É—É—É üò´üíîüò¢
darisha16|847811035398582272|2017-03-31 14:01:17|–°–ª—ã—à–∞—Ç—å –≤ –≥–æ–ª–æ–≤–µ –∏–Ω—Ç–æ–Ω–∞—Ü–∏—é –æ—Ç–ø—Ä–∞–≤–∏—Ç–µ–ª—è, –∫–æ–≥–¥–∞ —á–∏—Ç–∞–µ—à—å —Å–æ–æ–±—â–µ–Ω–∏—è - —ç—Ç–æ —à–∏–∑–∞ –∏–ª–∏ –Ω–æ—Ä–º–∞?
darisha16|847770301995855873|2017-03-31 11:19:25|@brupsen –ø–æ–¥–µ–ª–∏—Å—å –ø–∞—Ä–æ–ª–µ–º))
darisha16|847554208316497921|2017-03-30 21:00:44|–ò–Ω–≤–µ—Ä—Å–∏—è –¥–æ–º–∏–Ω–∏—Ä–æ–≤–∞–Ω–∏—è, –ø—Ä–∏—á–∏–Ω—ã –∏ –ø–æ—Å–ª–µ–¥—Å—Ç–≤–∏—è ü§∑‚Äç‚ôÄÔ∏è
darisha16|847080829859741698|2017-03-29 13:39:42|@brupsen –≤—Å–µ–≥–¥–∞ —Å—á–∏—Ç–∞–ª–∞,—á—Ç–æ —ç—Ç–∞ –∑–∞—Ç–µ—è –Ω–µ –ø–æ–ª—å–∑—É–µ—Ç—Å—è —É—Å–ø–µ—Ö–æ–º.—Å–≤–æ–µ –∑–∞–±–ª—É–∂–¥–µ–Ω–∏–µ —è –æ—Å–æ–∑–Ω–∞–ª–∞ —Å–µ–≥–æ–¥–Ω—è, –∫–æ–≥–¥–∞ —É–≤–∏–¥–µ–ª–∞ –∞–Ω—à–ª–∞–≥ –∏–∑ –Ω–µ–≥—Ä–æ–≤ –∏ –Ω–µ—Ä—É—Å—Å–∫–∏—ÖüòÑ
darisha16|847023348592857088|2017-03-29 09:51:17|"RT @leprasorium: –§–∞–Ω—Ç–∞—Å—Ç–∏—á–µ—Å–∫–∏–π —Ç—Ä–∏–ª–ª–µ—Ä ""–Ø –ø—Ä–∏—à–µ–ª –≤–æ–≤—Ä–µ–º—è"" —Å–º–æ—Ç—Ä–∏—Ç–µ –≤–æ –≤—Å–µ—Ö –∫–∏–Ω–æ—Ç–µ–∞—Ç—Ä–∞—Ö –Ω–∏–∫–æ–≥–¥–∞"
darisha16|846964847073988608|2017-03-29 05:58:50|–í—Ç–æ—Ä–æ–π —Ä–∞–∑ –∑–∞ –≤—Å—é —É—á–µ–±—É –ø–æ–ø–∞–ª–∞ –Ω–∞ —Ö–∞–ª—è–≤–Ω—ã–π –∑–∞–≤—Ç—Ä–∞–∫ üòÅ
darisha16|846404433227534336|2017-03-27 16:51:56|–ï—Å–ª–∏ —Ç–µ–±–µ —Ä–∞—Å—Ö–µ—Ä–∞—á–∏–ª–∏ –¥–µ—Å–Ω—É, —Ç–æ —Ä–æ–¥—Å—Ç–≤–µ–Ω–Ω–∏–∫–∏ —Å—Ä–∞–∑—É –Ω–∞—á–∏–Ω–∞—é—Ç –ø—Ä–µ–¥–ª–∞–≥–∞—Ç—å —Ç–µ–±–µ —á—Ç–æ-—Ç–æ –ø–æ–µ—Å—Ç—å. –ê –∫–∞–∫ –±–ª—è?ü§î–ë–ª–µ–Ω–¥–µ—Ä –≤ –ø–æ–º–æ—â—å, –∫–∞–∂–µ—Ç—Å—èüòÅüò©
darisha16|846370471968944128|2017-03-27 14:36:59|@Typical_MISiS @AshifinaNastya —Ö–æ—Ç—å –Ω–µ –∑–∞—Ö–æ–¥–∏ –Ω–∏–∫—É–¥–∞, –Ω–µ –ª–∏—Å—Ç–∞–π –Ω–æ–≤–æ—Å—Ç–∏üòæüòø
darisha16|845671300844670977|2017-03-25 16:18:44|@te_dasha –≤—Å–µ–≥–¥–∞ —ç—Ç–æ –ø–æ–¥–æ–∑—Ä–µ–≤–∞–ª–∞ üòÅ
darisha16|845665044494987265|2017-03-25 15:53:52|@te_dasha —Ç—ã —á—Ç–æ –∫—ç—Ç—Ñ—Ä–∏?üòÅ
darisha16|845567672842641409|2017-03-25 09:26:57|–í–æ, –ø–µ—Ä–µ—Å—Ç–∞–ª, –∏ –≤—ã—à–ª–æ —Å–æ–ª–Ω—Ü–µ. –†–∞–∑–Ω–∏—Ü–∞ 3 –º–∏–Ω—É—Ç—ã ü§óüôà
darisha16|845567429703094272|2017-03-25 09:25:59|@nellydray —Ö–∞–ª—è–≤–∞ - –Ω–∞—à–µ –≤—Å—ëüòÅ‚úäüèª
darisha16|845567096411082752|2017-03-25 09:24:40|–ü—Ä–∏–µ—Ö–∞–ª–∞ –≤ –ü–∞–≤–ª–æ–≤—Å–∫ –≤ –∫–æ–∂–∞–Ω–∫–µ, –∞ —Ç—É—Ç —Å–Ω–µ–≥ ü§∑‚Äç‚ôÄÔ∏è –•–æ—Ç—è –Ω–∞ 700 –∫–º —é–∂–Ω–µ–µ.. –õ–æ–≥–∏–∫–∞ –≥–¥–µ?
darisha16|845566667119845376|2017-03-25 09:22:57|Yesterday üî• https://t.co/DeKkodLKjs
darisha16|845557774197116928|2017-03-25 08:47:37|@nellydray –º–∞–≥–∞–∑–∏–Ω –æ—Ç–∫—Ä—ã–≤–∞—é—Ç —á—Ç–æ –ª–∏?
darisha16|845557312643354624|2017-03-25 08:45:47|–í—á–µ—Ä–∞ —Ç—ã –¥—É–º–∞–ª–∞,—á—Ç–æ –ø–æ–µ–¥–µ—à—å –≤ –ø–≤–ª –≤ 9 –≤–µ—á–µ—Ä–∞,–Ω–æ –¥–∞–ª—å—à–µ –≤—Å–µ –∫–∞–∫ –≤ —Ç—É–º–∞–Ω–µ:–¥–µ–≤–æ—á–∫–∏,–≤–∏–Ω–æ,–ø–µ—Å–Ω–∏üò∏–±–∞—Ü..–∏ —Ç—ã —É–∂–µ —Ç—É—Å–∏—à—å –≤ —Ö–ª–∞–º–µ, –∞ –≤—Ä–µ–º—è —Ç—Ä–∏ —É—Ç—Ä–∞üôÄüò∏
darisha16|845537078213591040|2017-03-25 07:25:23|RT @SamantaDarko: –ï—Å–ª–∏ —á–µ–ª–æ–≤–µ–∫ –Ω–µ –ª—é–±–∏—Ç –∫–æ—Ç–æ–≤, —Ç–æ –∏ —á–µ–ª–æ–≤–µ–∫ –æ–Ω —Ç–∞–∫ —Å–µ–±–µ.
darisha16|845259225802706944|2017-03-24 13:01:18|@panfilova_a –¥–∞ –∫–∞–∫ –∫–∞–π—Ñ —Ç–µ–±–µ, —Ç–æ–ª—å–∫–æ —è —Å–µ–≥–æ–¥–Ω—è –ø–æ–µ–¥—É –¥–∞–ª—å—à–µ –ø–æ –æ–±–ª–∞—Å—Ç–∏üòÅ–∞ —Ç–∞–º —Å–∫—É–∫–∞
darisha16|844903348528648192|2017-03-23 13:27:10|–ö –ø–æ–µ–∑–¥–∫–µ –¥–æ–º–æ–π –≥–æ—Ç–æ–≤–∞ üëåüèº https://t.co/EQp5TWymlj
darisha16|844870367126601728|2017-03-23 11:16:07|RT @SamantaDarko: –ü—Ä–æ—è–≤–ª—è—é —Å–≤–æ—é –ª—é–±–æ–≤—å, –∫–æ–≥–¥–∞ –±—å—é –∏–ª–∏ —â–∏–ø–∞—é —Å–≤–æ–π –ø—Ä–µ–¥–º–µ—Ç –æ–±–æ–∂–∞–Ω–∏—è.
darisha16|844525751273697281|2017-03-22 12:26:44|–ê –∂–∏–∑–Ω—å, –æ–∫–∞–∑—ã–≤–∞–µ—Ç—Å—è, –Ω–∞–ª–∞–∂–∏–≤–∞–µ—Ç—Å—èüôàü§ó
darisha16|844517132171923456|2017-03-22 11:52:29|–ï—Å–ª–∏ –Ω–µ —Å–ø–∞–ª –Ω–æ—á—å, —Ç–æ –∑–∞–≤—Ç—Ä–∞–∫ –Ω–µ –∏–º–µ–µ—Ç –ø—Ä–∞–≤–∞ –Ω–∞–∑—ã–≤–∞—Ç—å—Å—è –∑–∞–≤—Ç—Ä–∞–∫–æ–º. –≠—Ç–æ –∫–∞–∫ –º–∏–Ω–∏–º—É–º —Ç—Ä–µ—Ç–∏–π –ø–æ–∑–¥–Ω–∏–π —É–∂–∏–Ω üò¨üòÅ
darisha16|844442226163957760|2017-03-22 06:54:50|–ö–∞–∫—É—é —Å–∞–º—É—é —Å—Ç—Ä–∞–Ω–Ω—É—é –∏–Ω—Ç–µ—Ä–ø—Ä–µ—Ç–∞—Ü–∏—é —Ñ—Ä–∞–∑—ã '–¥–æ–±—Ä–æ–µ —É—Ç—Ä–æ'?ü§î –ú–Ω–µ –≤–æ—Ç —Å–µ–≥–æ–¥–Ω—è –Ω–µ–æ–∂–∏–¥–∞–Ω–Ω–æ –ø—Ä–∏–ª–µ—Ç–µ–ª–æ '—É—Ç—Ä–æ –≤ —Ö–∞—Ç—É'üòÅ
darisha16|844427059594252288|2017-03-22 05:54:34|@Evgeniya_Sobko üòçüòçüòç
darisha16|844331421309251585|2017-03-21 23:34:32|–ö—Ç–æ —Ç—É—Ç –∫—Ç–æ —Ç—É—Ç?)) –î–µ–≤—á—É—à–∫–∏, –∫–æ—Ç–æ—Ä—ã–µ –æ–±—ã–≥—Ä–∞–ª–∏ –ú–ì–ò–ú–û —Å–æ —Å—á–µ—Ç–æ–º 3:1 üòéü§óüòç https://t.co/3OO9B6Rakq
darisha16|844132839792791553|2017-03-21 10:25:26|–í—Ç–æ—Ä–æ–π —Ñ–ª—ç—à–±—ç–∫ –∑–∞ 2 –Ω–µ–¥–µ–ª–∏ —Å –ø—Ä–∏–∑–Ω–∞–Ω–∏–µ–º –æ –º—É–¥–∞—á–µ—Å—Ç–≤–µ. –≠—Ç–æ –∫–∞–∫ –≤–æ–æ–±—â–µ? –ó–∞—á–µ–º? –ò –≤–æ–æ–±—â–µ —Å–ª–∞–±–æ –±—ã–ª–æ —Å—Ä–∞–∑—É –≤–µ—Å—Ç–∏ —Å–µ–±—è –Ω–æ—Ä–º?
darisha16|843136455472009216|2017-03-18 16:26:10|–ó–∞–¥–∞—é —Ç–µ–º–ø –∑–∞—è–¥–ª—ã–º —Å–ø–æ—Ä—Ç—Å–º–µ–Ω–∞–º —Å–æ —Å—Ç–∞–∂–µ–º üëåüèºüòé https://t.co/X939Skk3Cl
darisha16|843134170419396608|2017-03-18 16:17:05|–ú–æ–∂–µ—Ç –Ω–∞—á–∞—Ç—å –≤–∏–Ω–Ω—ã–µ –ø—Ä–æ–±–∫–∏ —Å–æ–±–∏—Ä–∞—Ç—å –≤ –≤–∞–∑—É, –∞ —Ç–æ —á–µ —è –Ω–µ –∫–∞–∫ –≤—Å–µ??ü§î
darisha16|843133089689882624|2017-03-18 16:12:47|@brupsen —Å–∫–∞—á–∞–π –ø—Ä–∏–ª–æ–∂—É—Ö—É Nike+run club –∏ –≤–ø–µ—Ä—ë–¥) –∫—Å—Ç–∞—Ç–∏, –±–∏—Ç—Ü–∞ –¥–æ –∞–ø—Ä–µ–ª—è –º–∏–Ω–∏–º—É–º –Ω–µ –ø—Ä–∏–≥–æ–¥–Ω–∞ –¥–ª—è –±–µ–≥–∞(  —Å–µ–≥–æ–¥–Ω—è –ø—Ä–æ–≤–µ—Ä—è–ª–∞, —Ç–∞–º –∫–∞–±–∑–¥–∞..
darisha16|843078553910611968|2017-03-18 12:36:05|–í–≤–æ–∂—É –±–µ–≥ –≤ –º–∞—Å—Å—ã‚úäüèª https://t.co/Fz821kCVOw
darisha16|842323963472711680|2017-03-16 10:37:37|@panfilova_a üôÅ
darisha16|842323681820979200|2017-03-16 10:36:30|@panfilova_a —Ç–µ–ø–µ—Ä—å –∏ –Ω–∞ —Å—É–±–±–æ—Ç—É –µ—Å—Ç—å)
darisha16|842148977734766592|2017-03-15 23:02:17|–ö–∞–∫ –∂–µ –ø—Ä–æ—Ç–∏–≤–Ω–æ –æ—Ç –æ—Å–æ–∑–Ω–∞–Ω–∏—è, —á—Ç–æ –º–æ–≥–ª–æ –±—ã—Ç—å –ª—É—á—à–µ, –Ω–æ –≤—Å–µ —Ä–∞–≤–Ω–æ –æ—Å—Ç–∞—ë—à—å—Å—è –Ω–∞ –∏—Å—Ö–æ–¥–Ω–æ–π, –ø–æ—Ç–æ–º—É —á—Ç–æ —Ç–∞–∫ (–ª–µ–≥—á–µ?) —á—Ç–æ –ª–∏ .. ü§¶üèº‚Äç‚ôÄÔ∏è
darisha16|842067638054453249|2017-03-15 17:39:04|–°–ª–æ–≤–∏–ª–∞ –∫–∞–π—Ñ –ø—Ä–æ—Å—Ç–æ —Å–∏–¥–µ—Ç—å –Ω–∞ –≤–æ–∫–∑–∞–ª–µ –≤ –∑–∞–ª–µ –æ–∂–∏–¥–∞–Ω–∏—è, –ø–∏—Ç—å –∫–æ—Ñ–µ –∏ –Ω–∞–±–ª—é–¥–∞—Ç—å –∑–∞ –ª—é–¥–∏—à–∫–∞–º–∏
darisha16|841621648008728576|2017-03-14 12:06:52|–ò –∑–∞—á–µ–º —è –Ω–µ –≤ –ü–∞—Ä–∏–∂–µ? –ê –Ω–∞ –ø–∞—Ä–µüôÅ https://t.co/2udMpdJUPi
darisha16|841603450806890496|2017-03-14 10:54:33|@nellydray –∂–¥—É, –∫–æ–≥–¥–∞ —á—É—Ç—å –ø—Ä–∏–≤—ã–∫–Ω—É—Ç –∫ –Ω–æ–≤–æ–π –¥–ª–∏–Ω–µ, —á—Ç–æ–±—ã —É–∫–ª–∞–¥—ã–≤–∞–ª–∏—Å—å https://t.co/LDHLbMuYS7
darisha16|841598404073512961|2017-03-14 10:34:30|–ü—Ä–æ—Å–Ω—É—Ç—å—Å—è –∫–æ –≤—Ç–æ—Ä–æ–π, –Ω–æ –≤—Å–µ —Ä–∞–≤–Ω–æ –æ–ø–æ–∑–¥–∞—Ç—å –∫ —Ç—Ä–µ—Ç—å–µ–π üëåüèº
darisha16|841583578416844800|2017-03-14 09:35:35|5 —Å–µ–∫—É–Ω–¥ –Ω–∞ —Ä–∞–∑–¥—É–º—å—è. –ò —Ç–∞–∫ –ø—Ä–∞–∫—Ç–∏—á–µ—Å–∫–∏ –≤–æ –≤—Å–µ–º
darisha16|841583322522357760|2017-03-14 09:34:34|–ò —Å–Ω–æ–≤–∞ –ø—Ä–æ —Å–ø–æ–Ω—Ç–∞–Ω–Ω–æ—Å—Ç—å. –í—á–µ—Ä–∞ –µ—Ö–∞–ª–∞ —Å —É–Ω–∏–≤–µ—Ä–∞, –ª–∏—Å—Ç–∞–ª–∞ –∏–Ω—Å—Ç, —É–≤–∏–¥–µ–ª–∞ –∫—Ä—É—Ç—É—é —Ñ–æ—Ç–∫—É, –ø–æ—à–ª–∞ –∏ —Ç–∞–∫–∂–µ –æ—Ç—Å—Ç—Ä–∏–≥–ª–∞ —á–µ–ª–∫—É, –∫–∞–∫ –Ω–∞ —Ç–æ–º —Ñ–æ—Ç–æüòÖ
darisha16|841354783109857280|2017-03-13 18:26:26|RT @AshifinaNastya: –ö—Ç–æ —è —Ç–∞–∫–∞—è, —á—Ç–æ–±—ã —Å–ø–æ—Ä–∏—Ç—å —Å –±—É–¥—É—â–∏–º –≤—Ä–∞—á–æ–º ü§ó https://t.co/uXdMI5M6qj
darisha16|841346212137693184|2017-03-13 17:52:23|–ü—Ä–æ—à–ª–æ –≤–æ—Å–µ–º—å –ª–µ—Ç, —Å —É–º–∞ —Å–æ–π—Ç–∏..
darisha16|841346111843532800|2017-03-13 17:51:59|–ü–æ–º–Ω—é, –∫–∞–∫ –ø–µ—Ä–≤—ã–µ 2 —Å–µ–∑–æ–Ω–∞ –î–í –º–Ω–µ –¥–æ—Å—Ç–∞–ª–∏—Å—å –Ω–∞ –¥–∏—Å–∫–µ, –∞ –ø–æ—Ç–æ–º –º—ã —Å –ø–æ–¥—Ä—É–≥–æ–π –Ω–∞ –ø–µ—Ä–µ–≥–æ–Ω–∫–∏ —Å–º–æ—Ç—Ä–µ–ª–∏ —Ç–æ–ª—å–∫–æ-—Ç–æ–ª—å–∫–æ –≤—ã—à–µ–¥—à–∏–µ —Å–µ—Ä–∏–∏ –≤ –æ—Ä–∏–≥–∏–Ω–∞–ª–µ..
darisha16|841345073551949825|2017-03-13 17:47:51|–í–æ—Ç –∏ –≤—Å—ë, –∫–æ–Ω–µ—Ü —Ü–µ–ª–æ–≥–æ –∫—É—Å–æ—á–∫–∞ –º–æ–µ–π –∂–∏–∑–Ω–∏ —Å–æ —Å—Ç–∞—Ä—à–∏—Ö –∫–ª–∞—Å—Å–æ–≤ –∏ –ø–æ—á—Ç–∏ –¥–æ –æ–∫–æ–Ω—á–∞–Ω–∏—è —É–Ω–∏–≤–µ—Ä–∞. –ì—Ä—É—Å—Ç–Ω–æ, –æ–¥–Ω–∞–∫–æ, –∫–æ–≥–¥–∞ –∑–∞–∫–∞–Ω—á–∏–≤–∞–µ—Ç—Å—è —Å–µ—Ä–∏–∞–ª((
darisha16|841230396767535104|2017-03-13 10:12:10|–ë–ª—è—Ç—å, –ø—Ä–æ—Å—Ç–æ –æ–±–æ–∂–∞—é, —á—Ç–æ —è –±–∞–±–∞. –•–ª–µ–±–æ–º –Ω–µ –∫–æ—Ä–º–∏, –¥–∞–π  –ø–æ–Ω—ã—Ç—å –∏ –ø–æ–ø—Ä–∏–¥—É–º—ã–≤–∞—Ç—å —Å–µ–±–µ –ø—Ä–æ–±–ª–µ–º—ã
darisha16|840902067514441729|2017-03-12 12:27:30|@brupsen –ø—Å–∏—Ö–∏–∞—Ç—Ä–∏—á–µ—Å–∫–æ–πüòù
darisha16|840750066948276224|2017-03-12 02:23:30|RT @leprasorium: https://t.co/3ZX1o4QKMQ
darisha16|840690347156082693|2017-03-11 22:26:12|–í—Å–µ —Å–±–µ—Ä–æ–≤—Å–∫–∏–µ –±–∞–Ω–∫–æ–º–∞—Ç—ã –≤ –æ–∫—Ä—É–≥–µ –±–æ–π–∫–æ—Ç–∏—Ä–æ–≤–∞–ª–∏ —Å–µ–≥–æ–¥–Ω—èüò¨ –ü—Ä–∏—à–ª–æ—Å—å —Ç–µ–ª–µ–ø–∞—Ç—å –¥–æ –±–ª–∏–∂–∞–π—à–µ–≥–æ –æ—Ç–¥–µ–ª–µ–Ω–∏—èüò©
darisha16|840303320011046912|2017-03-10 20:48:18|@Evgeniya_Sobko —è —Ç–µ–±–µ –¥–∞–º —ç–∫—Å–ø–µ—Ä–∏–º–µ–Ω—Ç—ã üò¨üëäüèª
darisha16|840277709049778176|2017-03-10 19:06:32|@Mirage_ILAY –ø–æ—Ä–∞ —Å–≤–æ–π –≤–∞–Ω–∏–ª—å–Ω—ã–π –ø–∞–±–ª–∏–∫ –∑–∞–≤–æ–¥–∏—Ç—åüòÅ
darisha16|840277573187883010|2017-03-10 19:05:59|@Evgeniya_Sobko –Ω–µ –ø–µ—Ä–µ—É—Å–µ—Ä–¥—Å—Ç–≤—É–π!
darisha16|840277438223532037|2017-03-10 19:05:27|"-'–¢—ã –∑–∞—á–µ–º –ø–æ—á–∏—Å—Ç–∏–ª–∞ —Ä–∞—Ñ–∞—ç–ª–∫—É –æ—Ç –∫–æ–∫–æ—Å–æ–≤–æ–π —Å—Ç—Ä—É–∂–∫–∏?!'
-–¢–∞–∫ –≤–∫—É—Å–Ω–µ–π!üòÅ"
darisha16|839937482582081536|2017-03-09 20:34:35|–°—Ç—Ä–∞–Ω–Ω–æ–π –¥–µ–≤–æ—á–∫–µ —Å—Ç—Ä–∞–Ω–Ω–æ–µ –∏–º—è https://t.co/AMnG9CWVRT
darisha16|839458750251544577|2017-03-08 12:52:17|@panfilova_a –∑–∞—Ç–æ —ç—Ç–∏ –≤–µ—Ç–∫–∏ –¥–µ—Ä–µ–≤–∞ –ø–∞—Ö–Ω—É—Ç –ø–æ-–≤–µ—Å–µ–Ω–Ω–µ–º—É
darisha16|839093074403995648|2017-03-07 12:39:13|@panfilova_a –≤—Å–µ–ª–µ–Ω–Ω–∞—è –ø–æ—Å—ã–ª–∞–µ—Ç –∑–Ω–∞–∫–∏üòÅ
darisha16|839082553957023744|2017-03-07 11:57:24|"–î–æ —á–µ–≥–æ –∂–µ –Ω—É–¥–Ω—ã–π –¥–µ–Ω—å, –∞
–ú—ã—Å–ª–µ–Ω–Ω–æ —É–∂–µ 100 —Ä–∞–∑ —Å–±–µ–≥–∞–ª–∞ –≤ –º–∞–≥–∞–∑ –∑–∞ –≤–∏–Ω–∏—à–∫–æ–º –Ω–∞ –≤–µ—á–µ—Ä"
darisha16|839042071331766272|2017-03-07 09:16:33|@panfilova_a –∞—Ö–∞—Ö–∞—Ö–∞ –±–ª—è—èüòÅüòÅüòÅ
darisha16|838861019837579267|2017-03-06 21:17:07|"–û—â—É—Ç–∏–ª–∞ –Ω–∞ —Å–≤–æ–µ–π —à–∫—É—Ä–µ —à—É—Ç–∫—É –ø—Ä–æ ""3 —Ç—É–ª—É–ø–∞,2 –ª–∞—Å—Ç–æ—á–∫–∏,–∏ —Ç—ã –¥–æ–º–∞""... —á—Ç–æ –∑–∞ –∫–∞—Ç–æ–∫ –Ω–∞ —É–ª–∏—Ü–µ?!"
darisha16|838352075134218244|2017-03-05 11:34:45|@panfilova_a –∫—Ä—É—É—É—É—Ç—åüòç
darisha16|838321494086279168|2017-03-05 09:33:14|@Evgeniya_Sobko üò©üò©üò©
darisha16|837825831326089216|2017-03-04 00:43:38|–ê —á—Ç–æ –¥–ª—è –≤–∞—Å –µ—Å—Ç—å –æ–ø—Ä–µ–¥–µ–ª–µ–Ω–∏–µ —Å–ª–æ–≤–∞ '—É—é—Ç'? https://t.co/xsyJ6iuKLX
darisha16|837609085872766976|2017-03-03 10:22:22|@lizizali –¥–∞–¥–∞–¥–∞üòç
darisha16|837336303507210241|2017-03-02 16:18:26|–ü–æ—á—É–≤—Å—Ç–≤—É–π –≤–º–µ—Å—Ç–µ —Å–æ –º–Ω–æ–π —ç—Ç–æ—Ç –±–æ–∂–µ—Å—Ç–≤–µ–Ω–Ω—ã–π –∑–∞–ø–∞—Öüòç https://t.co/FOZAU9RviX
darisha16|837275484564107264|2017-03-02 12:16:46|@te_dasha –ø–æ—á–µ–º—É –±–µ–∑ –∫—É—Ä—Ç–∫–∏?!üëø
darisha16|837275242666033152|2017-03-02 12:15:48|@Evgeniya_Sobko –¥—É–º–∞—é, —á—Ç–æ –ø—Ä–æ—Å—Ç–æ –Ω–µ–æ–ø—Ä–∞–≤–¥–∞–Ω–Ω–æ –¥–æ—Ä–æ–≥–∞—è –æ–ø—Ä–∞–≤–∞ - —Ö–µ—Ä–Ω—è –∏–∑ —Ö—Ä—É–ø–∫–æ–≥–æ –ø–ª–∞—Å—Ç–∏–∫–∞
darisha16|837265788180516864|2017-03-02 11:38:14|–õ—é–±–∏–º—ã–π https://t.co/Wn84L0HkeN
darisha16|837261831471235073|2017-03-02 11:22:30|–ü–æ–º–µ–Ω—è–ª–∞ –æ–ø—Ä–∞–≤—É –æ—á–∫–æ–≤ –ø–æ –≥–∞—Ä–∞–Ω—Ç–∏–∏, –∞ —á–µ—Ä–µ–∑ –Ω–µ–¥–µ–ª—é –æ–Ω–∞ —Å–Ω–æ–≤–∞ —Ç—Ä–µ—Å–Ω—É–ª–∞ –≤ —Ç–æ–º –∂–µ –º–µ—Å—Ç–µüò£üò¨
darisha16|837041924406145026|2017-03-01 20:48:40|–ê —ç—Ç–æ –∑–Ω–∞—á–∏—Ç, —á—Ç–æ —è –±–ª–∏–∑–∫–∞ –∫ —Ü–µ–ª–∏ –≤–µ—Ä–Ω—É—Ç—å –∏ —É–ª—É—á—à–∏—Ç—å —Ç—É –ª—É—á—à—É—é —Ñ–æ—Ä–º—É, –∫–∞–∫ –≤ –¥–µ–∫–∞–±—Ä–µ, –∫–æ–≥–¥–∞ –±–µ–≥–∞–ª–∞ –∫–∞–∂–¥—ã–π –¥–µ–Ω—å 1,5 –º–µ—Å—è—Ü–∞ –ø–æ 8 –∫–º
darisha16|837041846115266561|2017-03-01 20:48:22|–†–∞–¥—É–µ—Ç —Ç–æ, —á—Ç–æ —Ç–∞–∫ –±—ã—Å—Ç—Ä–æ –≤–æ—Å—Å—Ç–∞–Ω–∞–≤–ª–∏–≤–∞—é—Å—å –ø–æ—Å–ª–µ –¥–æ–ª–≥–æ–≥–æ –ø–µ—Ä–µ—Ä—ã–≤–∞. –°–µ–≥–æ–¥–Ω—è 3-–π –¥–µ–Ω—å –∏ —Å—Ä–µ–¥–Ω–∏–π —Ç–µ–º–ø –∑–∞ –∫–º —Å–æ–∫—Ä–∞—Ç–∏–ª—Å—è –ø–æ—á—Ç–∏ –Ω–∞ 1,5 –º–∏–Ω—É—Ç—ãüôà‚úäüèª
darisha16|835915106915606528|2017-02-26 18:11:06|"–°–∞–º—ã–µ –≤–∫—É—Å–Ω—ã–µ –∫–∞–ø–∫–µ–π–∫–∏ ever. –û—Ä–≥–∞–∑–º –≤–∫—É—Å–æ–≤—ã—Ö —Ä–µ—Ü–µ–ø—Ç–æ—Ä–æ–≤. –†—É–±—Ä–∏–∫–∞ ""—Ö–æ–±–±–∏ –¥—Ä—É–∑–µ–π, –∫–æ—Ç–æ—Ä—ã–µ –¥–µ–ª–∞—é—Ç —ç—Ç–æ—Ç –º–∏—Ä –ª—É—á—à–µ""üòç https://t.co/MnQn8vwBA1"
darisha16|834123621580800000|2017-02-21 19:32:23|@panfilova_a –Ω—É –Ω—É –¥–∞üòè
darisha16|834123542870507522|2017-02-21 19:32:04|RT @AshifinaNastya: –•—É–∂–µ –ø–ª–æ—Ö–æ –∫–∞—Ç–∞—é—â–∏—Ö—Å—è –ª—ã–∂–Ω–∏–∫–æ–≤, –º–æ–≥—É—Ç –±—ã—Ç—å —Ç–æ–ª—å–∫–æ –ø–ª–æ—Ö–æ –∫–∞—Ç–∞—é—â–∏–µ—Å—è —Å–Ω–æ—É–±–æ—Ä–¥–∏—Å—Ç—ã #–º—ã—Å–ª—å–¥–Ω—è
darisha16|831944644309164032|2017-02-15 19:13:54|@katerinaSheh –∑–Ω–∞–µ—Ç, –Ω–∞ —á—Ç–æ –º–µ–Ω—è –ø—Ä–∏–º–∞–Ω–∏—Ç—å üç∑üòè https://t.co/ijGA1l4V3y
darisha16|831660186708406272|2017-02-15 00:23:34|@brupsen –Ω–∞–¥–µ—é—Å—å, –æ–Ω –Ω–∞–π–¥—ë—Ç –¥–æ—Ä–æ–≥—É –¥–æ–º–æ–π
darisha16|831651488451682305|2017-02-14 23:49:00|–°–æ–Ω –ø—Ä–æ–ø–∞–ª
darisha16|831651373615874048|2017-02-14 23:48:33|–í—Å–µ–≥–¥–∞ —Å—á–∏—Ç–∞–ª–∞ —Å–≤–æ—é –ø—Å–∏—Ö–∏–∫—É –¥–æ—Å—Ç–∞—Ç–æ—á–Ω–æ —É—Å—Ç–æ–π—á–∏–≤–æ–π, –Ω–æ –Ω–µ —Ç—É—Ç —Ç–æ –±—ã–ª–æ
darisha16|831651098746376197|2017-02-14 23:47:27|–ù–µ —á–∏—Ç–∞–π—Ç–µ –Ω–µ–∫—Ä–æ–ª–æ–≥–∏ –≤ 3 —É—Ç—Ä–∞
darisha16|831453429373468672|2017-02-14 10:41:59|@Mirage_ILAY —Ç–∞–º —Ö–æ–ª–æ–¥–Ω–æ
darisha16|831448671501877250|2017-02-14 10:23:05|@Mirage_ILAY –¥–∞
darisha16|831171623629758464|2017-02-13 16:02:12|RT @koffboy: https://t.co/Dqcfw6poRC
darisha16|830907325321981952|2017-02-12 22:31:58|@brupsen –≤–æ–ª—à–µ–±–Ω–æ–µ —Å–æ—á–µ—Ç–∞–Ω–∏–µ, –¥–∞–∞üòç—Ç–æ—á–Ω–æ –∑–∞–≤—Ç—Ä–∞ –∑–∞ —Å—ã—Ä–æ–ºüèÉüèº‚Äç‚ôÄÔ∏è, –∞ –≤–∏–Ω–∏—à–∫–æ –ø—Ä–∏–ø–∞—Å–µ–Ω–æ —É–∂–µ –¥–∞–≤–Ω–æ‚ò∫Ô∏èüôà
darisha16|830906238942720000|2017-02-12 22:27:39|@brupsen üòÇ—á—Ç–æ –∂..–≤—ã–Ω—É–∂–¥–µ–Ω–∞ —Ç–µ—Ä–ø–µ—Ç—å –¥–æ –∑–∞–≤—Ç—Ä–∞—à–Ω–µ–≥–æ –ø–æ—Ö–æ–¥–∞ –≤ –º–∞–≥–∞–∑–∏–Ω
darisha16|830904048794664960|2017-02-12 22:18:57|@brupsen –∞, –ø—Ä–æ—Å—Ç–∏—Ç–µ! –í–∞—à–∏ —Ç—Ä–µ–±–æ–≤–∞–Ω–∏—è?
darisha16|830903796440166400|2017-02-12 22:17:57|@brupsen –¥—É–º–∞–µ—Ç—Å—è –º–Ω–µ, —á—Ç–æ –æ–Ω –Ω–µ –ø—Ä–∏–±–µ–∂–∏—Ç —Å–µ–π—á–∞—Å –∏–∑ 4 –æ–±—â –≤–æ 2
darisha16|830903315097595904|2017-02-12 22:16:02|@brupsen –¥–∞ üòã
darisha16|830901722239422464|2017-02-12 22:09:42|–ó–∞ –≤–∫—É—Å–Ω—ã–π –±—Ä–∏ –≥–æ—Ç–æ–≤–∞ —Å–µ–π—á–∞—Å –≤—Å—ë –æ—Ç–¥–∞—Ç—å üò¨
darisha16|830853850286395395|2017-02-12 18:59:29|@brupsen –Ω—É 180 –±—ã–ª–æ –∑–∞ 1,5 –º–µ—Å—è—Ü–∞, –∞ –ø–æ—Ç–æ–º –Ω–∞—á–∞–ª–∏—Å—å –∫–∞–Ω–∏–∫—É–ª—ãüò¨–≤–æ—Ç –≤–µ—Ä–Ω—É–ª–∞—Å—å
darisha16|830731586907815936|2017-02-12 10:53:39|–í—Ç–æ—Ä–∞—è —Å–æ—Ç–∫–∞ –∑–∞—Å—Ç–∞–≤–∏–ª–∞ —Å–µ–±—è –¥–æ–ª—å—à–µ –∂–¥–∞—Ç—å. –û—Ö —É–∂ —ç—Ç–∏ –∫–∞–Ω–∏–∫—É–ª—ãüòÅ  –ù–æ –≤—Å—ë –∂–µ –£–†–êüòÑüéâ https://t.co/1YIGd4umzd
darisha16|829798132045193216|2017-02-09 21:04:26|–•–æ—Ç—è.. –∫–∞–∂–¥–æ–º—É —Å–≤–æ—ë, –∫–∞–∫ –≥–æ–≤–æ—Ä–∏—Ç—Å—èü§ó
darisha16|829797353573986305|2017-02-09 21:01:20|–ß—Ç–æ –Ω–µ –≥–æ–≤–æ—Ä–∏—Ç–µ, –∞ –ø–æ —É–ª–∏—Ü–µ –±–µ–≥–∞—Ç—å –≥–æ—Ä–∞–∑–¥–æ –ø—Ä–∏—è—Ç–Ω–µ–π, —á–µ–º –≤ –º–∞–Ω–µ–∂–µ
darisha16|829797105988468736|2017-02-09 21:00:21|–û—Ö —É–∂ —ç—Ç–∏ –∫–∞–π—Ñ–æ–≤—ã–µ –æ—â—É—â–µ–Ω–∏—è, —è —Ç–∞–∫ —Å–∫—É—á–∞–ª–∞, –æ–∫–∞–∑—ã–≤–∞–µ—Ç—Å—èüôà
darisha16|829429883893907473|2017-02-08 20:41:09|RT @AshifinaNastya: –ê —á—Ç–æ –≤—ã –∑–Ω–∞–µ—Ç–µ –æ–± –∏–¥–µ–∞–ª—å–Ω–æ—Å—Ç–∏? ‚ù§Ô∏è https://t.co/oLem02f6f0
darisha16|829330238811283456|2017-02-08 14:05:11|"RT @leprasorium: ‚Äî –Ø –Ω–µ –∑–Ω–∞—é, —á—Ç–æ –¥–µ–ª–∞—Ç—å... 
‚Äî –ò –≤ ""–°–µ–∫—Å –≤ –±–æ–ª—å—à–æ–º –≥–æ—Ä–æ–¥–µ"" –Ω–µ—Ç –æ–± —ç—Ç–æ–º —Å–µ—Ä–∏–∏? 
‚Äî –ù–µ—Ç 
‚Äî –ê —ç—Ç–æ —É–∂–µ —Å–µ—Ä—å–µ–∑–Ω–æ!"
darisha16|829255555717984256|2017-02-08 09:08:25|@panfilova_a —Ö–æ—Ç—è —ç—Ç–æ –º–æ–∂–µ—Ç –±—ã—Ç—å —Ç–æ–ª—å–∫–æ —è —Ç–∞–∫–∞—è üòíüòÅ
darisha16|829254424728068096|2017-02-08 09:03:56|@panfilova_a –Ω–æ–≤–æ–µ –≤—Å–µ–≥–¥–∞ —Ö–æ—Ä–æ—à–æ, –∑–æ–Ω–∞ –∫–æ–º—Ñ–æ—Ä—Ç–∞ —Ä–∞—Å—Å–ª–∞–±–ª—è–µ—Ç
darisha16|829249913410183172|2017-02-08 08:46:00|@panfilova_a —è –¥—É–º–∞–ª–∞, —á—Ç–æ —ç—Ç–æ —É–∂–µ –¥–∞–≤–Ω—è—è —Ç–≤–æ—è –º–µ—á—Ç–∞ü§ó
darisha16|829248291258953730|2017-02-08 08:39:33|–†–µ–∂–∏–º –∏ –¥–∏—Å—Ü–∏–ø–ª–∏–Ω–∞ —Å–Ω–æ–≤–∞ –∏–º–µ—é—Ç –º–µ—Å—Ç–æ –±—ã—Ç—å, –∏ —è –æ—á–µ–Ω—å —ç—Ç–æ–º—É —Ä–∞–¥–∞ü§ó
darisha16|828929785237798912|2017-02-07 11:33:56|@panfilova_a –∏ —è, –∏ —è, –∏ —è!!!!üòç
darisha16|828913554350886917|2017-02-07 10:29:26|RT @AshifinaNastya: ‚òÄÔ∏è‚òÄÔ∏è‚òÄÔ∏è https://t.co/EZEfy3tmMe
darisha16|828731226542448641|2017-02-06 22:24:56|RT @AshifinaNastya: –ß—É–¥–µ—Å–Ω–æ–µ —É—Ç—Ä–æ —Å –º–æ–µ–π @darisha16 https://t.co/TcF1gkMquV
darisha16|828723558738251776|2017-02-06 21:54:27|–ö–æ–≥–¥–∞ –ª—é–¥–∏ –Ω–µ —á–∏—Ç–∞—é—Ç –ø–æ–¥–ø–∏—Å–∏ –≤ –∏–Ω—Å—Ç–µ, –≤ –º–∏—Ä–µ –≥—Ä—É—Å—Ç–∏—Ç –æ–¥–Ω–∞ –î–∞—à–∞üòí
darisha16|828721303481962496|2017-02-06 21:45:30|@Typical_MISiS –Ω–∞–ø–∏—à–∏ –∂–∞–ª–æ–±—É –∫—É–¥–∞-–Ω–∏–±—É–¥—å! –ß–µ —ç—Ç –æ–Ω–∏ –ª—é–¥–µ–π –¥–µ–∑–æ—Ä–∏–µ–Ω—Ç–∏—Ä—É—é—Ç. –ù–µ–ø–æ—Ä—è–¥–æ–∫!
darisha16|828701458208022528|2017-02-06 20:26:38|–£–∂–µ, –µ—Å–ª–∏ —á–û https://t.co/kabiKk5Jml
darisha16|828701178968100866|2017-02-06 20:25:32|–î–∞–∂–µ –≤ –ú–æ—Å–∫–≤–µ –Ω–µ —Ç–∞–∫ —É—Å–µ—Ä–¥–Ω–æ –ø–æ—Å—ã–ø–∞—é—Ç –¥–æ—Ä–æ–≥–∏ —Ä–µ–∞–≥–µ–Ω—Ç–æ–º, –Ω–µ–∂–µ–ª–∏ –≤ —Å—Ç–æ–ª–∏—Ü–µ –ß–µ—Ä–Ω–æ–∑–µ–º—å—è üò¨
darisha16|828663022461865984|2017-02-06 17:53:55|@katerinaSheh @taseae –±–µ—Å—è–≤—ã–µ —É—Ä–æ–¥—Ü—ã
darisha16|826936762706624513|2017-02-01 23:34:22|@Mirage_ILAY –∞ —Ç–æ –≤–¥—Ä—É–≥ —Ç—ã –∑–∞–±—ã–ª)
darisha16|826929965983813633|2017-02-01 23:07:22|@Mirage_ILAY —Å—Ç–∞—Ä–æ—Å—Ç—å - –æ–Ω–∞ —Ç–∞–∫–∞—èüôÄ
darisha16|826755754514325506|2017-02-01 11:35:06|–¢—Ä–∞–¥–∏—Ü–∏–∏ –ø—Ä–∏–¥—É–º–∞–ª–∏, —á—Ç–æ–±—ã –∏—Ö –æ–±—è–∑–∞—Ç–µ–ª—å–Ω–æ —Å–æ–±–ª—é–¥–∞—Ç—å. –í–æ—Ç –º—ã –∏—Ö –∏ —Å–æ–±–ª—é–¥–∞–µ–º —É–∂–µ 4 –≥–æ–¥–∞üëåüèª
darisha16|825488644119072769|2017-01-28 23:40:04|‚ù§Ô∏èüíãüç∑ https://t.co/J4JrRgbNNc
darisha16|824270407784075265|2017-01-25 14:59:14|üòÉüòÉ https://t.co/b0mPlObeQt
darisha16|824269121185599490|2017-01-25 14:54:07|–ò –∑–Ω–∞–µ—Ç–µ —á–û? –≠—Ç–æ —Ç–∞–∫–æ–π –∫–∞–∞–∞–∞–π—Ñüòúüòç
darisha16|824268765386997762|2017-01-25 14:52:42|–ö–∞–∂–¥—ã–π –ø–æ-—Å–≤–æ–µ–º—É –æ—Ç–º–µ—á–∞–µ—Ç –¥–µ–Ω—å —Å—Ç—É–¥–µ–Ω—Ç–∞üòè –Ø –≤–æ—Ç —Å–Ω–æ–≤–∞ –≤–µ—Ä–Ω—É–ª–∞ –±–µ–≥ –≤ —Å–≤–æ—é –∂–∏–∑–Ω—å –ø–æ—Å–ª–µ –ø—Ä–∞–∑–¥–Ω–∏—á–Ω—ã—Ö –∑–∞–∂–æ—Ä–æ–≤ –∏ —Å–µ—Å—Å–∏–∏üëüü§òüèª
darisha16|823290468083568640|2017-01-22 22:05:18|@lizizali –Ω–∏–∫–∞–∫
darisha16|823290352694128640|2017-01-22 22:04:50|RT @AshifinaNastya: –ü–æ–¥–∞—Ä–∏—Ç–µ –º–æ–∑–≥–æ–≤, –∞ üò¨
darisha16|822913433129590785|2017-01-21 21:07:06|üòÇü§ó https://t.co/mNTLDMiwrT
