rostovfc|866808147821948929|2017-05-23 00:09:01|@NikitaKirilenko –ù–∞—à —Ç—Ä–µ–Ω–µ—Ä –≤—ã–±—Ä–∞–ª –Ω–µ —Ç—É—Å–æ–≤–∫—É, –∞ –∫–æ–º–∞–Ω–¥—É!
rostovfc|866740982850703362|2017-05-22 19:42:08|–ò–Ω–æ–≥–¥–∞ —Ñ—É—Ç–±–æ–ª–∏—Å—Ç–∞–º –º–æ–∂–Ω–æ –∏ —Ç–æ—Ä—Ç! https://t.co/CC1CyY7mO6
rostovfc|866727029428957184|2017-05-22 18:46:41|–ö—É—Ä–±–∞–Ω –ë–µ–∫–∏–µ–≤–∏—á –ë–µ—Ä–¥—ã–µ–≤ - –ª—É—á—à–∏–π –≥–ª–∞–≤–Ω—ã–π —Ç—Ä–µ–Ω–µ—Ä –º–∏–Ω—É–≤—à–µ–≥–æ —Å–µ–∑–æ–Ω–∞! https://t.co/VmzAgmzPsD
rostovfc|866723792550330369|2017-05-22 18:33:49|"–°–∞—à–∞ –ë—É—Ö–∞—Ä–æ–≤ - –∑–∞–±–∏–ª —Å–∞–º—ã–π –∫—Ä–∞—Å–∏–≤—ã–π –º—è—á —Å–µ–∑–æ–Ω–∞! –≠—Ç–æ –≥–æ–ª –≤ –¥–æ–º–∞—à–Ω–µ–º –º–∞—Ç—á–µ —Å ""–ú–∞–Ω—á–µ—Å—Ç–µ—Ä –Æ–Ω–∞–π—Ç–µ–¥""! https://t.co/uXauUzYmKm"
rostovfc|866722467024338944|2017-05-22 18:28:33|–ù–∞—à –∫–∞–ø–∏—Ç–∞–Ω, –°–∞—à–∞ –ì–∞—Ü–∫–∞–Ω - —Å–∞–º—ã–π —Ü–µ–Ω–Ω—ã–π –∏–≥—Ä–æ–∫ —Å–µ–∑–æ–Ω–∞! https://t.co/cqBqrsYqds
rostovfc|866720251710459904|2017-05-22 18:19:45|–¢–∏–º–æ—Ñ–µ–π –ö–∞–ª–∞—á—ë–≤ -–ª—É—á—à–∏–π –∏–≥—Ä–æ–∫ —Å–µ–∑–æ–Ω–∞, –ø–æ –≤–µ—Ä—Å–∏–∏ –Ω–∞—à–∏—Ö –±–æ–ª–µ–ª—å—â–∏–∫–æ–≤! https://t.co/kYL30Eh0gK
rostovfc|866719329433382912|2017-05-22 18:16:05|–í–ª–∞–¥–∏–º–∏—Ä—É –ì—Ä–∞–Ω–∞—Ç—É - 30! –ï—â—ë —Ä–∞–∑ –ø–æ–∑–¥—Ä–∞–≤–ª—è–µ–º —é–±–∏–ª—è—Ä–∞! https://t.co/7KP7kzmqU8
rostovfc|866718066469732352|2017-05-22 18:11:04|–î–º–∏—Ç—Ä–∏–π –ü–æ–ª–æ–∑ - –ª—É—á—à–∏–π –±–æ–º–±–∞—Ä–¥–∏—Ä —Å–µ–∑–æ–Ω–∞ 2016/2017! https://t.co/BnfyaBgkMx
rostovfc|866717552277409792|2017-05-22 18:09:01|–õ—É—á—à–∏–π —Ç–µ—Ö–Ω–∞—Ä—å –ø—Ä–æ—à–µ–¥—à–µ–≥–æ —Å–µ–∑–æ–Ω–∞ - –°–µ—Ä–¥–∞—Ä –ê–∑–º—É–Ω! https://t.co/ovYRJV9QWG
rostovfc|866711937274572802|2017-05-22 17:46:43|"–°–æ—Å–ª–∞–Ω –î–∂–∞–Ω–∞–µ–≤ - –∞–≤—Ç–æ—Ä –ª—É—á—à–µ–≥–æ —Å–µ–π–≤–∞ —Å–µ–∑–æ–Ω–∞ 2016/2017! 
–≠—Ç–æ –æ—Ç–±–∏—Ç—ã–π –ø–µ–Ω–∞–ª—å—Ç–∏ –≤ –¥–æ–º–∞—à–Ω–µ–π –∏–≥—Ä–µ —Å –ü–°–í! https://t.co/zj79sXanCt"
rostovfc|866710434681933824|2017-05-22 17:40:44|–ö—Ä–∏—Å—Ç–∏–∞–Ω –ù–æ–±–æ–∞ @cristhian_noboa - –ª—É—á—à–∏–π –∏—Å–ø–æ–ª–Ω–∏—Ç–µ–ª—å —Å—Ç–∞–Ω–¥–∞—Ä—Ç–æ–≤! https://t.co/q75T7WqdFT
rostovfc|866709918275031041|2017-05-22 17:38:41|–ù–∏–∫–∏—Ç–∞ –ú–µ–¥–≤–µ–¥–µ–≤ - –æ—Ç–∫—Ä—ã—Ç–∏–µ —Å–µ–∑–æ–Ω–∞! https://t.co/oHJw2XR5Ol
rostovfc|866709131788472321|2017-05-22 17:35:34|–§—ë–¥–æ—Ä –ö—É–¥—Ä—è—à–æ–≤ - –î–∂–µ–Ω—Ç–µ–ª—å–º–µ–Ω –≥–æ–¥–∞ 2016/2017! https://t.co/GyOAR47C7Q
rostovfc|866700130170417152|2017-05-22 16:59:48|"–°–∫–æ—Ä–æ –Ω–∞—á–∏–Ω–∞–µ–º –≤—Ä—É—á–∞—Ç—å –ø—Ä–∏–∑—ã –∏–≥—Ä–æ–∫–∞–º, –∞ –ø–æ–∫–∞ - –æ–±—â–µ–µ —Ñ–æ—Ç–æ 
#–º—ã—Ä–æ—Å—Ç–æ–≤ https://t.co/QAt35CGkGQ"
rostovfc|866694765428998145|2017-05-22 16:38:29|–¢–∏–º–æ—Ñ–µ–π –ö–∞–ª–∞—á—ë–≤, –î–º–∏—Ç—Ä–∏–π –ü–æ–ª–æ–∑ –∏ –ê–ª–µ–∫—Å–∞–Ω–¥—Ä –ì–∞—Ü–∫–∞–Ω - —Ç–µ–ø–µ—Ä—å –ú–∞—Å—Ç–µ—Ä–∞ —Å–ø–æ—Ä—Ç–∞ –†–æ—Å—Å–∏–∏! https://t.co/GOU1udllik
rostovfc|866692620604641280|2017-05-22 16:29:57|–ù–∞—á–∞–ª–∞—Å—å –æ—Ñ–∏—Ü–∏–∞–ª—å–Ω–∞—è —á–∞—Å—Ç—å –Ω–∞—à–µ–≥–æ –≤–µ—á–µ—Ä–∞ https://t.co/lP4eubA0NY
rostovfc|866689848396132354|2017-05-22 16:18:56|–ö—É–¥—Ä—è—à–æ–≤, –ù–∞–≤–∞—Å, –ù–æ–±–æ–∞, –ö–∞–ª–∞—á–µ–≤, –ü–æ–ª–æ–∑ –∏ –ë—É—Ö–∞—Ä–æ–≤ –ø–æ–ø–∞–ª–∏ –≤ —Å–ø–∏—Å–æ–∫ 33 –ª—É—á—à–∏—Ö –∏–≥—Ä–æ–∫–æ–≤ —Å–µ–∑–æ–Ω–∞ –ø–æ –≤–µ—Ä—Å–∏–∏ –†–§–° https://t.co/Nuj4D7ETys
rostovfc|866676377789108224|2017-05-22 15:25:25|"–ó–∞–∫—Ä—ã–≤–∞–µ–º –∏—Å—Ç–æ—Ä–∏—á–µ—Å–∫–∏–π —Å–µ–∑–æ–Ω 
#–º—ã—Ä–æ—Å—Ç–æ–≤ https://t.co/pg24X5ZtiC"
rostovfc|866547208069533696|2017-05-22 06:52:08|"–°–µ–≥–æ–¥–Ω—è 30 –ª–µ—Ç –∏—Å–ø–æ–ª–Ω–∏–ª–æ—Å—å –∑–∞—â–∏—Ç–Ω–∏–∫—É ¬´–†–æ—Å—Ç–æ–≤–∞¬ª –í–ª–∞–¥–∏–º–∏—Ä—É –ì—Ä–∞–Ω–∞—Ç—É! 

–ó–¥–æ—Ä–æ–≤—å—è, –Ω–æ–≤—ã—Ö –ø–æ–±–µ–¥ –∏ —Å–∫–æ—Ä–µ–π—à–µ–≥–æ –≤–æ–∑–≤—Ä–∞—â–µ–Ω–∏—è‚Ä¶ https://t.co/veFlq07cUz"
rostovfc|866545694143901697|2017-05-22 06:46:07|"–° —é–±–∏–ª–µ–µ–º! 
–õ–µ–≥–µ–Ω–¥–∞—Ä–Ω–æ–º—É –¥–æ–Ω—Å–∫–æ–º—É —Ñ—É—Ç–±–æ–ª–∏—Å—Ç—É –í–∏–∫—Ç–æ—Ä—É –ü–æ–Ω–µ–¥–µ–ª—å–Ω–∏–∫—É –∏—Å–ø–æ–ª–Ω–∏–ª–æ—Å—å 80 –ª–µ—Ç.  
https://t.co/kizGH8HyNE https://t.co/CaqQ5DxJcB"
rostovfc|866378816700243969|2017-05-21 19:43:01|–¢–∏–º–æ—Ñ–µ–π –ö–∞–ª–∞—á–µ–≤ —Å—Ç–∞–ª –ª—É—á—à–∏–º –∞—Å—Å–∏—Å—Ç–µ–Ω—Ç–æ–º –†–§–ü–õ. –ù–∞ —Å—á–µ—Ç—É –Ω–∞—à–µ–≥–æ –ø–æ–ª—É–∑–∞—â–∏—Ç–Ω–∏–∫–∞ 10 –≥–æ–ª–µ–≤—ã—Ö –ø–µ—Ä–µ–¥–∞—á –≤ —Å–µ–∑–æ–Ω–µ 2016/2017‚Ä¶ https://t.co/qEDqFRQfbK
rostovfc|866359330110660608|2017-05-21 18:25:35|"–°–ø–∞—Å–∏–±–æ 
#–º—ã—Ä–æ—Å—Ç–æ–≤ https://t.co/8GxikhdQTA"
rostovfc|866358623382917120|2017-05-21 18:22:46|"–î–∞–∂–µ –≤ —Ç–∞–∫–∏–µ –º–æ–º–µ–Ω—Ç—ã –≤—ã —Å –Ω–∞–º–∏! –°–ø–∞—Å–∏–±–æ!
#–º—ã—Ä–æ—Å—Ç–æ–≤ https://t.co/uGs5jPV8NF"
rostovfc|866317964966023170|2017-05-21 15:41:12|@sherba152 @MihaMevlja –ö–∞–ª–∞—á–µ–≤ –∏ –ù–∞–≤–∞—Å - –∑–∞–¥–Ω—è—è –ø–æ–≤–µ—Ä—Ö–Ω–æ—Å—Ç—å –±–µ–¥—Ä–∞. –•–æ—Ä–µ–Ω - –≥–æ–ª–µ–Ω–æ—Å—Ç–æ–ø
rostovfc|866316907850412032|2017-05-21 15:37:00|"–° @MihaMevlja –≤—Å–µ –≤ –ø–æ—Ä—è–¥–∫–µ. –ò–≥—Ä–æ–∫ –ª–µ—Ç–∏—Ç –¥–æ–º–æ–π –≤–º–µ—Å—Ç–µ —Å –∫–æ–º–∞–Ω–¥–æ–π 
#–º—ã—Ä–æ—Å—Ç–æ–≤"
rostovfc|866314675088232453|2017-05-21 15:28:08|–ò—Ç–æ–≥–æ–≤–∞—è —Ç–∞–±–ª–∏—Ü–∞ –†–§–ü–õ —Å–µ–∑–æ–Ω–∞ 2016/2017 https://t.co/X9B02ZnTGb
rostovfc|866291868761456640|2017-05-21 13:57:31|"–í—Å–µ...
¬´–û—Ä–µ–Ω–±—É—Ä–≥¬ª - ¬´–†–æ—Å—Ç–æ–≤¬ª - 2:0 (0:0)
–ì–æ–ª: –í–æ—Ä–æ–±—å–µ–≤, 52 ‚Äì 1:0, –ë—Ä–µ–µ–≤, 76"
rostovfc|866290862384447490|2017-05-21 13:53:31|7 –º–∏–Ω—É—Ç –¥–æ–±–∞–≤–∏–ª —Å—É–¥—å—è
rostovfc|866290690514399232|2017-05-21 13:52:50|–ù–æ–±–æ–∞ –∏ –î—é—Ä–∏—à —É–¥–∞–ª–µ–Ω—ã
rostovfc|866290616635985922|2017-05-21 13:52:32|–ù–∞ –Ω–æ—Å–∏–ª–∫–∞—Ö —É–Ω–æ—Å—è—Ç –ú–∏—Ö—É...
rostovfc|866289999188283392|2017-05-21 13:50:05|–ú–µ–≤–ª—è –Ω–∞ –≥–∞–∑–æ–Ω–µ. –í—Å–µ –ª–∏—Ü–æ –Ω–∞—à–µ–≥–æ –∏–≥—Ä–æ–∫–∞ –≤ –∫—Ä–æ–≤–∏
rostovfc|866289322730954753|2017-05-21 13:47:24|"86
–ê–∑–º—É–Ω –ø–æ–ª—É—á–∏–ª –∂–µ–ª—Ç—É—é"
rostovfc|866286374047150082|2017-05-21 13:35:41|"0:2 
–†–µ–∞–ª–∏–∑—É–µ—Ç —Å–æ–ø–µ—Ä–Ω–∏–∫ –≤—ã—Ö–æ–¥ –æ–¥–∏–Ω –Ω–∞ –æ–¥–∏–Ω"
rostovfc|866284418826211328|2017-05-21 13:27:54|"68
–ë—Ä–µ–µ–≤ –≤–º–µ—Å—Ç–æ –ö–æ—Ä–æ–Ω–æ–≤–∞"
rostovfc|866283774304284672|2017-05-21 13:25:21|"65
–ò —Ç—É—Ç –∂–µ —Ö–æ–∑—è–µ–≤–∞ –µ–¥–≤–∞ –Ω–µ –∑–∞–±–∏–ª–∏ –≤—Ç–æ—Ä–æ–π –º—è—á. –ú–µ–¥–≤–µ–¥–µ–≤ –æ—Ç–±–∏–ª —Ç—è–∂–µ–ª—ã–π —É–¥–∞—Ä —Å –ª–∏–Ω–∏–∏ —à—Ç—Ä–∞—Ñ–Ω–æ–π"
rostovfc|866283514496528384|2017-05-21 13:24:19|"64
–î–∞ —á—Ç–æ –∂–µ —Ç–∞–∫–æ–µ!
–í—Ä–∞—Ç–∞—Ä—å —Å–ø–∞—Å–∞–µ—Ç —Ö–æ–∑—è—è–≤ –ø–æ—Å–ª–µ —É–¥–∞—Ä–æ–≤ –ù–æ–±–æ–∞ –∏ –ê–∑–º—É–Ω–∞."
rostovfc|866282724067299330|2017-05-21 13:21:10|"61
–ù–æ–±–æ–∞ –ø—Ä–æ–±–∏–ª –º–µ—Ç—Ä–æ–≤ —Å 20 - –≤—ã—à–µ 
#–û—Ä–µ–Ω–±—É—Ä–≥–†–æ—Å—Ç–æ–≤"
rostovfc|866280586247376896|2017-05-21 13:12:41|"53
–ü—Ä–µ–ø–µ–ª–∏—Ü—ç –≤–º–µ—Å—Ç–æ –ö–∞–ª–∞—á–µ–≤–∞"
rostovfc|866280417191657473|2017-05-21 13:12:00|"52
–ü—Ä–æ–ø—É—Å–∫–∞–µ–º –º—ã..."
rostovfc|866280051280687104|2017-05-21 13:10:33|"50
–î–∞ —á—Ç–æ –∂–µ —Ç–∞–∫–æ–µ. –í–Ω–æ–≤—å —É –Ω–∞—Å –∑–∞–º–µ–Ω–∞ –±—É–¥–µ—Ç, –≤–∏–¥–∏–º–æ. –ö–∞–ª–∞—á–µ–≤ –Ω–µ —Å–º–æ–∂–µ—Ç –ø—Ä–æ–¥–æ–ª–∂–∏—Ç—å –∏–≥—Ä—É"
rostovfc|866279784191590404|2017-05-21 13:09:29|"49
–ö–∞–ª–∞—á–µ–≤ –∂—ë–ª—Ç—É—é –ø–æ–ª—É—á–∏–ª 
#–û—Ä–µ–Ω–±—É—Ä–≥–†–æ—Å—Ç–æ–≤"
rostovfc|866278729512779776|2017-05-21 13:05:18|"–ù–∞—á–∞–ª—Å—è –≤—Ç–æ—Ä–æ–π —Ç–∞–π–º 
#–û—Ä–µ–Ω–±—É—Ä–≥–†–æ—Å—Ç–æ–≤"
rostovfc|866274423120252928|2017-05-21 12:48:11|"–ü–µ—Ä–µ—Ä—ã–≤
#–û—Ä–µ–Ω–±—É—Ä–≥–†–æ—Å—Ç–æ–≤"
rostovfc|866273678006386688|2017-05-21 12:45:14|"3 –º–∏–Ω—É—Ç—ã –¥–æ–±–∞–≤–∏–ª —Å—É–¥—å—è –∫ –ø–µ—Ä–≤–æ–º—É —Ç–∞–π–º—É 
#–û—Ä–µ–Ω–±—É—Ä–≥–†–æ—Å—Ç–æ–≤"
rostovfc|866273319120777219|2017-05-21 12:43:48|"44
–ê—Ç–∞–∫—É–µ–º! –ö–∞–ª–∞—á–µ–≤ –ø—Ä–æ–±–∏–ª –º–µ—Ç—Ä–æ–≤ —Å 13 - –≤—ã—à–µ –≤–æ—Ä–æ—Ç
#–û—Ä–µ–Ω–±—É—Ä–≥–†–æ—Å—Ç–æ–≤"
rostovfc|866273057538789377|2017-05-21 12:42:46|"43
–û–ø–∞—Å–Ω–æ! –ü—Ä–æ–±–∏–ª –ì–∞—Ü–∫–∞–Ω –≥–æ–ª–æ–≤–æ–π, –Ω–æ –∏–≥—Ä–æ–∫ —Ö–æ–∑—è–µ–≤ –≤—ã–Ω–µ—Å –º—è—á –∏–∑ –ø—É—Å—Ç—ã—Ö –≤–æ—Ä–æ—Ç
#–û—Ä–µ–Ω–±—É—Ä–≥–†–æ—Å—Ç–æ–≤"
rostovfc|866272643586117636|2017-05-21 12:41:07|"40
–ü—Ä–æ–¥–æ–ª–∂–∞–µ—Ç –¥–æ–∂–¥—å –∏–¥—Ç–∏, –∞ –∫–æ–º–∞–Ω–¥—ã –±–µ–∑ –≤–æ—Ä–æ—Ç –∏–≥—Ä–∞—é—Ç 
#–û—Ä–µ–Ω–±—É—Ä–≥–†–æ—Å—Ç–æ–≤"
rostovfc|866270256326737921|2017-05-21 12:31:38|"–¢–∞–∫–æ–µ –æ—â—É—â–µ–Ω–∏–µ, —á—Ç–æ —Å–∫–æ—Ä–æ —Å–Ω–µ—Å–µ—Ç —Å—Ç–∞–¥–∏–æ–Ω 
#–û—Ä–µ–Ω–±—É—Ä–≥–†–æ—Å—Ç–æ–≤"
rostovfc|866269487691161600|2017-05-21 12:28:35|"29
–¢–µ—Ä–µ–Ω—Ç—å–µ–≤ –≤–º–µ—Å—Ç–æ –ë–∞–π—Ä–∞–º—è–Ω–∞
#–û—Ä–µ–Ω–±—É—Ä–≥–†–æ—Å—Ç–æ–≤"
rostovfc|866269080365486080|2017-05-21 12:26:57|"27
–ï—â–µ –æ–¥–Ω–∞ –∑–∞–º–µ–Ω–∞ —É –Ω–∞—Å 
–ë–∞–π—Ä–∞–º—è–Ω –Ω–µ –º–æ–∂–µ—Ç –∏–≥—Ä—É –ø—Ä–æ–¥–æ–ª–∂–∏—Ç—å
#–û—Ä–µ–Ω–±—É—Ä–≥–†–æ—Å—Ç–æ–≤"
rostovfc|866268817412038657|2017-05-21 12:25:55|"26
–£—Ä–∞–≥–∞–Ω –Ω–∞—á–∞–ª—Å—è –≤ –û—Ä–µ–Ω–±—É—Ä–≥–µ. –°–∏–ª—å–Ω–µ–π—à–∏–π –ª–∏–≤–µ–Ω—å –∏ –≤–µ—Ç–µ—Ä 
#–û—Ä–µ–Ω–±—É—Ä–≥–†–æ—Å—Ç–æ–≤"
rostovfc|866267929591128064|2017-05-21 12:22:23|"–¢–µ–º –≤—Ä–µ–º–µ–Ω–µ–º –ø–æ—à–µ–ª –¥–æ–∂–¥—å 
#–û—Ä–µ–Ω–±—É—Ä–≥–†–æ—Å—Ç–æ–≤"
rostovfc|866267840109834240|2017-05-21 12:22:02|"22
–ò —Ç—É—Ç –∂–µ –µ—â–µ –æ–¥–Ω–∞ –∂–µ–ª—Ç–∞—è. –ö–æ—Ä–æ–Ω–æ–≤ —Ñ–æ–ª–∏—Ç –Ω–∞ –ë–∞–π—Ä–∞–º—è–Ω–µ 
#–û—Ä–µ–Ω–±—É—Ä–≥–†–æ—Å—Ç–æ–≤"
rostovfc|866267634085572613|2017-05-21 12:21:13|"21
–õ–æ–±–∂–∞–Ω–∏–¥–∑–µ –≥—Ä—É–±–æ —Å—ã–≥—Ä–∞–ª –ø—Ä–æ—Ç–∏–≤ –ö—É–¥—Ä—è—à–æ–≤–∞, –∂–µ–ª—Ç–∞—è 
#–û—Ä–µ–Ω–±—É—Ä–≥–†–æ—Å—Ç–æ–≤"
rostovfc|866267404233474048|2017-05-21 12:20:18|"20
–§–æ–ª—è—Ç —Ö–æ–∑—è–µ–≤–∞ –≤ –∞—Ç–∞–∫–µ. –ì–∞—Ü–∫–∞–Ω—É –¥–æ—Å—Ç–∞–ª–æ—Å—å 
#–û—Ä–µ–Ω–±—É—Ä–≥–†–æ—Å—Ç–æ–≤"
rostovfc|866266019555364865|2017-05-21 12:14:48|"15
–°–∏–º–∏—á –º–µ–Ω—è–µ—Ç –ù–∞–≤–∞—Å–∞
#–û—Ä–µ–Ω–±—É—Ä–≥–†–æ—Å—Ç–æ–≤"
rostovfc|866265914269892608|2017-05-21 12:14:23|"–ó–∞–º–µ–Ω–∞ —É –Ω–∞—Å –≥–æ—Ç–æ–≤–∏—Ç—Å—è 
–°–∏–º–∏—á –≤—ã–π–¥–µ—Ç –Ω–∞ –ø–æ–ª–µ 
#–û—Ä–µ–Ω–±—É—Ä–≥–†–æ—Å—Ç–æ–≤"
rostovfc|866265599340630017|2017-05-21 12:13:07|"13
–ì–∞—Ü–∫–∞–Ω –ø—Ä–æ—Å—Ç–∏–ª —Ö–æ–∑—è–µ–≤. –í –ø—É—Å—Ç—ã–µ –≤–æ—Ä–æ—Ç–æ –Ω–µ –ø–æ–ø–∞–ª –Ω–∞—à –∫–∞–ø–∏—Ç–∞–Ω –º–µ—Ç—Ä–æ–≤ —Å 10
#–û—Ä–µ–Ω–±—É—Ä–≥–†–æ—Å—Ç–æ–≤"
rostovfc|866264612907438080|2017-05-21 12:09:12|"9
–ï—Ä–æ—Ö–∏–Ω –≥—Ä—É–±–æ —Å—ã–≥—Ä–∞–ª –≤–æ–∑–ª–µ —à—Ç—Ä–∞—Ñ–Ω–æ–π ""–†–æ—Å—Ç–æ–≤–∞"". –ñ–µ–ª—Ç–∞—è 
#–û—Ä–µ–Ω–±—É—Ä–≥–†–æ—Å—Ç–æ–≤"
rostovfc|866264519349325824|2017-05-21 12:08:50|"9
–û–ø–∞—Å–Ω–æ –º–æ–≥–ª–æ –±—ã—Ç—å
–ê–∑–º—É–Ω –ø–æ–ª—É—á–∏–ª –º—è—á –≤ —à—Ç—Ä–∞—Ñ–Ω–æ–π, –Ω–æ –Ω–µ —Å–º–æ–≥ –ø—Ä–æ–±–∏—Ç—å 
#–û—Ä–µ–Ω–±—É—Ä–≥–†–æ—Å—Ç–æ–≤"
rostovfc|866263792694571009|2017-05-21 12:05:57|"6
–ë–∞–π—Ä–∞–º—è–Ω –ø–æ–ø—ã—Ç–∞–ª—Å—è –ø—Ä–æ—Ä–≤–∞—Ç—å—Å—è –ø–æ —Ñ–ª–∞–Ω–≥—É, –Ω–æ –µ–≥–æ –æ—Å—Ç–∞–Ω–æ–≤–∏–ª–∏ 
#–û—Ä–µ–Ω–±—É—Ä–≥–†–æ—Å—Ç–æ–≤"
rostovfc|866262922808479748|2017-05-21 12:02:29|"3 
–ü–æ–∫–∞ —á—Ç–æ –º—è—á —É —Ö–æ–∑—è–µ–≤ –¥–µ—Ä–∂–∏—Ç—Å—è 
#–û—Ä–µ–Ω–±—É—Ä–≥–†–æ—Å—Ç–æ–≤"
rostovfc|866262384930951169|2017-05-21 12:00:21|"–ú–∞—Ç—á –Ω–∞—á–∞–ª—Å—è!
#–û—Ä–µ–Ω–±—É—Ä–≥–†–æ—Å—Ç–æ–≤"
rostovfc|866262174850830337|2017-05-21 11:59:31|"–í–ø–µ—Ä—ë–¥ —Ä–æ–¥–Ω—ã–µ!
#–û—Ä–µ–Ω–±—É—Ä–≥–†–æ—Å—Ç–æ–≤ https://t.co/ob99CJ4lAQ"
rostovfc|866261787020230656|2017-05-21 11:57:59|"–í—ã—Ö–æ–¥—è—Ç –∫–æ–º–∞–Ω–¥—ã –Ω–∞ –ø–æ–ª–µ 
#–û—Ä–µ–Ω–±—É—Ä–≥–†–æ—Å—Ç–æ–≤"
rostovfc|866258906036801536|2017-05-21 11:46:32|"–ó–∞–∫–æ–Ω—á–∏–ª–∞—Å—å —Ä–∞–∑–º–∏–Ω–∫–∞ –Ω–∞—à–µ–π –∫–æ–º–∞–Ω–¥—ã
#–û—Ä–µ–Ω–±—É—Ä–≥–†–æ—Å—Ç–æ–≤"
rostovfc|866255370670485504|2017-05-21 11:32:29|"–†–∞–∑–º–∏–Ω–∞–µ–º—Å—è 
#–û—Ä–µ–Ω–±—É—Ä–≥–†–æ—Å—Ç–æ–≤ https://t.co/RI91r2mOuG"
rostovfc|866252264595484672|2017-05-21 11:20:08|"–ù–∞—á–∞–ª–∞—Å—å —Ä–∞–∑–º–∏–Ω–∫–∞ 
#–û—Ä–µ–Ω–±—É—Ä–≥–†–æ—Å—Ç–æ–≤ https://t.co/tagEjurg4i"
rostovfc|866245436029513728|2017-05-21 10:53:00|"–ü–µ—Ä–µ–¥ —Ä–∞–∑–º–∏–Ω–∫–æ–π –°–∞—à–∞ –ë—É—Ö–∞—Ä–æ–≤ —Ä–∞–∑–¥–∞—ë—Ç –∞–≤—Ç–æ–≥—Ä–∞—Ñ—ã —é–Ω—ã–º —Ñ–∞–Ω–∞—Ç–∞–º 
#–û—Ä–µ–Ω–±—É—Ä–≥–†–æ—Å—Ç–æ–≤ https://t.co/OBb22n3pGv"
rostovfc|866244192762302464|2017-05-21 10:48:04|"–ù–∞—à —Å–æ—Å—Ç–∞–≤ –Ω–∞ –±–∏—Ç–≤—É —Å ""–û—Ä–µ–Ω–±—É—Ä–≥–æ–º"" https://t.co/2leibzvBcu"
rostovfc|866241314777595904|2017-05-21 10:36:38|"–ù–∞—à–∞ –∫–æ–º–∞–Ω–¥–∞ —É–∂–µ –Ω–∞ —Å—Ç–∞–¥–∏–æ–Ω–µ 
#–û—Ä–µ–Ω–±—É—Ä–≥–†–æ—Å—Ç–æ–≤ https://t.co/rLyKPeezn3"
rostovfc|866233131623481346|2017-05-21 10:04:07|"–ò–Ω—Ç–µ—Ä–µ—Å–Ω—ã–π –ø–æ–ª–∏–≤ 
#–û—Ä–µ–Ω–±—É—Ä–≥–†–æ—Å—Ç–æ–≤ https://t.co/4NRVNc2Via"
rostovfc|866178935515738112|2017-05-21 06:28:45|–§–æ—Ä–º–∞ –∫–æ–º–∞–Ω–¥ –Ω–∞ –º–∞—Ç—á #–û—Ä–µ–Ω–±—É—Ä–≥–†–æ—Å—Ç–æ–≤ https://t.co/X76lgmOI2h
rostovfc|866177341986361344|2017-05-21 06:22:25|"–°–µ–≥–æ–¥–Ω—è! –ü–æ—Å–ª–µ–¥–Ω–∏–π –º–∞—Ç—á —Å–µ–∑–æ–Ω–∞! 
üì∫- ¬´–ú–∞—Ç—á! –ò–≥—Ä–∞¬ª. https://t.co/dgAmq0Tv7J"
rostovfc|865923182158651392|2017-05-20 13:32:29|–ù–∞—á–∏–Ω–∞–µ–º —Ç—Ä–µ–Ω–∏—Ä–æ–≤–∫—É #–û—Ä–µ–Ω–±—É—Ä–≥–†–æ—Å—Ç–æ–≤ https://t.co/y2y4U6ZhNK
rostovfc|865913006584188929|2017-05-20 12:52:03|"–ö–æ–Ω–µ—Ü –º–∞—Ç—á–∞ 
–ú–æ–ª–æ–¥–µ–∂–Ω–æ–µ –ø–µ—Ä–≤–µ–Ω—Å—Ç–≤–æ 
30-–π —Ç—É—Ä
¬´–û—Ä–µ–Ω–±—É—Ä–≥¬ª (–º) - ¬´–†–æ—Å—Ç–æ–≤¬ª (–º) - 2:0 (2:0)
–ì–æ–ª—ã: –ú–∞–∫–∞—Ä–æ–≤, 11, –ú–∞–∫–∞—Ä–æ–≤, 43"
rostovfc|865897020564934664|2017-05-20 11:48:31|"–ü–µ—Ä–µ—Ä—ã–≤
""–û—Ä–µ–Ω–±—É—Ä–≥"" (–º) - ""–†–æ—Å—Ç–æ–≤"" (–º) - 2:0 
–ì–æ–ª: –ú–∞–∫–∞—Ä–æ–≤, 11, 43"
rostovfc|865896319583432704|2017-05-20 11:45:44|"43
–í—Ç–æ—Ä–æ–π –≥–æ–ª –º—ã –ø—Ä–æ–ø—É—Å–∫–∞–µ–º. –ú–∞–∫–∞—Ä–æ–≤ —Ç—Ä–æ–∏—Ö –æ–±—ã–≥—Ä–∞–ª –∏ –º–µ—Ç—Ä–æ–≤ —Å –ø—è—Ç–∏ –ø—Ä–æ–±–∏–ª - 0:2."
rostovfc|865890127301816320|2017-05-20 11:21:08|"19
–ï–¥–≤–∞ —Ö–æ–∑—è–µ–≤–∞ –≤—Ç–æ—Ä–æ–π –Ω–µ –∑–∞–±–∏–ª–∏. –£ –∏–≥—Ä–æ–∫–∞ ""–û—Ä–µ–Ω—É–±—Ä–≥–∞"" —á—É—Ç—å –Ω–µ –∑–∞–ª–µ—Ç–µ–ª –º—è—á –≤ –≤–æ—Ä–æ—Ç–∞ –ø–æ—Å–ª–µ –ø–æ–¥–∞—á–∏ —É–≥–ª–æ–≤–æ–≥–æ."
rostovfc|865888376460857344|2017-05-20 11:14:11|"11
–ü—Ä–æ–ø—É—Å–∫–∞–µ–º –º—ã. 
""–û—Ä–µ–Ω–±—É—Ä–≥"" (–º) - ""–†–æ—Å—Ç–æ–≤"" (–º) - 1:0
–ì–æ–ª: –ú–∞–∫–∞—Ä–æ–≤, 11"
rostovfc|865885460756914176|2017-05-20 11:02:35|–ö—Å—Ç–∞—Ç–∏, –Ω–∞—á–∞–ª–æ –±—ã–ª–æ —Å—Ç—Ä–∞—à–Ω—ã–º –æ—á–µ–Ω—å https://t.co/4yiAqxDrK4
rostovfc|865885169156321280|2017-05-20 11:01:26|–ù–∞—á–∏–Ω–∞–µ—Ç—Å—è –º–∞—Ç—á! https://t.co/nGnAoIN6wv
rostovfc|865883534808027137|2017-05-20 10:54:56|"–¢—Ä–∞–Ω—Å–ª—è—Ü–∏—è –º–∞—Ç—á–∞ –º–æ–ª–æ–¥–µ–∂–µ–∫ ""–û—Ä–µ–Ω–±—É—Ä–≥–∞"" –∏ ""–†–æ—Å—Ç–æ–≤–∞"" 
https://t.co/TMOX9zjiNu"
rostovfc|865869423957159936|2017-05-20 09:58:52|"–°–æ—Å—Ç–∞–≤ –º–æ–ª–æ–¥–µ–∂–∫–∏ –Ω–∞ –º–∞—Ç—á —Å ""–û—Ä–µ–Ω–±—É—Ä–≥–æ–º"" https://t.co/69wRtwLBNp"
rostovfc|865864042270818304|2017-05-20 09:37:29|"–ú–æ–ª–æ–¥–µ–∂–∫–∞ —É–∂–µ –Ω–∞ —Å—Ç–∞–¥–∏–æ–Ω–µ –ì–∞–∑–æ–≤–∏–∫, –≥–¥–µ –≤ 14:00 –Ω–∞—á–Ω—ë—Ç—Å—è –∏–≥—Ä–∞ –∂—ë–ª—Ç–æ-—Å–∏–Ω–∏—Ö —Å ""–û—Ä–µ–Ω–±—É—Ä–≥–æ–º"" https://t.co/L5Y6sAnBnx"
rostovfc|865851222754029568|2017-05-20 08:46:32|–ù–∞ –º–µ—Å—Ç–µ! üí™üèº‚úàÔ∏è https://t.co/qSHBl0bNwf
rostovfc|865820790972919808|2017-05-20 06:45:37|"–ù–∞ –û—Ä–µ–Ω–±—É—Ä–≥!‚úàÔ∏è
#–º—ã—Ä–æ—Å—Ç–æ–≤ https://t.co/N32f3wlDbQ"
rostovfc|865660880423313408|2017-05-19 20:10:11|"–ó–∞–≤—Ç—Ä–∞ —É—Ç—Ä–æ–º –∫–æ–º–∞–Ω–¥–∞ —É–ª–µ—Ç–∞–µ—Ç –≤ –û—Ä–µ–Ω–±—É—Ä–≥, –∞ –ø–æ–∫–∞ —Å–º–æ—Ç—Ä–∏–º —Ñ–æ—Ç–æ —Å —Å–µ–≥–æ–¥–Ω—è—à–Ω–µ–π —Ç—Ä–µ–Ω–∏—Ä–æ–≤–∫–∏ 
https://t.co/BNvvc9ov6g https://t.co/ulZGjDz3LC"
rostovfc|865580452928778242|2017-05-19 14:50:36|"–ù–∞—á–∞–ª–∞—Å—å –ø–æ—Å–ª–µ–¥–Ω—è—è –¥–æ–º–∞—à–Ω—è—è —Ç—Ä–µ–Ω–∏—Ä–æ–≤–∫–∞ –≤ –Ω—ã–Ω–µ—à–Ω–µ–º —Å–µ–∑–æ–Ω–µ 
#–º—ã—Ä–æ—Å—Ç–æ–≤ https://t.co/JhnNQQ682V"
rostovfc|865501360627662852|2017-05-19 09:36:19|"¬´–†–æ—Å—Ç–æ–≤¬ª ‚Äî —á–∞—Å—Ç–∏—á–∫–∞ –º–æ–µ–π —Å–µ–º—å–∏¬ª
–í—Ç–æ—Ä–∞—è —á–∞—Å—Ç—å –∏–Ω—Ç–µ—Ä–≤—å—é –ü–∞–≤–ª–∞ –ú–æ–≥–∏–ª–µ–≤—Ü–∞ –Ω–∞—à–µ–º—É –∫–ª—É–±–Ω–æ–º—É –∂—É—Ä–Ω–∞–ª—É.

‚¨áÔ∏è‚Ä¶ https://t.co/MMGMLwPFfX"
rostovfc|865141216991748096|2017-05-18 09:45:14|–í–æ—Å—Å—Ç–∞–Ω–æ–≤–ª–µ–Ω–∏–µ –∏–¥—ë—Ç –Ω–∞–º–Ω–æ–≥–æ –±—ã—Å—Ç—Ä–µ–µ, –∫–æ–≥–¥–∞ –≤ –∫–æ–º–∞–Ω–¥–µ –Ω–æ–≤—ã–π –∏–≥—Ä–æ–∫ üòÇ https://t.co/V0fyhyTCpW
rostovfc|865125780967362560|2017-05-18 08:43:54|¬´–û—Ä–µ–Ω–±—É—Ä–≥¬ª –∏ ¬´–†–æ—Å—Ç–æ–≤¬ª —Ä–∞—Å—Å—É–¥–∏—Ç –í–ª–∞–¥–∏—Å–ª–∞–≤ –ë–µ–∑–±–æ—Ä–æ–¥–æ–≤ https://t.co/wh87PAxgWp
rostovfc|864934010249760770|2017-05-17 20:01:52|–î–æ–º–æ–π ‚úàÔ∏è https://t.co/HKJHyGu3Lc
rostovfc|864921410552160256|2017-05-17 19:11:48|"–ò–≤–∞–Ω –î–∞–Ω–∏–ª—å—è–Ω—Ü: –°–µ–≥–æ–¥–Ω—è ¬´–†–æ—Å—Ç–æ–≤¬ª –ø–æ–±–µ–¥–∏–ª –≤ –æ—á–µ–Ω—å –≤–∞–∂–Ω–æ–º –º–∞—Ç—á–µ
‚¨áÔ∏è
https://t.co/NPsgQdnhxj"
rostovfc|864919314071248896|2017-05-17 19:03:28|"–í–ø–µ—Ä–µ–¥–∏ –ø–æ—Å–ª–µ–¥–Ω–∏–π —Ç—É—Ä!
#–º—ã—Ä–æ—Å—Ç–æ–≤ https://t.co/Ed9cbvdmXM"
rostovfc|864909333125058560|2017-05-17 18:23:48|"–í–°–ï!!!
–ü–û–ë–ï–î–ê!
¬´–ê–Ω–∂–∏¬ª - ¬´–†–æ—Å—Ç–æ–≤¬ª  - 1:2  (0:0)
–ì–æ–ª—ã: –ê–∑–º—É–Ω, 60 ‚Äì 0:1, –ü–æ–ª–æ–∑, 64 ‚Äì 0:2, –ü—Ä—É–¥–Ω–∏–∫–æ–≤, 78 ‚Äì 1:2"
rostovfc|864908152948617217|2017-05-17 18:19:07|"3 –º–∏–Ω—É—Ç—ã –¥–æ–±–∞–≤–∏–ª —Å—É–¥—å—è 
#–ê–Ω–∂–∏–†–æ—Å—Ç–æ–≤"
rostovfc|864906467434000385|2017-05-17 18:12:25|"84
–¢–µ—Ä–µ–Ω—Ç—å–µ–≤ –≤–º–µ—Å—Ç–æ –ë–∞–π—Ä–∞–º—è–Ω–∞

#–ê–Ω–∂–∏–†–æ—Å—Ç–æ–≤"
rostovfc|864905182488002560|2017-05-17 18:07:19|"78
–ü—Ä–æ–ø—É—Å–∫–∞–µ–º –º—ã 
–ü—Ä—É–¥–Ω–∏–∫–æ–≤ –≥–æ–ª–æ–≤–æ–π –ø—Ä–æ–±–∏–ª –≤ —É–≥–æ–ª - 2:1
#–ê–Ω–∂–∏–†–æ—Å—Ç–æ–≤"
rostovfc|864904121131859969|2017-05-17 18:03:06|"74
–Ø–∫–æ–≤–ª–µ–≤ –∫–∞–∫–∏–º-—Ç–æ —á—É–¥–æ–º –Ω–µ –ø–æ–ø–∞–ª –≤ –≤–æ—Ä–æ—Ç–∞ –ø–æ—Å–ª–µ –º–æ—â–Ω–æ–≥–æ —É–¥–∞—Ä–∞ –º–µ—Ç—Ä–æ–≤ —Å 14
#–ê–Ω–∂–∏–†–æ—Å—Ç–æ–≤"
rostovfc|864903820928856064|2017-05-17 18:01:54|"73
–ü—Ä—É–¥–Ω–∏–∫–æ–≤ –≤–º–µ—Å—Ç–æ –¢–µ—Ç—Ä–∞—à–≤–∏–ª–∏ 
#–ê–Ω–∂–∏–†–æ—Å—Ç–æ–≤"
rostovfc|864902266200915968|2017-05-17 17:55:44|"67
–≠–∑–∞—Ç–æ–ª–∞—Ö–∏ –≤–º–µ—Å—Ç–æ –î–æ–ª–≥–æ–≤–∞
#–ê–Ω–∂–∏–†–æ—Å—Ç–æ–≤"
rostovfc|864901585759088640|2017-05-17 17:53:01|"–í—ã—à–µ–ª –î–∏–º–∞ –æ–¥–∏–Ω –Ω–∞ –æ–¥–∏–Ω —Å –Æ—Ä—á–µ–Ω–∫–æ –∏ –±–µ–∑ –ø—Ä–æ–±–ª–µ–º –ø—Ä–æ–±–∏–ª –≤ —É–≥–æ–ª - 2:0! 
#–ê–Ω–∂–∏–†–æ—Å—Ç–æ–≤"
rostovfc|864901484714086402|2017-05-17 17:52:37|"–ü–û–õ–û–û–û–û–ó!!! 2:0!!!!
–ë–†–ê–í–û!"
rostovfc|864900778393206785|2017-05-17 17:49:49|"–ë–ª–µ—Å—Ç—è—â–µ –°–µ—Ä–¥–∞—Ä —Å—ã–≥—Ä–∞–ª –≤ —á—É–∂–æ–π —à—Ç—Ä–∞—Ñ–Ω–æ–π –∏ –ø—è—Ç–∫–æ–π –æ—Ç–∫—Ä—ã–ª —Å—á–µ—Ç –≤ –º–∞—Ç—á–µ!
#–ê–Ω–∂–∏–†–æ—Å—Ç–æ–≤"
rostovfc|864900651112968192|2017-05-17 17:49:18|"60
–ì–û–û–û–û–û–û–û–õ! –ê–ó–ú–£–£–£–£–£–£–£–£–£–£–ù!
#–ê–Ω–∂–∏–†–æ—Å—Ç–æ–≤"
rostovfc|864900060164894721|2017-05-17 17:46:58|"58
–•—É–±—É–ª–æ–≤ –≤–º–µ—Å—Ç–æ –•–∞–¥–∞—Ä—Ü–µ–≤–∞ 
#–ê–Ω–∂–∏–†–æ—Å—Ç–æ–≤"
rostovfc|864899980619862018|2017-05-17 17:46:39|"57
–ë–∞–π—Ä–∞–º—è–Ω –∂–µ–ª—Ç—É—é –ø–æ–ª—É—á–∏–ª 
#–ê–Ω–∂–∏–†–æ—Å—Ç–æ–≤"
rostovfc|864899370319310849|2017-05-17 17:44:13|"56
–†–∞–≤–Ω–∞—è –∏–≥—Ä–∞ –≤–æ –≤—Ç–æ—Ä–æ–º —Ç–∞–π–º–µ
#–ê–Ω–∂–∏–†–æ—Å—Ç–æ–≤"
rostovfc|864896793187942400|2017-05-17 17:33:59|"–ù–∞—á–∞–ª—Å—è –≤—Ç–æ—Ä–æ–π —Ç–∞–π–º
#–ê–Ω–∂–∏–†–æ—Å—Ç–æ–≤"
rostovfc|864896588539473921|2017-05-17 17:33:10|"–ó–∞–º–µ–Ω—ã —É –Ω–∞—Å 
–ü–æ–ª–æ–∑ –Ω–∞ –ø–æ–ª–µ –ø–æ—è–≤–∏–ª—Å—è –≤–º–µ—Å—Ç–æ –î–µ–≤–∏—á–∞ 
–ê–∑–º—É–Ω –≤–º–µ—Å—Ç–æ –ë—É—Ö–∞—Ä–æ–≤–∞
#–ê–Ω–∂–∏–†–æ—Å—Ç–æ–≤"
rostovfc|864892494542012416|2017-05-17 17:16:54|"–ü–µ—Ä–µ—Ä—ã–≤
""–ê–Ω–∂–∏"" - ""–†–æ—Å—Ç–æ–≤"" - 0:0"
rostovfc|864890244621103104|2017-05-17 17:07:57|"37
–ñ–∞—Ä–∫–æ —Å–µ–π—á–∞—Å –±—ã–ª–æ –Ω–∞ –ø–æ–ª–µ, –∫ —Å—á–∞—Å—Ç—å—é, –æ–±–æ—à–ª–æ—Å—å –±–µ–∑ –¥—Ä–∞–∫–∏ 
#–ê–Ω–∂–∏–†–æ—Å—Ç–æ–≤"
rostovfc|864888903832133634|2017-05-17 17:02:38|"31
–¢–µ—Ç—Ä–∞—à–≤–∏–ª–∏ –≥—Ä—É–±–∏—Ç. –ñ–µ–ª—Ç–∞—è 
#–ê–Ω–∂–∏–†–æ—Å—Ç–æ–≤"
rostovfc|864887723475259392|2017-05-17 16:57:56|"27
–ù–æ–±–æ–∞! –ü—Ä–æ–±–∏–ª –ö—Ä–∏—Å —Å–æ —à—Ç—Ä–∞—Ñ–Ω–æ–≥–æ - –Æ—Ä—á–µ–Ω–∫–æ –≤—ã—Ç–∞—â–∏–ª –∏–∑ —É–≥–ª–∞ –º—è—á
#–ê–Ω–∂–∏–†–æ—Å—Ç–æ–≤"
rostovfc|864886800095088641|2017-05-17 16:54:16|"23
–£—Å–ø–æ–∫–æ–∏–ª–∞—Å—å –Ω–µ–º–Ω–æ–≥–æ –∏–≥—Ä–∞. –£–¥–∞–ª–æ—Å—å –∂–µ–ª—Ç–æ-—Å–∏–Ω–∏–º –æ—Ç–æ–¥–≤–∏–Ω—É—Ç—å —Å–æ–ø–µ—Ä–Ω–∏–∫–∞ –æ—Ç —Å–≤–æ–∏—Ö –≤–æ—Ä–æ—Ç 
#–ê–Ω–∂–∏–†–æ—Å—Ç–æ–≤"
rostovfc|864885033714188288|2017-05-17 16:47:15|"16
–ü–µ—Ä–µ–∫–ª–∞–¥–∏–Ω–∞! 
–í–Ω–æ–≤—å –Ω–∞–≤–µ—Å –ö–∞–ª–∞—á–µ–≤–∞ –∏ –ë—É—Ö–∞—Ä–æ–≤ –ø—Ä–æ–±–∏–ª –≥–æ–ª–æ–≤–æ–π. –ú—è—á –ø–æ –¥—É–≥–µ –µ–¥–≤–∞ –Ω–µ –∑–∞–ª–µ—Ç–µ–ª –≤ –≤–æ—Ä–æ—Ç–∞
#–ê–Ω–∂–∏–†–æ—Å—Ç–æ–≤"
rostovfc|864884112473063426|2017-05-17 16:43:35|"12
–°–æ–≤—Å–µ–º —Ç—Ä—É–¥–Ω–æ —Å–µ–π—á–∞—Å ""–†–æ—Å—Ç–æ–≤—É"". –ù–∞–≤–µ—Å —Å —Ñ–ª–∞–Ω–≥–∞ –∏ –î–æ–ª–≥–æ–≤ –ø—Ä–æ–±–∏–ª –≥–æ–ª–æ–≤–æ–π - —Å–∞–Ω—Ç–∏–º–µ—Ç—Ä–æ–≤ –Ω–µ —Ö–≤–∞—Ç–∏–ª–æ –Ω–∞–ø–∞–¥–∞—é—â–µ–º—É —Ö–æ–∑—è–µ–≤.
#–ê–Ω–∂–∏–†–æ—Å—Ç–æ–≤"
rostovfc|864883153458135040|2017-05-17 16:39:47|"8
–ü–∞—Ä—à–∏–≤–ª—é–∫ –º–µ—Ç—Ä–æ–≤ —Å 25 –ø—Ä–æ–±–∏–ª - –ú–µ–¥–≤–µ–¥–µ–≤ —É–≤–µ—Ä–µ–Ω–Ω–æ –ø–æ–π–º–∞–ª –º—è—á 
#–ê–Ω–∂–∏–†–æ—Å—Ç–æ–≤"
rostovfc|864881529864032256|2017-05-17 16:33:20|"–û–ø–∞—Å–Ω–æ –±—ã–ª–æ. –Ø–∫–æ–≤–ª–µ–≤ –≤–æ—Ä–≤–∞–ª—Å—è –≤ —à—Ç—Ä–∞—Ñ–Ω—É—é –∏ –ø–æ–ø—Ä–æ–±–æ–≤–∞–ª —Å–¥–µ–ª–∞—Ç—å –ø—Ä–æ—Å—Ç—Ä–µ–ª - –∑–∞–±–ª–æ–∫–∏—Ä–æ–≤–∞–ª–∏ –µ–≥–æ –ø–µ—Ä–µ–¥–∞—á—É 
#–ê–Ω–∂–∏–†–æ—Å—Ç–æ–≤"
rostovfc|864881019102662656|2017-05-17 16:31:18|"–ü–æ–µ—Ö–∞–ª–∏! –í–ø–µ—Ä–µ–¥ —Ä–æ–¥–Ω—ã–µ!
#–ê–Ω–∂–∏–†–æ—Å—Ç–æ–≤"
rostovfc|864880689497468930|2017-05-17 16:29:59|"–ù–∞ –ø–æ–ª–µ –∫–æ–º–∞–Ω–¥—ã!
#–ê–Ω–∂–∏–†–æ—Å—Ç–æ–≤"
rostovfc|864876377861959681|2017-05-17 16:12:51|"–ó–∞–∫–æ–Ω—á–∏–ª–∞—Å—å —Ä–∞–∑–º–∏–Ω–∫–∞ 
#–ê–Ω–∂–∏–†–æ—Å—Ç–æ–≤ https://t.co/neYSpJE4yH"
rostovfc|864874465511002112|2017-05-17 16:05:15|"–†–∞–∑–º–∏–Ω–∞—é—Ç—Å—è –Ω–∞—à–∏ —Ä–µ–±—è—Ç–∞ 
#–ê–Ω–∂–∏–†–æ—Å—Ç–æ–≤ https://t.co/C6Aex3frrv"
rostovfc|864862688345772033|2017-05-17 15:18:27|–ù–∞—à —Å–æ—Å—Ç–∞–≤ –Ω–∞ –º–∞—Ç—á #–ê–Ω–∂–∏–†–æ—Å—Ç–æ–≤ https://t.co/SvPQrhBq9E
rostovfc|864858956149215232|2017-05-17 15:03:38|–ù–∞—à–∏ –ø–∞—Ä–Ω–∏ —É–∂–µ –Ω–∞ —Å—Ç–∞–¥–∏–æ–Ω–µ #–ê–Ω–∂–∏–†–æ—Å—Ç–æ–≤ https://t.co/a708jWaLPU
rostovfc|864858109046665216|2017-05-17 15:00:16|1:30 –¥–æ –º–∞—Ç—á–∞ #–ê–Ω–∂–∏–†–æ—Å—Ç–æ–≤ https://t.co/uPqg3jUNjw
rostovfc|864852812295008257|2017-05-17 14:39:13|"–ù–∞—à–∞ —Ä–∞–∑–¥–µ–≤–∞–ª–∫–∞ 
#–ê–Ω–∂–∏–†–æ—Å—Ç–æ–≤ https://t.co/BzmsKX5jpx"
rostovfc|864758982795304960|2017-05-17 08:26:22|"–§–æ—Ä–º–∞ –∫–æ–º–∞–Ω–¥ –Ω–∞ –º–∞—Ç—á
#–ê–Ω–∂–∏–†–æ—Å—Ç–æ–≤ https://t.co/DLJlZmKZNZ"
rostovfc|864591838350639104|2017-05-16 21:22:12|"–í–µ—Ä–∏–º –≤ –Ω–∞—à–∏—Ö –º—É–∂–∏–∫–æ–≤! 
üì∫- ""–ú–ê–¢–ß!–§—É—Ç–±–æ–ª 2""
#–º—ã—Ä–æ—Å—Ç–æ–≤ https://t.co/TK1ds8XVZo"
rostovfc|864501614383681536|2017-05-16 15:23:41|"–ö–æ–Ω–µ—Ü –º–∞—Ç—á–∞ 
–£—Å—Ç—É–ø–∏–ª–∞ –Ω–∞—à–∞ –º–æ–ª–æ–¥–µ–∂–∫–∞ ""–ê–Ω–∂–∏"" - 0:1 https://t.co/XtIrlTKtNU"
rostovfc|864493837623975939|2017-05-16 14:52:47|–¢—ë–ø–ª–∞—è –≤—Å—Ç—Ä–µ—á–∞ üí™üèº https://t.co/bCxeHVLQ2L
rostovfc|864491185519374336|2017-05-16 14:42:14|–ü—Ä–æ–ø—É—Å–∫–∞–µ—Ç –Ω–∞—à–µ –º–æ–ª–æ–¥—ë–∂–Ω–∞—è –∫–æ–º–∞–Ω–¥–∞ - 0:1 https://t.co/vXDjFlmbwE
rostovfc|864488432994799618|2017-05-16 14:31:18|–ù–∞—á–∞–ª—Å—è –≤—Ç–æ—Ä–æ–π —Ç–∞–π–º –º–∞—Ç—á–∞ –º–æ–ª–æ–¥–µ–∂–µ–∫ https://t.co/fSGkPyJYHM
rostovfc|864487261823479808|2017-05-16 14:26:39|–£–≥–∞–¥–∞–π—Ç–µ, –∫—Ç–æ ü§ù https://t.co/l2rBzBwVIr
rostovfc|864484955111469057|2017-05-16 14:17:29|"–ü–µ—Ä–µ—Ä—ã–≤ 
""–ê–Ω–∂–∏"" (–º) - ""–†–æ—Å—Ç–æ–≤"" (–º) - 0:0 https://t.co/XlyLR0JRsF"
rostovfc|864484080750137344|2017-05-16 14:14:00|–ü—Ä–µ–¥—ã–≥—Ä–æ–≤–∞—è —Ç—Ä–µ–Ω–∏—Ä–æ–≤–∫–∞ –Ω–∞ —Å—Ç–∞–¥–∏–æ–Ω–µ @fc_anji #–ê–Ω–∂–∏–†–æ—Å—Ç–æ–≤ https://t.co/lEBYQnv4GB
rostovfc|864473221143433216|2017-05-16 13:30:51|"–ü–æ–µ—Ö–∞–ª–∏! –ù–∞—á–∞–ª—Å—è –º–∞—Ç—á –º–æ–ª–æ–¥—ë–∂–Ω—ã—Ö —Å–æ—Å—Ç–∞–≤–æ–≤ ""–ê–Ω–∂–∏"" - ""–†–æ—Å—Ç–æ–≤"" https://t.co/D7JYeyjULL"
rostovfc|864469446294941702|2017-05-16 13:15:51|"–¢—Ä–∞–Ω—Å–ª—è—Ü–∏—è –º–∞—Ç—á–∞ –º–æ–ª–æ–¥–µ–∂–Ω—ã—Ö —Å–æ—Å—Ç–∞–≤–æ–≤ ""–ê–Ω–∂–∏"" –∏ ""–†–æ—Å—Ç–æ–≤–∞"" 
https://t.co/2ly6FuHN9L"
rostovfc|864467949230444549|2017-05-16 13:09:54|–†–∞–∑–º–∏–Ω–∞—é—Ç—Å—è –Ω–∞—à–∏ —Ä–µ–±—è—Ç–∞ https://t.co/pdyIU72eq5
rostovfc|864464604776333312|2017-05-16 12:56:37|"–°–æ—Å—Ç–∞–≤ –Ω–∞—à–µ–π –º–æ–ª–æ–¥—ë–∂–Ω–æ–π –∫–æ–º–∞–Ω–¥—ã –Ω–∞ –º–∞—Ç—á —Å ""–ê–Ω–∂–∏"" https://t.co/FsXQId2bvK"
rostovfc|864411991405989888|2017-05-16 09:27:33|"–ù–∞ –º–µ—Å—Ç–µ ü§ó
#–º—ã—Ä–æ—Å—Ç–æ–≤ https://t.co/yzfMzSLjn8"
rostovfc|864385747083808768|2017-05-16 07:43:16|"–ù–∞ –ú–∞—Ö–∞—á–∫–∞–ª—É! ‚úàÔ∏è
#–º—ã—Ä–æ—Å—Ç–æ–≤ https://t.co/Vr72oC8z8K"
rostovfc|864361591034097664|2017-05-16 06:07:17|"–°–æ–≤—Å–µ–º —Å–∫–æ—Ä–æ –Ω–∞—à–∞ –∫–æ–º–∞–Ω–¥–∞ –æ—Ç–ø—Ä–∞–≤–∏—Ç—Å—è –≤ –ú–∞—Ö–∞—á–∫–∞–ª—É, –∞ –ø–æ–∫–∞ –¥–∞–≤–∞–π—Ç–µ –≤—Å–ø–æ–º–Ω–∏–º —É–≤–µ—Ä–µ–Ω–Ω—É—é –ø–æ–±–µ–¥—É –Ω–∞–¥ ""–†—É–±–∏–Ω–æ–º""!

https://t.co/7qayYIQcyR"
rostovfc|864361045791342593|2017-05-16 06:05:07|"–°–µ—Ä–≥–µ—é –ê–Ω–¥—Ä–µ–µ–≤—É ‚Äì 61! 

–°–µ–≥–æ–¥–Ω—è –¥–µ–Ω—å —Ä–æ–∂–¥–µ–Ω–∏—è —É –ø—Ä–æ—Å–ª–∞–≤–ª–µ–Ω–Ω–æ–≥–æ –¥–æ–Ω—Å–∫–æ–≥–æ —Ñ—É—Ç–±–æ–ª–∏—Å—Ç–∞. 
–ó–¥–æ—Ä–æ–≤—å—è, —Å—á–∞—Å—Ç—å—è –∏ —É—Å–ø–µ—Ö–æ–≤! https://t.co/RRSuuGUl80"
rostovfc|864047640757096448|2017-05-15 09:19:45|–§–µ–¥–æ—Ä –ö—É–¥—Ä—è—à–æ–≤, –ê–ª–µ–∫—Å–∞–Ω–¥—Ä –ï—Ä–æ—Ö–∏–Ω, –î–º–∏—Ç—Ä–∏–π –ü–æ–ª–æ–∑ –∏ –ê–ª–µ–∫—Å–∞–Ω–¥—Ä –ë—É—Ö–∞—Ä–æ–≤ –≤–∫–ª—é—á–µ–Ω—ã –≤ —Ä–∞—Å—à–∏—Ä–µ–Ω–Ω—ã–π —Å–æ—Å—Ç–∞–≤ —Å–±–æ—Ä–Ω–æ–π –†–æ—Å—Å–∏–∏ –Ω–∞‚Ä¶ https://t.co/T2lJNemCom
rostovfc|864043307734847488|2017-05-15 09:02:32|"–ù–∞–≤–∞—Å –∏ –µ–≥–æ —Å—ã–Ω, –ª–∏–∫—É—é—â–∏–µ —Ç—Ä–∏–±—É–Ω—ã - –≤ –Ω–∞—à–µ–π –≥–∞–ª–µ—Ä–µ–µ —Å –ø–æ–±–µ–¥–Ω–æ–≥–æ –º–∞—Ç—á–∞ 
üì∑

https://t.co/rlfxOJaWOP https://t.co/uHEdBh6hW3"
rostovfc|864027968477306880|2017-05-15 08:01:35|"–ê–ª–µ–∫—Å–µ–π –ù–∏–∫–æ–ª–∞–µ–≤ —Ä–∞—Å—Å—É–¥–∏—Ç ""–ê–Ω–∂–∏"" –∏ ""–†–æ—Å—Ç–æ–≤"" 
–ê—Å—Å–∏—Å—Ç–µ–Ω—Ç—ã ‚Äì –î–º–∏—Ç—Ä–∏–π –ñ–≤–∞–∫–∏–Ω, –í–ª–∞–¥–∏–º–∏—Ä –ú–∏–Ω–µ–≤–∏—á; 
–†–µ–∑–µ—Ä–≤–Ω—ã–π —Å—É–¥—å—è ‚Äì –ï–≤–≥–µ‚Ä¶ https://t.co/pOdUQwTrMN"
rostovfc|863847694736949248|2017-05-14 20:05:14|"–î–≤–∞ —Ç—É—Ä–∞ –¥–æ —Ñ–∏–Ω–∏—à–∞! 
–ë–∏—Ç–≤–∞ –∑–∞ –ï–≤—Ä–æ–ø—É –ø—Ä–æ–¥–æ–ª–∂–∞–µ—Ç—Å—è! https://t.co/U08WGikYZz"
rostovfc|863836583958638593|2017-05-14 19:21:05|"–ü—Ä–æ—â–∞–π –¥–æ —Å–ª–µ–¥—É—é—â–µ–≥–æ —Å–µ–∑–æ–Ω–∞, –Ω–∞—à –º–∞–ª–µ–Ω—å–∫–∏–π –£—ç–º–±–ª–∏ üíõüíô
#–º—ã—Ä–æ—Å—Ç–æ–≤ https://t.co/ensBuvan3k"
rostovfc|863832877217312768|2017-05-14 19:06:21|"–¢–∏–º–æ—Ñ–µ–π –ö–∞–ª–∞—á—ë–≤ –æ—Ç–¥–∞–ª 9 –≥–æ–ª–µ–≤—É—é –ø–µ—Ä–µ–¥–∞—á—É –≤ –Ω—ã–Ω–µ—à–Ω–µ–º —á–µ–º–ø–∏–æ–Ω–∞—Ç–µ!
#–º—ã—Ä–æ—Å—Ç–æ–≤ #–Ω–∞—à–∫–∞–ª–∞—á https://t.co/q32jYEqkm7"
rostovfc|863831397571735553|2017-05-14 19:00:29|"¬´–•–æ—Ç–µ–ª–∏ –ø–æ–¥–∞—Ä–∏—Ç—å –±–æ–ª–µ–ª—å—â–∏–∫–∞–º –ø–æ–±–µ–¥—É¬ª
–ü—Ä–µ—Å—Å-–∫–æ–Ω—Ñ–µ—Ä–µ–Ω—Ü–∏—è –Ω–∞—à–µ–≥–æ –≥–ª–∞–≤–Ω–æ–≥–æ —Ç—Ä–µ–Ω–µ—Ä–∞
‚¨áÔ∏è
https://t.co/UgMRFkpLWJ https://t.co/XDGpxe0bUz"
rostovfc|863828194906054656|2017-05-14 18:47:45|"–í—ã–±–∏—Ä–∞–µ–º –ª—É—á—à–µ–≥–æ –∏–≥—Ä–æ–∫–∞ –º–∞—Ç—á–∞ —Å ""–†—É–±–∏–Ω–æ–º""
https://t.co/eOpg9JiwV8 https://t.co/0sgBQV88iM"
rostovfc|863821065075740673|2017-05-14 18:19:25|"–ò–≤–∞–Ω –î–∞–Ω–∏–ª—å—è–Ω—Ü: 
- –£ –ö–∏—Ä–µ–µ–≤–∞ —Ä–∞–∑–æ—Ä–≤–∞–Ω—ã —Å–≤—è–∑–∫–∏ –∫–ª—é—á–∏—Ü—ã. –ï–≥–æ –∂–¥–µ—Ç –æ–ø–µ—Ä–∞—Ü–∏—è."
rostovfc|863819989538754564|2017-05-14 18:15:09|"–ú—ã –Ω–µ –ø—Ä–æ–∏–≥—Ä—ã–≤–∞–µ–º –¥–æ–º–∞ —É–∂–µ –¥–≤–∞ —á–µ–º–ø–∏–æ–Ω–∞—Ç–∞ –†–æ—Å—Å–∏–∏ –ø–æ–¥—Ä—è–¥! 
–°–ø–∞—Å–∏–±–æ –±–æ–ª–µ–ª—å—â–∏–∫–∞–º! –≠—Ç–æ —Ç–æ–∂–µ –≤–∞—à–∞ –∑–∞—Å–ª—É–≥–∞! 
#–º—ã—Ä–æ—Å—Ç–æ–≤"
rostovfc|863814526881452032|2017-05-14 17:53:26|"–ü–û–ë–ï–î–ê!
¬´–†–æ—Å—Ç–æ–≤¬ª - ¬´–†—É–±–∏–Ω¬ª - 4:2
 –ê–∑–º—É–Ω, 7 ‚Äì 1:0, –ü–æ–ª–æ–∑, 19 ‚Äì 2:0, –ê–∑–º—É–Ω, 51 ‚Äì 3:0, –ù–æ–±–æ–∞, 73 ‚Äì 4:0, –ú‚Äô–í–∏–ª–∞, 75 ‚Äì 4‚Ä¶ https://t.co/rPlSiUnDlu"
rostovfc|863813547029090305|2017-05-14 17:49:33|"90
–ê—Ö–º–µ—Ç–æ–≤ –∂–µ–ª—Ç—É—é –ø–æ–ª—É—á–∏–ª
#–†–æ—Å—Ç–æ–≤–†—É–±–∏–Ω"
rostovfc|863812757526904834|2017-05-14 17:46:24|"87
–í–Ω–æ–≤—å –ø—Ä–æ–ø—É—Å–∫–∞–µ–º.
4:2
#–†–æ—Å—Ç–æ–≤–†—É–±–∏–Ω"
rostovfc|863812588446068737|2017-05-14 17:45:44|"87
–ê—Ö–º–µ—Ç–æ–≤ –≤–º–µ—Å—Ç–æ –†–æ—á–∏–Ω—ã
#–†–æ—Å—Ç–æ–≤–†—É–±–∏–Ω"
rostovfc|863811533226291200|2017-05-14 17:41:33|"82
–°–ø–∞—Å–∞–µ—Ç –ú–µ–¥–≤–µ–¥–µ–≤ –∫–æ–º–∞–Ω–¥—É –ø–æ—Å–ª–µ –æ–ø–∞—Å–Ω–æ–≥–æ —É–¥–∞—Ä–∞ –ö—É–∑—å–º–∏–Ω–∞!

#–†–æ—Å—Ç–æ–≤–†—É–±–∏–Ω"
rostovfc|863809912790503424|2017-05-14 17:35:06|"76
–°–æ–Ω–≥ –≤–º–µ—Å—Ç–æ –¶–∞–∫—Ç–∞—à–∞

#–†–æ—Å—Ç–æ–≤–†—É–±–∏–Ω"
rostovfc|863809754312867840|2017-05-14 17:34:28|"75
–°–æ–∫—Ä–∞—â–∞—é—Ç –≥–æ—Å—Ç–∏ –æ—Ç—Ä—ã–≤
4:1

#–†–æ—Å—Ç–æ–≤–†—É–±–∏–Ω"
rostovfc|863809336912621568|2017-05-14 17:32:49|"–ü–æ–ª–æ–∑ –ø—Ä–æ—Ä–≤–∞–ª—Å—è –ø–æ —Ñ–ª–∞–Ω–≥—É, –æ—Ç–¥–∞–ª –Ω–∞ –ë—É—Ö–∞—Ä–æ–≤–∞, –∞ –°–∞—à–∞ –≤—ã–≤–µ–ª –ù–æ–±–æ–∞ –Ω–∞ –ø—É—Å—Ç—ã–µ –≤–æ—Ä–æ—Ç–∞! 4:0! 
#–†–æ—Å—Ç–æ–≤–†—É–±–∏–Ω"
rostovfc|863809195308613632|2017-05-14 17:32:15|"73
–ì–û–û–û–û–û–û–õ! –ù–û–ë–û–û–û–ê–ê–ê–ê–ê–ê! 4:0!
#–†–æ—Å—Ç–æ–≤–†—É–±–∏–Ω"
rostovfc|863809091826835456|2017-05-14 17:31:50|"73
–ì–æ—Å—Ç–∏ –∏—Å–ø–æ–ª–Ω–∏–ª–∏ —à—Ç—Ä–∞—Ñ–Ω–æ–π - –ú–µ–¥–≤–µ–¥–µ–≤ —É–≤–µ—Ä–µ–Ω–Ω–æ –∫—É–ª–∞–∫–∞–º–∏ –≤—ã–±–∏–ª –º—è—á 
#–†–æ—Å—Ç–æ–≤–†—É–±–∏–Ω"
rostovfc|863806626314293248|2017-05-14 17:22:03|"63
–ë—É—Ö–∞—Ä–æ–≤ –≤–º–µ—Å—Ç–æ –ê–∑–º—É–Ω–∞
–ë—Ä–∞–≤–æ, –°–µ—Ä–¥–∞—Ä!
#–†–æ—Å—Ç–æ–≤–†—É–±–∏–Ω"
rostovfc|863805918202429440|2017-05-14 17:19:14|"60
–ö—É–¥—Ä—è—à–æ–≤ –≤–Ω–æ–≤—å –º–∞—Å–∫—É –Ω–∞–¥–µ–ª.
#–†–æ—Å—Ç–æ–≤–†—É–±–∏–Ω"
rostovfc|863805047360167938|2017-05-14 17:15:46|"57
–ú–µ–≤–ª—è –≤–º–µ—Å—Ç–æ –°–∏–º–∏—á–∞
#–†–æ—Å—Ç–æ–≤–†—É–±–∏–Ω"
rostovfc|863804963255922688|2017-05-14 17:15:26|"56
–ñ–æ–Ω–∞—Ç–∞—Å –≤–º–µ—Å—Ç–æ –ñ–µ–º–∞–ª–µ—Ç–¥–∏–Ω–æ–≤–∞ 
#–†–æ—Å—Ç–æ–≤–†—É–±–∏–Ω"
rostovfc|863803840684019713|2017-05-14 17:10:58|"–®–∏–∫–∞—Ä–Ω–∞—è –ø–æ–¥–∞—á–∞ –ö–∞–ª–∞—á–µ–≤–∞ —Å —Ñ–ª–∞–Ω–≥–∞ –∏ –°–µ—Ä–¥–∞—Ä –≤ –ª—É—á—à–∏—Ö —Ç—Ä–∞–¥–∏—Ü–∏—è—Ö —Ç–æ—á–Ω–æ –≤ —É–≥–æ–ª –≥–æ–ª–æ–≤–æ–π –ø—Ä–æ–±–∏–ª! –ë—Ä–∞–≤–æ!

#–†–æ—Å—Ç–æ–≤–†—É–±–∏–Ω"
rostovfc|863803572441554944|2017-05-14 17:09:55|"3:0! 
–ê–ó–ú–£–£–£–£–£–ù!

#–†–æ—Å—Ç–æ–≤–†—É–±–∏–Ω"
rostovfc|863802211637350401|2017-05-14 17:04:30|"–ù–∞—á–∞–ª—Å—è –≤—Ç–æ—Ä–æ–π —Ç–∞–π–º

#–†–æ—Å—Ç–æ–≤–†—É–±–∏–Ω"
rostovfc|863802143563808768|2017-05-14 17:04:14|"–ú–æ–º–µ–Ω—Ç—ã –ø–µ—Ä–≤–æ–≥–æ —Ç–∞–π–º–∞
#–†–æ—Å—Ç–æ–≤–†—É–±–∏–Ω https://t.co/pzyUYOw56M"
rostovfc|863798208551677961|2017-05-14 16:48:36|"–ü–µ—Ä–µ—Ä—ã–≤
2:0 –≤—ã–∏–≥—Ä—ã–≤–∞–µ–º 
#–†–æ—Å—Ç–æ–≤–†—É–±–∏–Ω"
rostovfc|863797760054767616|2017-05-14 16:46:49|"45
–ê–∑–º—É–Ω –¥–≤–æ–∏—Ö –æ–±—ã–≥—Ä–∞–ª, –ø—Ä–æ–¥–≤–∏–Ω—É–ª—Å—è –∫ —à—Ç—Ä–∞—Ñ–Ω–æ–π, –Ω–æ –Ω–µ —Å–º–æ–≥ –æ—Ç–¥–∞—Ç—å –ø–∞—Å –Ω–∞ –ü–æ–ª–æ–∑–∞
#–†–æ—Å—Ç–æ–≤–†—É–±–∏–Ω"
rostovfc|863796651953184768|2017-05-14 16:42:25|"41
–ö—É–¥—Ä—è—à–æ–≤ —Ä–µ—à–∏–ª —Å–Ω—è—Ç—å –º–∞—Å–∫—É –≤–æ –≤—Ä–µ–º—è –ø–∞—É–∑—ã
#–†–æ—Å—Ç–æ–≤–†—É–±–∏–Ω"
rostovfc|863796498609434625|2017-05-14 16:41:48|"41
–ì–æ—Å—Ç—è–º —É–¥–∞–ª–æ—Å—å –ø—Ä–æ–±–∏—Ç—å –∏–∑-–∑–∞ –ø—Ä–µ–¥–µ–ª–æ–≤ —à—Ç—Ä–∞—Ñ–Ω–æ–π - –ú–µ–¥–≤–µ–¥–µ–≤ —É–≤–µ—Ä–µ–Ω–Ω–æ –ø–æ–π–º–∞–ª –º—è—á 
#–†–æ—Å—Ç–æ–≤–†—É–±–∏–Ω"
rostovfc|863795056116981760|2017-05-14 16:36:04|"35
–£—Å–ø–æ–∫–æ–∏–ª–∞—Å—å –∏–≥—Ä–∞ 
#–†–æ—Å—Ç–æ–≤–†—É–±–∏–Ω"
rostovfc|863794164089204736|2017-05-14 16:32:31|"RT @rfpl: –ì‚öΩ‚öΩ‚öΩ‚öΩ‚öΩ–õ! @rostovfc 

#–ù–∞—à–§—É—Ç–±–æ–ª #–†–§–ü–õ. 28-–π —Ç—É—Ä. #–†–æ—Å—Ç–æ–≤–†—É–±–∏–Ω 2:0 19' –î–º–∏—Ç—Ä–∏–π –ü–æ–ª–æ–∑ https://t.co/NIXkqu0zZ6"
rostovfc|863794060930293761|2017-05-14 16:32:07|"31
–ú'–í–∏–ª–∞ –ø—Ä–æ–±–∏–ª –º–µ—Ç—Ä–æ–≤ —Å 25 –ø–æ–¥ –ø–µ—Ä–µ–∫–ª–∞–¥–∏–Ω—É - –ú–µ–¥–≤–µ–¥–µ–≤ –≤—ã—Ä—É—á–∏–ª
#–†–æ—Å—Ç–æ–≤–†—É–±–∏–Ω"
rostovfc|863792971036098561|2017-05-14 16:27:47|"26
–ê–∑–º—É–Ω –Ω–∞ –≥–∞–∑–æ–Ω–µ.–ù–µ—É–¥–∞—á–Ω–æ —É–ø–∞–ª –Ω–∞—à —Ñ–æ—Ä–≤–∞—Ä–¥. –ö —Å—á–∞—Å—Ç—å—é, –≤—Å–µ —Ö–æ—Ä–æ—à–æ —Å –Ω–∏–º 
#–†–æ—Å—Ç–æ–≤–†—É–±–∏–Ω"
rostovfc|863791832613965826|2017-05-14 16:23:16|"22
–ö—É–¥—Ä—è—à–æ–≤ –∂–µ–ª—Ç—É—é –ø–æ–ª—É—á–∏–ª 

#–†–æ—Å—Ç–æ–≤–†—É–±–∏–Ω"
rostovfc|863791681912623106|2017-05-14 16:22:40|"RT @rfpl: –ì‚öΩ‚öΩ‚öΩ‚öΩ‚öΩ–õ! @rostovfc 

#–ù–∞—à–§—É—Ç–±–æ–ª #–†–§–ü–õ. 28-–π —Ç—É—Ä. #–†–æ—Å—Ç–æ–≤–†—É–±–∏–Ω 1:0 7' –°–µ—Ä–¥–∞—Ä –ê–∑–º—É–Ω https://t.co/Kv6xpJIsfP"
rostovfc|863791061646311424|2017-05-14 16:20:12|"19
–¢–æ—á–Ω–æ –≤ —É–≥–æ–ª —Å –ª–∏–Ω–∏–∏ —à—Ç—Ä–∞—Ñ–Ω–æ–π –î–∏–º–∞ –ø—Ä–æ–±–∏–ª! –ë—Ä–∞–≤–æ!
#–†–æ—Å—Ç–æ–≤–†—É–±–∏–Ω"
rostovfc|863790964812521473|2017-05-14 16:19:49|"2:0!!!
–î–ò–ú–ê –ü–û–õ–û–û–û–û–ó!!!
#–†–æ—Å—Ç–æ–≤–†—É–±–∏–Ω"
rostovfc|863789959341387776|2017-05-14 16:15:49|"15
–ï—Ä–æ—Ö–∏–Ω –≤ –±–ª–∏–∂–Ω–∏–π –∑–∞—Ä—è–¥–∏–ª - –†—ã–∂–∏–∫–æ–≤ —Å–ø–∞—Å –≥–æ—Å—Ç–µ–π 
#–†–æ—Å—Ç–æ–≤–†—É–±–∏–Ω"
rostovfc|863789306447630336|2017-05-14 16:13:13|"12
–ö–∏—Ä–µ–µ–≤ —Ç—Ä–∞–≤–º—É –ø–æ–ª—É—á–∏–ª. –ó–∞–º–µ–Ω–∞ —É –Ω–∞—Å. –¢–µ—Ä–µ–Ω—Ç–µ—å–≤ –Ω–∞ –ø–æ–ª–µ –≤—ã—Ö–æ–¥–∏—Ç 

#–†–æ—Å—Ç–æ–≤–†—É–±–∏–Ω"
rostovfc|863788163801784320|2017-05-14 16:08:41|"–ù–æ–±–æ–∞ –Ω–∞–≤–µ—Å–∏–ª –≤ —à—Ç—Ä–∞—Ñ–Ω—É—é, –º—è—á –∑–∞–º–µ—Ç–∞–ª—Å—è –ø–æ –Ω–µ–π –∏ –°–µ—Ä–¥–∞—Ä –ø—Ä–æ–±–∏–ª –≤ —É–≥–æ–ª! 
#–†–æ—Å—Ç–æ–≤–†—É–±–∏–Ω"
rostovfc|863788084437168128|2017-05-14 16:08:22|"7
–ì–û–õ!!! –ê–ó–ú–£–ù–ß–ò–ö! 1:0!!!!!
#–†–æ—Å—Ç–æ–≤–†—É–±–∏–Ω"
rostovfc|863787987523571715|2017-05-14 16:07:59|"7
–ö—Ä–∞—Å–∏–≤–æ —Å–µ–π—á–∞—Å –±—ã–ª–æ. –ê–∑–º—É–Ω–∞ –≤—ã–≤–µ–ª–∏ –∫ –≤–æ—Ä–æ—Ç–∞–º, –Ω–æ –µ–≥–æ –æ—Ç—Ç–µ—Å–Ω–∏–ª–∏ –æ—Ç –º—è—á–∞
#–†–æ—Å—Ç–æ–≤–†—É–±–∏–Ω"
rostovfc|863787463634038785|2017-05-14 16:05:54|"5
–°–ø–æ–∫–æ–π–Ω–æ –∏–≥—Ä–∞ –ø—Ä–æ—Ö–æ–¥–∏—Ç 
#–†–æ—Å—Ç–æ–≤–†—É–±–∏–Ω"
rostovfc|863786346602737664|2017-05-14 16:01:28|"–ù–∞—á–∞–ª—Å—è –º–∞—Ç—á
#–†–æ—Å—Ç–æ–≤–†—É–±–∏–Ω"
rostovfc|863785994989993984|2017-05-14 16:00:04|"–ù–∞ –ø–æ–ª–µ –∫–æ–º–∞–Ω–¥—ã!
#–†–æ—Å—Ç–æ–≤–†—É–±–∏–Ω https://t.co/6WxGKgWwRA"
rostovfc|863784741065166849|2017-05-14 15:55:05|"–ì–æ—Ç–æ–≤—è—Ç—Å—è –∫–æ–º–∞–Ω–¥—ã –∫ –≤—ã—Ö–æ–¥—É –Ω–∞ –ø–æ–ª–µ 
#–†–æ—Å—Ç–æ–≤–†—É–±–∏–Ω"
rostovfc|863778425139494912|2017-05-14 15:29:59|"–†–∞–∑–º–∏–Ω–∞—é—Ç—Å—è –∫–æ–º–∞–Ω–¥—ã 
#–†–æ—Å—Ç–æ–≤–†—É–±–∏–Ω https://t.co/xdHjwqc9Pm"
rostovfc|863768605636395008|2017-05-14 14:50:58|–ù–∞—à —Å–æ—Å—Ç–∞–≤ –Ω–∞ –∏–≥—Ä—É #–†–æ—Å—Ç–æ–≤–†—É–±–∏–Ω https://t.co/POYCjm6ycY
rostovfc|863764878980509696|2017-05-14 14:36:09|"–ê –≤–æ—Ç –∏ –Ω–∞—à–∏ —Ä–µ–±—è—Ç–∞ 
#–†–æ—Å—Ç–æ–≤–†—É–±–∏–Ω https://t.co/t2B7v1irjI"
rostovfc|863762722336493568|2017-05-14 14:27:35|"–ì–æ—Å—Ç–∏ —É–∂–µ –Ω–∞ –û–ª–∏–º–ø–µ
#–†–æ—Å—Ç–æ–≤–†—É–±–∏–Ω https://t.co/bCQRqCXUdv"
rostovfc|863730907462631425|2017-05-14 12:21:10|"–ñ–¥—ë–º –≤—Å–µ—Ö —Å–µ–≥–æ–¥–Ω—è –Ω–∞ ""–û–ª–∏–º–ø–µ"" –ø–æ—Ä–∞–Ω—å—à–µ! –†–∞–∑–≤–ª–µ–∫–∞—Ç–µ–ª—å–Ω–∞—è –ø—Ä–æ–≥—Ä–∞–º–º–∞ –∏ –æ—Ç–ª–∏—á–Ω—ã–π –ø–µ—Ä—Ñ–æ–º–∞–Ω—Å –∂–¥—É—Ç –≤–∞—Å!
#–†–æ—Å—Ç–æ–≤–†—É–±–∏–Ω https://t.co/K0DSb4pYYU"
rostovfc|863684656369201152|2017-05-14 09:17:23|"""–ë—É–¥–µ–º –±–∏—Ç—å—Å—è –¥–æ –∫–æ–Ω—Ü–∞""

–ü–µ—Ä–µ–¥ –º–∞—Ç—á–µ–º —Å ¬´–†—É–±–∏–Ω–æ–º¬ª –∏–Ω—Ç–µ—Ä–≤—å—é –∫–ª—É–±–Ω–æ–º—É –∂—É—Ä–Ω–∞–ª—É –¥–∞–ª –ø–æ–ª—É–∑–∞—â–∏—Ç–Ω–∏–∫ –ü–∞–≤–µ–ª –ú–æ–≥–∏–ª–µ–≤–µ—Ü.‚Ä¶ https://t.co/nzPhAIMyOj"
