Narisovana_ka|872466944569495554|2017-06-07 14:55:03|I'm at –¢–†–¶ ¬´–ï—Ä–µ–≤–∞–Ω –ü–ª–∞–∑–∞¬ª in –ú–æ—Å–∫–≤–∞ https://t.co/Rdnc5FDSPX
Narisovana_ka|872454922586992642|2017-06-07 14:07:17|–ë–ª—è–¥—Å–∫–∏–π –∫–∞—à–µ–ª—å
Narisovana_ka|872338419397120001|2017-06-07 06:24:21|üòï
Narisovana_ka|872323758673014784|2017-06-07 05:26:05|@Elcomunista77 –ß—É—Ç—å –ø–æ–¥—Ä–∞—Å–∫–ª–µ–∏–ª–∞—Å—å
Narisovana_ka|872165126891327488|2017-06-06 18:55:44|–í—Å—ë —Ö—É–∂–µ –∏ —Ö—É–∂–µüòì
Narisovana_ka|872150992170754048|2017-06-06 17:59:34|@organ33a –ß—ë–π—Ç–∞ —Ç—ã
Narisovana_ka|872133875941748737|2017-06-06 16:51:34|@xvbrx –ù—É —ç—Ç–æ–∂ –ø–∏–∑–¥–µ—Ü –≤—Å–µ —Ä–∞–≤–Ω–æ
Narisovana_ka|872131609885102082|2017-06-06 16:42:33|–ü–∞–ø–∞–Ω—è —Ç—Ä–µ–±—É–µ—Ç –ø–æ–∫–∞–∑–∞—Ç—å –≤–∏–¥–µ–æ –ù–∞–≤–∞–ª—å–Ω–æ–≥–æ –æ –ø—Ä–∞–≤–∏—Ç–µ–ª—å—Å—Ç–≤–µ –ú–µ–¥–≤–µ–¥–µ–≤–∞
Narisovana_ka|872131004902854657|2017-06-06 16:40:09|–ü—Ä–µ—Ñ–µ–∫—Ç –≥–æ–Ω–¥–æ–Ω –µ–±–∞–Ω—ã–π
Narisovana_ka|872130035423096833|2017-06-06 16:36:18|–ü–æ–ª —Ä–∞–π–æ–Ω–∞ –ø–æ —É—Ç—Ä–∞–º –±–µ–∑ –≥–æ—Ä—è—á–µ–π –≤–æ–¥—ã. –î–Ω–µ–º —Ä–∞—Å—Ö–æ–¥–∏—Ç—Å—è –¥–æ —á—É—Ç—å —Ç—ë–ø–ª–æ–π. –û—Ö—É–µ–Ω–Ω–æ —è –≤–∞–º —Å–∫–∞–∂—É. –ß–µ —Ç–µ–ø–µ—Ä—å –¥–µ–ª–∞—Ç—å?
Narisovana_ka|872129813183692801|2017-06-06 16:35:25|–ò —Ç–µ–ø–µ—Ä—å —Ç—É–¥–∞ –Ω–µ –ø—É—Å–∫–∞—é—Ç –¥–µ–∂—É—Ä–Ω—ã—Ö —Å–ª–µ—Å–∞—Ä–µ–π –∏ –æ–±—Ö–æ–¥—á–∏–∫–æ–≤, —á—Ç–æ –±—ã –≤—ã—è—Å–Ω–∏—Ç—å –≤ —á–µ–º –ø—Ä–æ–±–ª–µ–º–∞, —Ç.–∫. —á–∞—Å—Ç–Ω–∞—è —Å–æ–±—Å—Ç–≤–µ–Ω–Ω–æ—Å—Ç—å
Narisovana_ka|872129273280253953|2017-06-06 16:33:16|–ß–µ —É–∑–Ω–∞–ª–∞, –∫–æ—Ä–æ—á–µ –æ–¥–∏–Ω –º—É–¥–∏–ª–∞ –≤—ã–∫—É–ø–∏–ª –∑–¥–∞–Ω–∏–µ, –∫–æ—Ç. –Ω–∞–ø—Ä–æ—Ç–∏–≤ —Ä–µ–∫–æ–Ω—Å—Ç—Ä—É–∏—Ä—É–µ—Ç—Å—è, –≤–º–µ—Å—Ç–µ —Å –Ω–∞—à–∏–º –¶–¢–ü —Å–æ –≤—Å–µ–π —Ö—É–π–Ω–µ–π –∏ —Å –Ω–∞—Å–æ—Å–∞–º–∏
Narisovana_ka|872120314209198082|2017-06-06 15:57:40|–Ø. –•–æ—á—É. –ë–µ–ª—É—é. –ê—É–¥–∏. –•–æ—á—É. –ò. –ë—É–¥–µ—Ç.
Narisovana_ka|872073220345794562|2017-06-06 12:50:32|–†—Ä—Ä
Narisovana_ka|872048138529406976|2017-06-06 11:10:52|@AvdKatya @daizakurit –ò —Ç–∞–∫ –∏ —Ç–∞–∫ —Ö–æ—Ä–æ—à–æ, –Ω–æ —Å –∫–æ—Ä–æ—Ç–∫–æ–π –ø—Ä—è–º –Ω–∞ —Å—Ç–∏–ª–µ )) —Å–≤–æ–π —Ç–∞–∫–æ–π
Narisovana_ka|872021021712363520|2017-06-06 09:23:07|@LuckyAnn2 –ß—Ç–æ-—Ç–æ –±—ã –±—É–Ω—Ç–∞—Ä–∫–∞ –≤ –ø–æ—Å–ª–µ–¥–Ω–µ–µ –≤—Ä–µ–º—èüòÜ
Narisovana_ka|872019429802082305|2017-06-06 09:16:48|@yulduzina –Ø —Ç–æ–∂–µ —Å–µ–≥–æ–¥–Ω—è –ø–∏—Å—é –ø–æ–¥ –ª–µ–¥—è–Ω–æ–π –º—ã–ª–∞üòï
Narisovana_ka|872019196187750400|2017-06-06 09:15:52|–ß—ë—Ç –Ω–æ—Å –∑–∞–≥–ª–æ—Ö
Narisovana_ka|871988216689303553|2017-06-06 07:12:46|–û–¥–Ω–∞ –º–∞–¥–∞–º —Å–æ –º–Ω–æ–π –ø—Ä–∏–Ω—Ü–∏–ø–∏–∞–ª—å–Ω–æ –Ω–µ –∑–¥–æ—Ä–æ–≤–∞–µ—Ç—Å—è
Narisovana_ka|871979383984197633|2017-06-06 06:37:40|@whiskieman –í–∫–ª—é—á–∏–ª–∏ 3-–µ–≥–æ
Narisovana_ka|871949350817210368|2017-06-06 04:38:19|@organ33a –í–∞—â–µ –Ω–æ—Ä–º
Narisovana_ka|871939250534612992|2017-06-06 03:58:11|–†–∞—Å—Å—Ç—Ä–µ–ª–∏–≤–∞—Ç—å –≤—Å–µ—Ö –Ω–∞–¥–æ
Narisovana_ka|871938350608986112|2017-06-06 03:54:37|–Ø –±–ª—è—Ç—å –Ω–µ –ø–æ–Ω–∏–º–∞—é, –∫–∞–∫–æ–≥–æ —Ö—É—è 3-–∏–π –¥–µ–Ω—å –ø–æ–¥—Ä—è–¥ –ø–æ —É—Ç—Ä–∞–º —Ç–µ—á—ë—Ç —Ö–æ–ª–æ–¥–Ω–∞—è –≤–æ–¥–∞ –≤–º–µ—Å—Ç–æ –≥–æ—Ä—è—á–µ–π??!???!??!!!??
Narisovana_ka|871826109469470720|2017-06-05 20:28:36|–•–æ–ª–æ–¥–Ω—é—á–µ (
Narisovana_ka|871812923177541632|2017-06-05 19:36:13|@gusoev –ù—è—à )
Narisovana_ka|871811937558036484|2017-06-05 19:32:18|@gusoev –ü–æ–∫–∞–∂
Narisovana_ka|871791960423641088|2017-06-05 18:12:55|@gusoev –ú–Ω–µ –¥–∞. –†–æ–∑—ã –æ–ø–æ–ø—Å–µ–ª–∏ + –∫–æ–ª—é—á–∫–∏. –ò —É –ø–∏–æ–Ω–æ–≤ –∞—Ä–æ–º–∞—Ç –º–º–º–º–º –∏ –¥–æ–ª–≥–æ —Å—Ç–æ—è—Ç, –≥–æ–ª–æ–≤–∫–∏ –ø–æ —á—É—Ç—å —Ä–∞—Å–∫—Ä—ã–≤–∞—é—Ç—Å—èüòä
Narisovana_ka|871787432420810752|2017-06-05 17:54:55|@antisystemVova –ü–æ—É—á—É—Å—å
Narisovana_ka|871787107890626561|2017-06-05 17:53:38|@antisystemVova –¢—å—Å—è
Narisovana_ka|871787063561113600|2017-06-05 17:53:27|@Anupliy –í–∫—É—Å–Ω–æ—Ç–∞?
Narisovana_ka|871787021068632067|2017-06-05 17:53:17|@antisystemVova –ü–æ—É—á–∏—Ç—Å—è –±—ã —É –Ω–µ–≥–æ —Å–æ—Å–∞—Ç—å, –∞
Narisovana_ka|871786263879323649|2017-06-05 17:50:16|@Anupliy –ò–¥–∏ –æ—Ç—Å–æ—Å –ü–∞–Ω–∏–Ω–∞ –≥–ª—è–Ω—å
Narisovana_ka|871785630564569088|2017-06-05 17:47:45|–ë–ª—è—Ç—å, –ø—Ä–æ—Å—Ç–∏—Ç–∏ https://t.co/PhxEpoRiNX
Narisovana_ka|871783219875766272|2017-06-05 17:38:11|RT @puppenhausclub: –ü–µ—Å–æ–∫ –∏–∑ —Ä–∞–∑–Ω—ã—Ö —á–∞—Å—Ç–µ–π –ø—É—Å—Ç—ã–Ω–∏ –°–∞—Ö–∞—Ä–∞. https://t.co/PUablJKbSV
Narisovana_ka|871782930187681792|2017-06-05 17:37:02|@gusoev –í–∏–¥–µ–ª –º–æ–∏ —Å–µ–≥–æ–¥–Ω—è—à–Ω–∏–µ?))
Narisovana_ka|871765985002483713|2017-06-05 16:29:42|@zoltan510 –ë–ª–∏–Ω, –µ—Å—Ç—å —Ç–∞–∫–∏–µ –ª—é–¥–∏. –ö —Å–æ–∂–∞–ª–µ–Ω–∏—é —è –Ω–µ –∏–∑ –Ω–∏—Ö. –£–¥–∏–≤–∏—Ç–µ–ª—å–Ω–æ –∫–∞–∫ –æ–Ω–∏ —ç—Ç–æ )
Narisovana_ka|871765366044753920|2017-06-05 16:27:14|–ì–æ—Å–ø–æ–¥–∏, –∂—É—Ç—å –∫–∞–∫–∞—è https://t.co/yYbopJIESg
Narisovana_ka|871759106608181251|2017-06-05 16:02:22|@daizakurit –≠—Ç–æ –≤—Å—ë —Ä–∞–≤–Ω–æ. –£ –º–µ–Ω—è —Ö–æ—Ä–æ—à–µ–µ –Ω–∞—Å—Ç—Ä–æ–µ–Ω–∏–µ.
Narisovana_ka|871755572756062208|2017-06-05 15:48:19|–•—É—è—Ä—Ä—Ä—é –ø–æ –ª—É–∂–∞–º
Narisovana_ka|871730103256047616|2017-06-05 14:07:07|@yeah_its_me1488 –û—Ä
Narisovana_ka|871710149882384384|2017-06-05 12:47:49|–Ø —Ç–∞–∫ —Ö–æ—Ç–µ–ª–∞ –ø–∏–æ–Ω—á–∏–∫–æ–≤, –º–º. –ê—Ä–æ–º–∞—Ç –Ω–µ–≤–µ—Ä–æ—è—Ç–Ω—ã–π.
Narisovana_ka|871709196349317120|2017-06-05 12:44:02|–û–ø–∞, —Å—é—é—Ä–ø—Ä–∏–∏–∏–∑. –ù—è—à–µ—Å—Ç–≤–æ –∏ –ø—Ä–µ–ª–µ—Å—Ç—åüòä https://t.co/5LLD90QN6K
Narisovana_ka|871641887974846464|2017-06-05 08:16:35|RT @guglepta: —Ñ–æ—Ç–æ –æ–±–µ–∑—å—è–Ω—ã –æ—Ç –∫–æ—Ç–æ—Ä–æ–π –º—ã –ø—Ä–æ–∏–∑–æ—à–ª–∏
Narisovana_ka|871637725019033600|2017-06-05 08:00:02|RT @gezgin3435: https://t.co/v4XU2LD4QF
Narisovana_ka|871636356178604032|2017-06-05 07:54:36|–û–¥–∞ –º–æ–∏–º —Å—Ç—É–ø–Ω—è–º
Narisovana_ka|871629176733827073|2017-06-05 07:26:04|–ü—Ä–æ—Å—Ç–æ –ø–æ–ø—É—Ç—á–∏—Ü–∞ –∏ —Ç—ã –æ–± —ç—Ç–æ–º –∑–Ω–∞–∞–µ–µ–µ—à—å
Narisovana_ka|871606020904235009|2017-06-05 05:54:03|–ë–ª–∞–≥–æ—Å–ª–∞–≤–ª—è—é
Narisovana_ka|871457313084854272|2017-06-04 20:03:08|@niro_woolf —è –∫–∞–∫ –±—ã –Ω–µ –ø—Ä–æ—Å–∏–ª–∞ —É—Ç–æ—á–Ω—è—Ç—åüòê
Narisovana_ka|871456654801424386|2017-06-04 20:00:32|@niro_woolf –ù—É –µ—Å—Ç—å —Ç–∞–º —á—ë—Ç–æ
Narisovana_ka|871456315675226112|2017-06-04 19:59:11|@niro_woolf –†–µ–∑–æ–Ω–∞–Ω—Å
Narisovana_ka|871444000741490689|2017-06-04 19:10:15|–ù–∞–º—ã–ª–∞—Å—å, –Ω–∞–±—Ä–∏–ª–∞—Å—å, –≤—ã–±—Ä–∞–ª–∞ –Ω–∞—Ä—è–¥, –ø–æ–≥–ª–∞–¥–∏–ª–∞.
Narisovana_ka|871425132425826304|2017-06-04 17:55:16|@niro_woolf –ß—Ç–æ –∑–∞ –ø—Ä–∞–≤–∏–ª–æ?
Narisovana_ka|871390607356428288|2017-06-04 15:38:05|@LuckyAnn2 –ú–æ–∂–µ—Ç —ç—Ç–æ –∫–æ–ª–ª–µ–≥ –¥–µ–Ω—å–≥–∏, –Ω–µ?
Narisovana_ka|871390111589691392|2017-06-04 15:36:06|@whiskieman @kashasavogstyle –ò –ø—É—à–∏—Å—Ç–∞–π
Narisovana_ka|871386962439131136|2017-06-04 15:23:36|@mojet_ne_nado –°–º–µ—à–Ω–∞—è –∫–∞—Å—Ç—Ä—É–ª—è —Å–∞–ª–∞—Ç—É )
Narisovana_ka|871385059273703426|2017-06-04 15:16:02|@LuckyAnn2 –¢—Ä–∏—Å—Ç–∞–ª–µ—Ç—Ç–æ–º—É–Ω–∞–∑–∞–¥. –ì–æ–¥—É –≤ 2014 –µ—â–µ. –°–ø–∞–ª–∏–ª–∞ –≤—Å–µ –µ–≥–æ –∞–∫–∫–∏ –∏ –º–Ω–µ –Ω–µ –ø–æ–Ω—Ä–∞–≤–∏–ª—Å—è —Å—Ä–∞—á —Å —Ç–æ–±–æ–π (–∑–∞—Å—Ç–∞–ª–∞)
Narisovana_ka|871384324775567360|2017-06-04 15:13:07|@LuckyAnn2 –ù—É –Ω–µ—Ç, —Å–¥–æ—Ö–Ω—É—Ç—å —è –Ω–∏–∫–æ–º—É –Ω–µ –∂–µ–ª–∞—é. –ù–æ –æ–Ω –ø—Ä–æ—Ç–∏–≤–µ–Ω, –¥–∞.
Narisovana_ka|871383277873106945|2017-06-04 15:08:57|@LuckyAnn2 –¢–æ—á–Ω–æ
Narisovana_ka|871376555565559809|2017-06-04 14:42:14|@DuracellRabbit1 –ù—É –¥–∞, –Ω—É –¥–∞.
Narisovana_ka|871373985178685440|2017-06-04 14:32:02|@DuracellRabbit1 –í –∫–∞–∫–æ–º —Ç–∞–∫–æ–º? –≠—Ç–æ –º–æ–π –¥–æ–º. –¢–∞–º –≤—Å—ë —Å–º–µ—â–µ–Ω–æ –∏ –¥–æ–º –ø–æ —à–≤–∞–º –∏–¥–µ—Ç. –ß—Ç–æ –µ—Å—Ç—å —Ç–æ –µ—Å—Ç—å.
Narisovana_ka|871372862250254337|2017-06-04 14:27:34|@AvdKatya –í–∞—â–µ —Ä–∞–≤–Ω–æ–¥—É—à–Ω–∞
Narisovana_ka|871364586645139458|2017-06-04 13:54:41|–ó–∞–±–æ—á—É—Å—å –æ –µ–¥–∏–Ω—Å—Ç–≤–µ–Ω–Ω–æ–º https://t.co/h8TSfNjiIx
Narisovana_ka|871354949757698048|2017-06-04 13:16:23|RT @girls_twtv: https://t.co/2QbKEGO9Nu
Narisovana_ka|871352152513552384|2017-06-04 13:05:16|@Jean_B_Emanuel –≠—Ç–æ –¥–∞üòä
Narisovana_ka|871348194000728065|2017-06-04 12:49:32|@Jean_B_Emanuel –¢–∏–ø–æ –º–µ–Ω—å—à–µ –º–æ—Ä–æ–∫–∏ –º—É–∂–∏–∫—É?
Narisovana_ka|871345241118429185|2017-06-04 12:37:48|–ñ–µ–Ω—â–∏–Ω–∞ —Å–∫–æ—Ä–æ—Å—Ç—Ä–µ–ª–∫–∞. –ü–ª—é—Å—ã/–º–∏–Ω—É—Å—ã?
Narisovana_ka|871104677819142144|2017-06-03 20:41:54|RT @iloveputarias: como tratar sua garota  https://t.co/LBg9cjuyPr
Narisovana_ka|871094362217861121|2017-06-03 20:00:54|@kashasavogstyle –û—Ç–≤—Ä–∞—Ç–∏—Ç–µ–ª—å–Ω–æ
Narisovana_ka|871089711451865089|2017-06-03 19:42:25|https://t.co/xSPTTiYXUk
Narisovana_ka|871086108272144387|2017-06-03 19:28:06|RT @anyavslv: –ª—É—á—à–µ –≤—Å–µ–≥–æ —è –∑–Ω–∞—é –∫–æ–º–∞–Ω–¥—ã '–º–µ—Å—Ç–æ' –∏ '–∫–æ –º–Ω–µ'
Narisovana_ka|871085733838278660|2017-06-03 19:26:37|@DuracellRabbit1 –ê —á—Ç–æ –ø–æ–∫–∞–∑–∞—Ç–µ–ª—å?
Narisovana_ka|871085270426320896|2017-06-03 19:24:47|@DuracellRabbit1 –ë–æ–ª—å—à–∞–∞–∞—è –ø—Ä–µ–±–æ–ª—å—à–∞—è )) –∏ —Ç—É–ø–∞—è
Narisovana_ka|871084958919557120|2017-06-03 19:23:32|@DuracellRabbit1 –í–∑—Ä–æ—Å–ª–µ–µ –Ω–µ–∫—É–¥–∞
Narisovana_ka|871083255709216768|2017-06-03 19:16:46|–ó–∞–µ–±–∞–ª–æ –ø–∏—Ç—å –ø–∏–≤–Ω—É—é –∫–∏—Å–ª—è—Ç–∏–Ω—É, –±—É–¥—É –ø–∏—Ç—å –≤–æ—Ç–∫—É
Narisovana_ka|871074715653353472|2017-06-03 18:42:50|@puppenhausclub –î–∏–º @daizakurit —Ç—ã?)
Narisovana_ka|871064320234409986|2017-06-03 18:01:32|RT @iloveputarias: queria ta como https://t.co/4iaUQrNxos
Narisovana_ka|871050642370027523|2017-06-03 17:07:11|–ü—Ä–∏–º–µ—Ä–Ω–æ —Ç–∞–∫ —è –æ—â—É—â–∞—é —Å–≤–æ—ë –≥–æ—Ä–ª–æ https://t.co/nSUMjyvDcT
Narisovana_ka|871050441601286145|2017-06-03 17:06:23|–í–æ—Ç –∏ –æ—Ç—Ö–æ–¥–æ—Å–∏–∫–∏ –Ω–∞—á–∞–ª–∏—Å—å ...
Narisovana_ka|871038384881504260|2017-06-03 16:18:28|@LuckyAnn2 –í—á–µ—Ä–∞ –æ–± —ç—Ç–æ–º –¥—É–º–∞–ª–∞
Narisovana_ka|871036069529178114|2017-06-03 16:09:16|RT @CashCanFixIt: –î–æ–±—Ä–æ–µ —É—Ç—Ä–æ.
Narisovana_ka|871034821384052737|2017-06-03 16:04:19|@dimasgts –ê –ª—É—á—à–µ –±—ã –µ–±–ª—è –ù–ê –∫–æ—Å–º–µ—Ç–∏—á–µ—Å–∫–æ–º —Å—Ç–æ–ª–∏–∫–µ
Narisovana_ka|870776943821639680|2017-06-02 22:59:36|@Elcomunista77 –¢–µ–ª–æ
Narisovana_ka|870747568988409856|2017-06-02 21:02:52|@Elcomunista77 –ü–æ—Ç–æ–º—É —á—Ç–æ –±–æ–ª–∏—Ç
Narisovana_ka|870744869555359744|2017-06-02 20:52:09|–í—Å—è –±–æ–ª—é
Narisovana_ka|870742954788442113|2017-06-02 20:44:32|–ë–æ–ª—å—à–µ –Ω–∏ —Å –∫–µ–º –Ω–∏–∫–æ–≥–¥–∞ –Ω–µ —Å–≤—è–∂—É —Å–≤–æ—é –∂–∏–∑–Ω—å. –ù–∏ —Å –∫–µ–º. –ù–∏–∫–æ–≥–¥–∞.
Narisovana_ka|870644537181573122|2017-06-02 14:13:28|@BobroSerg –ß–µ —Ç–∞–º, –∫—Ç–æ
Narisovana_ka|870643048191074304|2017-06-02 14:07:33|–û, –≤–æ–¥—É –≥–æ—Ä—è—á—É—é –¥–∞–ª–∏! –ü–æ–π–¥—É –ø–æ–¥—Ä–æ—á—É.
Narisovana_ka|870637181815095296|2017-06-02 13:44:14|RT @socium_hate: –ö–æ–≥–¥–∞ –Ω–∞–∫–æ–Ω–µ—Ü –∑–∞–∫–æ–Ω—á–∏–ª—Å—è –Ω–∞–ø—Ä—è–∂–µ–Ω–Ω—ã–π –¥–µ–Ω—å https://t.co/xbVhx6ZAcb
Narisovana_ka|870637140434178048|2017-06-02 13:44:04|@emosource –ù–µ, –æ–Ω–æ —Å–æ–≤—Å–µ–º –¥–Ω–∏—â–Ω–æ–µ —Å—Ç–∞–ª–æüòï
Narisovana_ka|870636637126053888|2017-06-02 13:42:04|@emosource –£–∂–µ –ª–µ—á—É
Narisovana_ka|870636600023281664|2017-06-02 13:41:55|@fcuktv –ö—É—Ä—é –º–Ω–æ–≥ –∏ —Ä–∞–±–æ—Ç–∞ —ë–±–∞–Ω–∞üòï
Narisovana_ka|870635939563003906|2017-06-02 13:39:18|–ê–¥—Å–∫–∏ –±–æ–ª–∏—Ç –≥–æ–ª–æ–≤–∞ –∏ –ø–æ—Ö–æ–∂–µ —Å–∫–æ—Ä–æ –≤—ã–ø–ª—é–Ω—É –ª—ë–≥–∫–∏–µüòñüòµ
Narisovana_ka|870632126928097280|2017-06-02 13:24:09|RT @guglepta: –ø–∞–¥–ª–æ –ø–∏–∫–∞—Å—Å–æ —Ä–∞–±–æ—Ç—ã
Narisovana_ka|870578416021581826|2017-06-02 09:50:43|–í–æ–æ–±—â–µ –¥–æ–º–æ–π —É–π–¥—É. –í—Å—ë, –≤—ã—Ö–æ–¥–Ω—ã–µ –Ω–∞—á–∏–Ω–∞—é—Ç—Å—è.
Narisovana_ka|870571368982732804|2017-06-02 09:22:43|–í—Å–µ –≤–æ–ø—Ä–æ—Å—ã –∫ –Ω–µ–π. –Ø –±–æ–ª–µ–µ –Ω–µ –æ—Ç–≤–µ—á–∞—é –∏ –Ω–µ –¥–∞—é –∫–æ–º–º–µ–Ω—Ç–∞—Ä–∏–∏. –ü–æ–∫–∞–∫–∞.
Narisovana_ka|870562000975343617|2017-06-02 08:45:29|@IvanovMoscow –ò—Ç –º–∞–π –±–∏–≥–±–æ—Å—Å‚òùüèº
Narisovana_ka|870560430057500672|2017-06-02 08:39:15|–†–∞–∑—É–º —Å–∫–æ—Ä–æ –≤–µ—Ä–Ω–µ—Ç—Å—è
Narisovana_ka|870559765319094273|2017-06-02 08:36:36|@IvanovMoscow –ù—É –∫–æ–Ω–µ—á–Ω–æ –≤ –æ—Ç–≤–µ—Ç —É–ª—ã–±–Ω—É–ª–∞—Å—å –∏ –∫–∏–≤–Ω—É–ª–∞
Narisovana_ka|870556891260346368|2017-06-02 08:25:11|@IvanovMoscow –ò –º–∞—à–µ—Ç
Narisovana_ka|870552728031952896|2017-06-02 08:08:39|@dimasgts –Ø –ø—Ä–µ–∂–¥–µ –≤—Å–µ–≥–æ –±–∞–±–∞
Narisovana_ka|870552642111643650|2017-06-02 08:08:18|@IvanovMoscow –ß—Ç–æ –∏?
Narisovana_ka|870551388924915712|2017-06-02 08:03:19|–Æ–ª—è –º–Ω–µ —É–ª—ã–±–∞–µ—Ç—Å—è :)
Narisovana_ka|870549192825077761|2017-06-02 07:54:36|–ö–æ–ª–ª–µ–≥–∏ –∏–∑ –¥—Ä—É–∂–µ—Å—Ç–≤–µ–Ω–Ω—ã—Ö –æ—Ç–¥–µ–ª–æ–≤ —Å–µ–≥–æ–¥–Ω—è —è–≤–Ω–æ —á—ë—Ç –ø–æ–ø—É—Ç–∞–ª–∏ ...
Narisovana_ka|870534972989480960|2017-06-02 06:58:05|–ë–ª—è—Ç—å
Narisovana_ka|870519033132535808|2017-06-02 05:54:45|–ï–µ–µ–µ–µ!
Narisovana_ka|870516918548955138|2017-06-02 05:46:21|@sibir_ –£–∂–æ—Å, –¥–∞
Narisovana_ka|870515728583020544|2017-06-02 05:41:37|–Ø —Ç–æ–≥–¥–∞ –µ—â–µ –æ—Ñ–∏—Ü–∏–∞–Ω—Ç–∫–æ–π –ø–æ–¥—Ä–∞–±–∞—Ç—ã–≤–∞–ª–∞, –ø–æ–º–Ω—é
Narisovana_ka|870515294044733440|2017-06-02 05:39:54|"–ï–±–∞–Ω—É—Ü–æ, —Å–æ–≤–µ—Ä—à–µ–Ω–Ω–æ —Å–ª—É—á–∞–π–Ω–æ –Ω–∞—Ç–∫–Ω—É–ª–∞—Å—å –Ω–∞ ""–ú–Ω–æ–≥–æ—Ç–æ—á–∏–µ"". –ê–∞–∞–∞–∞–∞–∞, –ª–µ—Ç 15 –Ω–∞–∑–∞–¥ —Å–ª—ã—à–∞–ª–∞ –µ—ë –ø–æ—Å–ª–µ–¥–Ω–∏–π —Ä–∞–∑"
Narisovana_ka|870504731440852992|2017-06-02 04:57:55|RT @dayvinchik: –≠—Ç–æ —è —Ä–∞–¥–æ—Å—Ç–Ω–æ –Ω–µ—Å—É—Å—å —É—Ç—Ä–æ–º –Ω–∞ —Ä–∞–±–æ—Ç—É https://t.co/3eydW3P4rH
Narisovana_ka|870504511659311104|2017-06-02 04:57:03|RT @aries_astro7: 02.06 #–û–≤–µ–Ω #Aries –°–µ–≥–æ–¥–Ω—è —É–¥–∞—á–∞ –∂–¥–µ—Ç –≤ —Å—Ñ–µ—Ä–µ –±–∏–∑–Ω–µ—Å–∞, –∞ –ª—é–±–æ–≤–Ω–æ–º —Ñ—Ä–æ–Ω—Ç–µ –≤–æ–æ–±—â–µ –∏–¥–µ–∞–ª—å–Ω–∞—è –æ–±—Å—Ç–∞–Ω–æ–≤–∫–∞.
Narisovana_ka|870366980573995008|2017-06-01 19:50:33|"RT @njeastman: #HommeArte
~ https://t.co/Gt6HKsBHnY"
Narisovana_ka|870366348186066944|2017-06-01 19:48:02|RT @Ann_Penny: –í–¥—Ä—É–≥ –∫—Ç–æ –Ω–µ –∑–Ω–∞–ª, –∫–∞–∫ –≤ —Ç–µ–ª–µ—Ñ–æ–Ω–µ –∑–∞–ø–∏—Å–∞—Ç—å —Å–≤–æ—é –±—ã–≤—à—É—é https://t.co/pLiKUwpYHi
Narisovana_ka|870366144770834433|2017-06-01 19:47:14|RT @SamantaDarko: –°–∞–º–æ–µ –ª—É—á—à–µ–µ –ª–µ–∫–∞—Ä—Å—Ç–≤–æ –æ—Ç –≤—Å–µ—Ö –Ω–µ–¥—É–≥–æ–≤ - –ø—Ä–∏–∂–∞—Ç—å—Å—è –ø–æ–ø–æ–π –∫ —Å–ø—è—â–µ–º—É –º—É–∂–∏—á–∫—É –∏ —É–∫—Ä—ã—Ç—å—Å—è –≤ –µ–≥–æ –±—Ä—É—Ç–∞–ª—å–Ω–æ–º —Ö—Ä–∞–ø–µ.
Narisovana_ka|870361564980838402|2017-06-01 19:29:02|–ü–æ—à–ª–æ –≤—Å—ë
Narisovana_ka|870358103635755011|2017-06-01 19:15:17|@Anupliy –≠—Ç–æ —Ç–≤–æ–π —Ä–∞—Å—á—ë—Ç –ø—Ä–∏—à–µ–ª, –º—É—Ö–∞—Ö—Ö–∞
Narisovana_ka|870294787680874496|2017-06-01 15:03:41|@outcast73 –î–∞ –Ω–µ—Ç, –ø—Ä–æ—Å—Ç
Narisovana_ka|870294484277489665|2017-06-01 15:02:28|@outcast73 –ü–∏–≤–∫–∞ –ø–æ–¥ –∂–∞—Ä–µ–Ω—ã–µ –º–∞–ª–µ–Ω—å–∫–∏–µ –ø–µ–ª—å–º–µ—à–∫–∏ —Å –≥–æ–ª–æ–≤–∫–æ–π –ª—É–∫–∞ –∏ –º–∞—Ä–∏–Ω–æ–≤–∞–Ω–Ω—ã–º–∏ –æ–≥—É—Ä—á–∏–∫–∞–º–∏
Narisovana_ka|870293973633511424|2017-06-01 15:00:27|@outcast73 –ß—Ç–æ
Narisovana_ka|870293087985205253|2017-06-01 14:56:56|–ô–æ–±–Ω—É–ª–∞
Narisovana_ka|870279617596280834|2017-06-01 14:03:24|RT @dobry_chlopec: –ü–æ–º–Ω–∏—à—å –∫–∞–∫ –Ω–∞–º –±—ã–ª–æ —Ö–æ—Ä–æ—à–æ –¥—Ä—É–≥ –±–µ–∑ –¥—Ä—É–≥–∞.
Narisovana_ka|870277535841439745|2017-06-01 13:55:08|@organ33a –ö—É—Ä–æ—á–∫–∞ –≤ –≥–Ω–µ–∑–¥–µ, –∞ —è–∏—á–∫–æ –≤–æ –ø–∏–∑–¥–µ
Narisovana_ka|870271915893690371|2017-06-01 13:32:48|#NowPlaying Bob Rivers - What if god smoked cannabis?
Narisovana_ka|869985452442472448|2017-05-31 18:34:30|@zoltan510 –î–∞ –≥–¥–µ?? –£ –º–µ–Ω—è –Ω–µ—Ç.
Narisovana_ka|869971069448462337|2017-05-31 17:37:20|@_kubalibre @KarinaReyder –ù–µ–µ, —Ç–∞–∫–æ–µ –Ω–µ –µ–ª–∞. –ò –æ—Ä–µ—Ö–∞ –≤ —Å–≤–µ–∫–æ–ª—å–Ω–∏–∫–µ –Ω–µ—Ç, –≤—Ä–æ–¥–µ
Narisovana_ka|869970815810457601|2017-05-31 17:36:20|RT @youmaximalism: https://t.co/WvKJUpyDti
Narisovana_ka|869970756402388992|2017-05-31 17:36:06|@Anupliy –ú—ã —Ç–µ–±—è –ø—Ä–∏–Ω–∏–º–∞–µ–º
Narisovana_ka|869970396199636992|2017-05-31 17:34:40|@_kubalibre @KarinaReyder –î–∞, –∏–ª–∏ —Ö–æ–ª–æ–¥–Ω–∏–∫. –ó–µ–ª–µ–Ω—É—Ö–∞, –æ–≥—É—Ä—á–∏–∫–∏ —á–µ—Ç —Ç–∞–∫–æ–µ
Narisovana_ka|869968907800653824|2017-05-31 17:28:45|@gr1b0edova @CHeeseVinyl –ë–ª—è—Ç—å, –≤ –¥–æ–º–∏ –∂–µ –≤ —Å–≤–æ—ë–º. –•–æ–≤–æ—Ä—è—Ç —Ç–∞–∫, –≤ –Ω–∞—Ä–æ–¥–∏
Narisovana_ka|869967186185605123|2017-05-31 17:21:55|@CHeeseVinyl –ö –¥–µ–Ω—å–≥–∞–º
Narisovana_ka|869967054685818880|2017-05-31 17:21:23|@Anupliy –ê, –Ω–µ—Ç
Narisovana_ka|869966753631277056|2017-05-31 17:20:11|@Anupliy –≠—Ç–æ –≥–¥–µ –≥–ª—è–Ω—É—Ç—å?
Narisovana_ka|869966169465389056|2017-05-31 17:17:52|@outcast73 –ù–µ—Ç —É–∂, —Ö–≤–∞—Ç–∞–µ—Ç –º–Ω–µ –Ω–∞ —Ä–∞–±–æ—Ç–µ –ø—É–±–ª–∏—á–Ω–æ—Å—Ç–∏.
Narisovana_ka|869965926527098882|2017-05-31 17:16:54|@whiskieman @KarinaReyder üòÜ
Narisovana_ka|869965687787200512|2017-05-31 17:15:57|@Elcomunista77 üò±üòº
Narisovana_ka|869965417095278593|2017-05-31 17:14:53|@KarinaReyder –ë–ª–∏–Ω. –í–∫—É—Å–Ω–∞ –∂–∏.
Narisovana_ka|869965370903408640|2017-05-31 17:14:42|@outcast73 –û–±–∞–ª–¥–µ—Ç—å. –í—Å–µ –≤—Å—ë –∑–Ω–∞—é—Ç –æ–±–æ –º–Ω–µü§î
Narisovana_ka|869965061690937347|2017-05-31 17:13:28|@KarinaReyder –ê –∫ —Å–≤–µ–∫–æ–ª—å–Ω–∏–∫—É –∫–∞–∫?
Narisovana_ka|869964900671541248|2017-05-31 17:12:50|@Elcomunista77 –ù—É –ø—Ä–æ—Å—Ç–æ. –õ—é–±–æ–ø—ã—Ç–Ω–æ –∫–∞–∫ —ç—Ç–æ —Ç–∞–∫ –≤–∏–¥–Ω–æ
Narisovana_ka|869964362194092033|2017-05-31 17:10:41|@outcast73 –í–∫—É—Å–Ω–æ –ø–∏—à–µ—à—åüòã
Narisovana_ka|869963935398547456|2017-05-31 17:09:00|@Elcomunista77 –û—á–µ–Ω—å –∏–Ω—Ç–µ—Ä–µ—Å–Ω–æ
Narisovana_ka|869963726123929601|2017-05-31 17:08:10|@pomazenkov –ù–µ –≥–æ–≤–æ—Ä–∏, –Ω–µ–¥–µ–ª—è –ø—Ä–æ—à–ª–∞ )
Narisovana_ka|869962572031819776|2017-05-31 17:03:34|@Elcomunista77 –¢—ã –Ω–µ –∑–Ω–∞–µ—à—åüòê
Narisovana_ka|869957398420697089|2017-05-31 16:43:01|–ù–∞—à–ª–∞—Å—å –º–æ—è –ø–∞–ª—å–º–æ—á–∫–∞! –õ–µ–∂–∞–ª–∞ –≤–æ–∑–ª–µ –ø–æ–¥—ä–µ–∑–¥–∞ —É –º—É—Å–æ—Ä–∫–∏! –£—Ä–∞–≥–∞–Ω –ø–µ—Ä–µ–∂–∏–ª–∞, –Ω–∞–¥–æ –∂–µ! –£–≤–∏–∏–∏! https://t.co/7mBsEWQ6yn
Narisovana_ka|869956510700490752|2017-05-31 16:39:29|@Elcomunista77 –ë–µ–∑ –ø–æ–Ω—è—Ç–∏—è. –Ø, –Ω–∞–ø—Ä–∏–º–µ—Ä, –Ω–µ –º–æ–≥—É –±–µ–∑ —Å–æ–ª–µ–Ω–æ–≥–æ –∏ –æ—Å—Ç—Ä–µ–Ω—å–∫–æ–≥–æ.
Narisovana_ka|869953869991878656|2017-05-31 16:29:00|@Elcomunista77 –Ø –≤ –º–µ–Ω—å—à–∏–Ω—Å—Ç–≤–µ
Narisovana_ka|869940991079440384|2017-05-31 15:37:49|@DuracellRabbit1 –ë–ª—è—Ç—åüòÜü§¶üèº‚Äç‚ôÄÔ∏è
Narisovana_ka|869931702705168384|2017-05-31 15:00:55|–£—Å—Ç–∞–ª–∞üòîüòì
Narisovana_ka|869912865213476865|2017-05-31 13:46:03|–ù–µ –ø–µ—Ä–µ—Å—Ç–∞—é –ø–æ—Ä–∞–∂–∞—Ç—å—Å—è –¥–æ–ª–±–æ–µ–±–∏–∑–º—É –ª—é–¥–µ–π
Narisovana_ka|869911981859405825|2017-05-31 13:42:33|–ú–∏—Å—Ç–µ—Ä –±–æ–ª—å—à–æ–µ —É—Ö–æ —Å —Ö–æ–∑—è–π—Å—Ç–≤–æ–º –¥–æ–ª–æ–∂–∏–ª - –±–æ–¥—Ä, —Å–≤–µ–∂ –∏ —Å–æ–≤–µ—Ä—à–µ–Ω–Ω–æ –∑–¥–æ—Ä–æ–≤.
Narisovana_ka|869905876664147968|2017-05-31 13:18:17|–°–∏–∂—É —Ç–µ–ø–µ—Ä—å –∏ –±–æ—é—Å—å
Narisovana_ka|869905246558048257|2017-05-31 13:15:47|–ü–∏–ø–µ—Ü, —è –ª–æ—Ö. –í—Å—ë –∑–∞–≤–∞–ª–∏–ª–∞. –ï–±–∞–∞–Ω—ã—ã–π —Ä–æ—Ç.
Narisovana_ka|869852364269903872|2017-05-31 09:45:39|–•–æ–ª–æ–¥–µ—Ü
Narisovana_ka|869839153634172928|2017-05-31 08:53:09|@_kubalibre –ú–¥–∞? –ù—É —Ñ–∏–≥ –∑–Ω–∞–µ—Ç, –Ω–µ–≥—Ä–∏—Ç—è–Ω–∫–∞ –∂–µ. –û–Ω–∏ –≤—Å–µ –±–æ–º–±–∏–Ω—ã —Ç–∞–∫–∏–µ.
Narisovana_ka|869830900758040576|2017-05-31 08:20:22|@_kubalibre –ì–æ–≤–æ—Ä—è—Ç –±–µ—Ä–µ–º–µ–Ω–Ω–∞—è
Narisovana_ka|869617349632163840|2017-05-30 18:11:47|–í—Å–µ –ø—Ä–∞–≤–∏–ª—å–Ω–æ –∏ –∞–±—Å–æ–ª—é—Ç–Ω–æ –Ω–µ –¥–æ—Å–∞–¥–Ω–æ
Narisovana_ka|869593831129448448|2017-05-30 16:38:20|@Jean_B_Emanuel –ö–æ–ª–ª–µ–≥–∏ –≥—É–Ω–¥—è—Ç –∏ –ø—Ä–∏–¥–∏—Ä–∞—é—Ç—Å—è
Narisovana_ka|869591175723970560|2017-05-30 16:27:47|@Jean_B_Emanuel –Ø –∑–∞–º–µ—Ç–∏–ª–∞ )
Narisovana_ka|869589437369507840|2017-05-30 16:20:52|RT @mozochkaa: https://t.co/mjmnRDlO2h
Narisovana_ka|869586606625349633|2017-05-30 16:09:37|@huek_samuray (
Narisovana_ka|869586326730964993|2017-05-30 16:08:31|@huek_samuray –•—É—é–ª—å. –Ø —Ç–µ–±—è —Å–µ—Å—Ç—Ä—ã –≥–æ–∂—É—Å—åüò†
Narisovana_ka|869585387777384448|2017-05-30 16:04:47|@huek_samuray –ú–ª–∞–¥–µ—Ü. –õ—é–±–æ –¥–æ—Ä–æ–≥–æ –≥–ª—è–Ω—É—Ç—å.
Narisovana_ka|869495544921640960|2017-05-30 10:07:47|–ê —Ç–æ –∑–∞–µ–±–∞–ª–∏, –≥—É–Ω–¥–æ—Å—ã. –í—Å–µ —Ç–∞–∫–∏–µ –ø—Ä–µ–º—É–¥—Ä—ã–µ, –Ω–∏—á–µ–≥–æ –Ω–µ —Å–ø—Ä–æ—Å–∏.
Narisovana_ka|869495388650315776|2017-05-30 10:07:09|–ö–æ–≥–¥–∞ —Ç–∞–º —É –º—É–∂–∏–∫–æ–≤ –∫—Ä–∏–∑–∏—Å —Å—Ä–µ–¥–Ω–µ–≥–æ –≤–æ–∑—Ä–∞—Å—Ç–∞ –Ω–∞—á–∏–Ω–∞–µ—Ç—Å—è?
Narisovana_ka|869265052960010240|2017-05-29 18:51:53|@dadzed –≠—Ç–æ —á–µ —Ç–∞–∫–æ–µ
Narisovana_ka|869263374080765955|2017-05-29 18:45:13|–û–≥—É—Ä—á–∏–∫–æ–≤ –ø–æ–ø—Ä–æ—Å–∏–ª ...
Narisovana_ka|869263187551678464|2017-05-29 18:44:28|@dadzed –ë—ã–ª –∑–∞–∫–æ–¥–∏—Ä–æ–≤–∞–Ω –Ω–∞ 3 –∏–ª–∏ 5 –ª–µ—Ç, –¥–µ—Ä–∂–∞–ª—Å—è –¥–æ 15 —Å–∞–º. –ò –≤–æ—Ç –Ω–∞—á–∞–ª. –ü–µ—Ä–µ–¥ —ç—Ç–∏–º –Ω–∞ –ù–ì 2 –Ω–µ–¥–µ–ª–∏ –∂—ë–≥. –ò —Å–µ–π—á–∞—Å, —Ç‚Ä¶ https://t.co/kzfvTWXnLg
Narisovana_ka|869262146424713217|2017-05-29 18:40:20|@dadzed –° 60-–æ–≥–æ
Narisovana_ka|869261180673642497|2017-05-29 18:36:30|–ë–ª—è—Ç—å
Narisovana_ka|869260865769533440|2017-05-29 18:35:15|–û—Ç–µ—Ü –æ–ø—è—Ç—å –Ω–∞—á–∞–ª ...
Narisovana_ka|869253096614055938|2017-05-29 18:04:22|@Anupliy ü§¶üèº‚Äç‚ôÄÔ∏è
Narisovana_ka|869238742103543811|2017-05-29 17:07:20|–ó–∞—Ç–æ –ª—é–±–∏–º—ã–π –∏–Ω–∂–µ–Ω–µ—Ä –∑–≤—è–∫–Ω—É–ª –≤ 20:05 )
Narisovana_ka|869233247976390657|2017-05-29 16:45:30|@huek_samuray –õ—É—á—à–µ –∫—É–ø–∏ –∫–∞—Ä—Ç–æ—à–∫–∏ –Ω–∞ —ç—Ç–∏ –¥–µ–Ω—å–≥–∏ –∏ –ø–æ–∂–∞—Ä—å, –≤—Å—è–∫–æ –ª—É—á—à–µ
Narisovana_ka|869228766526046209|2017-05-29 16:27:42|–ù–µ–≤–∞–∂–Ω–æ –∫—Ç–æ –∫—É–¥–∞ —Å–∫–æ–ª—å–∫–æ —Ä–∞–∑ –≤—ã–ª–µ–∑. –í–∞–∂–Ω–æ, —á—Ç–æ –∫–æ –º–Ω–µ –Ω–∏ —Ä–∞–∑—É –Ω–µ –∑–∞–ª–µ–∑–ª–∏.
Narisovana_ka|869211913896554504|2017-05-29 15:20:44|@sibir_ üòï
Narisovana_ka|869207064840724480|2017-05-29 15:01:28|RT @dikobaevn: –°–∫—Ä–æ–º–Ω–æ–µ –æ–±–∞—è–Ω–∏–µ –∞–ø–æ–∫–∞–ª–∏–ø—Å–∏—Å–∞ #—É—Ä–∞–≥–∞–Ω https://t.co/zEh7uUs1xN
Narisovana_ka|869207014009958401|2017-05-29 15:01:15|RT @belteanews: –¢–µ–º –≤—Ä–µ–º–µ–Ω–µ–º –≤ –ú–æ—Å–∫–≤–µ. –ì–æ–≤–æ—Ä—è—Ç, –∏ –¥–æ –Ω–∞—Å —Å–∫–æ—Ä–æ –¥–æ–π–¥—ë—Ç https://t.co/dc1uQ8QRql
Narisovana_ka|869199452279635968|2017-05-29 14:31:13|–ú–Ω–µ —Å–µ–≥–æ–¥–Ω—è, —Å—É–¥—è –ø–æ –≤—Å–µ–º—É, –Ω–∏–∫—Ç–æ –Ω–µ –æ—Ç–≤–µ—Ç–∏—Ç. –û—Ç–ª–∏—á–Ω–æ.
Narisovana_ka|869180552204754944|2017-05-29 13:16:06|RT @youmaximalism: https://t.co/NweiLm2wM2
Narisovana_ka|869175781687267328|2017-05-29 12:57:09|–°–ø–∞—Å–∏–±–æ, –•—É—é—à
Narisovana_ka|869169809644298240|2017-05-29 12:33:25|–ù–∞ —É–ª–∏—Ü–µ –Ω–∞—á–∏–Ω–∞–µ—Ç—Å—è –∫–∞–∫–æ–π-—Ç–æ –∞–Ω—É—Åüò±
Narisovana_ka|869167489783132161|2017-05-29 12:24:12|RT @gifsvideo: –ö–æ—Ç–∏–Ω—ã–π —á–∏—Ö –≤ –∑–∞–º–µ–¥–ª–µ–Ω–Ω–æ–π —Å—ä–µ–º–∫–µ https://t.co/otKW8RIo2C
Narisovana_ka|869165475502182400|2017-05-29 12:16:12|RT @ZalgoIncarnate: https://t.co/Fm0GvXi7NC
Narisovana_ka|869165255599042561|2017-05-29 12:15:19|–ë—Ä–æ—Å–∏–ª–∏ –≤–∞—â–µ. –û–¥–Ω—É –Ω–∞ —Ä–∞—Å—Ç–µ—Ä–∑–∞–Ω—å–µ. –û—Ö–µ—Ä–µ—Ç—å.
Narisovana_ka|869160900636356608|2017-05-29 11:58:01|–û—Ç–≤–µ–¥–∞–ª–∞ –ø–æ—Ç—Ä–∞—Ö–∏
Narisovana_ka|869151891397238784|2017-05-29 11:22:13|üòï
Narisovana_ka|869133752689152000|2017-05-29 10:10:09|–ù–∞ –º–µ–Ω—è. –£–ø–∞–ª–∞. –ö–æ—Ä–æ–±–∫–∞.
Narisovana_ka|869084198765817856|2017-05-29 06:53:14|@BobroSerg üôÇüòä
Narisovana_ka|869054533128867841|2017-05-29 04:55:21|RT @Astrostar_ru: #–û–≤–µ–Ω –í –Ω–∞—á–∞–ª–µ –¥–Ω—è –≤–æ–∑–º–æ–∂–Ω–∞ –ª–µ–Ω—å –∏–ª–∏ –Ω–µ—Ö–≤–∞—Ç–∫–∞ –º–æ—Ç–∏–≤–æ–≤ –¥–ª—è –¥–µ–π—Å—Ç–≤–∏–π. –ï—Å–ª–∏ —É—Ç—Ä–æ–º –≤—ã –Ω–µ –ø–æ—è–≤–∏—Ç–µ—Å—å –≤ –æ—Ñ–∏—Å–µ, –≤–∞—à–µ –æ—Ç—Å—É—Ç—Å—Ç–≤–∏–µ –≤‚Ä¶
Narisovana_ka|868900652411494401|2017-05-28 18:43:53|@Olkou –û–æ!
Narisovana_ka|868900183953866752|2017-05-28 18:42:01|@Olkou –ò–Ω—Ç–µ—Ä–µ—Å–Ω–æ –ø–æ—á–µ–º—É, –æ–±–Ω–æ–≤–ª–µ–Ω–∏–µ –±—ã–ª–æ –±–æ–ª–µ–µ –≥–æ–¥–∞ –Ω–∞–∑–∞–¥ü§î
Narisovana_ka|868899522650439680|2017-05-28 18:39:24|@Olkou –£—Ö —Ç—ã, —É –∫–æ–≥–æ-—Ç–æ –∑–≤—ë–∑–¥–æ—á–∫–∏ –≤–º–µ—Å—Ç–æ —Å–µ—Ä–¥–µ—á–µ–∫
Narisovana_ka|868871799760535552|2017-05-28 16:49:14|@mechanic_ –°–ø–∞—Å–∏–±–æ)
Narisovana_ka|868869449214029824|2017-05-28 16:39:54|@_kubalibre –ù–µ—Ç, —á—É—Ç—å –æ–±–¥–∞–ª–∞ —Å–æ—É—Å–æ–º –≥–æ—Ä—è—á–∏–º, –≤–Ω—É—Ç—Ä–∏ –æ–Ω–∞ —Å—ã—Ä–∞—è
Narisovana_ka|868863801097105408|2017-05-28 16:17:27|–î–æ–º–∞—à–Ω—è—è —É—Ç–æ—á–∫–∞ –≤ –º–µ–¥–æ–≤–æ–º —Å–æ—É—Å–µ —Å –±–ª–∞–Ω—à–∏—Ä–æ–≤–∞–Ω–Ω–æ–π –º–æ—Ä–∫–æ–≤—å—é –∏ –ø—é—Ä–µüòã https://t.co/DQcGelKc29
Narisovana_ka|868566138682318850|2017-05-27 20:34:39|–ó–∞–µ–±–ª–∏, —Å—É–∫–∏, –∑–∞–µ–±–ª–∏ !!! –í—Å–µ—Ö –Ω–µ–Ω–∞–≤–∏–∂—É, –Ω–∏–∫–æ–≥–æ –Ω–µ —Ö–æ—á—É –≤–∏–¥–µ—Ç—å !!!
Narisovana_ka|868565984226967552|2017-05-27 20:34:02|–ö–∞–∫ –≤—Å–µ –±—Ä–æ—Å–∏—Ç—å –∏ –Ω–∞—á–∞—Ç—å –∂–∏—Ç—å
Narisovana_ka|868547154696179712|2017-05-27 19:19:13|RT @puppenhausclub: –°–ª–∞–±–æ–Ω–µ—Ä–≤–Ω—ã–º –Ω–µ —Å–º–æ—Ç—Ä–µ—Ç—å. https://t.co/2mnKnTx7PX
Narisovana_ka|868525325013188608|2017-05-27 17:52:28|"""–í–º–µ—Å—Ç–µ —Å–ø—Ä–∞–≤–ª—è—Ç—å –ø–æ–º–∏–Ω–∫–∏"""
Narisovana_ka|868524448562982912|2017-05-27 17:48:59|@Anupliy –ú–æ–∂—Ç –∏–∑-–∑–∞ —ç—Ç–æ–≥–æ —Ç—É–ø—ë–∂
Narisovana_ka|868524048556462081|2017-05-27 17:47:24|@huek_samuray –•–º, –ø–µ—Ä–≤—ã–π —Ä–∞–∑ —Å–ª—ã—à—É
