Whysodisgusting|846678542461087744|2017-03-28 11:01:09|@TerrinaMajnoona i know nothing about it, sorry.
Whysodisgusting|846678425347731456|2017-03-28 11:00:41|@TerrinaMajnoona ... so they even don't know that there are someone else, not only Putin or commies or whoever.
Whysodisgusting|846678157981835264|2017-03-28 10:59:38|@TerrinaMajnoona the thing is that people vote for Putin just because they are told that with TV. Many people don't have Internet...
Whysodisgusting|846677604195340289|2017-03-28 10:57:26|@TerrinaMajnoona i don't like him, but there is no more opposition in Russia.
Whysodisgusting|846677421646663680|2017-03-28 10:56:42|@TerrinaMajnoona well, Navalny lost at Moscow mayor election in 2014, but had 30%. So he represents some sizeable electorate
Whysodisgusting|846676051413663745|2017-03-28 10:51:15|–ª–æ–ª https://t.co/pzWJd2c6t9
Whysodisgusting|846676026969260032|2017-03-28 10:51:09|@TerrinaMajnoona they are just sort of the ruling party. it's hard to explain for foreigners.
Whysodisgusting|846667338841833473|2017-03-28 10:16:38|@mamedzavr –Ω—É –ø—Ä–æ –≤—Ü–∏–æ–º - –∏–º–µ–Ω–Ω–æ —Ç–∞–º, –Ω—É –ø–æ—Å–º–æ—Ç—Ä–∏ –ø—Ä–æ—Ç–µ—Å—Ç–Ω—ã–π –ø–æ—Ç–µ–Ω—Ü–∏–∞–ª –Ω–∞ –æ—Ñ —Å–∞–π—Ç–µ
Whysodisgusting|846666572143972353|2017-03-28 10:13:35|@mamedzavr —É –Ω–µ–∑—ã–≥–∞—Ä—è —á–∏—Ç–∞–ª
Whysodisgusting|846664947002212353|2017-03-28 10:07:08|@mamedzavr —ç—Ç–æ –õ–µ–≤–∞–¥–∞, —Ç–∞–º –í–¶–ò–û–ú –æ—Ö—É–µ–Ω–Ω–æ —Ä–∞—Å—á–µ—Ö–ª–∏–ª—Å—è, –ø–æ—á–∏—Ç–∞–π
Whysodisgusting|846656504526753792|2017-03-28 09:33:35|"RT @kinopoiskru: –î–æ–∂–¥–∞–ª–∏—Å—å: HBO –∑–∞–ø—É—Å–∫–∞–µ—Ç –≤ –ø—Ä–æ–∏–∑–≤–æ–¥—Å—Ç–≤–æ —Ç—Ä–µ—Ç–∏–π —Å–µ–∑–æ–Ω ¬´–ù–∞—Å—Ç–æ—è—â–µ–≥–æ –¥–µ—Ç–µ–∫—Ç–∏–≤–∞¬ª. 
https://t.co/RE14Eh3eqW"
Whysodisgusting|846646816951226369|2017-03-28 08:55:05|@mamedzavr –Ω—É —Ö–∑, –Ω–∞ —Å–∞–º–æ–º –¥–µ–ª–µ, –Ω—É–∂–Ω–æ –±—É–¥–µ—Ç –ø–æ—Å–º–æ—Ç—Ä–µ—Ç—å
Whysodisgusting|846646725356011522|2017-03-28 08:54:43|@mamedzavr –Ω—É –Ω–∞ –≤–µ–Ω—á—É—Ä–Ω—ã–µ-—Ç–æ –¥–µ–Ω—å–≥–∏ —Å —á–µ–≥–æ –±—ã –∏ –Ω–µ –æ—Ç–∫—Ä—ã–≤–∞—Ç—å—Å—è)
Whysodisgusting|846633910180163584|2017-03-28 08:03:48|@mamedzavr –≤—Ä–æ–¥–µ —É –Ω–∏—Ö –≤ –≥–æ–¥–æ–≤–æ–º –æ—Ç—á—ë—Ç–µ –Ω–∞–ø–∏—Å–∞–Ω–æ, —á—Ç–æ –æ–Ω–∏ –ø–æ–∫–∞ –Ω–µ –ø–ª–∞–Ω–∏—Ä—É—é—Ç –≤—ã—Ö–æ–¥–∏—Ç—å –≤ –ø–ª—é—Å. –ù–æ —è –º–æ–≥—É —Å–ø—É—Ç–∞—Ç—å —Å –¥—Ä—É–≥–æ–π –∫–æ–º–ø–∞–Ω–∏–µ–π.
Whysodisgusting|846633551382614016|2017-03-28 08:02:22|"RT @slowdiveband: We're really excited to announce our new album, released May 5th via @DeadOceans

Now available here for pre-order:
https‚Ä¶"
Whysodisgusting|846632923004649473|2017-03-28 07:59:53|@brupsen —ç—Ç–æ –∂–µ –∏—Ä–æ–Ω–∏—á–Ω–æ –Ω–∞–ø–∏—Å–∞–Ω–æ :( –¥–∞, —è –¥–∞–∂–µ –ø–æ –Ω–µ–π –ø–æ–≥—É–ª—è–ª 20 –º–∏–Ω—É—Ç
Whysodisgusting|846621409686274048|2017-03-28 07:14:08|–í–æ—Ç —Ö–æ—Ä–æ—à–∞—è —Å—Ç–∞—Ç—å—è, –µ—Å–ª–∏ –∏–Ω—Ç–µ—Ä–µ—Å–Ω–æ –ø–æ—á–∏—Ç–∞—Ç—å –ø—Ä–æ Startup Bubble: https://t.co/Ka1KjhoaqO
Whysodisgusting|846620122274054144|2017-03-28 07:09:01|–ù—É –Ω–µ –º–æ–∂–µ—Ç, –Ω–∞–ø—Ä–∏–º–µ—Ä, uber, –∫–æ—Ç–æ—Ä—ã–π —É—Ö–æ–¥–∏—Ç –≤ –º–∏–Ω—É—Å –Ω–∞ –±–µ—à–µ–Ω—ã–µ –¥–µ–Ω—å–≥–∏, –æ—Ü–µ–Ω–∏–≤–∞—Ç—å—Å—è –≤ —Ç–∞–∫–∏–µ –¥–µ–Ω—å–∂–∏—â–∏.
Whysodisgusting|846619219152293888|2017-03-28 07:05:25|–ù—É —Å–µ—Ä—å–µ–∑–Ω–æ, —è –ø–æ–Ω–∏–º–∞—é, —á–µ–º —Ä—É–∫–æ–≤–æ–¥—Å—Ç–≤—É—é—Ç—Å—è –∏–Ω–≤–µ—Å—Ç–æ—Ä—ã, –∫–æ–≥–¥–∞ –ø–æ–∫—É–ø–∞—é—Ç —É–±—ã—Ç–æ—á–Ω—ã–µ —Å—Ç–∞—Ä—Ç–∞–ø—ã, –≤–æ–ø—Ä–æ—Å –≤ —Ç–æ–º, –∫–æ–≥–¥–∞ –∏–º —ç—Ç–æ –Ω–∞–¥–æ–µ—Å—Ç.
Whysodisgusting|846619043910074369|2017-03-28 07:04:44|–î–∞–∂–µ –∏–Ω—Ç–µ—Ä–µ—Å–Ω–æ —É–∂–µ, –∫–æ–≥–¥–∞ —Å—Ç–∞—Ä—Ç–∞–ø–æ–≤—Å–∫–∏–π –ø—É–∑—ã—Ä—å –ª–æ–ø–Ω–µ—Ç.
Whysodisgusting|846605289596039169|2017-03-28 06:10:04|–î–æ–±—Ä–æ–µ —É—Ç—Ä–æ, —á—è—Ç!
Whysodisgusting|846592411136638976|2017-03-28 05:18:54|RT @adagamov: https://t.co/NxVmMl8VGN
Whysodisgusting|846586276019097601|2017-03-28 04:54:31|@annoyingmorda –º–µ–ª–∫–æ–≤–∞—Ç–æ –¥–ª—è –ü–æ–ª–∞ –ü–æ—Ç–∞, –ª–æ–Ω–≥–±–æ—Ä–¥–∞–º–∏ –ø–∏–∑–¥–∏—Ç—å
Whysodisgusting|846372749891260416|2017-03-27 14:46:03|–ù–µ–º–Ω–æ–≥–æ –∏–Ω—Ç–µ—Ä–µ—Å–Ω—ã—Ö (–Ω–µ—Ç) —Ñ–∞–∫—Ç–æ–≤: —è –¥–æ 9 –∫–ª–∞—Å—Å–∞ –Ω–µ –ø–æ–Ω–∏–º–∞–ª —à—É—Ç–∫—É –ø—Ä–æ –õ–µ–Ω—É –ì–æ–ª–æ–≤–∞—á
Whysodisgusting|846369242312327168|2017-03-27 14:32:06|@IraVinnitska –æ–Ω –∂–µ –ø—Ä–æ—Å—Ç–æ —Å—Ñ–æ—Ç–∫–∞–ª—Å—è, –µ–≥–æ –∂ –Ω–∞ –≤—Ç–æ—Ä–æ–π —Ñ–æ—Ç–æ–≥—Ä–∞—Ñ–∏–∏ –Ω–µ –¥–µ—Ä–∂–∞—Ç
Whysodisgusting|846368967132430336|2017-03-27 14:31:01|RT @Ally_Soleil: –®—É—Ç–∫–∞ –ø—Ä–æ –±—É–∫–µ—Ç—ã https://t.co/SM6eskEaTx
Whysodisgusting|846365802072887298|2017-03-27 14:18:26|@abroadunderhood –∞ —á—Ç–æ –∫–æ–Ω–∫—Ä–µ—Ç–Ω–æ –ø—Ä–æ —É—Å—Ç–æ–π—á–∏–≤–æ–µ —Ä–∞–∑–≤–∏—Ç–∏–µ?
Whysodisgusting|846364486118375425|2017-03-27 14:13:12|@Agafdasha :( —Ö–æ—á—É, –Ω–æ –Ω–µ –º–æ–≥—É
Whysodisgusting|846314813580070913|2017-03-27 10:55:49|@pingvin786 –Ω–µ –¥–µ–ª–∞–π —Ç–∞–∫ –±–æ–ª—å—à–µ, –ø–æ–∂–∞–ª—É–π—Å—Ç–∞
Whysodisgusting|846312999409324032|2017-03-27 10:48:37|@pingvin786 –º–∞–ª–æ –ª–∏, –≤–¥—Ä—É–≥ —Ç—ã –∑–∞—Ö–æ—á–µ—à—å –∑–∞–∫–∞–∑–∞—Ç—å!
Whysodisgusting|846310936675782656|2017-03-27 10:40:25|–ü–æ–ø—Ä–æ–±–æ–≤–∞–ª, –≤ –ø—Ä–∏–Ω—Ü–∏–ø–µ –Ω–∏—á–µ–≥–æ
Whysodisgusting|846278246266273792|2017-03-27 08:30:31|"–ö—Ç–æ-–Ω–∏–±—É–¥—å –∑–∞–∫–∞–∑—ã–≤–∞–ª –µ–¥—É –≤ ""–ì–æ–ª–æ–¥""? –ö–∞–∫ —Ç–∞–º –µ–¥–∞?"
Whysodisgusting|846254701062578176|2017-03-27 06:56:58|RT @riarip: –°–ª–∞–≤–∞ –±–æ–≥—É, –≤ –†–æ—Å—Å–∏–∏ —Ç–∞–∫–æ–≥–æ –Ω–µ—Ç https://t.co/cFGBINCxMT
Whysodisgusting|846254539376414720|2017-03-27 06:56:19|@ADanilyak –Ω–æ –∑–∞—á–µ–º? —è –Ω–µ –±—É–¥—É –¥–µ–ª–∞—Ç—å –≤–∏–∑—É, –ø–æ–∫–∞ –º–Ω–µ –Ω–µ –Ω–∞–¥–æ –±—É–¥–µ—Ç —ç—Ç–æ –¥–µ–ª–∞—Ç—å, –∑–∞—á–µ–º –æ–Ω–∏ –º–Ω–µ –ø—Ä–µ–¥–ª–∞–≥–∞—é—Ç –∫–∞–∂–¥—ã–π –¥–µ–Ω—å –µ–µ —Å–¥–µ–ª–∞—Ç—å?
Whysodisgusting|846250905443995649|2017-03-27 06:41:53|"—á—É–≤–∞–∫–∏, –æ–±—ä—è—Å–Ω–∏—Ç–µ, —É –º–µ–Ω—è –ø–æ –ø—É—Ç–∏ –Ω–∞ —Ä–∞–±–æ—Ç—É –ø–æ—Å—Ç–æ—è–Ω–Ω–æ —Å—Ç–æ—è—Ç –ª—é–¥–∏ —Å —Ç–∞–±–ª–∏—á–∫–∞–º–∏ ""–∏—Å–ø–∞–Ω—Å–∫–∏–π –≤–∏–∑–æ–≤—ã–π —Ü–µ–Ω—Ç—Ä"". –ó–ê–ß–ï–ú?"
Whysodisgusting|846226326247919617|2017-03-27 05:04:12|"RT @ovinnikstreet: ""–≠—Ç–æ –Ω–µ —Å—Ç—Ä–∞—à–Ω–æ"" https://t.co/AiUJDSlPXL"
Whysodisgusting|846025534932963330|2017-03-26 15:46:20|@DooDoolive –æ—Ç–º–µ—á–∞—é –º–∏—Ç–∏–Ω–≥ –≤ –±–∞—Ä–µ!
Whysodisgusting|846024658524819459|2017-03-26 15:42:51|–†–æ—Å—Å–∏—è –±—É–¥–µ—Ç —Å–≤–æ–±–æ–¥–Ω–æ–π! (–ò –æ—Ç –±—É—Ö–ª–∞ –≤ —Ç–æ–º —á–∏—Å–ª–µ) https://t.co/x59gRc2g1t
Whysodisgusting|846018978552188929|2017-03-26 15:20:17|@cricketsmonk_ —ç–Ω–∏–≤–µ–π, —Å –ø–µ—Ä–≤–æ–≥–æ —Ä–∞–∑–∞ –Ω–∏—á–µ–≥–æ –Ω–µ –ø–æ–ª—É—á–∞–µ—Ç—Å—è.
Whysodisgusting|846017192768540672|2017-03-26 15:13:11|@cricketsmonk_ –ª–æ–ª, –Ω–µ—Ç. –í–ª–∞—Å—Ç—å –¥–µ–π—Å—Ç–≤–∏—Ç–µ–ª—å–Ω–æ –∏—Å–ø—É–≥–∞–ª–∞—Å—å. –ù–∞–ø—Ä–∏–º–µ—Ä, –ø–æ—Å—Ç–∞–≤–∏–ª–∏ –≤—ã–±–æ—Ä—ã –≥—É–±–µ—Ä–Ω–∞—Ç–æ—Ä–æ–≤ –∏ —Å–º–µ—Å—Ç–∏–ª–∏ –°—É—Ä–∫–æ–≤–∞.
Whysodisgusting|846014420467793920|2017-03-26 15:02:10|@cricketsmonk_ –Ω—É –¥–∞, —Å–∫–∞–∂–∏ –µ—â—ë —á—Ç–æ –±–æ–ª–æ—Ç–Ω–∞—è –≤ 12 –≥–æ–¥—É –Ω–∏ –∫ —á–µ–º—É –Ω–µ –ø—Ä–∏–≤–µ–ª–∞)
Whysodisgusting|846013020090372097|2017-03-26 14:56:36|@cricketsmonk_ –∞ –µ—Å–ª–∏ –∏—Ö –Ω–µ –¥–µ–ª–∞—Ç—å, —Ç–æ –æ–Ω–∏ –æ—Ö—É–µ—é—Ç –æ–∫–æ–Ω—á–∞—Ç–µ–ª—å–Ω–æ
Whysodisgusting|846003136041041920|2017-03-26 14:17:20|RT @the_lentach: –°–æ–æ–±—â–∞–µ—Ç—Å—è, —á—Ç–æ –º–∏—Ç–∏–Ω–≥—É—é—â–∏–µ –≤ –ü–∏—Ç–µ—Ä–µ –æ—Ç–ø—Ä–∞–≤–∏–ª–∏—Å—å –∫ –ó–∏–º–Ω–µ–º—É –¥–≤–æ—Ä—Ü—É https://t.co/fL5TA3QGMV
Whysodisgusting|846002205283041280|2017-03-26 14:13:38|@_yuuuliana_ –Ω—É –∏—Ö —Å–ª–∞–≤–∞ –±–æ–≥—É –Ω–µ —Ç–∞–∫ –º–Ω–æ–≥–æ
Whysodisgusting|845988467012194304|2017-03-26 13:19:02|@dj_ling –Ω–¥–∞ —É–∂, —Å–º–µ—Ä—Ç–Ω–∞—è https://t.co/MjSDDMsuXu
Whysodisgusting|845987894233837568|2017-03-26 13:16:46|RT @Repub_News: –ù–∞ –ü—É—à–∫–∏–Ω—Å–∫–æ–π –Ω–∞—á–∞–ª–∏ —Å—Ç—Ä–æ–∏—Ç—å –±–∞—Ä—Ä–∏–∫–∞–¥—ã https://t.co/mLC4MeeNvi
Whysodisgusting|845986785075380227|2017-03-26 13:12:21|@dj_ling —ç—Ç–æ –∫–∞–∫ –ø–æ—Å–º–æ—Ç—Ä–µ—Ç—å, —Å –¥—Ä—É–≥–æ–π —Å—Ç–æ—Ä–æ–Ω—ã –ø–æ –¢–≤–µ—Ä—Å–∫–æ–π –Ω–µ –ø—Ä–æ—Ç–æ–ª–∫–Ω—É—Ç—å—Å—è.
Whysodisgusting|845983232390762496|2017-03-26 12:58:14|–û—á–µ–Ω—å –º–Ω–æ–≥–æ –º–æ–ª–æ–¥—ë–∂–∏, —à–∫–æ–ª—å–Ω–∏–∫–æ–≤ –∏ –¥–∞–∂–µ –ø–æ–∂–∏–ª—ã—Ö –ª—é–¥–µ–π. –ö—Ä—É—Ç–æ –æ—á–µ–Ω—å.
Whysodisgusting|845980704433426433|2017-03-26 12:48:12|–ù–∞—Ä–æ–¥—É –ø—Ä–æ—Å—Ç–æ —Ç—å–º–∞. #–î–∏–º–æ–Ω–û—Ç–≤–µ—Ç–∏—Ç
Whysodisgusting|845954697869627392|2017-03-26 11:04:51|–ï–¥—É –≥—É–ª—è—Ç—å –ø–æ–¥ —Ö–æ—Ä–æ—à—É—é –ø–µ—Å–Ω—é #–î–∏–º–æ–Ω–û—Ç–≤–µ—Ç–∏—Ç https://t.co/rZAUl5pdFz
Whysodisgusting|845938510548885504|2017-03-26 10:00:32|@Freymute —ç—Ç–æ –≥–¥–µ –≤–æ–æ–±—â–µ?
Whysodisgusting|845938246496477186|2017-03-26 09:59:29|@Freymute –≥–¥–µ –ø—Ä–æ—Ö–æ–¥–∏—Ç?
Whysodisgusting|845936499979927552|2017-03-26 09:52:32|@annoyingmorda —Ç—ã-—Ç–æ –ø–æ–π–¥–µ—à—å?
Whysodisgusting|845935027716272128|2017-03-26 09:46:41|–ù–µ –ª—é–±–ª—é –ù–∞–≤–∞–ª—å–Ω–æ–≥–æ, –Ω–æ –ø–æ–π—Ç–∏ –Ω–∞ –º–∏—Ç–∏–Ω–≥, –Ω–∞–≤–µ—Ä–Ω–æ–µ, —Å—Ç–æ–∏—Ç #–î–∏–º–æ–Ω–û—Ç–≤–µ—Ç–∏—Ç
Whysodisgusting|845907504248819712|2017-03-26 07:57:19|@A_Kapustin —Å—Ç—Ä–∞–Ω–Ω–æ, —á—Ç–æ –Ω–µ —Ç–≤–µ—Ä—Å–∫–∞—è –∏ –æ—Ö–æ—Ç–Ω—ã–π —Ä—è–¥)
Whysodisgusting|845904704471228416|2017-03-26 07:46:12|–ò–¥–µ—Ç–µ –Ω–∞ –º–∏—Ç–∏–Ω–≥?
Whysodisgusting|845866545058398208|2017-03-26 05:14:34|RT @navalny: –í–Ω–∏–º–∞–Ω–∏–µ, –≥—Ä–∞–∂–¥–∞–Ω–µ, –≤–∞—à –ø—Ä–æ—Ö–æ–¥ –Ω–∞ –≤–ø–∏—Å–∫—É –Ω–µ—Å–∞–Ω–∫—Ü–∏–æ–Ω–∏—Ä–æ–≤–∞–Ω. https://t.co/UKJLJQjVH4
Whysodisgusting|845585436248559616|2017-03-25 10:37:32|–ü—Ä–æ–æ—Ä–∞–ª –∫–∞–∫ –Ω–∏–∫–æ–≥–¥–∞ –≤ –∂–∏–∑–Ω–∏ –Ω–µ –æ—Ä–∞–ª https://t.co/lNRAzBE3D0
Whysodisgusting|845398868934234112|2017-03-24 22:16:11|"–ï–¥–∏–Ω—Å—Ç–≤–µ–Ω–Ω–æ–µ –æ—Ç–ª–∏—á–∏–µ –æ—Ç ""–ó–∞—â–∏—Ç–Ω–∏–∫–æ–≤"" –≤ —Ç–æ–º, —á—Ç–æ –ø–µ—Ä—Å–æ–Ω–∞–∂–∏ –º—Ä—É—Ç –∫–∞–∫ –º—É—Ö–∏"
Whysodisgusting|845395631917203456|2017-03-24 22:03:19|"–ì–æ—Å–ø–æ–¥–∏, –∫–∞–∫–∞—è –∂–µ –ø–∞—Ä–∞—à–∞ —ç—Ç–æ—Ç —Ñ–∏–ª—å–º ""–ñ–∏–≤–æ–µ""."
Whysodisgusting|845295844958093312|2017-03-24 15:26:48|@mamedzavr —Å–≤–æ–±–æ–¥–Ω—ã–π –≤–µ—á–µ—Ä, –æ—á–µ–≤–∏–¥–Ω–æ!
Whysodisgusting|845180221737230337|2017-03-24 07:47:22|@dolgikhmsu @khalyapov –∫–æ–≥–¥–∞ —Ç–≤–æ—è –±–∞–±–∞ –∑–∞—Ä–µ–≥–∞–ª–∞—Å—å –≤ —Ç–≤–∏—Ç–æ—Ä–µ
Whysodisgusting|845156788630540289|2017-03-24 06:14:15|@whysodisgusting via @elunichkin
Whysodisgusting|845156693260455941|2017-03-24 06:13:52|–ß–∞—Ç, –µ—Å–ª–∏ –≤—Ä–µ–º—è –±–æ–ª—å—à–µ 9 —É—Ç—Ä–∞, –∞ –≤—ã –µ—â–µ —Å–ø–∏—Ç–µ, —Ç–æ —ç—Ç–æ –≤–æ–æ–±—â–µ –ø—Ä–æ–≤–∞–ª –∏ –ø–æ–∑–æ—Ä–∏—â–µ
Whysodisgusting|845143407685132288|2017-03-24 05:21:05|–ü—Ä–æ—Å—Ç–∏, –≥–æ—Å–ø–æ–¥–∏. https://t.co/o8iKVNAUdd
Whysodisgusting|844911084012212224|2017-03-23 13:57:54|@riarip –∫–∞–∫ –Ω–µ–æ–∂–∏–¥–∞–Ω–Ω–æ
Whysodisgusting|844880812411682816|2017-03-23 11:57:37|RT @Kulinark: –Ø –æ—Ç–µ—Ü —ç—Ç–æ–≥–æ —Å—ã–Ω–∞ https://t.co/nc2IWqU1wd
Whysodisgusting|844856810825641987|2017-03-23 10:22:15|RT @princdatskij: https://t.co/muBcUQS2NS
Whysodisgusting|844834252109725697|2017-03-23 08:52:36|"RT @shapi_to: –í—ã—à–µ–ª —Ç—Ä–µ–π–ª–µ—Ä —Ç—Ä–µ—Ç—å–µ–≥–æ —Å–µ–∑–æ–Ω–∞ ""–§–∞—Ä–≥–æ""! 

https://t.co/il7dhRNW9M"
Whysodisgusting|844834126943301632|2017-03-23 08:52:06|–≤–æ—Ç –µ—Å–ª–∏ –±—ã –Ω–∞ –∏—Ö –º–µ—Å—Ç–µ –±—ã–ª–∏ –º–æ–ª–æ–¥—ã–µ —Ä–µ–±—è—Ç–∞, –∏—Ö –±—ã –±–µ–∑ –≤–æ–ø—Ä–æ—Å–æ–≤ —Å—Ä–∞–∑—É –≤ –°–ò–ó–û –ø–æ–º–µ—Å—Ç–∏–ª–∏. –≥–¥–µ —Ö–≤–∞–ª–µ–Ω–æ–µ —Ä–∞–≤–Ω–æ–ø—Ä–∞–≤–∏–µ?
Whysodisgusting|844833944386252800|2017-03-23 08:51:23|–æ—Ö—É–∏—Ç–µ–ª—å–Ω–æ, –¥–µ–≤—É—à–∫–∏ —Å–ø–µ—Ä–ª–∏ 40 –º–∏–ª–ª–∏–æ–Ω–æ–≤, –∞ —Å–ª–µ–¥–æ–≤–∞—Ç–µ–ª–∏ —Å–ø–æ—Ä—è—Ç –æ –º–µ—Ä–µ –ø—Ä–µ—Å–µ—á–µ–Ω–∏—è, –°–ò–ó–û –∏–ª–∏ –ø–æ–¥–ø–∏—Å–∫–∞ –æ –Ω–µ–≤—ã–µ–∑–¥–µ
Whysodisgusting|844827208103354368|2017-03-23 08:24:37|@veritas_z @axmtar @SamTylerSib @abunyasha @amima oh, wow, –Ω–æ –≤–µ–¥—å —Å—Ç—Ä–µ–ª–æ—á–∫–∞ –Ω–µ –ø–æ–≤–æ—Ä–∞—á–∏–≤–∞–µ—Ç—Å—è, —É–≥–Ω–µ—Ç–∞—Ç–µ–ª—å –Ω–µ –º–æ–∂–µ—Ç —Å—Ç–∞—Ç—å —É–≥–Ω–µ—Ç–µ–Ω–Ω—ã–º
Whysodisgusting|844787665748713473|2017-03-23 05:47:29|@heysaandy —Ä—É—Å—Å–∫–∏–π —Ä–µ–ø - —ç—Ç–æ –ª—É—á—à–µ–µ, —á—Ç–æ —Å–ª—É—á–∞–ª–æ—Å—å —Å –º—É–∑—ã–∫–æ–π
Whysodisgusting|844759632115462145|2017-03-23 03:56:05|RT @whysodisgusting: –°–õ–û–ñ–ù–û https://t.co/xt56d8lyI4
Whysodisgusting|844674613070221312|2017-03-22 22:18:15|RT @romabordunov: –ê –ø–æ—Å–∫–æ—Ä–µ–µ –±—ã —Å –∂–µ–Ω—â–∏–Ω–æ–π —Å–Ω–∏–º–∞—Ç—å –∫–≤–∞—Ä—Ç–∏—Ä—É, —á—Ç–æ–±—ã –ø–æ—Ç–æ–º –≤ –∏–∫–µ–µ —Å –Ω–µ–π –∫—É–ø–∏—Ç—å –Ω–æ–≤—É—é –ø–æ—Å—É–¥—É, –∞ –ø–æ—Ç–æ–º —Å–∏–¥–µ—Ç—å –Ω–∞ –¥–∏–≤–∞–Ω–µ –∏ –æ–±—Å—É–∂‚Ä¶
Whysodisgusting|844517167378911233|2017-03-22 11:52:37|@AnatastasiaF —Ñ–∏–∫—Å, –≤—ã–ø—É—Å–∫–Ω–∏–∫
Whysodisgusting|844517073409769472|2017-03-22 11:52:15|@AnatastasiaF –∏ –æ–Ω –Ω–∞—á–∞–ª –º–µ–Ω—è –ø–æ–¥–≤–∞–ª–∏–≤–∞—Ç—å, –ø—Ä–æ –æ–ø—ã—Ç –Ω–µ —Å–ø—Ä–æ—Å–∏–ª –ù–ò–ß–ï–ì–û, –∑–∞—Ç–æ –ø–æ—Å–ø—Ä–∞—à–∏–≤–∞–ª –µ–±—É—á–∏–µ –ª–æ–≥–∏—á–µ—Å–∫–∏–µ –∑–∞–¥–∞—á–∫–∏, –∫–æ—Ç–æ—Ä—ã–µ —è –Ω–µ–Ω–∞–≤–∏–∂—É
Whysodisgusting|844516904341508096|2017-03-22 11:51:35|"@AnatastasiaF &gt;&gt;&gt;
-–∑–¥–æ—Ä–æ–≤–æ
-–∏ —Å–µ–π—á–∞—Å —É –º–µ–Ω—è 5 –ø—Ä–æ–µ–∫—Ç–æ–≤ –∏ —è —Å—É–ø–µ—Ä –∫—Ä—É—Ç–æ–π —á–µ–ª–æ–≤–µ–∫
-–∑–¥–æ—Ä–æ–≤–æ

–≤–∏–¥–∏–º–æ —Ç–∞–∫–æ–π –º–æ–µ–π —Ä–µ–∞–∫—Ü–∏–∏ –µ–º—É –±—ã–ª–æ –º–∞–ª–æ("
Whysodisgusting|844516744286867457|2017-03-22 11:50:56|"@AnatastasiaF –¥–∞ —Ç–∞–º —Å —Å–∞–º–æ–≥–æ –Ω–∞—á–∞–ª–∞ —Ç–æ–ø –Ω–∞—á–∞–ª—Å—è
-–ø—Ä–∏–≤–µ—Ç, –º–µ–Ω—è –∑–æ–≤—É—Ç —Ç–∞–∫-—Ç–∞–∫, —è —Å—Ç—É–¥–µ–Ω—Ç —Ñ–æ–ø—Ñ–∞
-–ø—Ä–∏–≤–µ—Ç
-—è –ø—Ä–∏—à–µ–ª —Å—é–¥–∞ 4 –≥–æ–¥–∞ –Ω–∞–∑–∞–¥
&gt;&gt;&gt;"
Whysodisgusting|844515892532842497|2017-03-22 11:47:33|@Eternal_Beam @khalyapov –∫–µ–∫, –Ω—É –º—ã –¥—Ä—É–∑—å—è –∂–µ, –º—ã –º–æ–∂–µ–º –¥—Ä—É–≥ –¥—Ä—É–≥–∞ —Ö—É—è–º–∏ –∫—Ä—ã—Ç—å
Whysodisgusting|844515711301177344|2017-03-22 11:46:50|@AnatastasiaF –≤–æ—Ç –∫—Å—Ç–∞—Ç–∏ –∂–∏–∑–∞, —Ç–æ–ª—å–∫–æ —É –º–µ–Ω—è –¥—Ä—É–≥–∞—è –∑–∞–¥–∞—á–∫–∞ –±—ã–ª–∞
Whysodisgusting|844510659400404993|2017-03-22 11:26:46|–æ–º–≥, –≤—Å–µ–≥–æ 75–∫, —Ç—É–ø—ã–µ —Ö–∞–∫–µ—Ä—ã –∫–∞–∫–∏–µ-—Ç–æ https://t.co/iZ6V5hF4qa
Whysodisgusting|844484418303639553|2017-03-22 09:42:29|@khalyapov —Ç—ã –µ–±–∞–ª–æ-—Ç–æ –ø–æ–¥–∑–∞–≤–∞–ª–∏
Whysodisgusting|844483464917405696|2017-03-22 09:38:42|–í–∫–ª—é—á–∏–ª–∏.
Whysodisgusting|844482373618208768|2017-03-22 09:34:22|–°–±–µ—Ä—Ç–µ—Ö, ABBYY #–ú–µ–Ω—è–ù–µ–í–∑—è–ª–∏
Whysodisgusting|844482264952176641|2017-03-22 09:33:56|–ø—Ä—è–º–æ —Å–µ–π—á–∞—Å 5 –∞–Ω–∞–ª–∏—Ç–∏–∫–æ–≤ –ø—ã—Ç–∞—é—Ç—Å—è –≤–∫–ª—é—á–∏—Ç—å –∫–æ–Ω–¥–∏—Ü–∏–æ–Ω–µ—Ä. –æ—Ç–ª–∏—á–Ω–æ –ø—Ä–æ—Å—Ç–æ.
Whysodisgusting|844443440968536066|2017-03-22 06:59:39|@elunichkin –¥–∞ –Ω–µ—Ç, –≤ —Å—Ä–µ–¥–Ω–µ–º –ø–æ 30 –ª–µ—Ç –≥–¥–µ-—Ç–æ
Whysodisgusting|844442704234864640|2017-03-22 06:56:44|–≤ –∏—Ç–æ–≥–µ –∫–∞–∂–¥—ã–π —Ä–∞–∑, –∫–æ–≥–¥–∞ –º–Ω–µ –Ω–∞–¥–æ —á—Ç–æ-–Ω–∏–±—É–¥—å –ø–æ—Å—Ç–∞–≤–∏—Ç—å, —è –≤—ã–Ω—É–∂–¥–µ–Ω –±–µ–≥–∞—Ç—å –≤ —Å–æ—Å–µ–¥–Ω–∏–π –∫–∞–±–∏–Ω–µ—Ç –∏ –µ–≥–æ –∑–≤–∞—Ç—å.
Whysodisgusting|844442493521465344|2017-03-22 06:55:54|—Ä–∞–±–æ—Ç–∞—é –≤ it-–∫–æ–º–ø–∞–Ω–∏–∏, –∞–¥–º–∏–Ω –∑–∞–ø—Ä–µ—â–∞–µ—Ç –º–Ω–µ —Å—Ç–∞–≤–∏—Ç—å —Å–≤–æ–∏ –ø—Ä–æ–≥—Ä–∞–º–º—ã (–Ω–∞–ø—Ä–∏–º–µ—Ä, —Å—É–∫–∞, —Å–∫–∞–π–ø), –ø–æ—Ç–æ–º—É —á—Ç–æ –≤–¥—Ä—É–≥ —è —á—Ç–æ-–Ω–∏–±—É–¥—å —Å–ª–æ–º–∞—é
Whysodisgusting|844440447657369600|2017-03-22 06:47:46|RT @Keff_Japlan: Please stop sharing this photo. This is taken out of context. I am NOT a nazi. https://t.co/LWXn4YVkaF
Whysodisgusting|844418275522088960|2017-03-22 05:19:40|@davnch –æ—Ç 1 –¥–æ 10 —Å–∫–æ–ª—å–∫–æ?
Whysodisgusting|844390262424190977|2017-03-22 03:28:21|@lastofyour @A_Kapustin —Å 8 –¥–æ 5 –Ω–µ –æ–∑–Ω–∞—á–∞—é—Ç —Ä—É—Ç–∏–Ω—É)
Whysodisgusting|844389929346109440|2017-03-22 03:27:01|"RT @EvgenComedian: –°–∞–º—ã–π –î–û–õ–ì–ò–ô #BadComedian –û–ë–ó–û–†. –ü—Ä–∏—Ç—è–∂–µ–Ω–∏–µ –∏–ª–∏ –ß–£–ñ–û–ô –ø—Ä–æ—Ç–∏–≤ –ì–û–ü–ù–ò–ö–ê –§—ë–¥–æ—Ä–∞ –ë–æ–Ω–¥–∞—Ä—á—É–∫–∞.
–î—Ä—É–∑—å—è, —Ä–µ—Ç–≤–∏—Ç. 
https://t.co/Pz‚Ä¶"
Whysodisgusting|844178346116300800|2017-03-21 13:26:16|RT @muchkind: –∫–æ–≥–¥–∞-–Ω–∏–±—É–¥—å —è –ø–æ–π–º—É, –ø–æ—á–µ–º—É –î—è–¥—è –§—ë–¥–æ—Ä —Å–æ —Å–≤–æ–∏–º –æ—Ç—Ü–æ–º —á–∏–Ω–∏–ª–∏ –º–∞—à–∏–Ω—É –ø—Ä—è–º–æ —É —Å–µ–±—è –≤ –≥–æ—Å—Ç–∏–Ω–æ–π
Whysodisgusting|844066388838924288|2017-03-21 06:01:23|https://t.co/XMCVQVjAvM
Whysodisgusting|844061242591514624|2017-03-21 05:40:56|–õ—é–±–ª—é –∂–∏–∑–Ω—å
Whysodisgusting|843808931076079617|2017-03-20 12:58:21|–¢–æ–ª—å–∫–æ —á—Ç–æ –Æ–ª—è —Ä–∞—Å–ø–ª–∞–∫–∞–ª–∞—Å—å, –ø–æ—Ç–æ–º—É —á—Ç–æ –æ–Ω–∞ —Ö–æ—á–µ—Ç –Ω–æ–≤—ã–µ –¥–∂–∏–Ω—Å—ã, –Ω–æ –µ–π –ª–µ–Ω—å –∑–∞ –Ω–∏–º–∏ –µ—Ö–∞—Ç—å.
Whysodisgusting|843795187235217408|2017-03-20 12:03:44|"RT @thqstn: ¬´–Ø –∑–∞–∫—É—Ä–∏–≤–∞—é —Ç–æ–ª—å–∫–æ —Ç–æ–≥–¥–∞, –∫–æ–≥–¥–∞ –≤—ã–ø—å—é. –ê –ø—å—é —è –±–µ—Å–ø—Ä–µ—Ä—ã–≤–Ω–æ. –ü–æ—ç—Ç–æ–º—É –º–Ω–æ–≥–∏–µ –æ—à–∏–±–æ—á–Ω–æ –¥—É–º–∞—é—Ç, —á—Ç–æ —è –∫—É—Ä—é¬ª

https://t.co/60euDXjk‚Ä¶"
Whysodisgusting|843752060613001216|2017-03-20 09:12:22|–ó–∞–±—ã–ª —Å–∫–∞–∑–∞—Ç—å, –Ω–æ–≤—ã–π Depeche Mode –æ—á–µ–Ω—å —Ö–æ—Ä–æ—à.
Whysodisgusting|843733466437115904|2017-03-20 07:58:28|"RT @romabordunov: –í ""–£–±–æ–π–Ω–æ–π –ª–∏–≥–µ"" –±—ã–ª–æ –∑–∞–¥–∞–Ω–∏–µ, –∫–æ–≥–¥–∞ –∂—é—Ä–∏ –¥–∞–µ—Ç –∑–∞—á–∏–Ω –¥–ª—è —à—É—Ç–∫–∏, –∞ –∫–æ–º–∏–∫–∏ –¥–æ–ª–∂–Ω—ã –µ–≥–æ —Å–º–µ—à–Ω–æ –∑–∞–∫–æ–Ω—á–∏—Ç—å. 

–í–æ—Ç —Ç–µ–ø–µ—Ä—å —ç—Ç–æ –Ω–∞‚Ä¶"
Whysodisgusting|843733296760733697|2017-03-20 07:57:48|RT @lishainik: https://t.co/EpFdF4qbWP
Whysodisgusting|843480838767611907|2017-03-19 15:14:37|–ë–ª—è, —É–∑–Ω–∞–ª, —á—Ç–æ –µ—Å—Ç—å –∞–≤–∏–∞–∫–æ–º–ø–∞–Ω–∏—è –ò–ö–ê–†. –°–æ–º–Ω–∏—Ç–µ–ª—å–Ω–æ–µ –Ω–∞–∑–≤–∞–Ω–∏–µ, –µ—Å–ª–∏ —á–µ—Å—Ç–Ω–æ.
Whysodisgusting|843036338832228352|2017-03-18 09:48:20|https://t.co/hC8CbEakYF
Whysodisgusting|843035536067645440|2017-03-18 09:45:09|–ö–æ–≥–¥–∞ —Ç—ã –≤ –¥—É—à–µ –ª–∞—Ç–∏–Ω–æ—Å @AnnaJurievna https://t.co/ypXcWoKCss
Whysodisgusting|842657883170967556|2017-03-17 08:44:29|RT @Yoghikitt: - –ø—Ä–∏–≤–µ—Ç, —è —Ç–≤–æ–π –∫—É—Ä–∞—Ç–æ—Ä –ø–æ –º—É–∑—ã–∫–µ –î–µ–ª—å—Ñ–∏–Ω–∞. –ü–µ—Ä–≤–æ–µ –∑–∞–¥–∞–Ω–∏–µ: –æ—Ç–∫—Ä–æ–π –º–Ω–µ –¥–≤–µ—Ä—å, –∏ —è –≤–æ–π–¥—É
Whysodisgusting|842657755496415232|2017-03-17 08:43:59|@dolgikhmsu @khalyapov –∫–æ–≥–¥–∞ —ç—Ç–æ –µ–≥–æ –æ—Å—Ç–∞–Ω–∞–≤–ª–∏–≤–∞–ª–æ
Whysodisgusting|842618851187703808|2017-03-17 06:09:23|–û–ø—è—Ç—å –Ω–µ –ø–æ–ª—É—á–∏–ª–æ—Å—å((( https://t.co/VUoiQQf1Xm
Whysodisgusting|842604714181054465|2017-03-17 05:13:13|–ª–µ–≤—ã–µ –º–µ–¥–∏–∞, –∫–æ—Ç–æ—Ä—ã–µ –º—ã –∑–∞—Å–ª—É–∂–∏–ª–∏. https://t.co/M4kIJvcgZP
Whysodisgusting|842392747466211328|2017-03-16 15:10:56|"–ß–µ—Ä—Ç, —Å–æ–≤—Å–µ–º –∑–∞–±—ã–ª, —á—Ç–æ —è —Ç–µ—Ä–ø–µ—Ç—å –Ω–µ –º–æ–≥—É ""–ü–æ–±–µ–¥—É""."
Whysodisgusting|842381803071643648|2017-03-16 14:27:27|@ave_lebowski –¥–æ–≥–º–∞
Whysodisgusting|842381440507609089|2017-03-16 14:26:00|RT @nu_i_huy_s_vami: @whysodisgusting –≤—Ä–∞–Ω—å—ë, –∞—Ä–º—è–Ω–∏–Ω–∞ –Ω–µ —Ä–∞–∑–≥–ª—è–¥–µ–ª–∏, –Ω–µ –≤–µ—Ä—å –∏–º
Whysodisgusting|842371008942211074|2017-03-16 13:44:33|@A_Kapustin –µ–ª –ø–∞—Ä—Ç–∏—é, –Ω–∏—á–µ–≥–æ, –≤–∫—É—Å–Ω–æ. –î—Ä—É–≥–æ–µ –Ω–µ –ø—Ä–æ–±–æ–≤–∞–ª
Whysodisgusting|842366423594860545|2017-03-16 13:26:20|@brupsen deeplineagebot
Whysodisgusting|842356382858936320|2017-03-16 12:46:26|–ù–∞ 89% –∞—Ä–∏–µ—Ü –∏ –Ω–∞ 1% –ª–∞—Ç–∏–Ω–æ—Å, –≤—Å–µ —Ç–∞–∫ https://t.co/vS9xpQYyia
Whysodisgusting|842139349009477633|2017-03-15 22:24:01|@maxmavv –Ω—É –ø–æ–ø–∏–∑–¥–∏ —Ç—É—Ç –µ—â—ë
Whysodisgusting|842095018621992961|2017-03-15 19:27:52|–° –∑–∞–≤—Ç—Ä–∞—à–Ω–µ–≥–æ –¥–Ω—è –≤ –°–∞–º–∞—Ä–µ, –∑–≤–æ–Ω–∏—Ç–µ, –ø–∏—à–∏—Ç–µ, —Ç–µ–ª–µ—Ñ–æ–Ω –∏ –∞–¥—Ä–µ—Å –≤–∫ –∑–Ω–∞–µ—Ç–µ.
Whysodisgusting|842051252464832513|2017-03-15 16:33:57|RT @egor_mq: –∫–æ–≥–¥–∞ –¥–∞–ª –æ—Ç–ø–æ—Ä —Ñ–∏–Ω–∞–Ω—Å–æ–≤—ã–º –º–æ—à–µ–Ω–Ω–∏–∫–∞–º, –Ω–æ —á—Ç–æ-—Ç–æ –ø–æ—à–ª–æ –Ω–µ —Ç–∞–∫ https://t.co/Idm6yMoz2R
Whysodisgusting|841967733327695872|2017-03-15 11:02:05|@elunichkin @annoyingmorda —ç—Ç–æ —Ç–µ–∫—Å—Ç –ø–µ—Å–µ–Ω–∫–∏
Whysodisgusting|841961806365089795|2017-03-15 10:38:32|–ò –£–ñ–ï –ò –ì–û–î–û–í–©–ò–ù–ê –°–ö–û–†–û
Whysodisgusting|841961694054227968|2017-03-15 10:38:05|–Ω–µ –≤–∏–∂—É –≤ —ç—Ç–æ–º –Ω–∏—á–µ–≥–æ –ø–ª–æ—Ö–æ–≥–æ, —Å—Ç—Ä–∞–Ω–Ω–æ –∫–∞–∫-—Ç–æ. –æ–±—â–∞–ª—Å—è —Å –æ–¥–Ω–æ–π –¥–µ–≤–æ—á–∫–æ–π –≤ —à–∫–æ–ª–µ, –ø–µ—Ä–µ—Å—Ç–∞–ª–∏ –æ–±—â–∞—Ç—å—Å—è –≤ —É–Ω–∏–≤–µ—Ä–µ, –∞ —Ç—É—Ç —Ä–∞–∑ - –∏ –æ–Ω–∞ –∑–∞–º—É–∂–µ–º
Whysodisgusting|841961393981145090|2017-03-15 10:36:53|@Yoghikitt –≤—Å–ø–æ–º–Ω–∏–ª, –ø—Ä–æ—Å–ª–µ–∑–∏–ª—Å—è
Whysodisgusting|841960565060829184|2017-03-15 10:33:36|–≥–æ—Å–ø–æ–¥–∏ –±–æ–∂–µ –º–æ–π —á—Ç–æ –ø—Ä–æ–∏—Å—Ö–æ–¥–∏—Ç –ø–æ—á–µ–º—É —è –≤—Å–µ —á–∞—â–µ –Ω–∞—Ç—ã–∫–∞—é—Å—å –Ω–∞ —Å–≤–æ–∏—Ö –ó–ê–ú–£–ñ–ù–ò–• –æ–¥–Ω–æ–∫–ª–∞—Å—Å–Ω–∏—Ü
Whysodisgusting|841931567828242432|2017-03-15 08:38:22|RT @athene_n0ctua: #–°–ø–ª–∏—Ç #SplitMovie https://t.co/neSQjxlxd4
Whysodisgusting|841924937019473920|2017-03-15 08:12:01|RT @YeltsinOcelot: –¢—Ä–æ–≥–∞—Ç–µ–ª—å–Ω–æ–µ —Ñ–æ—Ç–æ - –º—É–∂—á–∏–Ω–∞, –≤—ã—Ä–∞—â–µ–Ω–Ω—ã–π –±–∞–Ω–∫–æ–º–∞—Ç–æ–º-–æ–¥–∏–Ω–æ—á–∫–æ–π, –ø–æ–º–æ–≥–∞–µ—Ç —Å—Ç–∞—Ä–æ–º—É –æ—Ç—Ü—É –∫—É—à–∞—Ç—å https://t.co/zdVYOgs7oK
Whysodisgusting|841631494493884416|2017-03-14 12:45:59|RT @pingvin786: –ü–æ-–º–æ–µ–º—É —ç—Ç–æ —Å–º–µ—à–Ω–æ https://t.co/GkJubwz0yo
Whysodisgusting|841631454530531329|2017-03-14 12:45:50|@pingvin786 —Å–µ–π—á–∞—Å –±—ã —Å–ª—É—à–∞—Ç—å swans –≤ 2–∫17
Whysodisgusting|841414811380510721|2017-03-13 22:24:58|–ü—Ä–∏–¥—É–º–∞–ª –≤ —Å–º—ã—Å–ª–µ.
Whysodisgusting|841414589757685760|2017-03-13 22:24:05|–í–º–µ—Å—Ç–µ —Å @_yuuuliana_ !
Whysodisgusting|841414512825761792|2017-03-13 22:23:47|"–ü—Ä–∏–¥—É–º–∞–ª —Å–ª–æ–≤–æ ""–µ–±–æ–Ω—å–∫–∞—Ç—å—Å—è""."
Whysodisgusting|841412468505235457|2017-03-13 22:15:39|–ù–æ –∏–Ω—Ç–µ—Ä–µ—Å–Ω–æ, –∫–æ–Ω–µ—á–Ω–æ.
Whysodisgusting|841412405045428226|2017-03-13 22:15:24|–ü—Ä–æ—á–∏—Ç–∞–ª –ê–∑–∞—Ä–∞ –∏ —á—É—Ç—å –Ω–µ —É–º–µ—Ä, –Ω—É –Ω–µ–ª—å–∑—è —Ç–∞–∫–∏–µ –¥–ª–∏–Ω–Ω—ã–µ —Ç–µ–∫—Å—Ç—ã –ø–∏—Å–∞—Ç—å.
Whysodisgusting|841363336369434625|2017-03-13 19:00:25|–°—á–∏—Ç–∞—é, —á—Ç–æ –ø—Ä–æ–∂–µ–∫—Ç–æ—Ä–ø–µ—Ä–∏—Å—Ö–∏–ª—Ç–æ–Ω —Å–º–æ–≥—É—Ç —Ä–µ–∞–±–∏–ª–∏—Ç–∏—Ä–æ–≤–∞—Ç—å—Å—è, –µ—Å–ª–∏ –æ–Ω–∏ –ø–æ–∑–æ–≤—É—Ç @ErnestMakarenko –∏ –±—É–¥—É—Ç –µ–º—É –∏–≥—Ä–∞—Ç—å –∞–º–µ—Ä–∏–∫–∞–Ω –±–æ–π.
Whysodisgusting|841296463233703937|2017-03-13 14:34:42|RT @mich261213: –°–µ—Ä–∞—è –≤–ª–∞—Å—Ç—å - —Å–µ—Ä–∞—è –∂–∏–∑–Ω—å. –ê –∂–∞–ª—å, –°–∞–º–∞—Ä–∞ - –ø—Ä–µ–∫—Ä–∞—Å–Ω–æ–µ –º–µ—Å—Ç–æ –≤ –†–æ—Å—Å–∏–∏. –ü–æ—Ö–æ–∂–µ –ª—é–¥—è–º –Ω–∞–¥–æ–µ–ª–æ.  https://t.co/XnHfj3BMi5
Whysodisgusting|841281674486939652|2017-03-13 13:35:56|–ú–æ–∂–µ—Ç –Ω–∞—É—á—Ä—É–∫–∞ –≤ —Å–ø–∞–º –∫–∏–Ω—É—Ç—å? ü§î
Whysodisgusting|840967841339834372|2017-03-12 16:48:52|RT @A_Kapustin: –û—Å—Ç–∞–Ω–æ–≤–∏—Ç–µ –º–æ–π –æ—Ä https://t.co/WkMnTqWHrg
Whysodisgusting|840938670806953984|2017-03-12 14:52:57|–ö–æ–≥–¥–∞ —è –±—É–¥—É –±–æ–≥–∞—Ç—ã–º –∏ —É –º–µ–Ω—è –ø–æ—è–≤–∏—Ç—Å—è —Å–≤–æ–π –±–∞–Ω–∫, —è –Ω–∞–∑–æ–≤—É –µ–≥–æ gang bank.
Whysodisgusting|840877592504877056|2017-03-12 10:50:15|RT @romandos: –†–†–†–†–ê–£–ù–î! https://t.co/oFt0akpusO
Whysodisgusting|840489236671414273|2017-03-11 09:07:04|@davnch –∂–∏–∑–∞, –Ω–∏–∫–æ–≥–æ –±–∞–Ω—Ö–∞–º–º–µ—Ä–æ–º –Ω–µ —â–∞–¥–∏—Ç(
Whysodisgusting|840483366147350532|2017-03-11 08:43:44|@AnatastasiaF —Ö–∞–≤–∞–π –ø—Ä–æ—Ç–µ–∏–Ω—á–∏–∫, –ª–æ–ª, –Ω—É –∞ –≤–æ–æ–±—â–µ, –º—è—Å–æ –Ω–∞–¥–æ –∫–∞–∂–¥—ã–π –¥–µ–Ω—å –µ—Å—Ç—å
Whysodisgusting|840163984380690432|2017-03-10 11:34:38|–ê –Ω–∏—á–µ–≥–æ –∏ –Ω–µ –ø–æ–º–µ–Ω—è–ª–æ—Å—å. https://t.co/NXQe1N7RHS
Whysodisgusting|839869953557811200|2017-03-09 16:06:15|–ü—Ä–∏—à–ª–∏ –≤–æ—Ç https://t.co/S179qWZXpJ
Whysodisgusting|839836974001307648|2017-03-09 13:55:12|RT @Nickro666: –ë–ª—è https://t.co/sms6lrGxYE
Whysodisgusting|839571256215228417|2017-03-08 20:19:20|@varlamov –∫–æ–Ω–µ—á–Ω–æ, –Ω–µ—Ç, —ç—Ç–æ –∂–µ —Ä–∞–≤–Ω–æ–ø—Ä–∞–≤–∏–µ.
Whysodisgusting|839562457433653248|2017-03-08 19:44:22|–ü—Ä–æ–æ—Ä–∞–ª —Å —Å–æ—á–µ—Ç–∞–Ω–∏—è. https://t.co/GCfmRpzMiq
Whysodisgusting|839226581012918272|2017-03-07 21:29:43|RT @RealHughJackman: Hi. @WolverineMovie @20thcenturyfox https://t.co/dr95Zx1Nmg
Whysodisgusting|839126446606061570|2017-03-07 14:51:49|@hello_no_more –Ω—É —è –≤–∏–¥–µ–ª —É–ø–æ–º–∏–Ω–∞–Ω–∏—è, –Ω–æ —à–ª—è–ø–∞ –∫–∞–∫–∞—è-—Ç–æ, –∫–º–∫
Whysodisgusting|839122188070432768|2017-03-07 14:34:54|@hello_no_more —è –≤—Å–µ –µ—â—ë –Ω–µ –∑–Ω–∞—é, –∫—Ç–æ —ç—Ç–æ :(
Whysodisgusting|839115011515625472|2017-03-07 14:06:23|–¶–µ –∑—Ä–∞–¥–∞ https://t.co/wddBz3bnfj
Whysodisgusting|839096591399145472|2017-03-07 12:53:11|–ï—Å–ª–∏ –Ω–∞—Ä–∫–æ—Ç–∏–∫–∏ –≤–æ—Å—Å–æ–µ–¥–∏–Ω—è—Ç—Å—è, –ø—Ä–∏–¥—ë—Ç—Å—è –ø–æ–π—Ç–∏ –Ω–∞ –±–æ–ª—å :(
Whysodisgusting|839095655155003393|2017-03-07 12:49:28|–û—Ö—Ä–µ–Ω–µ—Ç—å! https://t.co/5XX3qArjmv
Whysodisgusting|838761481462247426|2017-03-06 14:41:35|RT @CatotDay: Fell for it. https://t.co/Kfuf95veSx
Whysodisgusting|838680744260165633|2017-03-06 09:20:46|@pingvin786 –∞ —Ç—ã —Å–º–µ—à–Ω–æ–π!
Whysodisgusting|838666139244900353|2017-03-06 08:22:43|–≠—Ö, —Å–µ–π—á–∞—Å –±—ã –∑–∞ –∫–æ–ø—å—ë —Ä–∞–±–æ—Ç–∞—Ç—å.
Whysodisgusting|838632931178475520|2017-03-06 06:10:46|@ZeFactor –∫—É–¥–∞ –¥–µ–Ω—å–≥–∏ —Å–∫–∏–¥—ã–≤–∞—Ç—å?
Whysodisgusting|838632370060279808|2017-03-06 06:08:32|@YeltsinOcelot –∫–ª—é–∫–≤–µ–Ω–Ω—ã–º –º–æ—Ä—Å–æ–º
Whysodisgusting|838631893578964992|2017-03-06 06:06:39|@maxmavv @AnatastasiaF –≤–æ—Ç —Ç–∞–∫ https://t.co/63VAK2qMN2
Whysodisgusting|838631184183721984|2017-03-06 06:03:49|@YeltsinOcelot –±—é—Å—Ç –º–∏—Ä–æ—Ç–æ—á–∏—Ç?
Whysodisgusting|838465336789827585|2017-03-05 19:04:48|–ü–æ–µ—Ö–∞–ª–∏ –µ—Å—Ç—å —á–µ–±—É—Ä–µ–∫–∏, –∫—É–ø–∏–ª–∏ –Ω–æ–∂, –∞—Ä–æ–º–∞—Ç–∏—á–µ—Å–∫–∏–µ –ø–∞–ª–æ—á–∫–∏, –∫–æ–Ω—Ç–µ–π–Ω–µ—Ä—ã, —Å–æ—É—Å —à—Ä–∏—Ä–∞—á–∞ –∏ –∫–æ–∫–æ—Å–æ–≤—É—é –≤–æ–¥—É.
Whysodisgusting|838415438589607936|2017-03-05 15:46:32|"–ù–ê –ú–û–î–ï–õ–ò:
–î–∂–∏–Ω—Å—ã –¢–Ø–ù–ò –ú–ï–î–í–ï–î–¨ (1990 —Ä)
–ü–∞–ª—å—Ç–æ –Ω–µ –ø–æ–º–Ω—é –∫–∞–∫–æ–µ (~5000 —Ä)
–°–≤–∏—Ç–µ—Ä –£–ù–ò–ö–õ–û (2990 —Ä)
–ü–µ—Ä—á–∞—Ç–∫–∏ –∫–æ–∂–∞–Ω—ã–µ, —Å–ø‚Ä¶ https://t.co/ZIzHJGsQEj"
Whysodisgusting|838407474407485440|2017-03-05 15:14:53|@DariaKolodzey —Å–ø–∞—Å–∏–±–æ, –∏–Ω—Ç–µ—Ä–µ—Å–Ω–æ, –ø–æ—Å–º–æ—Ç—Ä—é
Whysodisgusting|838386180890710016|2017-03-05 13:50:16|–ù—É —è –∏ –≥–æ–≤–Ω–æ–µ–¥, –Ω–µ —É–≥–∞–¥–∞–ª —Ç–æ–ª—å–∫–æ –∫–∞–∫–æ–≥–æ —Ç–æ —Ö–∞—Å–∫–∏, –Ω—É –∏ —Å –∫—Ä–æ–≤–æ—Å—Ç–æ–∫–∞ —É–≥–∞—Ä–Ω—É–ª.
Whysodisgusting|838385952179519488|2017-03-05 13:49:22|–ó–Ω–∞—é —Ä—ç–ø –Ω–∞ 8 –∏–∑ 9 https://t.co/yvn6vkj62A —á–µ—Ä–µ–∑ @meduzaproject
Whysodisgusting|838362887571677185|2017-03-05 12:17:43|@brupsen –Ω—É –µ—Å–ª–∏ –ú–æ—Å–∫–≤–∞ –∏–Ω—Ç–µ—Ä–µ—Å—É–µ—Ç, —Ç–æ —Å–∫–∞–∂—É
Whysodisgusting|838362779161620480|2017-03-05 12:17:17|@CatPhysics –Ω—É –ø—Ä–æ—Å—Ç–æ —Å–µ–≥–æ–¥–Ω—è-–∑–∞–≤—Ç—Ä–∞ —É–∂–µ –±—É–¥—É—Ç –æ–≥—Ä–æ–º–Ω—ã–µ –±–∞—É–ª—ã —Å –æ–¥–µ–∂–¥–æ–π, —Ö–æ—Ç–µ–ª–æ—Å—å –±—ã –∏—Ö –Ω–∞ –Ω–µ–¥–µ–ª–µ —É–∂–µ –æ—Ç–¥–∞—Ç—å) –Ω–æ –ª–∞–¥–Ω–æ, —Å–ø—Ä–æ—à—É, —Å–ø–∞—Å–∏–±–æ
Whysodisgusting|838362311781986306|2017-03-05 12:15:25|–ù—É —Ç–∞–º –¥–µ—Ç—Å–∫–∏–µ –¥–æ–º–∞, –ø—Ä–∏—é—Ç—ã, –≤–æ—Ç —ç—Ç–æ –≤–æ—Ç –≤—Å–µ.
Whysodisgusting|838362238637461505|2017-03-05 12:15:08|–¢–≤–∏—Ç–æ—Ä, —è —Ç—É—Ç —Ä–µ—à–∏–ª –ø—Ä–æ–≤–µ—Å—Ç–∏ —Ä–µ–≤–∏–∑–∏—é —Å–≤–æ–µ–≥–æ —à–∫–∞—Ñ–∞ –∏ —É–±—Ä–∞—Ç—å –∫—É—á—É –≤–µ—â–µ–π, –∫–æ—Ç–æ—Ä—ã–µ —É–∂–µ –Ω–µ –Ω–æ—à—É. –ú–æ–∂–µ—Ç –≤—ã –∑–Ω–∞–µ—Ç–µ, –∫—É–¥–∞ –º–æ–∂–Ω–æ –æ—Ç–¥–∞–≤–∞—Ç—å –æ–¥–µ–∂–¥—É?
Whysodisgusting|838353413750546432|2017-03-05 11:40:04|–õ—É—á—à–µ–µ —Å–≤–∏–¥–∞–Ω–∏–µ!
Whysodisgusting|838353347358912513|2017-03-05 11:39:48|https://t.co/g0cYkXzYYj
Whysodisgusting|838345721380241408|2017-03-05 11:09:30|@maxmavv @oldLentach –Ω–æ –≤–µ–¥—å –°—Ç–∞–ª–∏–Ω - –∫—Ä–æ–≤–æ–∂–∞–¥–Ω—ã–π —É–ø—ã—Ä—å –∏ —É—Å–∞—Ç–æ–µ —Ö—É–π–ª–æ, —Ç–∞–∫ —á—Ç–æ –≤—Å–µ –Ω–æ—Ä–º–∞–ª—å–Ω–æ.
Whysodisgusting|838345379506683904|2017-03-05 11:08:08|–ò —Å–ª–∞–≤–∞ –±–æ–≥—É https://t.co/NPSf0A1Mj1
Whysodisgusting|838204087359389697|2017-03-05 01:46:42|@smoogg @A_Kapustin –∏ —Å–º–µ—à–Ω–æ, –∏ –≥—Ä—É—Å—Ç–Ω–æ
Whysodisgusting|838196450978893826|2017-03-05 01:16:21|"RT @smoogg: 17 –ª–µ—Ç: –Ω–æ—á–Ω—ã–µ –≥—Ä—É–∑—á–∏–∫–∏ —Ç–∞–∫–∏–µ –∫–ª–∞—Å—Å–Ω—ã–µ –∏ —É–º–Ω—ã–µ, –±–ª–∞–≥–æ–¥–∞—Ä—è –∏–º —è —Å–¥–µ–ª–∞—é –≤—Å—ë –ø—Ä–∞–≤–∏–ª—å–Ω–æ

25 –ª–µ—Ç: –±–ª—è–¥—å"
Whysodisgusting|838183693378334720|2017-03-05 00:25:39|–ó–∞ –æ–∫–Ω–æ–º –ø—Ä–æ–∑–≤—É—á–∞–ª–∏ –≤—ã—Å—Ç—Ä–µ–ª—ã –∏–∑ —Ç—Ä–∞–≤–º–∞—Ç–∞ (–Ω–∞–¥–µ—é—Å—å, —á—Ç–æ –∏–∑ –Ω–µ–≥–æ), —Ö–æ—Ä–æ—à–æ –∂–∏—Ç—å –Ω–∞–ø—Ä–æ—Ç–∏–≤ –∫–ª—É–±–∞ –¥–ª—è –¥–æ–ª–≥–æ–ø–Ω–∏–∫–æ–≤.
Whysodisgusting|838110880021753857|2017-03-04 19:36:19|@pingvin786 —á–µ–∫–Ω–∏ —Ä–æ–∫–µ—Ç
Whysodisgusting|838110842629591041|2017-03-04 19:36:10|@pingvin786 —Ç—ã —á–µ, —è –≤–µ—Ä–Ω—É–ª
Whysodisgusting|838101566292914177|2017-03-04 18:59:19|–í–æ—Ç —Ç—É—Ç —Ö–æ—Ä–æ—à–æ –Ω–∞–ø–∏—Å–∞–Ω–æ: https://t.co/iEmi73amYb
Whysodisgusting|838100181786710016|2017-03-04 18:53:49|–ï–µ–µ–µ–µ, –£–æ—Ç–µ—Ä–≥–µ–π—Ç 2.0 https://t.co/bLKeD2ZDhX
Whysodisgusting|838095417606881281|2017-03-04 18:34:53|"–†—É–±—Ä–∏–∫–∞ ""–°–æ–º–Ω–∏—Ç–µ–ª—å–Ω—ã–µ –¥–æ—Å—Ç–∏–∂–µ–Ω–∏—è"". https://t.co/e1wzmpG2lh"
Whysodisgusting|837783939167178756|2017-03-03 21:57:11|"RT @traktor_bang: ‚Äî –Ø —à–µ—Ä—Å—Ç—è–Ω–æ–π –≤–æ–ª—á–∞—Ä–∞, –±–æ–∂–µ, –∫–∞–∫ —è —Ö–æ—Ä–æ—à, –∫–∞–∫ –º–æ—â–Ω—ã –º–æ–∏ –∫–æ–≥—Ç–∏—â–∏. 
‚Äî –õ–æ–≥–∞–Ω, —Ä—É–ª–∏ –¥–∞–≤–∞–π, –∑–∞–µ–±–∞–ª"
Whysodisgusting|837775165375250433|2017-03-03 21:22:19|–õ–æ–≥–∞–Ω - —ç—Ç–æ –ø—Ä—è–º –∫—Ä—É—Ç–æ
Whysodisgusting|837655433070407684|2017-03-03 13:26:32|@khalyapov —Ç–∞–∫ –Ω–∞–∑–Ω–∞—á–∏–ª–∏ –∂–µ
Whysodisgusting|837635466119819264|2017-03-03 12:07:12|@Eternal_Beam –Ω—É —Å–ª—É—à–∞–π, –æ–¥–∏–Ω —Ä–∞–∑ - –¥–∞, –¥–≤–∞ - —Ç–æ–∂–µ, —Ç—Ä–∏ - –æ–∫, –Ω–æ –í–°–ï —Å–ª—É—á–∞–∏ - —ç—Ç–æ —É–∂–µ –Ω–µ —Å–ª—É—á–∞–π–Ω–æ—Å—Ç—å)
Whysodisgusting|837633813484298240|2017-03-03 12:00:38|RT @YeltsinOcelot: https://t.co/NnD5Z2mxbg
Whysodisgusting|837633617866129408|2017-03-03 11:59:51|–ß—Ç–æ —Å–ª–æ–∂–Ω–æ–≥–æ, —è –Ω–µ –ø–æ–Ω–∏–º–∞—é, –≤ —Ç–æ–º, —á—Ç–æ–±—ã –ø–æ–ª—É—á–∏—Ç—å —Ñ–∏–¥–±—ç–∫ —Ä—É–∫–æ–≤–æ–¥–∏—Ç–µ–ª—è –∏ –Ω–∞–∑–Ω–∞—á–∏—Ç—å –≤—Ç–æ—Ä–æ–µ —Å–æ–±–µ—Å–µ–¥–æ–≤–∞–Ω–∏–µ.
Whysodisgusting|837633424601018370|2017-03-03 11:59:05|–ì–æ—Å–ø–æ–¥–∏, –Ω—É –Ω–µ—É–∂–µ–ª–∏ –≤—Å–µ —ç–π—á–∞—Ä—ã —Ç–æ—Ä–º–æ–∑–∞? –ï—â–µ –Ω–µ –≤–∏–¥–µ–ª –Ω–∏ –æ–¥–Ω–æ–≥–æ, –∫–æ—Ç–æ—Ä–æ–≥–æ –Ω–µ –ø—Ä–∏—Ö–æ–¥–∏–ª–æ—Å—å –±—ã –ø–∏–Ω–∞—Ç—å.
Whysodisgusting|837408828375326723|2017-03-02 21:06:37|–ú–µ—Ç–æ–¥–∏—á–∫–∞ —Ö–æ—Ä–æ—à–∞. https://t.co/5eUsZSTfi8
Whysodisgusting|837307917099548673|2017-03-02 14:25:38|RT @AliceAlmazova: –¢–æ—Ä–∂–µ—Å—Ç–≤–µ–Ω–Ω–æ –ø–µ—Ä–µ–¥–∞—é –≤ –¥–∞—Ä –¥–ª—è @tihiiroo —ç—Ç–æ—Ç —à–µ–¥–µ–≤—Ä, –∫–æ—Ç–æ—Ä—ã–π –Ω–∞—Å—Ç–∏–≥ –º–µ–Ω—è —Å–µ–≥–æ–¥–Ω—è —Å —É—Ç—Ä–∞ –≤ —Ä–∞–∑–≥–∞—Ä —Ä–∞–±–æ—Ç—ã.–ú–∞–¥–∞–º –¥–∞–∂–µ –Ω–µ –ø‚Ä¶
Whysodisgusting|837294495494463488|2017-03-02 13:32:18|@romabordunov –≤ –ë—É–¥–∞–ø–µ—à—Ç —Å–º–æ—Ç–∞–π—Å—è, —Ç–∞–º –∫—Ä–∞—Å–∏–≤–æ, –≤–∫—É—Å–Ω–æ –∏ –¥–µ—à–µ–≤–æ.
Whysodisgusting|837294365143928832|2017-03-02 13:31:47|–ù–¥–∞. https://t.co/XNlQEeRTTC
Whysodisgusting|837017329728950272|2017-03-01 19:10:57|–ê–∞–∞–∞–∞–∞–∞–∞–∞ https://t.co/gLvEHF7q8L
Whysodisgusting|836942737589035008|2017-03-01 14:14:32|RT @OraclePigFuntik: –ü–û–°–û–ù–´! –ó–†–Ø –ú–´ –ù–ê –ô–û–ì–£ –ù–ï –•–û–î–ò–ú https://t.co/6VwWXqEn9s
Whysodisgusting|836941882697662464|2017-03-01 14:11:09|–ö–∞–∫–∞—è –∂–µ—Å—Ç—å, –∫–æ–Ω–µ—á–Ω–æ. https://t.co/YpPDUT8OKV
Whysodisgusting|836798300196057089|2017-03-01 04:40:36|–ì–≥–≥ https://t.co/Z7rvPCKqyV
Whysodisgusting|836797542826401793|2017-03-01 04:37:35|–ó–∞–º—å—é—Ç–∏–ª —ç–±—Ä–æ–¥ –∞–Ω–¥–µ—Ä—Ö—É–¥ –Ω–∞ –≤—Ä–µ–º—è, –∫–∞–∫–∞—è-—Ç–æ —Å–æ–≤—Å–µ–º –∞—Ö–∏–Ω–µ—è —Ç–∞–º –Ω–∞ —ç—Ç–æ–π –Ω–µ–¥–µ–ª–µ.
Whysodisgusting|836576206011125761|2017-02-28 13:58:05|–ê –∫—Å—Ç–∞—Ç–∏ –Ω–æ—Ä–º, –Ω–∞ —Å–∞–º–æ–º –¥–µ–ª–µ
Whysodisgusting|836246166505304064|2017-02-27 16:06:37|@DooDoolive –∏ –∫–∞–∫ –ø–æ –º–Ω–µ, —ç—Ç–æ –Ω–µ–ø—Ä–∞–≤–∏–ª—å–Ω–æ. –Ω–µ –ø—Ä–∏–¥—É–º–∞–ª–∏ –µ—â–µ –ª—É—á—à–µ–π –º–æ—Ç–∏–≤–∞—Ü–∏–∏, —á–µ–º –∑–∞—Ä–ø–ª–∞—Ç–∞.
Whysodisgusting|836245712530616320|2017-02-27 16:04:49|@DooDoolive –Ω—É –Ω–∞–ø—Ä–∏–º–µ—Ä –∫–∞–∫ —è —á–∏—Ç–∞–ª, —á—Ç–æ –≤ —Ç–æ–º –∂–µ –Ø–Ω–¥–µ–∫—Å–µ –æ–Ω–∏ –¥–∞–∂–µ –ø—Ä–∏–∑–Ω–∞—é—Ç—Å—è, —á—Ç–æ –∑–ø —É –Ω–∏—Ö –Ω–∏–∂–µ —Ä—ã–Ω–æ—á–Ω–æ–π, –Ω–æ –ü –õ –Æ –® –ö –ò
Whysodisgusting|836245041345519616|2017-02-27 16:02:09|–ê –≤—ã?
Whysodisgusting|836244872390651908|2017-02-27 16:01:28|–ù–æ –∫–∞–∫ –ø–æ –º–Ω–µ, —è –≥–æ—Ç–æ–≤ –æ—Ç–∫–∞–∑–∞—Ç—å—Å—è –æ—Ç –≤—Å—è–∫–∏—Ö –ø–ª—é—à–µ–∫ –≤—Ä–æ–¥–µ –±–µ—Å–ø–ª–∞—Ç–Ω–æ–≥–æ –æ–±–µ–¥–∞, —Ç—Ä–µ–Ω–∞–∂–µ—Ä–Ω–æ–≥–æ –∑–∞–ª–∞ –∏ –ø—Ä–æ—á–∏—Ö –∏–∑–ª–∏—à–µ—Å—Ç–≤, –µ—Å–ª–∏ –±—ã –∑/–ø –±—ã–ª–∞ –≤—ã—à–µ.
Whysodisgusting|836244573781254145|2017-02-27 16:00:17|"–ò –Ω–∞—à–µ–ª –¥–æ–≤–æ–ª—å–Ω–æ –∑–∞–±–∞–≤–Ω—ã–º —Ç–æ, —á—Ç–æ —Ä–æ–≤–Ω–æ —Ç–∞–∫—É—é –∂–µ ""–∑–æ–ª–æ—Ç—É—é –∫–ª–µ—Ç–∫—É"" –æ–Ω–∏ –≤—ã—Å—Ç—Ä–∞–∏–≤–∞—é—Ç —É —Å–µ–±—è. –ù—É —Ö–æ—Ç—è –±—ã –≤—Ä–æ–¥–µ —Ö–æ—Ä–æ—à–æ –ø–ª–∞—Ç—è—Ç."
