ForbesRussia|866905942654201858|2017-05-23 06:37:37|Супермаркет приложений: как онлайн-сервисы превратились в «набор всего» и чего ждать дальше?… https://t.co/UuY5IgXLVW
ForbesRussia|866901793833340928|2017-05-23 06:21:08|"Встреча картеля: серьезно повлиять на нефтяные цены у ОПЕК не получится

https://t.co/FUfXK6VaKC https://t.co/8MbtVVcYXO"
ForbesRussia|866897231059632128|2017-05-23 06:03:00|"Теракт в Манчестере: взрыв на стадионе унес жизни 19 человек 

https://t.co/iKhFguc42B https://t.co/t2AtLlxaWo"
ForbesRussia|866886523999854593|2017-05-23 05:20:27|"Девять тезисов о будущем медиа

https://t.co/k33L1wEW0v https://t.co/iQ07pzL84h"
ForbesRussia|866881882369146880|2017-05-23 05:02:01|"Война за таланты: почему сейчас еще не время увольняться

https://t.co/r6PYHsRO5h https://t.co/5HbCFZ7jE7"
ForbesRussia|866878120342593536|2017-05-23 04:47:04|"Слышать заказчика: чему учит тяжба «Аэрофлота» с «Гражданскими самолетами Сухого»

https://t.co/xC7DDg6b3f https://t.co/ZnbmhNlime"
ForbesRussia|866872986611048451|2017-05-23 04:26:40|Стратегия пенсионных накоплений. Пошаговая инструкция подготовки личной «подушки безопасности»… https://t.co/mp0WqjZJ3s
ForbesRussia|866685227992731648|2017-05-22 16:00:35|Первая причина – это ты. Почему случился WannaCry, и что нас спасет от компьютерных эпидемий в будущем?… https://t.co/kLsYaU6MgO
ForbesRussia|866679159111548929|2017-05-22 15:36:28|"Экс-супруга Потанина подала иск к миллиардеру еще на 850 млрд рублей

https://t.co/D9YzhHRfxH #Миллиардеры https://t.co/re0lrxrhfF"
ForbesRussia|866674511898329088|2017-05-22 15:18:00|"За три года доходы семьи Кадырова выросли в четыре раза. До 33 млн рублей

https://t.co/M899VRPMiW https://t.co/98QbHSGwlE"
ForbesRussia|866661735280787457|2017-05-22 14:27:14|"Знать в лицо: кто ходит на курсы ораторского мастерства 

https://t.co/ZqCewMrMGL https://t.co/xhK3TT5Iro"
ForbesRussia|866644372498010112|2017-05-22 13:18:14|"Крепкий рубль, ОПЕК и рост экономики: позитивный взгляд Максима Орешкина

https://t.co/wTawxAWXF1 https://t.co/9wSgU4eCXs"
ForbesRussia|866633981550223361|2017-05-22 12:36:57|"Американская угроза: производители газа из США устремились на рынки «Газпрома»

https://t.co/QicQ6j5x7H https://t.co/K6RcV0JsZn"
ForbesRussia|866627590869499904|2017-05-22 12:11:33|"Еще одни «народные» облигации: в чем плюсы и минусы ипотечных бумаг для населения?

https://t.co/HMcqRc2qN1 https://t.co/ocCwn2TGVM"
ForbesRussia|866622955677036544|2017-05-22 11:53:08|"Я начинаю бизнес: как не разбить лоб об иллюзии

https://t.co/FmrErW4oGH https://t.co/ioo9llCPjP"
ForbesRussia|866618498948112384|2017-05-22 11:35:25|"Уязвленные сети: пока WannaCry не грянет, мужик не перекрестится

https://t.co/4MnNNm3Vcy https://t.co/LkJdpH6LEB"
ForbesRussia|866614487079567360|2017-05-22 11:19:29|"Mail.Ru Group запустила конкурента облачной платформы Amazon

https://t.co/8r2eZMisCz https://t.co/UFH0lgKWLZ"
ForbesRussia|866609960754356224|2017-05-22 11:01:30|"«Словно алхимики»: Кудрин назвал пять опасных мифов о росте ВВП

https://t.co/ETgDz47A0p https://t.co/hrwsSHn0dg"
ForbesRussia|866602208070033408|2017-05-22 10:30:41|"Мы продлили конкурс до 31 мая! 
Вы еще успеете поучаствовать и выиграть Forbes Life с вашей фотографией на обложке.… https://t.co/1EAOKq2F25"
ForbesRussia|866596583084761089|2017-05-22 10:08:20|"Состояние Руперта Мердока сократилось на $1,6 млрд из-за скандала вокруг Fox News

https://t.co/OCzAAkn0n1 https://t.co/Vq2EYeuTn2"
ForbesRussia|866592275505192960|2017-05-22 09:51:13|"Заплыв на 200 метров. Как россияне стали законодателями мод на рынке больших яхт

https://t.co/VMtDW5BUCK https://t.co/0cFXGkcbuj"
ForbesRussia|866588789812023296|2017-05-22 09:37:22|"Канны-2017: как они прыгали через ограждения

https://t.co/fAlfxLtiIC #ForbesLife https://t.co/w0oonv8sz7"
ForbesRussia|866583637864488961|2017-05-22 09:16:54|"Добровольно-принудительно: какой импульс могут дать госпрограммы рынку ДНК-тестов?

https://t.co/IK8sIXyXW1 https://t.co/swUakQhrMg"
ForbesRussia|866579756099043328|2017-05-22 09:01:28|"Волатильность валютного курса полезна для экономики

https://t.co/G2XbVccary https://t.co/HofZ2dshok"
ForbesRussia|866575392546578432|2017-05-22 08:44:08|"НДС в законе: почему это самый любимый налог российских преступников

https://t.co/Hjn8cdhHUE #Компании https://t.co/jbWA7aLNzl"
ForbesRussia|866570968709201921|2017-05-22 08:26:33|"Зерновой конфликт: как Россия борется с Турцией и Египтом  

https://t.co/7kGQPRnxtd #Компании https://t.co/wSIb7iLshR"
ForbesRussia|866566157599363072|2017-05-22 08:07:26|"Forbes и «Амедиатека» представляют: «Лжец, великий и ужасный»

https://t.co/R2jfsJGBrP #Миллиардеры https://t.co/me7pnLxCUk"
ForbesRussia|866561944995504128|2017-05-22 07:50:42|"Утрата доверия: исполнительный директор Ford будет уволен

https://t.co/5lDT4gpmyD https://t.co/wowdCC71st"
ForbesRussia|866557548140167168|2017-05-22 07:33:13|"Стимуляция продаж: что дает чиновникам и застройщикам реновация жилья 

https://t.co/6vshCtSD6b https://t.co/mZ0HTIyuyk"
ForbesRussia|866552121205727234|2017-05-22 07:11:40|"Спор двух субъектов: как Алишер Усманов меняет общественную дискуссию

https://t.co/vNNqlU5zzT https://t.co/lgkyQL5naV"
ForbesRussia|866548295945961473|2017-05-22 06:56:28|"«Системные» иски «Роснефти»: что с ними не так

https://t.co/A8vebEUhgA https://t.co/Ea7hDobdJN"
ForbesRussia|866536969148309504|2017-05-22 06:11:27|"Больше не обращались: США дважды направляли в Россию запрос о вмешательстве в выборы

https://t.co/A8jLTruY7Y https://t.co/pe6EudQMRf"
ForbesRussia|866528172237508608|2017-05-22 05:36:30|"Рынок на $140 млрд: как развиваются наноматериалы для адресной доставки лекарств

https://t.co/8Vx7vmb0tR https://t.co/B0vgae1FqT"
ForbesRussia|866523963593113600|2017-05-22 05:19:46|"Какие модели монетизации дает искусственный интеллект и машинное обучение автоиндустрии?

https://t.co/y8ZTxtUmKZ https://t.co/JyP7TAYdZT"
ForbesRussia|866519406859304960|2017-05-22 05:01:40|"Воронеж или Екатеринбург? Где больше заработки, если вы выбрали жизнь за пределами Москвы

https://t.co/mcgcOXdJqL https://t.co/yGSVJETbAk"
ForbesRussia|866514942337236993|2017-05-22 04:43:55|"Доходное зерно: как сеть кофеен превратилась в компанию с прибылью 59 млн рублей 

https://t.co/8FxqtnzVKi https://t.co/14fcjc8NDj"
ForbesRussia|866508189499404288|2017-05-22 04:17:05|"Эра низких ставок: где найти привлекательную доходность?

https://t.co/bxkfU1pqag https://t.co/m4V34U2szt"
ForbesRussia|866319177820160002|2017-05-21 15:46:02|Что бы миллиардер сказал себе 40 лет назад и чему он научился у своей жены и у Уоррена Баффета:… https://t.co/EVywrI8EXL
ForbesRussia|866293411191562240|2017-05-21 14:03:38|"Собянин и Лужков: чем отличаются программы реновации двух московских мэров

https://t.co/PPuCIPukr1 https://t.co/z7733rTMFg"
ForbesRussia|866259041995022340|2017-05-21 11:47:04|Партнер компании Bain и мать 3 детей, о том, можно ли достичь карьерных высот и одновременно растить детей.… https://t.co/bkbC73ru1I
ForbesRussia|866225395036594177|2017-05-21 09:33:22|"Избушка, избушка, повернись ко мне передом: перспективы рынка умных домов

https://t.co/k2kRJKu2Jp https://t.co/u2GlsHNveL"
ForbesRussia|866191609406177280|2017-05-21 07:19:07|«Инициатива не наказуема, а хорошо оплачиваема». 10 правил карьеры от топ-менеджера «САН ИнБев».… https://t.co/GFSIJuafsZ
ForbesRussia|866175335049580544|2017-05-21 06:14:27|"Топ-5 майских арт-событий 

https://t.co/WIw6zlVjDL https://t.co/2fGpOEF8WD"
ForbesRussia|866144531485409280|2017-05-21 04:12:03|"Ложные связи: как научиться правильно оценивать причины и следствия

https://t.co/z0mu26blqM Forbes https://t.co/vjKoSfwswi"
ForbesRussia|865956847601074180|2017-05-20 15:46:15|"Книги, которые помогут научиться правильно распределять время и расставлять приоритеты:
https://t.co/PIwwOimmSA https://t.co/0gFeQZ8GU3"
ForbesRussia|865896414043193344|2017-05-20 11:46:07|Что нужно сделать, чтобы не просто жить и работать в другой стране, а построить действительно успешную карьеру:… https://t.co/vD6e02YOvP
ForbesRussia|865829200015511552|2017-05-20 07:19:02|"Король говорит: какие ошибки не стоит допускать, выступая публично:
https://t.co/qW5HLNE6HW https://t.co/gTNZUiQ1G5"
ForbesRussia|865796664371453952|2017-05-20 05:09:45|"Молоды и свободны: самые юные миллиардеры-холостяки рейтинга Forbes

https://t.co/ipfLG87tr9 #Миллиардеры https://t.co/86714xm5bG"
ForbesRussia|865783189385617408|2017-05-20 04:16:12|"Работать бесплатно? Волонтерство как стиль жизни в США. 

https://t.co/smJxzLsJzG Forbes https://t.co/Ud6HQBJucU"
ForbesRussia|865599250544984064|2017-05-19 16:05:18|"Бесценные полотна: миллиардеры помогли Christie’s заключить сделки на $448 млн

https://t.co/93sK6av0Ws #Миллиардеры https://t.co/MGbPSEEyr9"
ForbesRussia|865581269261860864|2017-05-19 14:53:50|"Кардинальный шаг: Киев пообещал конфисковывать уголь Донбасса

https://t.co/5L7R10bJcq https://t.co/ds8U3i0NCM"
ForbesRussia|865576858930233345|2017-05-19 14:36:19|"Школа миллиардера: speed dating с менторами 

https://t.co/tVdDmisQIK https://t.co/eGuCIyu9Na"
ForbesRussia|865572998027157505|2017-05-19 14:20:58|Молодая гвардия: как Дмитрий Рыболовлев сделал «Монако» чемпионом Франции впервые за 17 лет… https://t.co/1kfUsNGbXa
ForbesRussia|865568150758146049|2017-05-19 14:01:43|"Почему будущее финтех-стартапов под вопросом?

https://t.co/2iJw4mnwrx https://t.co/HQLhchkJF5"
ForbesRussia|865565009157292035|2017-05-19 13:49:14|"Динамовский забег: полиция пришла в офис к Борису Минцу

https://t.co/AhvsnheVrW #Компании https://t.co/pi6P9cyURU"
ForbesRussia|865555530940432384|2017-05-19 13:11:34|«На мне пока много не заработаешь, получаю всего €8 000 за выход». Оперная прима Ксения Дудникова о карьере в …… https://t.co/memB1ZFyFg
ForbesRussia|865552494687952896|2017-05-19 12:59:30|"Лекция Фонда Егора Гайдара «Теория игр: как это работает в современном мире» 

https://t.co/1YVZidGcrM https://t.co/DDlNfSE0h2"
ForbesRussia|865548924160925697|2017-05-19 12:45:19|"«Лес рубят, щепки летят»: Андрей Шаронов о реновации в Москве и трущобах Нью-Йорка

https://t.co/49zETrSvWa https://t.co/rU7EtVLIfz"
ForbesRussia|865544162233298949|2017-05-19 12:26:23|"По способностям: почему с подчиненными нельзя быть справедливым

https://t.co/fFNoCeDwaP https://t.co/hppYfKzaQ5"
ForbesRussia|865539136601464835|2017-05-19 12:06:25|"Без голоса: в работе «Мегафона» произошел масштабный сбой

https://t.co/dToy2fbZL2 https://t.co/TqAmMNxnfs"
ForbesRussia|865535025361571843|2017-05-19 11:50:05|"Похищения и шантаж в открытом море: хакеры научились взламывать яхты миллиардеров

https://t.co/QT0KFuPtTk https://t.co/PVkuYWzitL"
ForbesRussia|865523969176199175|2017-05-19 11:06:09|"Футбол как инвестиция: насколько успех команды зависит от вложенных средств?

https://t.co/ifjo0Yw6f6 https://t.co/h6KpZJedMV"
ForbesRussia|865519493379784704|2017-05-19 10:48:22|"Как вирусы-вымогатели принимают платежи и почему они требуют «выкуп» в биткойнах?

https://t.co/dHTHDKLj0y https://t.co/Jp5ztGUY1K"
ForbesRussia|865512264094294018|2017-05-19 10:19:38|Групповая терапия: совладелец корпорации «Технониколь» нашел необычную идею для благотворительности… https://t.co/sAo8BpY1Vx
ForbesRussia|865497637625016322|2017-05-19 09:21:31|"Swatch на Венецианской биеннале: зачем бренды финансируют современное искусство

https://t.co/a6q9IblVAL #ForbesLife https://t.co/b8H5DFb73X"
ForbesRussia|865490546663477248|2017-05-19 08:53:21|Обвинения в шпионаже, разборки с властями и падение корпоративной культуры: что не так с Uber?… https://t.co/YtvVa30YzX
ForbesRussia|865482479469076480|2017-05-19 08:21:17|"ФНС банкротит компании холдинга Life Арама Габрелянова

https://t.co/GfHIJ7EJ3o #Компании https://t.co/nq501o7N1r"
ForbesRussia|865477848252899328|2017-05-19 08:02:53|"Рецессия закончилась: ВВП России растет уже два квартала подряд

https://t.co/N9gh31jn1I https://t.co/DbzaCoB2ES"
ForbesRussia|865473226931019776|2017-05-19 07:44:31|"Не теракт: врезавшийся в пешеходов в центре Нью-Йорка мужчина «слышал голоса»

https://t.co/gPswDDBfVg https://t.co/jpiODFthbQ"
ForbesRussia|865469087148687360|2017-05-19 07:28:04|"Конфеты в роддомах: как крупные компании внедряются в мозг клиента

https://t.co/wVRnNQLmy7 #Компании https://t.co/bSUVSFnTmg"
ForbesRussia|865464536807030787|2017-05-19 07:09:59|"Держи экран шире: на чем зарабатывают онлайн-кинотеатры

https://t.co/XNtJFadSye #ForbesLife https://t.co/WDTMg5WcZ9"
ForbesRussia|865460686540775425|2017-05-19 06:54:41|"Импичмент Трампа: почему он может повлиять на курс рубля

https://t.co/SbWqxbE52F #Компании https://t.co/NJV776mGT5"
ForbesRussia|865451449710333952|2017-05-19 06:17:59|"Остатки антибиотиков: Россия ограничила ввоз молочных продуктов из Белоруссии 

https://t.co/shOpsuIajW https://t.co/RqU2LDc6n2"
ForbesRussia|865425053705322499|2017-05-19 04:33:06|"Серийные яхтовладельцы: как растут амбиции и лодки миллиардеров

https://t.co/Gd4kcr1fvy #Миллиардеры https://t.co/lK1AKuUxIQ"
ForbesRussia|865420322530512899|2017-05-19 04:14:18|"Право руля: как из помощника бухгалтера стать директором европейского автогиганта Citroën

https://t.co/02Y6xfJ7oZ https://t.co/FeTAG5SGSk"
ForbesRussia|865369850046103552|2017-05-19 00:53:44|"Топ-5 музыкальных событий Москвы и Петербурга

https://t.co/OpbGUT23ab #ForbesLife https://t.co/7K6PFAxl8I"
ForbesRussia|865244747278860288|2017-05-18 16:36:37|"Дорогой и дешевый банк: сколько за год вы тратите на обслуживание и комиссии?

https://t.co/j5V7CoygGU https://t.co/PfKX8NxEM6"
ForbesRussia|865240948111925249|2017-05-18 16:21:32|"«Угроза энергобезопасности США»: «Роснефть» получила в залог 49,9% акций американской Citgo

https://t.co/LFEpeSqYBO https://t.co/KWIMQaIHRN"
ForbesRussia|865236537876684800|2017-05-18 16:04:00|"Технологии в образовании: что будет обучать наших детей?

https://t.co/jlMlEmSVD7 https://t.co/XHDPMoMHeY"
ForbesRussia|865227345338052609|2017-05-18 15:27:28|"Акции падают: «Яндекс» не может расплатиться с украинцами

https://t.co/LeJBfog0KP https://t.co/KcEpYAXlCz"
ForbesRussia|865217070874542080|2017-05-18 14:46:39|"Кремль промолчал, МИД прокомментировал: первая реакция на обращение Усманова к Навальному

https://t.co/RGWWwJQvvY https://t.co/PAd9yjAmVv"
ForbesRussia|865213289784942593|2017-05-18 14:31:37|"ОМОН и ФСБ разогнали котировки акций ПИК

https://t.co/30alF4s2Xw https://t.co/0GIpkw5Cnx"
ForbesRussia|865208323267624965|2017-05-18 14:11:53|"Заядлый болельщик: «Мосинжпроект» может остаться в Лужниках еще на четыре года

https://t.co/xyPsfVBnXD #Компании https://t.co/aNcztsv346"
ForbesRussia|865192811250962432|2017-05-18 13:10:15|"Слишком хорошо, чтобы быть правдой. Как инвестору избежать потерь?

https://t.co/XCkBwtlZf3 #Финансы https://t.co/A422UfaMtA"
ForbesRussia|865188277799624704|2017-05-18 12:52:14|"10 богатейших людей мира потеряли за день $9 млрд из-за скандала вокруг Трампа

https://t.co/0VuvKaZLpL https://t.co/r1YBdbDgNO"
ForbesRussia|865183458963857408|2017-05-18 12:33:05|"Школа миллиардера: почему на рынке много идей и мало готовых продуктов

https://t.co/ETtcG96ezG https://t.co/nlUaXyJE4f"
ForbesRussia|865179853191954436|2017-05-18 12:18:45|"Ежегодная конференция Google: какие тренды задает IT—гигант в 2017 году?

https://t.co/xweyHjc4iP https://t.co/ojZfEIDi1S"
ForbesRussia|865176293549068291|2017-05-18 12:04:37|"Ипотека века: будут ли банки кредитовать жилье в пятиэтажках

https://t.co/5yRkAa4rAh https://t.co/MHwvMbzS3O"
ForbesRussia|865173319665893376|2017-05-18 11:52:48|"«Любовь не продается»: Леонид Федун о стоимости «Спартака» 

https://t.co/i0HBjfGv7o #Миллиардеры https://t.co/Gth3nP3gjt"
ForbesRussia|865169810128121856|2017-05-18 11:38:51|"Проблема Мельниченко: бизнесмен передумал продавать старую яхту

https://t.co/H4033fQXme https://t.co/zUBdLQBYF5"
ForbesRussia|865166730972209153|2017-05-18 11:26:37|"Квантовый скачок: почему фудтех-стартап Elementaree пошел против тенденций на своем рынке

https://t.co/yTZyPl34H7 https://t.co/qiqSXUeHMe"
ForbesRussia|865158504352329728|2017-05-18 10:53:55|"Канны-2017: Александр Звягинцев задает ориентиры

https://t.co/wGBCU3mgTx #ForbesLife https://t.co/gpqWE9DhDB"
ForbesRussia|865152102397554688|2017-05-18 10:28:29|"SEO: от манипуляций с поисковым трафиком к высоким технологиям

https://t.co/wVGuH7QKlO https://t.co/NxfgpFwfsA"
ForbesRussia|865146827741347845|2017-05-18 10:07:32|"Хроники Каннского кинофестиваля: кто купит российское кино за $2 млн

https://t.co/5XzZ1mYztp #ForbesLife https://t.co/Rm2HjYhgHq"
ForbesRussia|865137981555752960|2017-05-18 09:32:22|"Четкий сигнал: ЕК оштрафовала Facebook на €110 млн за обман при покупке WhatsApp

https://t.co/nQeHUPwDOg https://t.co/9LNiWHfiEl"
ForbesRussia|865127007792676864|2017-05-18 08:48:46|"«Истории» как новый формат нативной рекламы

https://t.co/9xGzPdlXOe https://t.co/O8THgXAEEk"
ForbesRussia|865122347451170816|2017-05-18 08:30:15|"Палка о двух концах: как онлайн-кинотеатрам жить в условиях нового закона

https://t.co/USvToLjJ3q https://t.co/wbyog636Bh"
ForbesRussia|865117908791250944|2017-05-18 08:12:37|"Почему в информационной безопасности нет «серебряной пули»? Технический анализ

https://t.co/SoP8PxYbxz https://t.co/aNE9NWQVQ0"
ForbesRussia|865113877800865792|2017-05-18 07:56:36|"Затянуть гайки: Конгресс США одобрил санкции против союзников Сирии

https://t.co/7Ge9wrAxK2 https://t.co/AN7dOAELPj"
ForbesRussia|865110613831188482|2017-05-18 07:43:37|"«Ты бы, Лёш, поглубже расследовал»: Алишер Усманов записал видеообращение к Навальному

https://t.co/f9s5I2rkgZ… https://t.co/Onl47DLSi8"
ForbesRussia|865106775455838208|2017-05-18 07:28:22|"Как за хлебом сходить: самые короткие рейсы в мире

https://t.co/HAhOq7GSQj https://t.co/v2oz3zOvWu"
ForbesRussia|865101537432936448|2017-05-18 07:07:33|"Трудная судьба «однодневок»: как ФНС и бизнес соревнуются за налоги

https://t.co/6qdMgWuNfV https://t.co/swlcvMHDWq"
ForbesRussia|865096528196546560|2017-05-18 06:47:39|«Уникальные обстоятельства»: в США назначили спецпрокурора по делу о вмешательстве Москвы в выборы… https://t.co/aQSoBye4Bs
ForbesRussia|865091319923785728|2017-05-18 06:26:57|"Форекс — нелюбимый ребенок в семье

https://t.co/Y84mv9E27c https://t.co/aeDsFr8MEd"
ForbesRussia|865065222880411648|2017-05-18 04:43:15|"За океаном: как поступить в ведущие вузы США

https://t.co/LqncrXTx5I https://t.co/J7K26j53vz"
ForbesRussia|865061697031069698|2017-05-18 04:29:15|"Киевский торт. Есть ли на Украине привлекательные еврооблигации?

https://t.co/MPK0fcYjHN https://t.co/JyWbWUiS5H"
ForbesRussia|865057478874025984|2017-05-18 04:12:29|«Инициатива не наказуема, а хорошо оплачиваема». 10 правил карьеры от топ-менеджера «САН ИнБев»… https://t.co/A6gWGVHDtF
ForbesRussia|864890318792962049|2017-05-17 17:08:15|"Где вкладывать деньги: 20 лучших стран для ведения бизнеса

https://t.co/3XooH8vyG8 https://t.co/CILtCA1mVU"
ForbesRussia|864885842925436928|2017-05-17 16:50:28|"Кризис в строительстве: что должно предпринять государство?

https://t.co/3Id1rBAJ4D https://t.co/DHcP2mhJzY"
ForbesRussia|864882403621224449|2017-05-17 16:36:48|"Автограф Бориса Пастернака продадут на аукционе за 280 000 рублей

https://t.co/6iDqtn2BNe https://t.co/hmXh6p0sI2"
ForbesRussia|864866936743526401|2017-05-17 15:35:20|"В бой идут старики: ради чего воскресили Nokia 3310

https://t.co/FBY8PqkkHa https://t.co/73B09Dpr3Y"
ForbesRussia|864863531660857344|2017-05-17 15:21:48|Игорь Сечин: об увеличении суммы иска к «Системе», выходе из соглашения ОПЕК и новых контрактах… https://t.co/yeyKxk6mDT
ForbesRussia|864859993798975488|2017-05-17 15:07:45|"Эпоха перемен: в чем миллионеры видят угрозу для своих инвестиций?

https://t.co/PpjEFvy8xd https://t.co/ofc8i9npUD"
ForbesRussia|864856135668350976|2017-05-17 14:52:25|"Школа миллиардера: мухи на мировой сцене

https://t.co/qr1qqxyhfc https://t.co/oWEkWdXJiH"
ForbesRussia|864850997025185793|2017-05-17 14:32:00|"«Не вопрос кремлевской повестки»: Путин не будет вмешиваться в реновацию жилья

https://t.co/Z8FalowUf7 https://t.co/79jim5h1sE"
ForbesRussia|864846502073556992|2017-05-17 14:14:08|"Новый уровень вредоносности: какие вызовы системам безопасности бросает WannaCry?

https://t.co/4EykYfZ0xV https://t.co/Jwb8gOaYlM"
ForbesRussia|864841476919906309|2017-05-17 13:54:10|"Где проходят будни министра сельского хозяйства Александра Ткачева  

https://t.co/di8alSs52V https://t.co/5R5nkTkyHc"
ForbesRussia|864838142892756992|2017-05-17 13:40:55|"Хуже не будет: 45% россиян верят в то, экономика выздоравливает

https://t.co/z47RjmTfGz https://t.co/k1yQknUfq5"
ForbesRussia|864820155838210048|2017-05-17 12:29:27|"Вместе или врозь: что Березкин сделает с «Комсомолкой» и РБК

https://t.co/jYppnfHiFp https://t.co/U18uvAwU8j"
ForbesRussia|864815474764201985|2017-05-17 12:10:51|"Модный консультант: как начать карьеру в нефтегазовом секторе

https://t.co/cyq4kxg52X https://t.co/ins1wCJBWp"
ForbesRussia|864811049823883265|2017-05-17 11:53:16|"Русский акцент на Венецианской биеннале: выставки, вечеринки, миллиардеры 

https://t.co/V8qKsdhekU #ForbesLife https://t.co/ApCURKBgUu"
ForbesRussia|864806982435328000|2017-05-17 11:37:06|"Выгодно ли бизнесу принимать платежи через социальные сети и мессенджеры? 

https://t.co/53Jgf06oW9 https://t.co/nIUTkjl1Sx"
ForbesRussia|864803038526971904|2017-05-17 11:21:26|"«Игры в хипстера» и расчет на слабых конкурентов: 15 ошибок иностранных стартапов в США

https://t.co/3v5QwnnBd8 https://t.co/Q7U7oRgir1"
ForbesRussia|864798442974961664|2017-05-17 11:03:10|"Каланик против Маска: создатель Uber уличил основателя Tesla в обмане

https://t.co/sGrzddEEJG https://t.co/TKVmYc15Lk"
ForbesRussia|864791915614543872|2017-05-17 10:37:14|Мир на квантах:  почему России не хватает комплексного развития инфраструктуры для нового рынка… https://t.co/ygkrl7NMPK
ForbesRussia|864787473594843136|2017-05-17 10:19:35|"Смена режима в Киеве: глава ЛНР назвал условие примирения с Украиной

https://t.co/rHBvOsB1vW https://t.co/3Wajkwvbqr"
ForbesRussia|864774743815143424|2017-05-17 09:29:00|"Реновация по-питерски: чему учит опыт властей северной столицы

https://t.co/Th2AHh3Y9q https://t.co/vVD9ORqnQJ"
ForbesRussia|864748457176702976|2017-05-17 07:44:33|"Бомба в ноутбуке: Трамп рассказал Лаврову о планах ИГ взорвать авиалайнер

https://t.co/uNMqpdlSb7 https://t.co/3J9qeEJArK"
ForbesRussia|864726825666191364|2017-05-17 06:18:35|"Бинарные опционы – угроза, которую проспали российские регуляторы

https://t.co/iL52sS9LOF #Компании https://t.co/5z8ZiwFvQo"
ForbesRussia|864723171290697729|2017-05-17 06:04:04|"«Оздоровительная медицина» для иностранной структуры: из офшора в оншор

https://t.co/5BKqQJ9BO8 #Компании https://t.co/haaHQNuotn"
ForbesRussia|864707049052979200|2017-05-17 05:00:00|"Оптимизируй это: как стартапу сэкономить половину бюджета 

https://t.co/fmu44fazj4 https://t.co/kB8095PdHn"
ForbesRussia|864702740643037184|2017-05-17 04:42:53|"Им не страшна национализация: 10 миллиардеров с наибольшими активами за рубежом

https://t.co/63rkHl1rl2 https://t.co/f6lqv110eJ"
ForbesRussia|864698847628414976|2017-05-17 04:27:25|"Марафон, а не спринт: как топ-менеджер Bain расставляет приоритеты между семьей и работой

https://t.co/MBalKPlhxo https://t.co/xAnejOxUE9"
ForbesRussia|864694417835180032|2017-05-17 04:09:49|"Как накопить на пенсию: советы экспертов людям с разным доходом

https://t.co/wsXkhCqEgb #Финансы https://t.co/4nWDumC83F"
ForbesRussia|864541554630721536|2017-05-16 18:02:23|"Начинайте борьбу с несправедливостью: 10 советов от Билла Гейтса выпускникам

https://t.co/4b17xtVdAT https://t.co/X8NjwXWZdC"
ForbesRussia|864519623017811968|2017-05-16 16:35:14|"Богатые тоже платят: ВС Италии обязал Берлускони выплачивать экс-жене по $2 млн ежемесячно

https://t.co/O7BrqLXt9k https://t.co/X0LYC8Tabd"
ForbesRussia|864501294249070592|2017-05-16 15:22:24|"Мы продлили конкурс до 31 мая! 
Вы еще успеете поучаствовать и выиграть Forbes Life с вами на обложке.… https://t.co/I77Z4EBzcQ"
ForbesRussia|864495336575848448|2017-05-16 14:58:44|"Apple вместо Fox News: Баффет продал свою долю в  21st Century Fox 

https://t.co/HQjSOBOWzu #Миллиардеры https://t.co/ICchklQlE6"
ForbesRussia|864491080720334848|2017-05-16 14:41:49|"«Операция реновация»: большевистские методы в эпоху частной собственности

https://t.co/hSO0DnQQq8 https://t.co/jIbj6WujED"
ForbesRussia|864486429274939392|2017-05-16 14:23:20|"Школа миллиардера: березовые деньги

https://t.co/WjUvGKUluu https://t.co/V1JFAodWU3"
ForbesRussia|864468519181627393|2017-05-16 13:12:10|25 млн пользователей и 6,9 млрд рублей: чем обернется запрет Киева для «Яндекса» и Mail.ru Group… https://t.co/Iql6ba5kC9
ForbesRussia|864465159879708672|2017-05-16 12:58:49|"Самый дорогой пентхаус Дубая обошелся новому владельцу в $16,3 млн 

https://t.co/aDGsSsJgnK #ForbesLife https://t.co/XNXTyWXATp"
ForbesRussia|864461523661463553|2017-05-16 12:44:22|"Нет связи: автоматический налоговый обмен не сможет стать глобальным

https://t.co/iPpkMQIt1G https://t.co/n9Wi4gdV70"
ForbesRussia|864458764400775168|2017-05-16 12:33:24|17 мая в роли гостя Forbes Club выступит Андрей Шаронов, ректор Московской школы управления Сколково. Какие вопросы… https://t.co/PU8NFwOsTB
ForbesRussia|864457995249360896|2017-05-16 12:30:21|"Ограничение наличных расчетов: почему пока это невозможно в России?

https://t.co/eRhgk244Y6 https://t.co/9yHZH4uzc4"
ForbesRussia|864452940832006144|2017-05-16 12:10:16|"Бизнес на поток: пять советов серийного предпринимателя

https://t.co/nn3BVibOc8 https://t.co/Z5O7iwMHb7"
ForbesRussia|864446794733764608|2017-05-16 11:45:51|"Украина открыла производство по аресту имущества «Газпрома» на $6,4 млрд 

https://t.co/cMXdQmcnis https://t.co/NevVkA41Jg"
ForbesRussia|864442099793502209|2017-05-16 11:27:11|"За «клевету» ответят: Дерипаска подал в суд на Associated Press

https://t.co/LRyRB6LwdT https://t.co/pxy5Uzw3j3"
ForbesRussia|864438495338569729|2017-05-16 11:12:52|"Две башни: как поссорились миллиардер Рашников и братья Чигиринские

https://t.co/bYvxI18q51 https://t.co/nGNzh7RpRG"
ForbesRussia|864434007655694337|2017-05-16 10:55:02|"Пенсионная ловушка: россияне не могут вывести деньги из НПФ

https://t.co/PPv0sJw57w #Компании https://t.co/NJYcunZYJj"
ForbesRussia|864429095785873408|2017-05-16 10:35:31|"Не только кино: на чем зарабатывает и на что тратит Каннский кинофестиваль 

https://t.co/PG32mTazfh #ForbesLife https://t.co/uPp7NRDjOb"
ForbesRussia|864423961974550528|2017-05-16 10:15:07|"Без таланта к разочарованию: как Хельга Рабл-Штадлер развивает Зальцбургский фестивать

https://t.co/f7ESiqC9Yl https://t.co/75HDYiGVB1"
ForbesRussia|864399831489363968|2017-05-16 08:39:14|"Новые санкции: Порошенко запретил на Украине «Яндекс», «Одноклассники» и «ВКонтакте»

https://t.co/csPG5SnanD https://t.co/MfuQXJqCZQ"
ForbesRussia|864377236408881152|2017-05-16 07:09:27|"Утечка в Белом доме: Трампа обвинили в передаче Лаврову совершенно секретных данных 

https://t.co/1sAJCgZszU https://t.co/NPDZIcxCuE"
ForbesRussia|864373372351725568|2017-05-16 06:54:05|"Утечка в Белом доме: Трампа обвинили в передаче Лаврову совершенно секретных данных 

https://t.co/DaZ2s1AEhx https://t.co/49po21KpAP"
ForbesRussia|864368717076979712|2017-05-16 06:35:36|"«Платон» мне друг, но истина дороже. Куда уходят взносы?

https://t.co/utqVnZmyJU https://t.co/bFSRdGSvQV"
ForbesRussia|864363972325105666|2017-05-16 06:16:44|"Ценный кадр: десять навыков идеального сотрудника

https://t.co/VRYI7HY522 https://t.co/eHGwT3VJTX"
ForbesRussia|864359645078446085|2017-05-16 05:59:33|"Быстро и надежно: как роботы теснят журналистов

https://t.co/5o9bB8LWOv https://t.co/y4DM6yjgyC"
ForbesRussia|864354633891725312|2017-05-16 05:39:38|Персональный продавец: как чат-боты изменят мир анализа данных и что это значит для коммерции… https://t.co/ctd8fDBBQm
ForbesRussia|864350820837367808|2017-05-16 05:24:29|Боты-пираты, дорогие блокировки и штрафы по IP: что ждет владельцев авторских прав в эпоху стриминга?… https://t.co/t1CXgqtbmW
ForbesRussia|864346378134147072|2017-05-16 05:06:49|"20 самых успешных российских режиссеров

https://t.co/MvWqk4pGGh #Рейтинги https://t.co/9jlA9z7Box"
ForbesRussia|864341680316493824|2017-05-16 04:48:09|"Рейтинг зрителя: Forbes впервые оценил коммерчески успешных российских режиссеров

https://t.co/c7QdxCbZH5 https://t.co/74vz108OBW"
ForbesRussia|864337293246480384|2017-05-16 04:30:43|"Финансы на ладони: мобильные приложения для инвестиций и страховой защиты

https://t.co/iqJarlf0L6 #Финансы https://t.co/oZlnsgr0LL"
ForbesRussia|864333822208360449|2017-05-16 04:16:56|"Про это: как взрослым отвечать на детские вопросы про секс

https://t.co/R9Oxjx2yF8 https://t.co/xb6NmHwuXQ"
ForbesRussia|864158222994690049|2017-05-15 16:39:10|"Где в Восточной Европе любят Сталина, а где — Горбачева? Опрос Pew Research Center

https://t.co/n7cVQ520xy https://t.co/35SARm53hy"
ForbesRussia|864149748495679488|2017-05-15 16:05:29|"Rolex последнего императора Вьетнама проданы за рекордную сумму

https://t.co/jxUkZmJDBR #ForbesLife https://t.co/SCytJfybB4"
ForbesRussia|864131743900590080|2017-05-15 14:53:57|"Россия или Китай: кто станет третьем после Airbus и Boeing

https://t.co/1h2xTLAcdP https://t.co/eoV88NskoO"
ForbesRussia|864126569400344577|2017-05-15 14:33:23|"Яхты Усманова и Алекперова получили World Superyacht Awards

https://t.co/9RMkrVnpL8 #Миллиардеры https://t.co/8zB6G4OuWq"
ForbesRussia|864122818622922752|2017-05-15 14:18:29|"Страхи и сомнения: кто и почему более переживает при смене места работы

https://t.co/e8ofsfNzec Forbes https://t.co/Ex2PN2P9zN"
ForbesRussia|864116441506750465|2017-05-15 13:53:08|"«Реального денежного потока нет»: Путин высказался р дивидендах «Газпрома»

https://t.co/zw40RG9M29 https://t.co/7MZ6UAyz0G"
ForbesRussia|864109577784049664|2017-05-15 13:25:52|"Отставка начальника метро Москвы: Пегов будет курировать пассажирские перевозки в РЖД

https://t.co/YPXeWaArXx https://t.co/tM0Kv1lbXd"
ForbesRussia|864091063954296832|2017-05-15 12:12:18|"Своя игра: как превратить проверки персонала в квест

https://t.co/c9ndxx3ok1 https://t.co/YFmHI5BJWP"
ForbesRussia|864085743647444992|2017-05-15 11:51:09|"Спасибо Tesla: Илон Маск за три месяца разбогател на $1,7 млрд

https://t.co/yTCkO9Pwjx #Миллиардеры https://t.co/yP15lmHgsZ"
ForbesRussia|864082310844436481|2017-05-15 11:37:31|"Из России с любовью: как переехать в другую страну вслед за участниками списка  Forbes

https://t.co/v7LOfzboQM… https://t.co/chCvdiZNSo"
ForbesRussia|864077212353413120|2017-05-15 11:17:15|"Регулируемый Forex: кому выгодно играть на валютном рынке по правилам

https://t.co/ScmVB6JMYw #Финансы https://t.co/rT1RDJdAod"
ForbesRussia|864072791460466688|2017-05-15 10:59:41|"Против природы: аналитики ЦБ рассказали о том, чем опасно ослабление рубля 

https://t.co/ooNhHUVlUP #Финансы https://t.co/GLBk0GQ37V"
ForbesRussia|864062824896528384|2017-05-15 10:20:05|"25 главных угроз экономической безопасности России: версия президента Путина

https://t.co/srrzctH3SB https://t.co/XtTtHxLt1i"
ForbesRussia|864059526483394560|2017-05-15 10:06:59|"Московский НПЗ прекратил прием нефти из-за нештатной ситуации

https://t.co/uGhr0Pq67D https://t.co/7IcFDrBCV6"
ForbesRussia|864053217969045506|2017-05-15 09:41:55|"APT28 – Myth и большая ошибка России?

https://t.co/y9QBgM0QCX https://t.co/NixMzMrbmA"
ForbesRussia|864048751022751744|2017-05-15 09:24:10|"Совет о поливе со спутника: как «большие данные» приходят в сельское хозяйство

https://t.co/wFTnRF22QB https://t.co/zbFmTB6xOh"
ForbesRussia|864044374467821569|2017-05-15 09:06:46|"Пусть всегда будет робот: как разивается образовательная робототехника в России и в мире

https://t.co/1FMerTGuTY https://t.co/3QpBkFM5ma"
ForbesRussia|864023378436345856|2017-05-15 07:43:20|"Рассерженные горожане: как локальные конфликты меняют общество

https://t.co/v6GGoyydLy https://t.co/qz8w1MBSsg"
ForbesRussia|864019838334672897|2017-05-15 07:29:16|"Отменяй и властвуй: новые тренды в дизайне интерьера 

https://t.co/62x3zyVYg6 #ForbesLife https://t.co/4ms0dA2p3V"
ForbesRussia|864014895276105728|2017-05-15 07:09:38|"Вывод денег за рубеж: ЦБ лишил лицензий два московских банка

https://t.co/bDxaQYmwvq https://t.co/cLia0cPi7l"
ForbesRussia|864010735986196480|2017-05-15 06:53:06|"10 м над землей: Toyota профинансирует создание к 2019 году летающего автомобиля 

https://t.co/C0MjbSx26t https://t.co/nPDW7x7zif"
ForbesRussia|864006382751592452|2017-05-15 06:35:48|"Налог на черное золото: зачем нужны реформы в нефтяной отрасли

https://t.co/oO3hiHnM40 https://t.co/AD6IymM5Jt"
ForbesRussia|863995412486643712|2017-05-15 05:52:13|"Нефтехимия как довесок к добыче: станет ли «Роснефть» российской ExxonMobil

https://t.co/ZD5rPLbaBE #Компании https://t.co/cP9fmXta6y"
ForbesRussia|863979179892654080|2017-05-15 04:47:43|"Перемена мест: что делать, если сотрудник достиг «потолка» 

https://t.co/IbuEsa64GQ https://t.co/7iUZeY5jLE"
ForbesRussia|863970652318949376|2017-05-15 04:13:49|"Игра в чистом поле: сколько можно заработать на элитной загородной недвижимости?

https://t.co/JbKiGsozAV #Финансы https://t.co/jQeZ0Nhyyy"
ForbesRussia|863676122348756993|2017-05-14 08:43:28|"Как искусственный интеллект проникает финтех: от чат-ботов к персональным ассистентам

https://t.co/cXLH1r63zo https://t.co/jhG0pziIo0"
ForbesRussia|863609354443829248|2017-05-14 04:18:09|"Одна в машине, не считая собаки: зачем риелтор выбрала жизнь на колесах

https://t.co/hqTVkVOTsk https://t.co/RwQVtj5Tgp"
ForbesRussia|863458498712977408|2017-05-13 18:18:43|"К чемпионству шаг за шагом: спонсоры, соцсети, стадион

https://t.co/ymRRzlds6x https://t.co/7969jBNHp4"
ForbesRussia|863416192244920321|2017-05-13 15:30:36|"Реновация «хрущевок»: очередная история про синьора Помидора и дядюшку Тыкву

https://t.co/AUrZP9EOhy https://t.co/TAQDMS79OS"
ForbesRussia|863373869142360064|2017-05-13 12:42:25|"Азербайджанское банкротство: крупнейший банк республики спешит в США

https://t.co/ZkX8vA0dhB https://t.co/8Bzo3OjJnr"
ForbesRussia|863323308225425408|2017-05-13 09:21:31|"Успех-это успеть: книги для развития личной эффективности руководителя

https://t.co/InXqvQKjrD https://t.co/cykYjvZ9UJ"
ForbesRussia|863318942021853185|2017-05-13 09:04:10|"«Безнадежный долг», или не стоит думать, что вы — идеальный заемщик

https://t.co/PGQeWf5QmN #Финансы https://t.co/XWaLV8bD1A"
ForbesRussia|863284710742474752|2017-05-13 06:48:08|"Самые богатые звезды хип-хопа. Рейтинг Forbes 

https://t.co/9gkWSdjB6t https://t.co/gDGzVPQT9g"
ForbesRussia|863245224331493377|2017-05-13 04:11:14|"Повышенное давление: чем вредна чрезмерная родительская опека

https://t.co/NXyM2zSyRn https://t.co/QF8Q1mOtOc"
ForbesRussia|863161533777330176|2017-05-12 22:38:41|"Кибер-вымогатели: масштабная хакерская атака поразила почти треть стран мира

https://t.co/4FRT4IMiYi https://t.co/Hv4YuBfKlA"
ForbesRussia|863157917867847680|2017-05-12 22:24:18|"Политический нарциссизм в России: победа и агрессия

https://t.co/EzEj1yj96d https://t.co/G3XFreD77u"
