Olympic_Russia|866921880250351617|2017-05-23 07:40:57|"–ê–ª–µ–∫—Å–µ–π –í–æ–ª–∫–æ–≤: ""–í –°–æ—á–∏ —Å–∫–∞–∑–∞–ª –ø–∞—Ä–Ω—è–º, —á—Ç–æ –ø–æ—à–µ–ª –∑–∞ –∑–æ–ª–æ—Ç–æ–º"". –°–º–æ—Ç—Ä–∏—Ç–µ —Å–∫–æ—Ä–æ –Ω–∞ #roctv! https://t.co/g0jGRGGLuy"
Olympic_Russia|866919618522251264|2017-05-23 07:31:58|#–≤—Å–µ–º—Å–ø–æ—Ä—Ç —Å –¢–∞—Ç—å—è–Ω–æ–π –ë–æ—Ä–æ–¥—É–ª–∏–Ω–æ–π‚õ∞üèÉ‚Äç‚ôÄÔ∏èüí™ https://t.co/PoqeUNDmjz
Olympic_Russia|866914761660936192|2017-05-23 07:12:40|"RT @rsportru: –ì–∞–Ω–¥–±–æ–ª–∏—Å—Ç–∫–∏ –∫–ª—É–±–∞ ""–†–æ—Å—Ç–æ–≤-–î–æ–Ω"" –ø–æ–±–µ–¥–∏–ª–∏ ""–õ–∞–¥—É"" –∏ —Å—Ç–∞–ª–∏ —á–µ–º–ø–∏–æ–Ω–∫–∞–º–∏ –†–æ—Å—Å–∏–∏ https://t.co/yOG6ZtetXF"
Olympic_Russia|866913890600398848|2017-05-23 07:09:12|"RT @rsportru: –¢—Ä–µ—Ç–∏–π —Ä–µ–±–µ–Ω–æ–∫ —Ä–æ–¥–∏–ª—Å—è –≤ —Å–µ–º—å–µ –∑–∞—â–∏—Ç–Ω–∏–∫–∞ @HCSOCHI –•–ö ""–°–æ—á–∏"" –í–∞–¥–∏–º–∞ –•–æ–º–∏—Ü–∫–æ–≥–æ –∏ —Ñ–∏–≥—É—Ä–∏—Å—Ç–∫–∏ –ú–∞—Ä–∏–∏ –ë—É—Ç—ã—Ä—Å–∫–æ–π https://t.co/bkizlR‚Ä¶"
Olympic_Russia|866913737990692865|2017-05-23 07:08:36|–î–æ–±—Ä–æ–µ —É—Ç—Ä–æ! –°–æ—Å–ª–∞–Ω –†–∞–º–æ–Ω–æ–≤ –∏–Ω—Ç–µ—Ä–µ—Å—É–µ—Ç—Å—è: –∞ –≤—ã —É–∂–µ –ø—Ä–æ—Å–Ω—É–ª–∏—Å—å?üòâ https://t.co/xZ3osPGKWj
Olympic_Russia|866913284150132736|2017-05-23 07:06:48|–ê —Å–∫–æ–ª—å–∫–æ –ø–æ–ª–æ–∂–∏—Ç–µ–ª—å–Ω—ã—Ö —ç–º–æ—Ü–∏–π –µ—â–µ –≤–ø–µ—Ä–µ–¥–∏... –î–æ #–û–ª–∏–º–ø–∏–∞–¥—ã-2018 –æ—Å—Ç–∞–ª–æ—Å—å 262 –¥–Ω—è. @pyeongchang2018 https://t.co/Z1AhrLAuHJ
Olympic_Russia|866713130566647808|2017-05-22 17:51:27|–®–æ—Ä—Ç‚Äî—Ç—Ä–µ–∫–∏—Å—Ç—ã –∫ —Ä–∞–±–æ—Ç–µ –≥–æ—Ç–æ–≤—ã üëÜüëÜüëÜ#–∫–æ–º–∞–Ω–¥–∞–†–æ—Å—Å–∏–∏ –≤ —Å–±–æ—Ä–µ https://t.co/5PkbxTnKge
Olympic_Russia|866710802568540160|2017-05-22 17:42:12|–ö—Ä–µ–∞—Ç–∏–≤–Ω–æ–≥–æ –≤–∞–º –∑–∞–≤–µ—Ä—à–µ–Ω–∏—è –ø–æ–Ω–µ–¥–µ–ª—å–Ω–∏–∫–∞, –∫–∞–∫ —É –†–∏—Ç—ã –ú–∞–º—É–Ω üíÉüíÉüíÉ https://t.co/kZqlSzFQzF
Olympic_Russia|866705753918382080|2017-05-22 17:22:09|–ü–æ–∑–¥—Ä–∞–≤–ª—è–µ–º —Å –¥–Ω—ë–º —Ä–æ–∂–¥–µ–Ω–∏—è –¥–≤—É–∫—Ä–∞—Ç–Ω—É—é –û–ª–∏–º–ø–∏–π—Å–∫—É—é —á–µ–º–ø–∏–æ–Ω–∫—É –¢–∞—Ç—å—è–Ω—É –í–æ–ª–æ—Å–æ–∂–∞—Ä! –í—Å–µ–≥–æ —Å–∞–º–æ–≥–æ –Ω–∞–∏–ª—É—á—à–µ–≥–æ! üòòüòòüòòüòÜüòÜüòÜüëèüëèüëèüëè https://t.co/J6we81xwJZ
Olympic_Russia|866702669628526593|2017-05-22 17:09:53|–ö—Ä–∞—Å–æ—Ç—ã –≤–∞–º –≤ –ª–µ–Ω—Ç—É –æ—Ç –Ø–Ω—ã –ö—É–¥—Ä—è–≤—Ü–µ–≤–æ–π üòÜüòòüòç https://t.co/nDaqu7p9VF
Olympic_Russia|866702475818135553|2017-05-22 17:09:07|–í–µ—Ä–∞ –ë–∏—Ä—é–∫–æ–≤–∞ @Vera___9 —É–∂–µ –º–µ—á—Ç–∞–µ—Ç –æ –∑–∞–≤—Ç—Ä–∞—à–Ω–µ–º –¥–Ω–µ ‚Ä¶ üëØ https://t.co/varqeyQ6Vw
Olympic_Russia|866695623709515776|2017-05-22 16:41:53|RT @rsportru: –ì–∞–º–±–∞, –¢–∞—Ä–ø–∏—â–µ–≤, –í–∏–Ω–µ—Ä-–£—Å–º–∞–Ω–æ–≤–∞ –∏ –î–∞–Ω—á–µ–Ω–∫–æ –Ω–∞–≥—Ä–∞–∂–¥–µ–Ω—ã –≥–æ—Å–Ω–∞–≥—Ä–∞–¥–∞–º–∏ –ø–æ –∏—Ç–æ–≥–∞–º –û–ò-2016 https://t.co/zv5OyqzBya https://t.co/DWK‚Ä¶
Olympic_Russia|866695601337102339|2017-05-22 16:41:48|RT @WTA: .@EVesnina001 blasts her way out of a tricky service game! #IS17 https://t.co/COKnH87Om7
Olympic_Russia|866695541215956992|2017-05-22 16:41:34|RT @Olympics: Dive into the week with 56 seconds of wow üò±üí¶ @fina1908 https://t.co/LEC3oeuGp6
Olympic_Russia|866645552087302145|2017-05-22 13:22:55|RT @rsportru: –ò–∑–≤–µ—Å—Ç–Ω—ã–π —Å–ø–æ—Ä—Ç–∏–≤–Ω—ã–π —Ç–µ–ª–µ–∫–æ–º–º–µ–Ω—Ç–∞—Ç–æ—Ä –í–ª–∞–¥–∏–º–∏—Ä –ü–µ—Ä–µ—Ç—É—Ä–∏–Ω —É–º–µ—Ä –Ω–∞ 79-–º –≥–æ–¥—É –∂–∏–∑–Ω–∏ https://t.co/vx9nQJxLxM https://t.co/EVG6ZWlO‚Ä¶
Olympic_Russia|866629088617934848|2017-05-22 12:17:30|–ù–∞–¥–µ–µ–º—Å—è, —á—Ç–æ –≤–∞—à –¥–µ–Ω—å —Ç–∞–∫–æ–π –∂–µ —è—Ä–∫–∏–π, –∫–∞–∫ @JannyMedvedeva –Ω–∞ —ç—Ç–æ–º —Ñ–æ—Ç–æ üòòüëØüòÜüòù https://t.co/eU7fdCARwP
Olympic_Russia|866628895218466816|2017-05-22 12:16:44|–ö—Ç–æ —Å–∫–∞–∑–∞–ª, —á—Ç–æ –ø–∞—Ä–Ω–∏ –Ω–µ –ª—é–±—è—Ç —à–æ–ø–∏–Ω–≥?:) –ê—Ä—Ç—É—Ä –î–∞–ª–∞–ª–æ—è–Ω  –¥–æ–∫–∞–∑—ã–≤–∞–µ—Ç –æ–±—Ä–∞—Ç–Ω–æ–µ üòÅüòâ https://t.co/LQc053mu28
Olympic_Russia|866612690583769091|2017-05-22 11:12:20|–í—Ä–µ–º—è —Å–¥–µ–ª–∞—Ç—å –ø–µ—Ä–µ—Ä—ã–≤ –∏ –æ—Ç–¥–æ—Ö–Ω—É—Ç—å. –ê–Ω–∞—Å—Ç–∞—Å–∏—è –ü–∞–≤–ª—é—á–µ–Ω–∫–æ–≤–∞ —Ä–µ–∫–æ–º–µ–Ω–¥—É–µ—Ç üëåüëåüëå https://t.co/ajivqu64Ul
Olympic_Russia|866598320860483584|2017-05-22 10:15:14|–ú–∞—à–∞ –∏ –ú–µ–¥–≤–µ–¥—å üòÄ üëØüêπ –ú–∞—Ä–∏—è –ü–∞—Å–µ–∫–∞ —Å –Ω–æ–≤—ã–º —Å—Ç–∞—Ä—ã–º –¥—Ä—É–≥–æ–º :) https://t.co/ju6RQ5w1eZ
Olympic_Russia|866592938905792512|2017-05-22 09:53:51|–ú–∞–∫—Å–∏–º –ö–æ–≤—Ç—É–Ω –≤ —Ä–µ–ª–∞–∫—Å–µ‚Ä¶  –Ω—É –∞ –≤–∞–º, –¥—Ä—É–∑—å—è, —Ä–∞–±–æ—Ç—ã‚Ä¶ –ü–æ–Ω–µ–¥–µ–ª—å–Ω–∏–∫ –≤—Å—ë‚Äî—Ç–∞–∫–∏ üòùüôÜüòâ https://t.co/0b5STDDURL
Olympic_Russia|866591710566068224|2017-05-22 09:48:58|–í—Å–µ–º üéæüéæüéæ —Å @EVesnina001 &amp; @WTA https://t.co/KXPsqpH51J
Olympic_Russia|866589220495908864|2017-05-22 09:39:05|–ê —É –Ω–∞—Å –Ω–æ–≤—ã–π —á–µ–ª–ª–µ–Ω–¥–∂ –æ—Ç #roctv —Å –†–∏—Ç–æ–π –ú–∞–º—É–Ω! üòâüôÜ –ö–∞–∫—É—é –ø—Ä–æ—Ñ–µ—Å—Å–∏—é –æ—Å–≤–æ–∏—Ç –†–∏—Ç–∞, –∑–∞–≤–∏—Å–∏—Ç –æ—Ç –≤–∞—Å! –ì–æ–ª–æ—Å—É–µ–º üëâüëâüëâ‚Ä¶ https://t.co/DdkDSAfwpm
Olympic_Russia|866586249083187200|2017-05-22 09:27:16|–ì–ª–∞–≤–Ω–æ–µ ‚Äî —Å–æ—Ö—Ä–∞–Ω—è–π—Ç–µ –ø–æ–∑–∏—Ç–∏–≤! üòÄ https://t.co/mn3a41ewAD
Olympic_Russia|866571606956572672|2017-05-22 08:29:05|–¢–æ —á—É–≤—Å—Ç–≤–æ, –∫–æ–≥–¥–∞ –ø–æ–Ω–µ–¥–µ–ª—å–Ω–∏–∫‚Ä¶ –ê–ª–µ–Ω–∞ –ó–∞–≤–∞—Ä–∑–∏–Ω–∞ –∑–Ω–∞–µ—Ç üòà https://t.co/01HwFvq2y5
Olympic_Russia|866571439029325824|2017-05-22 08:28:25|–í–∏–∫—Ç–æ—Ä–∏—è –ú–æ–∏—Å–µ–µ–≤–∞ —É–∂–µ –∑–∞–≥–∞–¥—ã–≤–∞–µ—Ç –∂–µ–ª–∞–Ω–∏–µ –Ω–∞ –Ω–æ–≤—ã–π –≥–æ–¥ —Ä–æ–∂–¥–µ—Å—Ç–≤–µ–Ω—Å–∫–∏–º –æ–ª–µ–Ω—è–º üòùü¶Ñ‚õÑüéÑ https://t.co/1qOgL9jFlA
Olympic_Russia|866570846273449984|2017-05-22 08:26:04|–ö–æ–≥–¥–∞ –ø–æ—Å–ª–µ —Ç—Ä–µ–Ω–∏—Ä–æ–≤–∫–∏ –º–æ–∂–Ω–æ –∏ –º–µ—Å—Ç–Ω—ã–µ –¥–æ—Å—Ç–æ–ø—Ä–∏–º–µ—á–∞—Ç–µ–ª—å–Ω–æ—Å—Ç–∏ –æ—Å–º–æ—Ç—Ä–µ—Ç—å. –ö–∏—Ä–∏–ª–ª –ê–Ω—Ç—é—Ö –Ω–∞ —Å–±–æ—Ä–∞—Ö –≤ –ö–∏—Å–ª–æ–≤–æ–¥—Å–∫–µ ‚úåüòâ https://t.co/XExPrVu79X
Olympic_Russia|866566092638097408|2017-05-22 08:07:11|–Ø—Ä–∫–æ–≥–æ –∏ –¥–æ–±—Ä–æ–≥–æ –≤–∞–º –¥–Ω—è –æ—Ç –Ω–∞—à–∏—Ö —É–ª—ã–±—á–∏–≤—ã—Ö —á–µ–º–ø–∏–æ–Ω–æ–∫ üòòüòòüòòüòÜüòÜüòÜüòâüòâüòâ https://t.co/EcxZqVwQ2w
Olympic_Russia|866565988556341250|2017-05-22 08:06:46|–°–ø–æ—Ä—Ç - —ç—Ç–æ –≤ –ø–µ—Ä–≤—É—é –æ—á–µ—Ä–µ–¥—å –ø—Ä–µ–æ–¥–æ–ª–µ–Ω–∏–µ! –ê–ª–µ–∫—Å–∞–Ω–¥—Ä–µ –°–æ–ª–¥–∞—Ç–æ–≤–æ–π –ø–æ–∂–µ–ª–∞–µ–º —Ç–µ—Ä–ø–µ–Ω–∏—è‚òùÔ∏è‚òùÔ∏è‚òùÔ∏è https://t.co/3l6XgkWdT2
Olympic_Russia|866557376299769856|2017-05-22 07:32:33|–°–∏–Ω—Ö—Ä–æ–Ω–Ω–æ–µ –ø–ª–∞–≤–∞–Ω–∏–µ slowmo –æ—Ç –ê–Ω–∂–µ–ª–∏–∫–∏ –¢–∏–º–∞–Ω–∏–Ω–æ–πüëçüëçüëç https://t.co/bYm33AEBFA
Olympic_Russia|866556714266611712|2017-05-22 07:29:55|–¢–µ–ø–µ—Ä—å –∏ –ï–ª–µ–Ω–µ –ï—Ä–µ–º–∏–Ω–æ–π –µ—Å—Ç—å, –∫—É–¥–∞ –ø—Ä–∏—Å—Ç—Ä–æ–∏—Ç—å —Å–≤–æ–∏ –º–µ–¥–∞–ª–∏...ü•áü•àü•â https://t.co/e7l5SCLwKp
Olympic_Russia|866556062706651136|2017-05-22 07:27:19|"RT @rsportru: ""–ö–∞–±–∞–µ–≤–∞ –∂–µ –≤–æ–∑–≤—Ä–∞—â–∞–ª–∞—Å—å, —Ç–µ–ø–µ—Ä—å –∂–¥—É –ú–∞–º—É–Ω –∏ –ö—É–¥—Ä—è–≤—Ü–µ–≤—É"". –ò–Ω—Ç–µ—Ä–≤—å—é –ò—Ä–∏–Ω—ã –í–∏–Ω–µ—Ä-–£—Å–º–∞–Ω–æ–≤–æ–π –æ–± –∏—Ç–æ–≥–∞—Ö —á–µ–º–ø–∏–æ–Ω–∞—Ç–∞ –ï–≤—Ä–æ–ø—ã https://‚Ä¶"
Olympic_Russia|866555993924280320|2017-05-22 07:27:03|"RT @sport_ru_portal: #–°–ø–æ—Ä—Ç–∏–≤–Ω–∞—è–≥–∏–º–Ω–∞—Å—Ç–∏–∫–∞. –ê–ª–∏—è –ú—É—Å—Ç–∞—Ñ–∏–Ω–∞: ""–£ –º–µ–Ω—è –Ω–µ—Ç —Ç–∞–∫–æ–≥–æ, —á—Ç–æ —è –ª—é–±–æ–π —Ü–µ–Ω–æ–π –¥–æ–ª–∂–Ω–∞ –≤–µ—Ä–Ω—É—Ç—å—Å—è –∏ –ø–æ–±–µ–∂–¥–∞—Ç—å""

–î–≤—É–∫—Ä  htt‚Ä¶"
Olympic_Russia|866546586834358272|2017-05-22 06:49:40|–£—Ç—Ä–µ–Ω–Ω–µ–π –º–∏–ª–æ—Ç—ã –≤–∞–º –≤ –ª–µ–Ω—Ç—É –æ—Ç –î–∂–µ–π–Ω –∏ –í–∏–∫—Ç–æ—Ä–∞ –ê–Ω–æ–≤ü§óü§óü§ó https://t.co/tD6eckyApw
Olympic_Russia|866545550375755776|2017-05-22 06:45:33|–ù–∞—Ç–∞–ª—å—è –ò—â–µ–Ω–∫–æ –µ–¥–µ—Ç –Ω–∞ —Ä–∞–±–æ—Ç—É... –ê –Ω–∞ —á–µ–º –¥–æ–±–∏—Ä–∞–µ—Ç–µ—Å—å –≤—ã?üö¥‚Äç‚ôÄÔ∏èüö¥‚Äç‚ôÄÔ∏èüö¥‚Äç‚ôÄÔ∏è https://t.co/mwM4tvNAC2
Olympic_Russia|866544855471796224|2017-05-22 06:42:47|–£–≥–∞–¥–∞–π –∑–≤–µ–∑–¥—É –ø–æ —Ñ–æ—Ç–æüíãüíãüíã https://t.co/eyjZadyR6z
Olympic_Russia|866543510589190144|2017-05-22 06:37:27|–ù–∞—á–∏–Ω–∞—é—Ç—Å—è –æ–ø—è—Ç—å —Ç—Ä—É–¥–æ–≤—ã–µ –±—É–¥–Ω–∏... @MariaSharapova –ø—Ä–µ–¥–æ—Å—Ç–µ—Ä–µ–≥–∞–µ—Ç: –Ω–µ —Å–≥–æ—Ä–∏—Ç–µ –Ω–∞ —Ä–∞–±–æ—Ç–µüåûüï∂üî• https://t.co/Rc3xFgkNbb
Olympic_Russia|866542255301156864|2017-05-22 06:32:27|RT @ttfrussia: –ê–±—Å—Ç—Ä–∞–∫—Ü–∏–æ–Ω–∏–∑–º –≤ –Ω–∞—Å—Ç–æ–ª—å–Ω–æ–º —Ç–µ–Ω–Ω–∏—Å–µ. https://t.co/7PVtgpNMla
Olympic_Russia|866541210445508608|2017-05-22 06:28:18|–î–æ–±—Ä–æ–≥–æ —É—Ç—Ä–∞ –≤–∞–º –æ—Ç –î–∞—Ä—å–∏ –°–ø–∏—Ä–∏–¥–æ–Ω–æ–≤–æ–πüåüüåüüåü https://t.co/rPwD9pcIFO
Olympic_Russia|866540026527612929|2017-05-22 06:23:36|"RT @rsportru: –§–æ—Ä–≤–∞—Ä–¥ —Å–±–æ—Ä–Ω–æ–π –†–æ—Å—Å–∏–∏ –ê—Ä—Ç–µ–º–∏–π –ü–∞–Ω–∞—Ä–∏–Ω —Å—Ç–∞–ª –ª—É—á—à–∏–º –±–æ–º–±–∞—Ä–¥–∏—Ä–æ–º –ß–ú –ø–æ —Ö–æ–∫–∫–µ—é 2017 –≥–æ–¥–∞
https://t.co/Hr4bxMPhqq https://t.co/Qr‚Ä¶"
Olympic_Russia|866539934307450880|2017-05-22 06:23:14|"RT @rsportru: –ò–≥—Ä–æ–∫–∏ —Å–±–æ—Ä–Ω–æ–π –†–§ –í–∞—Å–∏–ª–µ–≤—Å–∫–∏–π –∏ –ü–∞–Ω–∞—Ä–∏–Ω –≤–æ—à–ª–∏ –≤ —Ç—Ä–æ–π–∫—É –ª—É—á—à–∏—Ö —Ö–æ–∫–∫–µ–∏—Å—Ç–æ–≤ –ß–ú-2017
https://t.co/H9BcrPW5YO https://t.co/6NBxXAk‚Ä¶"
Olympic_Russia|866539892163190788|2017-05-22 06:23:04|RT @rsportru: –ú–∞—Ä–∏—è –®–∞—Ä–∞–ø–æ–≤–∞ –ø–æ–¥–Ω—è–ª–∞—Å—å –Ω–∞ 38 –º–µ—Å—Ç –∏ –≤–æ—à–ª–∞ –≤ —Ç–æ–ø-200 —Ä–µ–π—Ç–∏–Ω–≥–∞ WTA https://t.co/NtHP8IVEx5 https://t.co/BoPi724S78
Olympic_Russia|866539776115167234|2017-05-22 06:22:36|"RT @olympicchannel: What a style! üèÑ‚Äç‚ôÄÔ∏èüåäNot a bad idea to get your Monday started! üòú#MondayMotivaton @ISAsurfing 

Watch #ISAWSG now: https:‚Ä¶"
Olympic_Russia|866539708142284800|2017-05-22 06:22:20|–ü–ª—è—à–µ–º –≤–º–µ—Å—Ç–µ —Å –°—É—Ö–æ—Ä–∞–Ω–æ–º –∏ –ü–∞–Ω–¥–∞–±–∏! –î–æ #–û–ª–∏–º–ø–∏–∞–¥—ã-2018 –æ—Å—Ç–∞–ª–æ—Å—å 263 –¥–Ω—è. @pyeongchang2018 https://t.co/owzOMWCrVz
Olympic_Russia|866512698795859968|2017-05-22 04:35:01|RT @InfoSport_news: –ê–Ω–¥—Ä–µ–π –í–∞—Å–∏–ª–µ–≤—Å–∫–∏–π –∏ –ê—Ä—Ç–µ–º–∏–π –ü–∞–Ω–∞—Ä–∏–Ω –≤–æ—à–ª–∏ –≤ —Ç—Ä–æ–π–∫—É –ª—É—á—à–∏—Ö –∏–≥—Ä–æ–∫–æ–≤ –ß–ú-2017 –ø–æ —Ö–æ–∫–∫–µ—é  https://t.co/sliB8D3vls https://t‚Ä¶
Olympic_Russia|866337790543499264|2017-05-21 16:59:59|"RT @rsportru: –ë–∞—Å–∫–µ—Ç–±–æ–ª–∏—Å—Ç—ã –¶–°–ö–ê –æ–±—ã–≥—Ä–∞–ª–∏ ""–†–µ–∞–ª"" –∏ –∑–∞–≤–æ–µ–≤–∞–ª–∏ –±—Ä–æ–Ω–∑—É –≤ ""–§–∏–Ω–∞–ª–µ —á–µ—Ç—ã—Ä–µ—Ö"" –ï–≤—Ä–æ–ª–∏–≥–∏ https://t.co/m9IgIzBAPj
¬© AFP https://t.co/‚Ä¶"
Olympic_Russia|866329272683724801|2017-05-21 16:26:08|RT @IntJudoFed: Find out the results from the last day of #JudoRussia2017 -&gt; https://t.co/dxuTrr97Ix https://t.co/zKVTMuAUiY
Olympic_Russia|866329132107522049|2017-05-21 16:25:35|–°–±–æ—Ä–Ω–∞—è –†–æ—Å—Å–∏–∏ –≤—ã–∏–≥—Ä–∞–ª–∞ –ë–†–û–ù–ó–£ –ß–µ–º–ø–∏–æ–Ω–∞—Ç–∞ –º–∏—Ä–∞ –ø–æ —Ö–æ–∫–∫–µ—é! –ü–æ–∑–¥—Ä–∞–≤–ª—è–µ–º –ø–∞—Ä–Ω–µ–π! –°–ø–∞—Å–∏–±–æ –∑–∞ –∏–≥—Ä—É! üëèüëèüëèüëèüëèüôåüôåüôåüôåüôÜüôÜüôÜüôÜ https://t.co/jW7CNn9Fd8
Olympic_Russia|866313816115740672|2017-05-21 15:24:43|RT @izvestia_sport: –°–±–æ—Ä–Ω–∞—è –†–æ—Å—Å–∏–∏ –ø–æ —Å–∞–º–±–æ –∑–∞–≤–æ–µ–≤–∞–ª–∞ —Å–µ–º—å –∑–æ–ª–æ—Ç—ã—Ö –º–µ–¥–∞–ª–µ–π –∑–∞ –≤–æ—Å–∫—Ä–µ—Å–µ–Ω—å–µ https://t.co/SUVD3LTcpd https://t.co/IQQ01gDAwa
Olympic_Russia|866306158394572800|2017-05-21 14:54:18|–ì–ª–∞–≤–Ω—ã–µ –º–æ–º–µ–Ω—Ç—ã —á–µ–º–ø–∏–æ–Ω–∞—Ç–∞ –ï–≤—Ä–æ–ø—ã –ø–æ —Ö—É–¥–æ–∂–µ—Å—Ç–≤–µ–Ω–Ω–æ–π –≥–∏–º–Ω–∞—Å—Ç–∏–∫–µ‚úåÔ∏è‚úåÔ∏è‚úåÔ∏èü•áü•áü•áüá∑üá∫üá∑üá∫üá∑üá∫ https://t.co/5fhjjgfjqQ
Olympic_Russia|866292834579746817|2017-05-21 14:01:21|–í—Å—Ç—Ä–µ—á–∞–π—Ç–µ –≤–µ—á–µ—Ä —Ç–∞–∫ –∂–µ —ç—Ñ—Ñ–µ–∫—Ç–Ω–æ, –∫–∞–∫ –í–ª–∞–¥–ª–µ–Ω–∞ –ë–æ–±—Ä–æ–≤–Ω–∏–∫–æ–≤–∞üíÖüíçüíÑüíÉüòª https://t.co/8HpIBhTvtU
Olympic_Russia|866289341433344000|2017-05-21 13:47:28|"RT @rsportru: –°–±–æ—Ä–Ω–∞—è –†–æ—Å—Å–∏–∏ –∑–∞–≤–æ–µ–≤–∞–ª–∞ 6 –∑–æ–ª–æ—Ç—ã—Ö –º–µ–¥–∞–ª–µ–π –Ω–∞ —á–µ–º–ø–∏–æ–Ω–∞—Ç–µ –ï–≤—Ä–æ–ø—ã –ø–æ —Ö—É–¥–æ–∂–µ—Å—Ç–≤–µ–Ω–Ω–æ–π –≥–∏–º–Ω–∞—Å—Ç–∏–∫–µ https://t.co/4VwjIj2y4u
¬© AFP ht‚Ä¶"
Olympic_Russia|866289167139049476|2017-05-21 13:46:46|–í –†–∏–º–µ —Ö–æ—Ä–æ—à–æ, –∞ –¥–æ–º–∞ –ª—É—á—à–µ! –ü—Ä–∞–≤–¥–∞, @NVikhlyantseva?üòâ https://t.co/fA3tPS3DUx
Olympic_Russia|866288378643456000|2017-05-21 13:43:38|–ü–ª—è–∂–Ω—ã–π –ø—Ä–∏–≤–µ—Ç –æ—Ç –ö—Å–µ–Ω–∏–∏ –°—Ç–æ–ª–±–æ–≤–æ–πüëôüèù‚õ±üòò https://t.co/TqflAlt6vq
Olympic_Russia|866287664923910144|2017-05-21 13:40:48|RT @rsportru: –í–∞—Å–∏–ª–µ–≤—Å–∫–∏–π –±—É–¥–µ—Ç –∑–∞—â–∏—â–∞—Ç—å –≤–æ—Ä–æ—Ç–∞ —Ö–æ–∫–∫–µ–∏—Å—Ç–æ–≤ –†–§ –≤ –º–∞—Ç—á–µ –∑–∞ –±—Ä–æ–Ω–∑—É –ß–ú-2017 —Å —Ñ–∏–Ω–Ω–∞–º–∏ https://t.co/w1eCnGhM7J
Olympic_Russia|866287594904137728|2017-05-21 13:40:32|"RT @sport_ru_portal: #–î—Ä—É–≥–∏–µ. –ê—Ä–∏–Ω–∞ –ê–≤–µ—Ä–∏–Ω–∞: ""–£ –º–µ–Ω—è –¥–∞–∂–µ –º—ã—Å–ª–∏ –Ω–µ –±—ã–ª–æ, —á—Ç–æ —á—Ç–æ-—Ç–æ –Ω–µ –ø–æ–ª—É—á–∏—Ç—Å—è""

–ö —Å—É–±–±–æ—Ç–Ω–µ–º—É –∑–æ–ª–æ—Ç—É, –≤—ã–∏–≥—Ä–∞–Ω–Ω–æ–º—É –≤   htt‚Ä¶"
Olympic_Russia|866283501955493889|2017-05-21 13:24:16|–î–∏–Ω–∞ –ê–≤–µ—Ä–∏–Ω–∞ - –ø–æ–±–µ–¥–∏—Ç–µ–ª—å–Ω–∏—Ü–∞ #–ß–ï –ø–æ —Ö—É–¥–æ–∂–µ—Å—Ç–≤–µ–Ω–Ω–æ–π –≥–∏–º–Ω–∞—Å—Ç–∏–∫–µ –≤ —É–ø—Ä–∞–∂–Ω–µ–Ω–∏–∏ —Å –ª–µ–Ω—Ç–æ–π, –ê–ª–µ–∫—Å–∞–Ω–¥—Ä–∞ –°–æ–ª–¥–∞—Ç–æ–≤–∞ - —Å–µ—Ä–µ–±—Ä‚Ä¶ https://t.co/tnZbNW7kKT
Olympic_Russia|866266120919101442|2017-05-21 12:15:12|"–û–ª–∏–º–ø–∏–π—Å–∫–∏–π —á–µ–º–ø–∏–æ–Ω, –¥–∑—é–¥–æ–∏—Å—Ç –•–∞—Å–∞–Ω –•–∞–ª–º—É—Ä–∑–∞–µ–≤ —Å—Ç–∞–ª –ø–æ–±–µ–¥–∏—Ç–µ–ª–µ–º —Ç—É—Ä–Ω–∏—Ä–∞ ""–ë–æ–ª—å—à–æ–π —à–ª–µ–º"" –≤ –ï–∫–∞—Ç–µ—Ä–∏–Ω–±—É—Ä–≥–µ! –ü–æ–∑–¥—Ä–∞–≤–ª—è–µ–º‚Ä¶ https://t.co/Fq5KOK6jIa"
Olympic_Russia|866262409459240961|2017-05-21 12:00:27|–°–æ–ª–Ω–µ—á–Ω—ã–π –ø—Ä–∏–≤–µ—Ç –æ—Ç –ê—Ä—Ç—É—Ä–∞ –î–∞–ª–∞–ª–æ—è–Ω–∞ –∏–∑ –§—Ä–∞–Ω—Ü–∏–∏ #bonjour üòö https://t.co/bHHy2UYW57
Olympic_Russia|866261075414700034|2017-05-21 11:55:09|–ê—Ö, —ç—Ç–æ—Ç —Å–ª–∞–¥–∫–∏–π –º–∏–≥ –ø–æ–±–µ–¥—ã‚Ä¶ –°–∞–º—ã–π –ø—Ä–∏—è—Ç–Ω—ã–π –º–æ–º–µ–Ω—Ç #–ß–ï –ø–æ —Ö—É–¥–æ–∂–µ—Å—Ç–≤–µ–Ω–Ω–æ–π –≥–∏–º–Ω–∞—Å—Ç–∏–∫–µ! üòÜüòÜüòÜ https://t.co/YYLRDu8fgA
Olympic_Russia|866259641449230338|2017-05-21 11:49:27|RT @tennisrussia: –ï–∫–∞—Ç–µ—Ä–∏–Ω–∞ –ú–∞–∫–∞—Ä–æ–≤–∞ –∏ –ï–ª–µ–Ω–∞ –í–µ—Å–Ω–∏–Ω–∞ —É—Å—Ç—É–ø–∏–ª–∏ –≤ —Ñ–∏–Ω–∞–ª–µ —Ç—É—Ä–Ω–∏—Ä–∞ –≤ –†–∏–º–µ
Olympic_Russia|866259569235853312|2017-05-21 11:49:10|–ê—Ä–∏–Ω–∞ –ê–≤–µ—Ä–∏–Ω–∞ –ø–æ–±–µ–¥–∏–ª–∞ –≤ —É–ø—Ä–∞–∂–Ω–µ–Ω–∏—è—Ö —Å –º—è—á–æ–º –Ω–∞ #–ß–ï –ø–æ —Ö—É–¥–æ–∂–µ—Å—Ç–≤–µ–Ω–Ω–æ–π –≥–∏–º–Ω–∞—Å—Ç–∏–∫–µ, –ê–ª–µ–∫—Å–∞–Ω–¥—Ä–∞ –°–æ–ª–¥–∞—Ç–æ–≤–∞ —Å—Ç–∞–ª–∞ –≤—Ç–æ—Ä–æ–π‚Ä¶ https://t.co/Hk06pyjOUI
Olympic_Russia|866248759918960640|2017-05-21 11:06:13|–î–∏–Ω–∞ –ê–≤–µ—Ä–∏–Ω–∞ –ø–æ–±–µ–¥–∏–ª–∞ –Ω–∞ #–ß–ï –≤ —É–ø—Ä–∞–∂–Ω–µ–Ω–∏—è—Ö —Å –æ–±—Ä—É—á–µ–º, –ê–ª–µ–∫—Å–∞–Ω–¥—Ä–∞ –°–æ–ª–¥–∞—Ç–æ–≤–∞ —Å—Ç–∞–ª–∞ –≤—Ç–æ—Ä–æ–π! –ü–æ–∑–¥—Ä–∞–≤–ª—è–µ–º –Ω–∞—à–∏—Ö —É–º–Ω–∏—Ü!!!‚Ä¶ https://t.co/26zmDUc95K
Olympic_Russia|866238037168185344|2017-05-21 10:23:36|–í—Å–µ–º —Å–ø–æ—Ä—Ç —Å –ê–ª–µ–∫—Å–µ–µ–º –ü–µ—Ç—É—Ö–æ–≤—ã–º ‚úåüí™ https://t.co/FJaDhoz1mB
Olympic_Russia|866237783089786880|2017-05-21 10:22:36|–ü–æ–ø—Ä–æ–±—É–π—Ç–µ —Å–æ—Å—á–∏—Ç–∞—Ç—å üòµ —Å–∫–æ–ª—å–∫–æ –º–µ–¥–∞–ª–µ–π —É –¢–∞—Ç—å—è–Ω—ã –í–æ–ª–æ—Å–æ–∂–∞—Ä –∏ –ú–∞–∫—Å–∏–º–∞ –¢—Ä–∞–Ω—å–∫–æ–≤–∞ –Ω–∞ –¥–≤–æ–∏—Ö üòÜüòâ https://t.co/g3xPTSjxyl
Olympic_Russia|866216716686290944|2017-05-21 08:58:53|–ö–æ–º–∞–Ω–¥–∞ –ê–Ω–Ω—ã –°–∏–¥–æ—Ä–æ–≤–æ–π –≤—ã–∏–≥—Ä–∞–ª–∞ —Ç—É—Ä–Ω–∏—Ä –ø–æ –∫–µ—Ä–ª–∏–Ω–≥—É Arctic Cup. –ü–æ–∑–¥—Ä–∞–≤–ª—è–µ–º üëèüëèüëèüëè https://t.co/pXs1Eaku2Z
Olympic_Russia|866213078622449664|2017-05-21 08:44:26|–Ø—Ä–∫–æ–≥–æ –≤–∞–º –≤–æ—Å–∫—Ä–µ—Å–µ–Ω—å—è! –û—Ç–¥—ã—Ö–∞–π—Ç–µ –∏ –ø–æ–ª—É—á–∞–π—Ç–µ —É–¥–æ–≤–æ–ª—å—Å—Ç–≤–∏–µ –æ—Ç –∂–∏–∑–Ω–∏ , –∫–∞–∫ –ï–ª–∏–∑–∞–≤–µ—Ç–∞ –¢—É–∫—Ç–∞–º—ã—à–µ–≤–∞ üçπüç¶üç∞üç¨üç≠ https://t.co/CO05eKa8Az
Olympic_Russia|866212669874982912|2017-05-21 08:42:48|–¶–µ–Ω–∏—Ç–µ –º–∏–Ω—É—Ç—ã, –ø—Ä–æ–≤–µ–¥–µ–Ω–Ω—ã–µ —Å —Ä–æ–¥–Ω—ã–º–∏, –∫–∞–∫ –ù–∏–∫–∏—Ç–∞ –õ–æ–±–∏–Ω—Ü–µ–≤! üòÜüë¨üë™üë≠ https://t.co/MX2IdVJ0Rf
Olympic_Russia|866212409668751360|2017-05-21 08:41:46|–¢–∞—Ç—å—è–Ω–∞ –í–æ–ª–æ—Å–æ–∂–∞—Ä –∏ –ú–∞–∫—Å–∏–º –¢—Ä–∞–Ω—å–∫–æ–≤ –≤ —Ç—Ä–µ–Ω–¥–µ üëåüëç https://t.co/mPYMx8qfch
Olympic_Russia|866202342244352000|2017-05-21 08:01:46|–ê–ª–µ–∫—Å–∞–Ω–¥—Ä–∞ –°–æ–ª–¥–∞—Ç–æ–≤–∞ —Å –Ω–æ–≤—ã–º –ø—Ä–∏—è—Ç–µ–ª–µ–º ‚Äî –º–∞—Å–∫–æ—Ç–æ–º #–ß–ï –ø–æ —Å–ø–æ—Ä—Ç–∏–≤–Ω–æ–π –≥–∏–º–Ω–∞—Å—Ç–∏–∫–µ üêµüêíüòÄüòä –ø–µ—Ä–µ–¥–∞—é—Ç –ø—Ä–∏–≤–µ—Ç –∏–∑ –ë—É–¥–∞–ø–µ—à—Ç–∞ üòâ https://t.co/brOWHMOfPx
Olympic_Russia|866200887672410112|2017-05-21 07:55:59|–ê–ª–µ–∫—Å–µ–π –ù–µ–º–æ–≤ –≤–≤–µ–¥—ë–Ω –≤ –ú–µ–∂–¥—É–Ω–∞—Ä–æ–¥–Ω—ã–π –∑–∞–ª —Å–ª–∞–≤—ã –≥–∏–º–Ω–∞—Å—Ç–∏–∫–∏!!!! –ü–æ–∑–¥—Ä–∞–≤–ª—è–µ–º üëèüëèüëè https://t.co/dAHC5YQSf8
Olympic_Russia|866190522226003968|2017-05-21 07:14:48|–ë–æ–ª–µ–µ–º —Å–µ–≥–æ–¥–Ω—è –∑–∞ –û–ª–∏–º–ø–∏–π—Å–∫–∏—Ö —á–µ–º–ø–∏–æ–Ω–æ–∫ üôÜüôÜüôÜ –Ω–∞ —Ç—É—Ä–Ω–∏—Ä–µ –≤ –†–∏–º–µ https://t.co/0I8gGLScvu
Olympic_Russia|866189382369374212|2017-05-21 07:10:16|–ö–æ–≥–¥–∞ —Å–º–µ–Ω–∏–ª –∫–æ–Ω—å–∫–∏ –∏ –∫–æ—Å—Ç—é–º –¥–ª—è —Ñ–∏–≥—É—Ä–Ω–æ–≥–æ –∫–∞—Ç–∞–Ω–∏—è –Ω–∞ –∞—Ä–º–µ–π—Å–∫—É—é —Ñ–æ—Ä–º—É! –ú–∏—à–∞, –≤–æ–∑–≤—Ä–∞—â–∞–π—Å—è –Ω–∞ –ª—ë–¥ —Å–∫–æ—Ä–µ–µ:) üòÜ‚òùüòµ https://t.co/8BZXN4kOzi
Olympic_Russia|866189113711570944|2017-05-21 07:09:12|–ö—Ä–∞—Å–æ—Ç—ã –≤–∞–º –≤ –ª–µ–Ω—Ç—É –æ—Ç –ú–∞—Ä–≥–∞—Ä–∏—Ç—ã –ú–∞–º—É–Ω! üëºüòçüòÜüòáüòòüò± https://t.co/ZyirMi2ecC
Olympic_Russia|866179846673764352|2017-05-21 06:32:22|–ù–µ—Å—Ä–∞–≤–Ω–µ–Ω–Ω–∞—è –ê–ª–µ–∫—Å–∞–Ω–¥—Ä–∞ –°–æ–ª–¥–∞—Ç–æ–≤–∞ –Ω–∞ #–ß–ï –ø–æ —Ö—É–¥–æ–∂–µ—Å—Ç–≤–µ–Ω–Ω–æ–π –≥–∏–º–Ω–∞—Å—Ç–∏–∫–µ üòçüòçüòç! –í–µ—Ä–∏–º –∏ –±–æ–ª–µ–µ–º —Å–µ–≥–æ–¥–Ω—è –≤ —Ñ–∏–Ω–∞–ª–µ‚Ä¶ https://t.co/dxuNilbVCV
Olympic_Russia|866178774479638529|2017-05-21 06:28:07|–†–∞–¥—É–µ–º—Å—è –≤–æ—Å–∫—Ä–µ—Å–µ–Ω—å—é, –∫–∞–∫ #–∫–æ–º–∞–Ω–¥–∞–†–æ—Å—Å–∏–∏ –ø–æ —à–æ—Ä—Ç‚Äî—Ç—Ä–µ–∫—É üôÜüôÜüôÜ https://t.co/3SjwKE9vQE
Olympic_Russia|866178482136547328|2017-05-21 06:26:57|–í—Å–µ–º —Å–ø–æ—Ä—Ç —Å –î–∞—Ä—å–µ–π –ö–∞—Å–∞—Ç–∫–∏–Ω–æ–π @DKasatkina ! ‚úå https://t.co/ZMcOzTNOW2
Olympic_Russia|866178189550374912|2017-05-21 06:25:47|–î–æ–±—Ä–æ–µ —É—Ç—Ä–æ, –¥—Ä—É–∑—å—è! –ü—Ä–æ–≤–æ–¥–∏—Ç–µ –≤—ã—Ö–æ–¥–Ω—ã–µ –≤ –æ–∫—Ä—É–∂–µ–Ω–∏–∏ —Å–∞–º—ã—Ö –ª—é–±–∏–º—ã—Ö –∏ —Ä–æ–¥–Ω—ã—Ö üòÜüòáüëºüòç https://t.co/sPYv0DpGu3
Olympic_Russia|866178092318035968|2017-05-21 06:25:24|–ü–µ—Ä–µ–¥ —Ç–µ–º, –∫–∞–∫ –±–æ–ª–µ—Ç—å –∑–∞ –Ω–∞—à–∏—Ö —Ö—É–¥–æ–∂–Ω–∏—Ü –Ω–∞ #–ß–ï –≤ —Ñ–∏–Ω–∞–ª–µ –ª–∏—á–Ω–æ–≥–æ –∏ –≥—Ä—É–ø–ø–æ–≤–æ–≥–æ –º–Ω–æ–≥–æ–±–æ—Ä—å—è, –ø–æ—Å–º–æ—Ç—Ä–∏—Ç–µ —Ä–æ–ª–∏–∫ –Ω–∞ #roctv‚Ä¶ https://t.co/eXzhp2xVDz
Olympic_Russia|866176855698788352|2017-05-21 06:20:29|–£–ª—ã–±–æ–∫ –≤–∞–º –≤ –ª–µ–Ω—Ç—É –∏ —Å –¥–æ–±—Ä—ã–º —É—Ç—Ä–æ–º! –î–æ –û–ª–∏–º–ø–∏–∞–¥—ã @pyeongchang2018 264 –¥–Ω—è, –Ω—É –∞ –¥–ª—è —Ö–æ—Ä–æ—à–µ–≥–æ –Ω–∞—Å—Ç—Ä–æ–µ–Ω–∏—è –µ—Å—Ç—å –ø–æ–≤–æ–¥‚Ä¶ https://t.co/GLf0QVdptS
Olympic_Russia|866176369667035136|2017-05-21 06:18:33|RT @rsportru: –†–æ—Å—Å–∏—è–Ω–∫–∏ –ø–æ–±–µ–¥–∏–ª–∏ –≤ —Å—Ç—Ä–µ–ª—å–±–µ –∏–∑ –∫–ª–∞—Å—Å–∏—á–µ—Å–∫–æ–≥–æ –ª—É–∫–∞ –Ω–∞ —ç—Ç–∞–ø–µ –ö—É–±–∫–∞ –º–∏—Ä–∞ –≤ –®–∞–Ω—Ö–∞–µ https://t.co/DSNLF0FZn3 https://t.co/97r7dvd‚Ä¶
Olympic_Russia|866175458609684480|2017-05-21 06:14:56|RT @khl: –ó–∞–∫–ª—é—á–∏—Ç–µ–ª—å–Ω–∞—è –∏–≥—Ä–∞ –Ω–∞ –ß–µ–º–ø–∏–æ–Ω–∞—Ç–µ –º–∏—Ä–∞ 2017 –¥–ª—è —Å–±–æ—Ä–Ω–æ–π –†–æ—Å—Å–∏–∏. https://t.co/fQacllQ4sI
Olympic_Russia|866175413789368320|2017-05-21 06:14:46|RT @rsportru: –ö–æ–º–∞–Ω–¥–∞ –°–∏–¥–æ—Ä–æ–≤–æ–π –æ–±—ã–≥—Ä–∞–ª–∞ –∫–æ–º–∞–Ω–¥—É –ú–æ–∏—Å–µ–µ–≤–æ–π –≤ –ø–æ–ª—É—Ñ–∏–Ω–∞–ª–µ —Ç—É—Ä–Ω–∏—Ä–∞ –ø–æ –∫–µ—Ä–ª–∏–Ω–≥—É Arctic cup https://t.co/tMHMuK9HNf https://t.co‚Ä¶
Olympic_Russia|866157548185034752|2017-05-21 05:03:46|RT @IntJudoFed: Watch day 2 of #JudoRussia2017 live &amp; free at https://t.co/I8AILFD2ch https://t.co/WG1CQ1ubAC
Olympic_Russia|866035730149253121|2017-05-20 20:59:42|–ì–µ—Ä–æ–∏–Ω–∏ —Å–µ–≥–æ–¥–Ω—è—à–Ω–µ–≥–æ –¥–Ω—èüëèüëèüëèüá∑üá∫üá∑üá∫üá∑üá∫ https://t.co/yW0bFRtr6e
Olympic_Russia|866014180297637893|2017-05-20 19:34:05|RT @russiahockey: 21 –º–∞—è –≤ 17:15 –≤ –º–∞—Ç—á–µ –∑–∞ –±—Ä–æ–Ω–∑–æ–≤—ã–µ –º–µ–¥–∞–ª–∏ –º—ã —Å—ã–≥—Ä–∞–µ–º —Å–æ —Å–±–æ—Ä–Ω–æ–π –§–∏–Ω–ª—è–Ω–¥–∏–∏. –ó–æ–ª–æ—Ç–æ —Ä–∞–∑—ã–≥—Ä–∞—é—Ç –ö–∞–Ω–∞–¥–∞ –∏ –®–≤–µ—Ü–∏—è.
Olympic_Russia|866008103837454337|2017-05-20 19:09:56|RT @rsportru: –°–±–æ—Ä–Ω–∞—è –†–æ—Å—Å–∏–∏ –∑–∞–≤–æ–µ–≤–∞–ª–∞ –∑–æ–ª–æ—Ç–æ –ß–ï –ø–æ —Ö—É–¥–æ–∂–µ—Å—Ç–≤–µ–Ω–Ω–æ–π –≥–∏–º–Ω–∞—Å—Ç–∏–∫–µ –≤ –∫–æ–º–∞–Ω–¥–Ω–æ–º –ø–µ—Ä–≤–µ–Ω—Å—Ç–≤–µ https://t.co/qld3RKkXwS https://t.co/7‚Ä¶
Olympic_Russia|865993437014880257|2017-05-20 18:11:39|–ê–Ω–Ω–∞ –°–µ–Ω—å –¥–∞–µ—Ç –ø–æ–Ω—è—Ç—å: –º–æ–∂–µ—Ç–µ —Å–µ–≥–æ–¥–Ω—è –ø–æ–∑–≤–æ–ª–∏—Ç—å —Å–µ–±–µ –±–æ–ª—å—à–µ, —á–µ–º –æ–±—ã—á–Ω–æ! –ó–∞–≤—Ç—Ä–∞ –æ–ø—è—Ç—å –æ—Ç–¥—ã—Ö–∞–µ–ºüíÖüíçüëúüëë https://t.co/FgOffkR7LZ
Olympic_Russia|865992384722735106|2017-05-20 18:07:28|–ú–∞—Ä–≥–∞—Ä–∏—Ç–∞ –ú–∞–º—É–Ω –∏ –Ø–Ω–∞ –ö—É–¥—Ä—è–≤—Ü–µ–≤–∞ –∂–µ–ª–∞—é—Ç –≤–∞–º –ø—Ä–∏—è—Ç–Ω–æ–≥–æ –≤–µ—á–µ—Ä–∞üíÉüíÑüíã https://t.co/8ffH5EqMul
Olympic_Russia|865990835883659265|2017-05-20 18:01:19|RT @IntJudoFed: Find out the results from day 1 of #JudoRussia2017 -&gt; https://t.co/jjSPIWgIQ3 https://t.co/HJEFnJPm9i
Olympic_Russia|865985953860640770|2017-05-20 17:41:55|RT @InteBNLdItalia: A stunning shot signed by Vesnina/Makarova! The russian #tennis players delight the audience with a splendid move! üí™üèª #‚Ä¶
Olympic_Russia|865976445151186956|2017-05-20 17:04:08|RT @russiahockey: –ö–∞–Ω–∞–¥–∞ - –†–æ—Å—Å–∏—è - 4:2. –ì–æ–ª—ã –∏ –æ–ø–∞—Å–Ω—ã–µ –º–æ–º–µ–Ω—Ç—ã: https://t.co/BzY7NHLB3e
Olympic_Russia|865973555162488833|2017-05-20 16:52:39|RT @rsportru: –°–ø–∞—Å–∏–±–æ –∑–∞ –∏–≥—Ä—É, –º—É–∂–∏–∫–∏! –ë–∏–ª–∏—Å—å –¥–æ –ø–æ—Å–ª–µ–¥–Ω–µ–≥–æ! https://t.co/AYgsxS2sk1 #CANvsRUS https://t.co/A41owjDwFD
Olympic_Russia|865973538045534208|2017-05-20 16:52:35|RT @rsportru: –•–æ–∫–∫–µ–∏—Å—Ç—ã —Å–±–æ—Ä–Ω–æ–π –†–æ—Å—Å–∏–∏ —Å–æ —Å—á–µ—Ç–æ–º 2:4 —É—Å—Ç—É–ø–∏–ª–∏ –∫–æ–º–∞–Ω–¥–µ –ö–∞–Ω–∞–¥—ã –≤ –º–∞—Ç—á–µ #–ß–ú2017 https://t.co/dpoUE8zF6L #CANvsRUS https://t.co‚Ä¶
Olympic_Russia|865948060299481088|2017-05-20 15:11:20|–î–∑—é–¥–æ–∏—Å—Ç –ê–±–¥—É–ª–∞ –ê–±–¥—É–ª–∂–∞–ª–∏–ª–æ–≤ ‚Äì –ø–æ–±–µ–¥–∏—Ç–µ–ª—å —Ç—É—Ä–Ω–∏—Ä–∞ ¬´–ë–æ–ª—å—à–æ–≥–æ —à–ª–µ–º–∞¬ª –≤ –ï–∫–∞—Ç–µ—Ä–∏–Ω–±—É—Ä–≥–µ –≤ –∫–∞—Ç–µ–≥–æ—Ä–∏–∏ –¥–æ 66 –∫–≥.üëèüëèüëèüá∑üá∫üá∑üá∫üá∑üá∫ https://t.co/EloDxCHnBs
Olympic_Russia|865946192814985216|2017-05-20 15:03:55|–¢–≤–æ–µ –ª–∏—Ü–æ, –∫–æ–≥–¥–∞ —Å—á–µ—Ç —Å—Ç–∞–ª 2:1üò≠üò≠üò≠ https://t.co/DgVbiwdj8A
Olympic_Russia|865942424073506817|2017-05-20 14:48:56|–ú—ã –≤—Å–µ –≥–æ—Ç–æ–≤—ã —Å—Ç–æ—è—Ç—å –Ω–∞ –≥–æ–ª–æ–≤–µ, –∫–∞–∫ –ò—Ä–∏–Ω–∞ –ë–ª–∏–∑–Ω–æ–≤–∞!!! –†–æ—Å—Å–∏–π—Å–∫–∏–µ —Ö–æ–∫–∫–µ–∏—Å—Ç—ã –≤–µ–¥—É—Ç —É –∫–∞–Ω–∞–¥—Ü–µ–≤ –ø–æ—Å–ª–µ 2 –ø–µ—Ä–∏–æ–¥–æ–≤ 2:0!‚úåÔ∏è‚Ä¶ https://t.co/g7xLaZEfB5
Olympic_Russia|865941060681441283|2017-05-20 14:43:31|RT @russiahockey: –ü—Ä–æ—Å—Ç–æ, –∫–∞–∫ —Ä–∞–∑-–¥–≤–∞-—Ç—Ä–∏! –ì—É—Å–µ–≤ –∑–∞–≤–µ—Ä—à–∞–µ—Ç –ò–î–ï–ê–õ–¨–ù–£–Æ –∫–æ–º–±–∏–Ω–∞—Ü–∏—é, –º–æ–∂–Ω–æ —Å–º–æ—Ç—Ä–µ—Ç—å –±–µ—Å–∫–æ–Ω–µ—á–Ω–æüòçüòçüòç https://t.co/rgbJb8qzFz
Olympic_Russia|865940116333789189|2017-05-20 14:39:46|–î–∞—Ä—å—è –°–ø–∏—Ä–∏–¥–æ–Ω–æ–≤–∞ –≤ —à–æ–∫–µ: —Ä–æ—Å—Å–∏–π—Å–∫–∏–µ —Ö–æ–∫–∫–µ–∏—Å—Ç—ã –∑–∞–±–∏–ª–∏ —É–∂–µ –≤—Ç–æ—Ä–æ–π –≥–æ–ª!üôåüôåüôåüá∑üá∫üá∑üá∫üá∑üá∫ https://t.co/mv2DVDDa0k
Olympic_Russia|865939675462201344|2017-05-20 14:38:01|–ü–µ—Ä–≤–∞—è —à–∞–π–±–∞ –µ—Å—Ç—å! –ê –≤—ã –±–æ–ª–µ–µ—Ç–µ –∑–∞ —Å–±–æ—Ä–Ω—É—é –†–æ—Å—Å–∏–∏ –ø–æ —Ö–æ–∫–∫–µ—é, –∫–∞–∫ –ò—Ä–∏–Ω–∞ –ê–≤–≤–∞–∫—É–º–æ–≤–∞?!üëçüëçüëçüá∑üá∫üá∑üá∫üá∑üá∫ https://t.co/1pxVWuK6kS
Olympic_Russia|865938634981212160|2017-05-20 14:33:53|RT @FIE_fencing: Big Congrats to the medalists of women's foil event at the #FencingGrandPrix in Shanghai : @BatiniMartina, Deriglazova, Tr‚Ä¶
Olympic_Russia|865938516475293697|2017-05-20 14:33:25|RT @russiahockey: –°–∞–º—ã–π –ò–î–ï–ê–õ–¨–ù–´–ô –ì–û–õ —ç—Ç–æ–≥–æ –ß–ú! –ù–∞—Å—Ç–æ—è—â–∞—è —Ö–æ–∫–∫–µ–π–Ω–∞—è –∫—Ä–∞—Å–æ—Ç–∞ - –ö—É–∑–Ω–µ—Ü–æ–≤ –∑–∞–º—ã–∫–∞–µ—Ç –≤ –ü–£–°–¢–´–ï –í–û–†–û–¢–ê! 1:0 –≤–µ–¥—ë–º! https://t.co/XY‚Ä¶
Olympic_Russia|865934709582426113|2017-05-20 14:18:17|–î—Ä—É–∂–±–∞ –∫—Ä–µ–ø–∫–∞—è –Ω–µ —Å–ª–æ–º–∞–µ—Ç—Å—è,–Ω–µ —Ä–∞—Å–∫–ª–µ–∏—Ç—Å—è –æ—Ç –¥–æ–∂–¥–µ–π –∏ –≤—å—é–≥!üôèüôèüôè https://t.co/IEO7uzI7b6
Olympic_Russia|865931995007897600|2017-05-20 14:07:30|–ö–∞–∫ –≤–∞–º –î–µ–Ω–∏—Å –î–º–∏—Ç—Ä–∏–µ–≤ –≤ —Ç–∞–∫–æ–º –æ–±—Ä–∞–∑–µ?üòÇüòÇüòÇ https://t.co/eRiL5oM2A4
Olympic_Russia|865931078367928320|2017-05-20 14:03:51|–ê–Ω–∞—Å—Ç–∞—Å–∏—è –ë–ª–∏–∑–Ω—é–∫ –ø—Ä—è–º–æ —Å–µ–π—á–∞—Å –±–æ–ª–µ–µ—Ç –∑–∞ —Å–±–æ—Ä–Ω—É—é –†–æ—Å—Å–∏–∏ –ø–æ —Ö–æ–∫–∫–µ—é! –ê –≤—ã?ü§ûü§ûü§ûüá∑üá∫üá∑üá∫üá∑üá∫ https://t.co/WC7rAgiTr1
Olympic_Russia|865930119004737536|2017-05-20 14:00:03|#–≤—Å–µ–º—Å–ø–æ—Ä—Ç —Å –Æ—Ä–∏–µ–º –ü–æ—Å—Ç—Ä–∏–≥–∞–µ–ºüö¥üö¥üö¥ https://t.co/SQ5UiXQBLL
Olympic_Russia|865929526429306881|2017-05-20 13:57:41|–í–∏–æ–ª–µ—Ç—Ç–∞ –ö–æ–ª–æ–±–æ–≤–∞ –≤ –ì–æ—Å—É–¥–∞—Ä—Å—Ç–≤–µ–Ω–Ω–æ–º –º—É–∑–µ–µ —Å–ø–æ—Ä—Ç–∞ü§ìü§ìü§ì https://t.co/JSE5SZ7akg
Olympic_Russia|865927572785434627|2017-05-20 13:49:56|–ê–ª–µ–∫—Å–∞–Ω–¥—Ä –≤ –ê–ª–µ–∫—Å–∞–Ω–¥—Ä–æ–≤–µ. –ú–∞—Å—Ç–µ—Ä-–∫–ª–∞—Å—Å –ê–ª–µ–∫—Å–∞–Ω–¥—Ä–∞ –ú–∏—Ö–∞–π–ª–∏–Ω–∞üëçüëçüëç https://t.co/1TfBzhSVti
Olympic_Russia|865924965434097664|2017-05-20 13:39:34|–¢–µ–ø–ª–æ –ª—å —Ç–µ–±–µ, –¥–µ–≤–∏—Ü–∞?üò≥üò≥üò≥ https://t.co/iGNoDD2Bwx
Olympic_Russia|865924134701805568|2017-05-20 13:36:16|–í—Ä–µ–º—è –Ω–µ –≤–ª–∞—Å—Ç–Ω–æ –Ω–∞–¥ –†–æ–º–∞–Ω–æ–º –í–ª–∞—Å–æ–≤—ã–ºüòäüòäüòä https://t.co/jaE1crf80N
Olympic_Russia|865922250008121345|2017-05-20 13:28:47|–ù–µ –∑–∞–≤–∏–¥—É–π—Ç–µ —Ñ–∏–≥—É—Ä–∏—Å—Ç–∫–∞–º! –£ –Ω–∏—Ö —Ç–æ–∂–µ –æ—Ç–ø—É—Å–∫ –∫–æ—Ä–æ—Ç–∫–∏–π...üòèüòèüòè https://t.co/95Oz28Ouml
Olympic_Russia|865919109942398976|2017-05-20 13:16:18|–£ –ê–Ω—Ç–æ–Ω–∞ –ë–∞–±–∏–∫–æ–≤–∞ –Ω–∞—Å—ã—â–µ–Ω–Ω–∞—è –∏ –∏–Ω—Ç–µ—Ä–µ—Å–Ω–∞—è –∂–∏–∑–Ω—å...ü§óü§óü§ó https://t.co/Tjtynlb5Hx
Olympic_Russia|865914324832964608|2017-05-20 12:57:17|–°–∏–Ω—Ö—Ä–æ–Ω–Ω–æ–µ –ø–ª–∞–≤–∞–Ω–∏–µ slowmo –æ—Ç –ê–Ω–∂–µ–ª–∏–∫–∏ –¢–∏–º–∞–Ω–∏–Ω–æ–πüëÄüëÄüëÄ https://t.co/72SccXGfbH
Olympic_Russia|865913511620358144|2017-05-20 12:54:03|–ê—Ä—Ç—É—Ä –î–∞–ª–∞–ª–æ—è–Ω —à–ª–µ—Ç –ø—Ä–∏–≤–µ—Ç –∏–∑ –§—Ä–∞–Ω—Ü–∏–∏üòúüòúüòú https://t.co/aRoy0RyVBm
Olympic_Russia|865910724740231171|2017-05-20 12:42:59|–ê–Ω—Ç–æ–Ω –®–∏–ø—É–ª–∏–Ω –ø—Ä–∏–Ω—è–ª —É—á–∞—Å—Ç–∏–µ –≤ –±–ª–∞–≥–æ—Ç–≤–æ—Ä–∏—Ç–µ–ª—å–Ω–æ–º –≤–µ—á–µ—Ä–µ —Ö–æ–∫–∫–µ—è –≤ –ï–∫–∞—Ç–µ—Ä–∏–Ω–±—É—Ä–≥–µüèíü•Öüëç https://t.co/RJ7T2Io7tM
Olympic_Russia|865909018073718785|2017-05-20 12:36:12|–ö–æ—Ä–æ—Ç–∫–æ –æ —Ç–æ–º, –∫–∞–∫ –î–µ–Ω–∏—Å –Æ—Å–∫–æ–≤ –≥–æ—Ç–æ–≤–∏—Ç—Å—è –∫ –æ–ª–∏–º–ø–∏–π—Å–∫–æ–º—É —Å–µ–∑–æ–Ω—Éüí™üí™üí™ https://t.co/KdRXjQFOCK
Olympic_Russia|865907384430071808|2017-05-20 12:29:42|–ü–æ–∫–∞ –∂–¥–µ—Ç–µ —Ö–æ–∫–∫–µ–π, –æ—Ç–≤–µ—Ç—å—Ç–µ –Ω–∞ –≤–æ–ø—Ä–æ—Å: —Å–∫–æ–ª—å–∫–æ –∫–∏–ª–æ–∫–∞–ª–æ—Ä–∏–π —Å–∂–∏–≥–∞–µ—Ç –∏–≥—Ä–æ–∫ –∑–∞ –º–∞—Ç—á? –ï—Å–ª–∏ –Ω–µ –∑–Ω–∞–µ—Ç–µ, —Ç–æ –≤–∞–º –Ω–∞ #rocvüëâ‚Ä¶ https://t.co/1MTTUNk5gq
Olympic_Russia|865900972421390336|2017-05-20 12:04:14|RT @rsportru: –ê–Ω–¥—Ä–µ–π –í–∞—Å–∏–ª–µ–≤—Å–∫–∏–π –±—É–¥–µ—Ç –∑–∞—â–∏—â–∞—Ç—å –≤–æ—Ä–æ—Ç–∞ —Å–±–æ—Ä–Ω–æ–π –†–æ—Å—Å–∏–∏ –ø–æ —Ö–æ–∫–∫–µ—é –≤ –ø–æ–ª—É—Ñ–∏–Ω–∞–ª–µ #–ß–ú2017 —Å –∫–∞–Ω–∞–¥—Ü–∞–º–∏ https://t.co/KJurQ7Zff5 ht‚Ä¶
Olympic_Russia|865900935649931264|2017-05-20 12:04:05|RT @rsportru: –ê–Ω–¥—Ä–µ–π –ú–∏—Ä–æ–Ω–æ–≤ –Ω–µ —Å—ã–≥—Ä–∞–µ—Ç –∑–∞ —Å–±–æ—Ä–Ω—É—é –†–æ—Å—Å–∏–∏ –ø–æ —Ö–æ–∫–∫–µ—é –≤ 1/2 —Ñ–∏–Ω–∞–ª–∞ #–ß–ú2017 —Å –∫–æ–º–∞–Ω–¥–æ–π –ö–∞–Ω–∞–¥—ã https://t.co/bKyyUk3CDu https://‚Ä¶
Olympic_Russia|865893036496211968|2017-05-20 11:32:42|RT @sports_hockey: –õ–µ–≥–µ–Ω–¥–∞—Ä–Ω—ã–π –ì–û–õ –ê–ª–µ–∫—Å–µ—è –ö–∞–π–≥–æ—Ä–æ–¥–æ–≤–∞ –≤ 2011, –∫–æ—Ç–æ—Ä—ã–π –ø–æ–º–æ–≥ –ø—Ä–æ–π—Ç–∏ –ö–∞–Ω–∞–¥—É –≤ 1/4! https://t.co/1tEwd2PYwf
Olympic_Russia|865892825505943553|2017-05-20 11:31:51|RT @rsportru: –†–∞–ø–∏—Ä–∏—Å—Ç–∫–∞ –ò–Ω–Ω–∞ –î–µ—Ä–∏–≥–ª–∞–∑–æ–≤–∞  –∑–∞–Ω—è–ª–∞ –≤—Ç–æ—Ä–æ–µ –º–µ—Å—Ç–æ –Ω–∞ —ç—Ç–∞–ø–µ –ì—Ä–∞–Ω-–ø—Ä–∏ –≤ –®–∞–Ω—Ö–∞–µ, –°–≤–µ—Ç–ª–∞–Ω–∞ –¢—Ä–∏–ø–∞–ø–∏–Ω–∞ —Å—Ç–∞–ª–∞ —Ç—Ä–µ—Ç—å–µ–π https://t.co/FO‚Ä¶
Olympic_Russia|865892795608858625|2017-05-20 11:31:44|RT @rsportru: IIHF —Ä–µ–∫–æ–º–µ–Ω–¥—É–µ—Ç –¥–æ–±–∞–≤–ª—è—Ç—å –≤ —Ä–∞—Å—à–∏—Ä–µ–Ω–Ω—É—é –∑–∞—è–≤–∫—É —Å–±–æ—Ä–Ω–æ–π –Ω–∞ –û–ª–∏–º–ø–∏–∞–¥—É-2018 –∏–≥—Ä–æ–∫–æ–≤ –∏–∑ –ù–•–õ ‚Äì –§–•–† https://t.co/gxWfMMekF0 https:‚Ä¶
Olympic_Russia|865876213675548672|2017-05-20 10:25:51|–°–µ–≥–æ–¥–Ω—è 54-–ª–µ—Ç–∏–µ —É 2-–∫—Ä–∞—Ç–Ω–æ–≥–æ –æ–ª–∏–º–ø–∏–π—Å–∫–æ–≥–æ —á–µ–º–ø–∏–æ–Ω–∞-1988 –ø–æ –≤–µ–ª–æ—Å–ø–æ—Ä—Ç—É –Ω–∞ —Ç—Ä–µ–∫–µ –ì–∏–Ω—Ç–∞—É—Ç–∞—Å–∞ –£–º–∞—Ä–∞—Å–∞. –ó–¥–æ—Ä–æ–≤—å—è! https://t.co/QFgobkfgxL
Olympic_Russia|865874965069000704|2017-05-20 10:20:53|–°–µ–≥–æ–¥–Ω—è 69-–ª–µ—Ç–∏–µ —É 2-–∫—Ä–∞—Ç–Ω–æ–≥–æ –æ–ª–∏–º–ø–∏–π—Å–∫–æ–≥–æ —á–µ–º–ø–∏–æ–Ω–∞ –ø–æ –∞–∫–∞–¥–µ–º–∏—á–µ—Å–∫–æ–π –≥—Ä–µ–±–ª–µ –ê–ª–µ–∫—Å–∞–Ω–¥—Ä–∞ –¢–∏–º–æ—à–∏–Ω–∏–Ω–∞. –ó–¥–æ—Ä–æ–≤—å—è! https://t.co/Wrnmj6T4La
Olympic_Russia|865859940317097984|2017-05-20 09:21:11|RT @InfoSport_news: –°–µ—Ä–≥–µ–π –®–∞—Ö—Ä–∞–π –ø–µ—Ä–µ–∏–∑–±—Ä–∞–Ω –≤ —Å–æ–≤–µ—Ç –ú–∏—Ä–æ–≤–æ–π —Ñ–µ–¥–µ—Ä–∞—Ü–∏–∏ –±–∞–¥–º–∏–Ω—Ç–æ–Ω–∞  https://t.co/ZcyyInsCPl https://t.co/X1tiX8ULv3
Olympic_Russia|865859723328925696|2017-05-20 09:20:19|"RT @olympicchannel: Watch #Live now from Shanghai! First Semi-final of the Westgate Mall Grand Prix. 
https://t.co/OA1w1v44oD Ôº†FIE_fencing‚Ä¶"
Olympic_Russia|865859665879588865|2017-05-20 09:20:05|RT @rsportru: –•–æ—á–µ—Ç—Å—è –ø–æ–±–µ–¥–∏—Ç—å –∫–∞–Ω–∞–¥—Ü–µ–≤, –Ω–æ —Ö–æ–∫–∫–µ–∏—Å—Ç—ã –†–§ –Ω–∞ –ß–ú —É–∂–µ –≤–ª—é–±–∏–ª–∏ –≤ —Å–µ–±—è –∏–≥—Ä–æ–π - –¢—Ä–µ—Ç—å—è–∫ https://t.co/mzRxfbyG6I https://t.co/XJqW‚Ä¶
Olympic_Russia|865859638331408385|2017-05-20 09:19:59|RT @olympicchannel: A perfect day from Portugal! Canoe Sprint World Cup is #LIVE now! https://t.co/0fKl2Kjvpd @PlanetCanoe https://t.co/r3X‚Ä¶
Olympic_Russia|865831821883387904|2017-05-20 07:29:27|–°–µ–≥–æ–¥–Ω—è @JannyMedvedeva –ø–æ—è–≤–∏—Ç—Å—è –≤ –ø—Ä–æ–≥—Ä–∞–º–º–µ –Ω–∞ —è–ø–æ–Ω—Å–∫–æ–º –¢–í –≤–æ—Ç –≤ —Ç–∞–∫–æ–º –æ–±—Ä–∞–∑–µüòãü§ùüéå https://t.co/17TU0EPopg
Olympic_Russia|865831089948045312|2017-05-20 07:26:32|–ê –≤–∞–º —Å–ª–∞–±–æ?!üò±üò±üò± https://t.co/nawZpaVMpD
Olympic_Russia|865830249413693440|2017-05-20 07:23:12|–£—Ç—Ä–µ–Ω–Ω–µ–≥–æ –º–∏–º–∏–º–∏ –≤–∞–º –≤ –ª–µ–Ω—Ç—É –æ—Ç –ê–ª–µ–∫—Å–∞–Ω–¥—Ä–∞ –∏ –í–ª–∞–¥–∏–º–∏—Ä–∞ –¢–∞—Ä–∞—Å–µ–Ω–∫–æ @tara9191ü§óü§óü§ó https://t.co/JL3zi31kdc
Olympic_Russia|865829665516204034|2017-05-20 07:20:53|"RT @russiahockey: –ü–æ–ª—É—Ñ–∏–Ω–∞–ª –ß–ú-2017 –ö–∞–Ω–∞–¥–∞ - –†–æ—Å—Å–∏—è - —É–∂–µ —Å–µ–≥–æ–¥–Ω—è! 16:15 –º—Å–∫ ‚ùóÔ∏è- –Ω–µ –ø—Ä–æ–ø—É—Å—Ç–∏—Ç–µ!
üì∫–ü–µ—Ä–≤—ã–π –ö–∞–Ω–∞–ª, –ú–∞—Ç—á! –ò–≥—Ä–∞, fhr.ru
üìùhttps://‚Ä¶"
Olympic_Russia|865829587854471168|2017-05-20 07:20:34|–° –ª—é–±–∏–º—ã–º–∏ –Ω–µ —Ä–∞—Å—Å—Ç–∞–≤–∞–π—Ç–µ—Å—å...üíñüíñüíñ https://t.co/S6ye9Lg3sn
Olympic_Russia|865826358055849985|2017-05-20 07:07:44|–î–æ–±—Ä–æ–≥–æ —É—Ç—Ä–∞ –≤–∞–º –æ—Ç –¢–∞—Ç—å—è–Ω—ã –ê–∫–∏–º–æ–≤–æ–πüèÉ‚Äç‚ôÄÔ∏èü§∏‚Äç‚ôÄÔ∏èüåû https://t.co/XNqsje4u75
Olympic_Russia|865825672756961281|2017-05-20 07:05:01|–û–Ω–∏ –≤—Å–µ –±–ª–∏–∂–µ! –î–æ #–û–ª–∏–º–ø–∏–∞–¥—ã-2018 –æ—Å—Ç–∞–ª–æ—Å—å 265 –¥–Ω–µ–π. @pyeongchang2018 https://t.co/iKR12foENu
Olympic_Russia|865824420757200899|2017-05-20 07:00:02|RT @rsportru: –†–æ—Å—Å–∏—è–Ω–∫–∏ —Å—Ç–∞–ª–∏ —Ç—Ä–µ—Ç—å–∏–º–∏ –≤ —Å—Ç—Ä–µ–ª—å–±–µ –∏–∑ –±–ª–æ—á–Ω–æ–≥–æ –ª—É–∫–∞ –Ω–∞ —ç—Ç–∞–ø–µ –ö—É–±–∫–∞ –º–∏—Ä–∞ –≤ –®–∞–Ω—Ö–∞–µ https://t.co/rd0mZs0HYK https://t.co/XaByz8‚Ä¶
Olympic_Russia|865818875149123584|2017-05-20 06:38:00|"RT @olympicchannel: .@pyeongchang2018 chief Lee Hee-beom hopes @NHL stars will still make it to South Korea! üá∞üá∑
@IIHFHockey https://t.co/uq‚Ä¶"
Olympic_Russia|865813500739940352|2017-05-20 06:16:39|"RT @rsportru: –†–æ—Å—Å–∏—è–Ω–µ –Ω–µ —Å–º–æ–≥–ª–∏ –ø—Ä–æ–±–∏—Ç—å—Å—è –≤ 1/8 —Ñ–∏–Ω–∞–ª–∞ —ç—Ç–∞–ø–∞ –ú–∏—Ä–æ–≤–æ–≥–æ —Ç—É—Ä–∞ –ø–æ –±–∏—á-–≤–æ–ª–µ—é –≤ –ë—Ä–∞–∑–∏–ª–∏–∏
https://t.co/zBeEmobfO5 https://t.co/Ij‚Ä¶"
Olympic_Russia|865813424680337408|2017-05-20 06:16:21|"RT @rsportru: –ú–∞–ª–∫–∏–Ω @malkin71_ –ø–æ–≤—Ç–æ—Ä–∏–ª —Ä–µ–∫–æ—Ä–¥ –Ø–≥—Ä–∞ –ø–æ –∫–æ–ª–∏—á–µ—Å—Ç–≤—É –º–∞—Ç—á–µ–π –≤ –ø–ª–µ–π-–æ—Ñ—Ñ –ù–•–õ –∑–∞ ""–ü–∏—Ç—Ç—Å–±—É—Ä–≥"" https://t.co/39k9gCBmda
¬© AFP https‚Ä¶"
Olympic_Russia|865813046459084800|2017-05-20 06:14:50|RT @IntJudoFed: Watch #JudoRussia2017 live &amp; free at https://t.co/I8AILFD2ch https://t.co/tCDrPEbClW
Olympic_Russia|865812966813429760|2017-05-20 06:14:31|RT @rsportru: –ë–æ–ª–µ–µ —Å—Ç–∞ –º–µ–¥–∞–ª–µ–π –ò–≥—Ä –≤ –†–∏–æ-–¥–µ-–ñ–∞–Ω–µ–π—Ä–æ –≤–æ–∑–≤—Ä–∞—â–µ–Ω—ã –æ—Ä–≥–∞–Ω–∏–∑–∞—Ç–æ—Ä–∞–º –∏–∑-–∑–∞ –¥–µ—Ñ–µ–∫—Ç–æ–≤. –ù–∞–≥—Ä–∞–¥—ã –Ω–∞—á–∞–ª–∏ —Ä–∂–∞–≤–µ—Ç—å https://t.co/6DRv3kg72‚Ä¶
Olympic_Russia|865651300465115137|2017-05-19 19:32:07|"RT @sport_ru_portal: #–î—Ä—É–≥–∏–µ. –†–æ—Å—Å–∏—è–Ω–µ –∑–∞–≤–æ–µ–≤–∞–ª–∏ 5 –º–µ–¥–∞–ª–µ–π –≤—ã—Å—à–µ–≥–æ –¥–æ—Å—Ç–æ–∏–Ω—Å—Ç–≤–∞ –≤ –ø–µ—Ä–≤—ã–π –¥–µ–Ω—å –ß–ï –ø–æ #–°–∞–º–±–æ

–¢—É—Ä–Ω–∏—Ä –ø—Ä–æ—Ö–æ–¥–∏—Ç –≤ –ú–∏–Ω—Å–∫–µ, —Ç  htt‚Ä¶"
Olympic_Russia|865650663589502976|2017-05-19 19:29:35|"RT @rsportru: –ö—É–∑–Ω–µ—Ü–æ–≤ –Ω–∞—á–Ω–µ—Ç –∏–≥—Ä—É —Å –∫–∞–Ω–∞–¥—Ü–∞–º–∏ –≤ —Ç—Ä–æ–π–∫–µ —Å –ü–∞–Ω–∞—Ä–∏–Ω—ã–º –∏ –ö—É—á–µ—Ä–æ–≤—ã–º ‚Äì –í–∏—Ç–æ–ª–∏–Ω—å—à
https://t.co/KGgPFOPYsQ https://t.co/GSQHhxEEn5"
Olympic_Russia|865648519851384833|2017-05-19 19:21:04|RT @rsportru: –ì–∏–º–Ω–∞—Å—Ç–∫–∞ –°–æ–ª–¥–∞—Ç–æ–≤–∞ –≤—ã—à–ª–∞ –≤ —Ñ–∏–Ω–∞–ª—ã –ß–ï-2017 –≤ —É–ø—Ä–∞–∂–Ω–µ–Ω–∏—è—Ö —Å –º—è—á–æ–º –∏ —Å –æ–±—Ä—É—á–µ–º https://t.co/Gs9ZJIKHDJ https://t.co/0EDUy8lJJA
Olympic_Russia|865593927235018752|2017-05-19 15:44:08|–†–∏–º—Å–∫–∏–µ –∫–∞–Ω–∏–∫—É–ª—ã –ú–∞—Ä–≥–∞—Ä–∏—Ç—ã –ú–∞–º—É–Ωüó∫üèüüçï https://t.co/zP481ERDy0
Olympic_Russia|865590767712174080|2017-05-19 15:31:35|–Æ–ª–∏—è –ï—Ñ–∏–º–æ–≤–∞ —à–ª–µ—Ç –≥–æ—Ä—è—á–∏–π –ø—Ä–∏–≤–µ—Çüåûüëôüåä https://t.co/UchRHEP53W
Olympic_Russia|865590391453646849|2017-05-19 15:30:05|–í—Å–µ–º —Ç–∞–∫–æ–≥–æ –∂–µ –æ—Ç–ª–∏—á–Ω–æ–≥–æ –Ω–∞—Å—Ç—Ä–æ–µ–Ω–∏—è, –∫–∞–∫ —É –ê–Ω–Ω—ã –°–µ–Ω—å! –í–ø–µ—Ä–µ–¥–∏ - –≤—ã—Ö–æ–¥–Ω—ã–µüíÉüíÖüíã https://t.co/pulXOJOOhS
Olympic_Russia|865586948332814338|2017-05-19 15:16:24|RT @russiahockey: 150 —Å–µ–∫—É–Ω–¥ —á–∏—Å—Ç—ã—Ö —ç–º–æ—Ü–∏–π - –Ω–∞—à–µ –≤–∏–¥–µ–æ –æ –≤—á–µ—Ä–∞—à–Ω–µ–º –º–∞—Ç—á–µ, –∫–æ—Ç–æ—Ä–æ–µ —É–∫—Ä–∞—Å–∏—Ç –≤–∞—à –ø—è—Ç–Ω–∏—á–Ω—ã–π –≤–µ—á–µ—Ä: https://t.co/Km7guA11Ye
Olympic_Russia|865585775588651008|2017-05-19 15:11:45|"RT @olympicchannel: Hans Madsen, aka Mr.Beard, from üá®üá¶ is the owner of over 600 wigs: https://t.co/GJ2FYGv2AK
@worldcurling @CurlingCanada‚Ä¶"
Olympic_Russia|865584965110681600|2017-05-19 15:08:32|RT @rsportru: –ú–∞—Ä–∏—è –®–∞—Ä–∞–ø–æ–≤–∞ @MariaSharapova –Ω–µ –±—É–¥–µ—Ç –ø—Ä–æ—Å–∏—Ç—å wild card –≤ –æ—Å–Ω–æ–≤–Ω—É—é —Å–µ—Ç–∫—É –£–∏–º–±–ª–¥–æ–Ω–∞, –∞ —Å—ã–≥—Ä–∞–µ—Ç –≤ –∫–≤–∞–ª–∏—Ñ–∏–∫–∞—Ü–∏–∏ https://t.co/m‚Ä¶
Olympic_Russia|865584940083236864|2017-05-19 15:08:26|RT @Rio2016_en: Then and now. @Olympics @timebrasil @fina1908 https://t.co/XKk2kmUGAY
Olympic_Russia|865584878477299712|2017-05-19 15:08:11|"RT @olympicchannel: Wax your board, stay in the line up and take off! üèÑ‚Äç‚ôÇÔ∏èüèÑ‚Äç‚ôÄÔ∏è

üåç Surfing Games üåä| May 22, 27 &amp; 28 üìÖ| on #OlympicChannel  üì∫‚Ä¶"
Olympic_Russia|865555937800540163|2017-05-19 13:13:11|–ë—É–¥—å—Ç–µ –≤ —Ç—Ä–µ–Ω–¥–µ! –£—á–∏—Ç–µ—Å—å —É –ê–ª–µ–∫—Å–∞–Ω–¥—Ä—ã –°—Ç–µ–ø–∞–Ω–æ–≤–æ–π...üòéüåûüåá https://t.co/AUuXtY1WTe
Olympic_Russia|865543790144045059|2017-05-19 12:24:55|–°–µ—Ä–≥–µ–π –ö–∞–º–µ–Ω—Å–∫–∏–π ‚Äì –ø–æ–±–µ–¥–∏—Ç–µ–ª—å —ç—Ç–∞–ø–∞ –ö—É–±–∫–∞ –º–∏—Ä–∞ –≤ –ú—é–Ω—Ö–µ–Ω–µ –≤ —Å—Ç—Ä–µ–ª—å–±–µ –∏–∑ –ø–Ω–µ–≤–º–∞—Ç–∏—á–µ—Å–∫–æ–π –≤–∏–Ω—Ç–æ–≤–∫–∏ —Å 10 –º. —Å –º–∏—Ä–æ–≤—ã–º —Ä–µ‚Ä¶ https://t.co/eW042QpHq1
Olympic_Russia|865529104010854400|2017-05-19 11:26:33|–£ –∫–æ–≥–æ —Å–µ–π—á–∞—Å –æ–±–µ–¥, —Ç–µ–º - –ø—Ä–∏—è—Ç–Ω–æ–≥–æ –∞–ø–ø–µ—Ç–∏—Ç–∞ –æ—Ç @xam_trankov –∏ @tati_firebirdüçõüçΩ‚òïÔ∏è https://t.co/rdzw3u7IUx
Olympic_Russia|865528739869769728|2017-05-19 11:25:06|#–≤—Å–µ–º—Å–ø–æ—Ä—Ç —Å –ï–ª–µ–Ω–æ–π –ù–∏–∫–∏—Ç–∏–Ω–æ–πüèÉ‚Äç‚ôÄÔ∏èüí™üôÉ https://t.co/FvPi9XbBYH
Olympic_Russia|865527885146095616|2017-05-19 11:21:43|–°–≤–µ—Ç–ª–∞–Ω–∞ –°–ª–µ–ø—Ü–æ–≤–∞ –æ–±—è–∑–∞—Ç–µ–ª—å–Ω–æ –≤—ã—Å—Ç—Ä–µ–ª–∏—Ç –≤ –æ–ª–∏–º–ø–∏–π—Å–∫–æ–º —Å–µ–∑–æ–Ω–µ!üôèüôèüôè https://t.co/zFXBsyjuIG
Olympic_Russia|865511361488371714|2017-05-19 10:16:03|–î–º–∏—Ç—Ä–∏—é –õ–∞–Ω–∫–∏–Ω—É —Ç–µ–ø–µ—Ä—å —Ç–æ–∂–µ –µ—Å—Ç—å, –∫—É–¥–∞ –ø–æ–≤–µ—Å–∏—Ç—å –º–µ–¥–∞–ª–∏ü•áü•àü•â https://t.co/6KpkIrUaql
Olympic_Russia|865510428717105154|2017-05-19 10:12:21|–û–Ω–∞ –∑–∞—Ç–º–∏–ª–∞ –º–Ω–æ–≥–∏—Ö –∑–≤–µ–∑–¥ –Ω–∞ –æ—Ç–∫—Ä—ã—Ç–∏–∏ –ö–∞–Ω–Ω—Å–∫–æ–≥–æ –∫–∏–Ω–æ—Ñ–µ—Å—Ç–∏–≤–∞–ª—èüòçüòçüòç https://t.co/N3IreTLV51
Olympic_Russia|865509508348493825|2017-05-19 10:08:41|–í—Å–µ–º —É–ª—ã–±–æ–∫ –æ—Ç @MariaBalikoevaüòÅüòéü§ì https://t.co/eP2gOE2s22
Olympic_Russia|865488527806439424|2017-05-19 08:45:19|–¢–æ—Ç —Å–ª—É—á–∞–π, –∫–æ–≥–¥–∞ –æ—Ç –∫–æ–ª–∏—á–µ—Å—Ç–≤–∞ —Å–ø–æ—Ä—Ç–∏–≤–Ω—ã—Ö –ª–µ–≥–µ–Ω–¥ –Ω–∞ –æ–¥–Ω–æ–º —Ñ–æ—Ç–æ –º–æ–∂–Ω–æ –æ—Å–ª–µ–ø–Ω—É—Ç—åüåü‚ú®üí• https://t.co/diddNrUNWS
Olympic_Russia|865488068563816449|2017-05-19 08:43:30|–°–µ–≥–æ–¥–Ω—è –Ω–∞—á–∏–Ω–∞–µ—Ç—Å—è –±–æ—Ä—å–±–∞ –∑–∞ –º–µ–¥–∞–ª–∏ —á–µ–º–ø–∏–æ–Ω–∞—Ç–∞ –ï–≤—Ä–æ–ø—ã –ø–æ —Ö—É–¥–æ–∂–µ—Å—Ç–≤–µ–Ω–Ω–æ–π –≥–∏–º–Ω–∞—Å—Ç–∏–∫–µ. –í–ø–µ—Ä–µ–¥, #–∫–æ–º–∞–Ω–¥–∞–†–æ—Å—Å–∏–∏!ü§úü§úü§úüá∑üá∫üá∑üá∫üá∑üá∫ https://t.co/iZkMtSv4fW
Olympic_Russia|865486801875619840|2017-05-19 08:38:28|–¢–∞–∫–æ–π –º–æ—â–Ω–æ–π –≥—Ä—É–ø–ø–æ–π —Ç—Ä–µ–Ω–∏—Ä—É—é—Ç—Å—è –Ω–∞—à–∏ –ª—ã–∂–Ω–∏–∫–∏! –î–ª—è —Ç–µ—Ö, –∫—Ç–æ –Ω–µ —É–∑–Ω–∞–ª: –ï–≤–≥–µ–Ω–∏–π –ë–µ–ª–æ–≤, –ï–≤–≥–µ–Ω–∏–π –î–µ–º–µ–Ω—Ç—å–µ–≤, –°–µ—Ä–≥–µ–π –¢—É—Ä—ã‚Ä¶ https://t.co/L1QkZWLgEj
Olympic_Russia|865485962607972352|2017-05-19 08:35:08|–°–µ–≥–æ–¥–Ω—è 45-–ª–µ—Ç–∏–µ —É –æ–ª–∏–º–ø–∏–π—Å–∫–æ–≥–æ —á–µ–º–ø–∏–æ–Ω–∞-1994 –ø–æ –∫–æ–Ω—å–∫–æ–±–µ–∂–Ω–æ–º—É —Å–ø–æ—Ä—Ç—É –ê–ª–µ–∫—Å–∞–Ω–¥—Ä–∞ –ì–æ–ª—É–±–µ–≤–∞. –ó–¥–æ—Ä–æ–≤—å—è! https://t.co/ryWmNyxqha
Olympic_Russia|865485341460844544|2017-05-19 08:32:40|–í—ã–∑–æ–≤ –æ—Ç –ê—Ä—Ç—É—Ä–∞ –î–∞–ª–∞–ª–æ—è–Ω–∞: –∞ –≤–∞–º —Å–ª–∞–±–æ?!üò±üò±üò± https://t.co/FJlwlgEDX2
Olympic_Russia|865484930578395136|2017-05-19 08:31:02|–õ–µ—Ç–∏–º –∫ –≤—ã—Ö–æ–¥–Ω—ã–ºü§£ü§£ü§£ https://t.co/YMJpdz62Zn
Olympic_Russia|865484277923717120|2017-05-19 08:28:26|–°–µ–≥–æ–¥–Ω—è 67-–ª–µ—Ç–∏–µ —É –æ–ª–∏–º–ø–∏–π—Å–∫–æ–≥–æ —á–µ–º–ø–∏–æ–Ω–∞-1976 –ø–æ –≥–∞–Ω–¥–±–æ–ª—É –≤ —Å–æ—Å—Ç–∞–≤–µ —Å–±–æ—Ä–Ω–æ–π –°–°–°–† –ú–∏—Ö–∞–∏–ª–∞ –ò—â–µ–Ω–∫–æ. –ó–¥–æ—Ä–æ–≤—å—è! https://t.co/8WFXbM78dY
Olympic_Russia|865483665765056512|2017-05-19 08:26:00|RT @olympicchannel: Beach volleyball returns to Rio at the @fivbvolleyball Beach Volleyball World Tour Rio Open! Discover more about the su‚Ä¶
Olympic_Russia|865483469689729026|2017-05-19 08:25:13|–°–µ–≥–æ–¥–Ω—è 48-–ª–µ—Ç–∏–µ —É 2-–∫—Ä–∞—Ç–Ω–æ–≥–æ –æ–ª–∏–º–ø–∏–π—Å–∫–æ–≥–æ —á–µ–º–ø–∏–æ–Ω–∞ –ø–æ –≥–∞–Ω–¥–±–æ–ª—É –î–º–∏—Ç—Ä–∏—è –§–∏–ª–∏–ø–ø–æ–≤–∞. –ó–¥–æ—Ä–æ–≤—å—è! https://t.co/gIG2MktDYU
Olympic_Russia|865482326922346496|2017-05-19 08:20:41|–°–µ–≥–æ–¥–Ω—è 73-–ª–µ—Ç–∏–µ —É –æ–ª–∏–º–ø–∏–π—Å–∫–æ–≥–æ —á–µ–º–ø–∏–æ–Ω–∞-1972 –ø–æ —Ç—è–∂–µ–ª–æ–π –∞—Ç–ª–µ—Ç–∏–∫–µ –≤ —Å–æ—Å—Ç–∞–≤–µ —Å–±–æ—Ä–Ω–æ–π –°–°–°–† –Ø–∞–Ω–∞ –¢–∞–ª—å—Ç—Å–∞. –ó–¥–æ—Ä–æ–≤—å—è! https://t.co/WAYtkHbDPn
Olympic_Russia|865480553960583168|2017-05-19 08:13:38|–£—Ç—Ä–µ–Ω–Ω–µ–≥–æ –º–∏–º–∏–º–∏ –≤–∞–º –≤ –ª–µ–Ω—Ç—É –æ—Ç –î–º–∏—Ç—Ä–∏—è –∏ –§–∏–ª–∏–ø–ø–∞ –ú–∞–ª—ã—à–∫–æü§óü§óü§ó https://t.co/HmUaHv12A1
Olympic_Russia|865479836516495360|2017-05-19 08:10:47|–ü—É—Å—Ç—å –≤–∞—à–∏ –∂–µ–ª–∞–Ω–∏—è –∏ –æ–±–µ—â–∞–Ω–∏—è —Ç–æ–∂–µ —Å–±—ã–≤–∞—é—Ç—Å—èü§ûü§ûü§ûüò∫üò∫üò∫ https://t.co/yxgjR8Qi4k
Olympic_Russia|865479195605975040|2017-05-19 08:08:14|–°–µ–≥–æ–¥–Ω—è 78-–ª–µ—Ç–∏–µ —É –æ–ª–∏–º–ø–∏–π—Å–∫–æ–≥–æ —á–µ–º–ø–∏–æ–Ω–∞-1968 –ø–æ –ª–µ–≥–∫–æ–π –∞—Ç–ª–µ—Ç–∏–∫–µ –≤ —Å–æ—Å—Ç–∞–≤–µ —Å–±–æ—Ä–Ω–æ–π –°–°–°–† –Ø–Ω–∏—Å–∞ –õ—É—Å–∏—Å–∞. –ó–¥–æ—Ä–æ–≤—å—è! https://t.co/0P3V11bT8Z
Olympic_Russia|865477680103170050|2017-05-19 08:02:13|–°–µ–≥–æ–¥–Ω—è 79-–ª–µ—Ç–∏–µ —É –ª–µ–≥–µ–Ω–¥—ã –æ—Ç–µ—á–µ—Å—Ç–≤–µ–Ω–Ω–æ–π –ª–µ–≥–∫–æ–π –∞—Ç–ª–µ—Ç–∏–∫–∏ –ò–≥–æ—Ä—è –¢–µ—Ä-–û–≤–∞–Ω–µ—Å—è–Ω–∞. –ó–¥–æ—Ä–æ–≤—å—è! https://t.co/hETefyFVRf
Olympic_Russia|865476912277200896|2017-05-19 07:59:10|–ö–æ—Ä–æ—Ç–∫–æ –æ —Ç–æ–º, –∫–∞–∫ –ø—Ä–æ—Ö–æ–¥—è—Ç —Ç—Ä–µ–Ω–∏—Ä–æ–≤–∫–∏ –±–∏–∞—Ç–ª–æ–Ω–∏—Å—Ç–æ–≤ –≤ –ë–µ–ª–æ–∫—É—Ä–∏—Ö–µüëåüëåüëå https://t.co/0q9Z09DqOL
Olympic_Russia|865475730645241856|2017-05-19 07:54:28|–¢–∞–∫–æ–≥–æ –∂–µ –æ—Ç–ª–∏—á–Ω–æ–≥–æ –¥–Ω—è –≤–∞–º, –∫–∞–∫ —É –ê–Ω–∂–µ–ª–∏–∫–∏ –¢–∏–º–∞–Ω–∏–Ω–æ–πüåûüèù‚õ± https://t.co/EQoA77XgkD
Olympic_Russia|865473769099337728|2017-05-19 07:46:40|RT @EVesnina001: @WTA Working moments in Rome @InteBNLdItalia @Nikecourt https://t.co/UH0sFlbDCI
Olympic_Russia|865473747309940736|2017-05-19 07:46:35|"RT @russiahockey: –ï–≤–≥–µ–Ω–∏—é –ö—É–∑–Ω–µ—Ü–æ–≤—É - 25! –ü–æ–∑–¥—Ä–∞–≤–ª—è–µ–º @Kuzya92 –∏ –∂–µ–ª–∞–µ–º –ø–æ–±–µ–¥, –∫—Ä–µ–ø–∫–æ–≥–æ –∑–¥–æ—Ä–æ–≤—å—è –∏ –µ—â—ë –±–æ–ª—å—à–µ —É–ª—ã–±–æ–∫ üòç
https://t.co/UJLdOzv‚Ä¶"
Olympic_Russia|865444800648105984|2017-05-19 05:51:34|RT @rsportru: –ü–æ–¥ —Ñ–ª–∞–≥–æ–º –Ω–æ–≤—ã—Ö –ª–∏–¥–µ—Ä–æ–≤: –ß–ï –ø–æ —Ö—É–¥–æ–∂–µ—Å—Ç–≤–µ–Ω–Ω–æ–π –≥–∏–º–Ω–∞—Å—Ç–∏–∫–µ —Å—Ç–∞—Ä—Ç—É–µ—Ç –≤ –í–µ–Ω–≥—Ä–∏–∏ https://t.co/CNvt9fzyv9 https://t.co/qkVUxfGvnc
Olympic_Russia|865444588240203776|2017-05-19 05:50:43|RT @olympicchannel: Crying babies and Sumo? You be the judge...üë∂üë∂üë∂ @Japan_Olympic https://t.co/1QxWtkWh94
Olympic_Russia|865444494132379652|2017-05-19 05:50:21|RT @Olympics: True inspiration. @JenBricker1 @Dmoceanu @gymnastics https://t.co/OYPbmDsCYe
Olympic_Russia|865444453686882304|2017-05-19 05:50:11|RT @rsportru: –ü–æ–ª—É—Ñ–∏–Ω–∞–ª—å–Ω–∞—è –≤—Å—Ç—Ä–µ—á–∞ —Å–±–æ—Ä–Ω—ã—Ö –†–æ—Å—Å–∏–∏ –∏ –ö–∞–Ω–∞–¥—ã –Ω–∞ –ß–ú –ø–æ —Ö–æ–∫–∫–µ—é –Ω–∞—á–Ω–µ—Ç—Å—è –≤ 16:15 –º—Å–∫ https://t.co/W0PqUMf33w
Olympic_Russia|865444049217478657|2017-05-19 05:48:35|"RT @TennisWinter: Rika Fujiwara was playing Laura Robson in $60k Kurume R16 today and her routine between points was... quite unusual. üëÄ
(‚Ä¶"
Olympic_Russia|865276174871801856|2017-05-18 18:41:30|RT @RuSkating: –ï–ª–µ–Ω–∞ –ë—É—è–Ω–æ–≤–∞: ¬´–£ –Ω–∞—à–∏—Ö —Å–ø–æ—Ä—Ç—Å–º–µ–Ω–æ–∫ —Å–∏–ª—å–Ω—ã–π —Ö–∞—Ä–∞–∫—Ç–µ—Ä¬ª https://t.co/Rttj7O4mre https://t.co/CIdt58IRcc
Olympic_Russia|865256664563417088|2017-05-18 17:23:59|"RT @sports_tennis: –ú–∞—Ä–∏—è –®–∞—Ä–∞–ø–æ–≤–∞ —Å—ã–≥—Ä–∞–µ—Ç –≤ –ë–∏—Ä–º–∏–Ω–≥–µ–º–µ
https://t.co/fjyMDYFEaL"
Olympic_Russia|865243146594250753|2017-05-18 16:30:16|–ë—Ä–∞–≤–æ, #–∫–æ–º–∞–Ω–¥–∞–†–æ—Å—Å–∏–∏ ! –ù–∞—à–∏ —Ö–æ–∫–∫–µ–∏—Å—Ç—ã –≤ –ø–æ–ª—É—Ñ–∏–Ω–∞–ª–µ! –ü–æ–∑–¥—Ä–∞–≤–ª—è–µ–º, –≥–æ—Ä–¥–∏–º—Å—è üôåüôåüôåüëçüëçüëçüí™üí™üí™ –£—Ä—Ä—Ä–∞–∞–∞–∞–∞ https://t.co/2RMCAjq0eO
Olympic_Russia|865238949597507584|2017-05-18 16:13:35|–î—Ä—É–∂–±–∞‚Äî—ç—Ç–æ, –∫–æ–≥–¥–∞ —Ç–µ–±—è –ø–æ–¥–¥–µ—Ä–∂–∞—Ç –≤ –ª—é–±—ã—Ö –∞–≤–∞–Ω—Ç—é—Ä–∞—Ö üëã‚úå‚òù –ï–ª–µ–Ω–∞ –ù–∏–∫–∏—Ç–∏–Ω–∞ –¥–µ–ª–æ –≥–æ–≤–æ—Ä–∏—Ç üôå https://t.co/uSoa3pHrJZ
Olympic_Russia|865237839683956736|2017-05-18 16:09:10|–¢.–í–æ–ª–æ—Å–æ–∂–∞—Ä/–ú.–¢—Ä–∞–Ω—å–∫–æ–≤,–ê.–°–æ—Ç–Ω–∏–∫–æ–≤–∞ –∏ –Æ.–õ–∏–ø–Ω–∏—Ü–∫–∞—è –≤–∫–ª—é—á–µ–Ω—ã –≤ —Å–ø–∏—Å–æ–∫ –∫–∞–Ω–¥–∏–¥–∞—Ç–æ–≤ –≤ #–∫–æ–º–∞–Ω–¥–∞–†–æ—Å—Å–∏–∏ –ø–æ —Ñ–∏–≥—É—Ä–Ω–æ–º—É –∫–∞—Ç–∞–Ω–∏—é‚Ä¶ https://t.co/DqsE4Qj1ge
Olympic_Russia|865235794855956480|2017-05-18 16:01:03|–ù–∞—à–∏ –∫—Ä–∞—Å–∞–≤–∏—Ü—ã –∫ –ø–æ–∫–æ—Ä–µ–Ω–∏—é –í–µ–Ω–≥—Ä–∏–∏ –≥–æ—Ç–æ–≤—ã üòáüòçüòáüôÜüôÜüôÜ https://t.co/mrCPV7EStB
Olympic_Russia|865229352308441088|2017-05-18 15:35:27|–Æ–ª–∏—è –ë—Ä–∞–≤–∏–∫–æ–≤–∞ –≤ –æ–∫—Ä—É–∂–µ–Ω–∏–∏ –º–∞–ª–µ–Ω—å–∫–∏—Ö –ø–æ–∫–ª–æ–Ω–Ω–∏—Ü! –ú–∞–ª—ã—à–∫–∞–º –µ—Å—Ç—å, —Å –∫–æ–≥–æ –ø—Ä–∏–º–µ—Ä –±—Ä–∞—Ç—å üòáüòâüòÜ https://t.co/uDmq630yIh
Olympic_Russia|865217220426838017|2017-05-18 14:47:14|–£–≤–ª–µ—á–µ–Ω–Ω—ã–π –ø—Ä–æ—Å–º–æ—Ç—Ä –º–∞—Ç—á–∞ –†–æ—Å—Å–∏—è‚Äî–ß–µ—Ö–∏—è‚Ä¶) –î—Ä—É–∑—å—è, –ø—Ä–∏—Å–æ–µ–¥–∏–Ω—è–µ–º—Å—è –∏ —Å–º–æ—Ç—Ä–∏–º –º–∞—Ç—á. –ë–µ—Ä—ë–º –ø—Ä–∏–º–µ—Ä —Å –ê—Ä—Ç–µ–º–∞ –ê–Ω–∏—Å–∏–º–æ–≤–∞. üèíüèí‚Ä¶ https://t.co/4BzrRi2zDQ
Olympic_Russia|865216764539543552|2017-05-18 14:45:26|RT @RussianSkating: –ü—Ä–µ–¥—Å–µ–∑–æ–Ω–Ω—ã–µ —Ç–µ—Å—Ç—ã –≤ —Å–±–æ—Ä–Ω–æ–π –†–æ—Å—Å–∏–∏ –ø–æ –∫–æ–Ω—å–∫–æ–±–µ–∂–Ω–æ–º—É —Å–ø–æ—Ä—Ç—É https://t.co/1Sg4Ddukez
Olympic_Russia|865180784113659904|2017-05-18 12:22:27|–í—Å–µ–º —Å–ø–æ—Ä—Ç —Å –¢–∞—Ç—å—è–Ω–æ–π –í–æ–ª–æ—Å–æ–∂–∞—Ä –∏ –ú–∞–∫—Å–∏–º–æ–º –¢—Ä–∞–Ω—å–∫–æ–≤—ã–º! –ñ–¥—ë–º –≤ –Ω–æ–≤–æ–º —Å–µ–∑–æ–Ω–µ –Ω–∞ –ª—å–¥—É üòçüòçüòç https://t.co/NSIBZ1foXM
Olympic_Russia|865180269837508610|2017-05-18 12:20:25|–ù–∞—Å–ª–∞–∂–¥–∞–π—Ç–µ—Å—å —Ç–µ–ø–ª–æ–º –∏ —Ö–æ—Ä–æ—à–µ–π –ø–æ–≥–æ–¥–æ–π, –∫–∞–∫ –£–ª—å—è–Ω–∞ –ö–∞–π—à–µ–≤–∞ üòçüëºüê± https://t.co/cQefmIDTYM
Olympic_Russia|865168150811344897|2017-05-18 11:32:15|"–¢–æ —á—É–≤—Å—Ç–≤–æ, –∫–æ–≥–¥–∞ –≤–æ–ø—Ä–æ—Å ""–∞ –≤–∞–º —Å–ª–∞–±–æ?"" —Å–æ–≤—Å–µ–º –Ω–µ—É–º–µ—Å—Ç–µ–Ω‚Ä¶ üò±üòµüòì https://t.co/21GrRBCIxC"
Olympic_Russia|865162863865974784|2017-05-18 11:11:15|–ü—Ä–∏—è—Ç–Ω–æ–≥–æ –∞–ø–ø–µ—Ç–∏—Ç–∞ –∂–µ–ª–∞—é—Ç –≤—Å–µ–º –ê–ª–µ–∫—Å–µ–π –Ø–≥—É–¥–∏–Ω –∏ –¢–∞—Ç—å—è–Ω–∞ –¢–æ—Ç—å–º—è–Ω–∏–Ω–∞ üçûüç±üçùüçóüç≥ https://t.co/ndyCGGCJqN
Olympic_Russia|865161517045608448|2017-05-18 11:05:54|–î–∂–µ–Ω—Ç–ª—å–º–µ–Ω—ã –ø—Ä–µ–¥–ø–æ—á–∏—Ç–∞—é—Ç –±–ª–æ–Ω–¥–∏–Ω–æ–∫ üëåüëºüëØ –ö–∞–∫ –≤–∞–º –Ω–æ–≤—ã–π –∏–º–∏–¥–∂ –î–∞—Ä—å–∏ –°–ø–∏—Ä–∏–¥–æ–Ω–æ–≤–æ–π?:) https://t.co/GxWkLnHK2w
Olympic_Russia|865146315935817728|2017-05-18 10:05:30|RT @rsportru: –ö–æ–Ω—å–∫–æ–±–µ–∂–∫–∞ –ê—Å–µ–µ–≤–∞ –ø–µ—Ä–µ–Ω–µ—Å–ª–∞ –æ–ø–µ—Ä–∞—Ü–∏—é –Ω–∞ –∫–æ–ª–µ–Ω–µ –ø–µ—Ä–µ–¥ –æ–ª–∏–º–ø–∏–π—Å–∫–∏–º —Å–µ–∑–æ–Ω–æ–º https://t.co/xMwwqMFRdO https://t.co/AFNM75nyHO
Olympic_Russia|865134643930124288|2017-05-18 09:19:07|–ï–∫–∞—Ç–µ—Ä–∏–Ω–∞ –ë–æ–±—Ä–æ–≤–∞ @bobrovaicekate –∏ –î–º–∏—Ç—Ä–∏–π –°–æ–ª–æ–≤—å–µ–≤ –≤—Å—Ç—Ä–µ—Ç—è—Ç—Å—è —Å–æ —Å–≤–æ–∏–º–∏ —Ñ–∞–Ω–∞—Ç–∞–º–∏ –≤ —ç—Ç–æ –≤–æ—Å–∫—Ä–µ—Å–µ–Ω—å–µ –≤ –ú–æ—Å–∫–≤–µ.‚Ä¶ https://t.co/pXQM7mEAFO
Olympic_Russia|865133937395466241|2017-05-18 09:16:18|–û—Ç—Å—Ç–∞–≤–∏—Ç—å –≥—Ä—É—Å—Ç—å! –£–ª—ã–±–∞–µ–º—Å—è! –ë–µ—Ä—ë–º –ø—Ä–∏–º–µ—Ä —Å –ù–∏–∫–æ–ª–∞—è –û–ª—é–Ω–∏–Ω–∞ üòÄüòÄüòÄ https://t.co/yUcRV0GntT
Olympic_Russia|865130298677309440|2017-05-18 09:01:51|–ß–µ–º–ø–∏–æ–Ω–∞—Ç –ï–≤—Ä–æ–ø—ã –ø–æ —Ö—É–¥–æ–∂–µ—Å—Ç–≤–µ–Ω–Ω–æ–π –≥–∏–º–Ω–∞—Å—Ç–∏–∫–µ –≤ –í–µ–Ω–≥—Ä–∏–∏ –Ω–∞—á–∏–Ω–∞–µ—Ç—Å—è —Ç–æ–ª—å–∫–æ –∑–∞–≤—Ç—Ä–∞, –∞ –∫—Ä–∞—Å–∏–≤—ã–º–∏ —Ñ–æ—Ç–æ —Ä–∞–¥—É—é—Ç —É–∂–µ —Å–µ–≥–æ–¥‚Ä¶ https://t.co/SsSwa38wK6
