russianbiathlon|864475017895174144|2017-05-16 13:38:00|–°–±–æ—Ä–Ω–∞—è –†–æ—Å—Å–∏–∏ –ø–æ –±–∏–∞—Ç–ª–æ–Ω—É –ø—Ä–∏—Å—Ç—É–ø–∏–ª–∞ –∫ —Ç—Ä–µ–Ω–∏—Ä–æ–≤–∫–∞–º –≤ –ë–µ–ª–æ–∫—É—Ä–∏—Ö–µ https://t.co/uDASEv6rRc #–±–∏–∞—Ç–ª–æ–Ω #biathlon https://t.co/lXYJBzEi80
russianbiathlon|864435720739573760|2017-05-16 11:01:50|–ü–æ–∑–¥—Ä–∞–≤–ª—è–µ–º —Å –¥–Ω–µ–º —Ä–æ–∂–¥–µ–Ω–∏—è –¥–≤—É–∫—Ä–∞—Ç–Ω—É—é –æ–ª–∏–º–ø–∏–π—Å–∫—É—é —á–µ–º–ø–∏–æ–Ω–∫—É –û–ª—å–≥—É –ó–∞–π—Ü–µ–≤—É! #–±–∏–∞—Ç–ª–æ–Ω #biathlon https://t.co/F2lWFIVs6r
russianbiathlon|862971891312623616|2017-05-12 10:05:06|"–ü–æ–∑–¥—Ä–∞–≤–ª—è–µ–º —Å –¥–Ω–µ–º —Ä–æ–∂–¥–µ–Ω–∏—è —Å–µ—Ä–µ–±—Ä—è–Ω–æ–≥–æ –ø—Ä–∏–∑–µ—Ä–∞ –û–ª–∏–º–ø–∏–π—Å–∫–∏—Ö –∏–≥—Ä –û–ª—å–≥—É –ú–µ–ª—å–Ω–∏–∫! 
–ù–∞ —Ñ–æ—Ç–æ: –Ω–∞–≥—Ä–∞–∂–¥–µ–Ω–∏–µ –ø–æ—Å–ª–µ —ç—Å—Ç–∞—Ñ–µ—Ç—ã‚Ä¶ https://t.co/MwnnCenT36"
russianbiathlon|862600054472925185|2017-05-11 09:27:33|–ü–æ–∑–¥—Ä–∞–≤–ª—è–µ–º —Å –¥–Ω–µ–º —Ä–æ–∂–¥–µ–Ω–∏—è —Å–µ—Ä–µ–±—Ä—è–Ω–æ–≥–æ –ø—Ä–∏–∑–µ—Ä–∞ –û–ª–∏–º–ø–∏–π—Å–∫–∏—Ö –∏–≥—Ä –Ø–Ω—É –†–æ–º–∞–Ω–æ–≤—É! #–±–∏–∞—Ç–ª–æ–Ω #biathlon https://t.co/z8Fa9YVTRI
russianbiathlon|861849412951322624|2017-05-09 07:44:47|"–°–æ—é–∑ –±–∏–∞—Ç–ª–æ–Ω–∏—Å—Ç–æ–≤ –†–æ—Å—Å–∏–∏ –ø–æ–∑–¥—Ä–∞–≤–ª—è–µ—Ç —Å –î–Ω–µ–º –ü–æ–±–µ–¥—ã! 
https://t.co/2pGXgZIzp4
#–î–µ–Ω—å–ü–æ–±–µ–¥—ã #–±–∏–∞—Ç–ª–æ–Ω #biathlon https://t.co/MIHO8s1vpA"
russianbiathlon|860458385623449600|2017-05-05 11:37:20|–°–ë–† –≤–æ–∑–≥–ª–∞–≤–∏–ª —Ä–µ–π—Ç–∏–Ω–≥ —Ñ–µ–¥–µ—Ä–∞—Ü–∏–π –ø–æ —Ä–∞–±–æ—Ç–µ –≤ —Å–æ—Ü–∏–∞–ª—å–Ω—ã—Ö —Å–µ—Ç—è—Ö. –°–ø–∞—Å–∏–±–æ, —á—Ç–æ –≤—ã —Å –Ω–∞–º–∏! –ü–æ–¥—Ä–æ–±–Ω–æ—Å—Ç–∏:‚Ä¶ https://t.co/5eFBlqGTf6
russianbiathlon|860430497478045696|2017-05-05 09:46:31|–ü–æ–∑–¥—Ä–∞–≤–ª—è–µ–º —Å –¥–Ω–µ–º —Ä–æ–∂–¥–µ–Ω–∏—è —á–µ–º–ø–∏–æ–Ω–∫—É –ï–≤—Ä–æ–ø—ã –í–∏–∫—Ç–æ—Ä–∏—é –°–ª–∏–≤–∫–æ! #–±–∏–∞—Ç–ª–æ–Ω #biathlon https://t.co/936WatjTmB
russianbiathlon|859391991221809152|2017-05-02 12:59:52|–°–±–æ—Ä–Ω–∞—è –†–æ—Å—Å–∏–∏ –ø–æ –±–∏–∞—Ç–ª–æ–Ω—É –Ω–∞—á–Ω–µ—Ç –ø–æ–¥–≥–æ—Ç–æ–≤–∫—É –∫ –æ–ª–∏–º–ø–∏–π—Å–∫–æ–º—É —Å–µ–∑–æ–Ω—É –≤ –ë–µ–ª–æ–∫—É—Ä–∏—Ö–µ: https://t.co/sv8lr3JH17 #–±–∏–∞—Ç–ª–æ–Ω‚Ä¶ https://t.co/LNEEX0PKVP
russianbiathlon|858967078082162688|2017-05-01 08:51:24|–°–æ—é–∑ –±–∏–∞—Ç–ª–æ–Ω–∏—Å—Ç–æ–≤ –†–æ—Å—Å–∏–∏ –ø–æ–∑–¥—Ä–∞–≤–ª—è–µ—Ç —Å 1 –º–∞—è ‚Äì –¥–Ω–µ–º –≤–µ—Å–Ω—ã –∏ —Ç—Ä—É–¥–∞. –°—á–∞—Å—Ç—å—è, –æ—Ç–ª–∏—á–Ω–æ–≥–æ –Ω–∞—Å—Ç—Ä–æ–µ–Ω–∏—è –∏ –≤–µ—Å–Ω—ã –≤ –¥—É—à–µ!üå∏ https://t.co/JGye0yotyQ
russianbiathlon|857958088179056640|2017-04-28 14:02:02|–ü—Ä–µ–∑–∏–¥–µ–Ω—Ç –ú–µ–∂–¥—É–Ω–∞—Ä–æ–¥–Ω–æ–≥–æ —Å–æ—é–∑–∞ –±–∏–∞—Ç–ª–æ–Ω–∏—Å—Ç–æ–≤ –ê–Ω–¥–µ—Ä—Å –ë–µ—Å—Å–µ–±–µ—Ä–≥: ¬´–¢—é–º–µ–Ω—å –¥–æ–ª–∂–Ω–∞ –ø—Ä–∏–Ω—è—Ç—å —ç—Ç–∞–ø –ö—É–±–∫–∞ –º–∏—Ä–∞-2018¬ª‚Ä¶ https://t.co/i8tWJkQj7u
russianbiathlon|857883611378397184|2017-04-28 09:06:06|–û—Ñ–∏—Ü–∏–∞–ª—å–Ω—ã–π –∏–Ω—Ç–µ—Ä–Ω–µ—Ç-–º–∞–≥–∞–∑–∏–Ω –°–æ—é–∑–∞ –±–∏–∞—Ç–ª–æ–Ω–∏—Å—Ç–æ–≤ –†–æ—Å—Å–∏–∏ –Ω–∞—á–∞–ª —Ä–∞–±–æ—Ç—É –≤ —Ç–µ—Å—Ç–æ–≤–æ–º —Ä–µ–∂–∏–º–µ https://t.co/4ckcTVDJHe‚Ä¶ https://t.co/ajpB9Ht0Wv
russianbiathlon|856779711950856192|2017-04-25 07:59:36|–ë–∏–∞—Ç–ª–æ–Ω–∏—Å—Ç—ã –¥–∞–∂–µ –≤ –æ—Ç–ø—É—Å–∫–µ –ø–æ–¥–¥–µ—Ä–∂–∏–≤–∞—é—Ç —Ñ–æ—Ä–º—Éüí™ –í—Å–µ–º –ø—Ä–∏–≤–µ—Ç –æ—Ç –ê–Ω—Ç–æ–Ω–∞ –ë–∞–±–∏–∫–æ–≤–∞üòâ https://t.co/atDWj5SHaU
russianbiathlon|856498196410970113|2017-04-24 13:20:57|"–ú–∞–∫—Å–∏–º –¶–≤–µ—Ç–∫–æ–≤ –ø—Ä–∏–Ω—è–ª —É—á–∞—Å—Ç–∏–µ –≤ –ª–æ–Ω–¥–æ–Ω—Å–∫–æ–º –º–∞—Ä–∞—Ñ–æ–Ω–µ –∏ –ø—Ä–µ–æ–¥–æ–ª–µ–ª 42 –∫–º –∑–∞ 3 —á–∞—Å–∞ 52 –º–∏–Ω—É—Ç—ãüôÇ¬†
–§–æ—Ç–æ: –∏–Ω—Å—Ç–∞–≥—Ä–∞–º –ú–∞–∫—Å–∏–º–∞‚Ä¶ https://t.co/XC9dEi4Y2J"
russianbiathlon|855742793200873472|2017-04-22 11:19:15|–ü–æ–∑–¥—Ä–∞–≤–ª—è–µ–º —Å –¥–Ω–µ–º —Ä–æ–∂–¥–µ–Ω–∏—è –ø—Ä–∏–∑–µ—Ä–∞ —ç—Ç–∞–ø–æ–≤ –ö—É–±–∫–∞ –º–∏—Ä–∞, –¥–≤—É–∫—Ä–∞—Ç–Ω–æ–≥–æ –±—Ä–æ–Ω–∑–æ–≤–æ–≥–æ –ø—Ä–∏–∑–µ—Ä–∞ —á–µ–º–ø–∏–æ–Ω–∞—Ç–∞ –ï–≤—Ä–æ–ø—ã –ø–æ –±–∏–∞—Ç–ª–æ–Ω—É‚Ä¶ https://t.co/NR47pixI7f
russianbiathlon|854950599372279809|2017-04-20 06:51:21|–°–≤–æ–π —é–±–∏–ª–µ–π –ø—Ä–∞–∑–¥–Ω—É–µ—Ç –¥–≤—É–∫—Ä–∞—Ç–Ω–∞—è –æ–ª–∏–º–ø–∏–π—Å–∫–∞—è —á–µ–º–ø–∏–æ–Ω–∫–∞, –ø—è—Ç–∏–∫—Ä–∞—Ç–Ω–∞—è —á–µ–º–ø–∏–æ–Ω–∫–∞ –º–∏—Ä–∞ –°–≤–µ—Ç–ª–∞–Ω–∞ –ò—à–º—É—Ä–∞—Ç–æ–≤–∞!‚Ä¶ https://t.co/zSvme5jKZt
russianbiathlon|854269588556611584|2017-04-18 09:45:16|–ü–æ–∑–¥—Ä–∞–≤–ª—è–µ–º —Å –¥–Ω–µ–º —Ä–æ–∂–¥–µ–Ω–∏—è —Å–µ—Ä–µ–±—Ä—è–Ω–æ–≥–æ –ø—Ä–∏–∑–µ—Ä–∞ –û–ª–∏–º–ø–∏–π—Å–∫–∏—Ö –∏–≥—Ä, —Ç—Ä–µ—Ö–∫—Ä–∞—Ç–Ω—É—é —á–µ–º–ø–∏–æ–Ω–∫—É –º–∏—Ä–∞ –û–ª—å–≥—É –†–æ–º–∞—Å—å–∫–æ! https://t.co/AYdJtrngp9
russianbiathlon|853903238533394433|2017-04-17 09:29:31|–ü–æ–∑–¥—Ä–∞–≤–ª—è–µ–º —Å —é–±–∏–ª–µ–µ–º –ù–∞–¥–µ–∂–¥—É –¢–∞–ª–∞–Ω–æ–≤—É ‚Äì –æ–ª–∏–º–ø–∏–π—Å–∫—É—é —á–µ–º–ø–∏–æ–Ω–∫—É, –º–Ω–æ–≥–æ–∫—Ä–∞—Ç–Ω–æ–≥–æ –ø—Ä–∏–∑–µ—Ä–∞ —á–µ–º–ø–∏–æ–Ω–∞—Ç–æ–≤ –º–∏—Ä–∞!‚Ä¶ https://t.co/Nujv3wq4Z9
russianbiathlon|853525639407824896|2017-04-16 08:29:04|"–ê–Ω—Ç–æ–Ω –®–∏–ø—É–ª–∏–Ω: ""–ê –∫–∞–∫ –í—ã –Ω–∞—á–∞–ª–∏ —Å–≤–æ–π –¥–µ–Ω—å? –•—Ä–∏—Å—Ç–æ—Å –í–æ—Å–∫—Ä–µ—Å–µ! –° –ø—Ä–∞–∑–¥–Ω–∏–∫–æ–º"" üôè https://t.co/D5dFJC918t"
russianbiathlon|852857161780797441|2017-04-14 12:12:47|–°—Å—ã–ª–∫–∞ –¥–Ω—è: –±–æ–ª—å—à–æ–µ –∏–Ω—Ç–µ—Ä–≤—å—é –ú–∞–∫—Å–∏–º–∞ –¶–≤–µ—Ç–∫–æ–≤–∞ –æ —á–∏—Ç–∞–π—Ç–µ –Ω–∞ —Å–∞–π—Ç–µ ¬´–°–æ–≤–µ—Ç—Å–∫–æ–≥–æ —Å–ø–æ—Ä—Ç–∞¬ª https://t.co/Q72klcFG1k‚Ä¶ https://t.co/xtbJZy7MDH
russianbiathlon|852454092576354310|2017-04-13 09:31:08|–†–æ—Å—Å–∏—è –±–∏–∞—Ç–ª–æ–Ω–Ω–∞—è. –£–≤–∞—Ç. –ò—Å—Ç–æ—Ä–∏—è —Å–æ–∑–¥–∞–Ω–∏—è –æ—Ç –∏—Å—Ç–æ–∫–æ–≤ –¥–æ –ø–µ—Ä–≤—ã—Ö –∫–æ–º–º–µ—Ä—á–µ—Å–∫–∏—Ö —Å—Ç–∞—Ä—Ç–æ–≤ —Å—Ä–µ–¥–∏ –±–∏–∞—Ç–ª–æ–Ω–∏—Å—Ç–æ–≤ –≤ –†–æ—Å—Å–∏–∏:‚Ä¶ https://t.co/fKz94bcvYi
russianbiathlon|852123477293375491|2017-04-12 11:37:23|–ü–æ–∑–¥—Ä–∞–≤–ª—è–µ–º —Å –¥–Ω–µ–º —Ä–æ–∂–¥–µ–Ω–∏—è —á–µ–º–ø–∏–æ–Ω–∞ –º–∏—Ä–∞ —Å—Ä–µ–¥–∏ —é–Ω–∏–æ—Ä–æ–≤ –ê–ª–µ–∫—Å–∞–Ω–¥—Ä–∞ –ü–æ–≤–∞—Ä–Ω–∏—Ü—ã–Ω–∞! https://t.co/elDlWi6icB
russianbiathlon|852091178766020608|2017-04-12 09:29:02|–ü–æ–µ—Ö–∞–ª–∏! –° –î–Ω—ë–º –∫–æ—Å–º–æ–Ω–∞–≤—Ç–∏–∫–∏, –¥—Ä—É–∑—å—è‚ú®üöÄ https://t.co/vREyfAqbhB
russianbiathlon|851685095786389504|2017-04-11 06:35:25|–ê–Ω—Ç–æ–Ω –®–∏–ø—É–ª–∏–Ω –∏ –î–∞—Ä—å—è –í–∏—Ä–æ–ª–∞–π–Ω–µ–Ω ‚Äî –ª—É—á—à–∏–µ –≤ —Ä–µ–π—Ç–∏–Ω–≥–µ –°–ë–†, –ë—É—Ä—Ç–∞—Å–æ–≤ –∏ –ö—É–∫–ª–∏–Ω–∞ ‚Äî –æ–±–ª–∞–¥–∞—Ç–µ–ª–∏ –ö—É–±–∫–∞ –†–æ—Å—Å–∏–∏. –ü–æ–¥—Ä–æ–±–Ω–æ—Å—Ç–∏‚Ä¶ https://t.co/JHaoyMBmem
russianbiathlon|851371384995545089|2017-04-10 09:48:50|–ï–∫–∞—Ç–µ—Ä–∏–Ω–∞ –ó—É–±–æ–≤–∞ –∏–∑ –ê—Ä—Ö–∞–Ω–≥–µ–ª—å—Å–∫–æ–π –æ–±–ª–∞—Å—Ç–∏ –≤—ã–∏–≥—Ä–∞–ª–∞ –∑–æ–ª–æ—Ç–æ –≤ –º–∞—Ä–∞—Ñ–æ–Ω–µ –Ω–∞ —á–µ–º–ø–∏–æ–Ω–∞—Ç–µ –†–æ—Å—Å–∏–∏ –≤ –¢—é–º–µ–Ω–∏:‚Ä¶ https://t.co/OqjRGb9cyL
russianbiathlon|851116515743150080|2017-04-09 16:56:04|–ü–æ–∑–¥—Ä–∞–≤–ª—è–µ–º —Å –¥–Ω–µ–º —Ä–æ–∂–¥–µ–Ω–∏—è –±—Ä–æ–Ω–∑–æ–≤–æ–≥–æ –ø—Ä–∏–∑–µ—Ä–∞ —á–µ–º–ø–∏–æ–Ω–∞—Ç–∞ –º–∏—Ä–∞, —Ç—Ä–µ–Ω–µ—Ä–∞ –∂–µ–Ω—Å–∫–æ–π —Å–±–æ—Ä–Ω–æ–π –†–æ—Å—Å–∏–∏ –ø–æ –±–∏–∞—Ç–ª–æ–Ω—É –°–µ—Ä–≥–µ—è –ö‚Ä¶ https://t.co/mLqmREL6lr
russianbiathlon|851051554614505472|2017-04-09 12:37:57|"–ß–µ–º–ø–∏–æ–Ω–æ–º –†–æ—Å—Å–∏–∏ –≤ –º–∞—Ä–∞—Ñ–æ–Ω–µ —Å—Ç–∞–ª —é–≥–æ—Ä—á–∞–Ω–∏–Ω –°–µ–º—ë–Ω –°—É—á–∏–ª–æ–≤: https://t.co/DabOZIshCt
–§–æ—Ç–æ: @csp72ru https://t.co/uni4N2NmGI"
russianbiathlon|850718694594551808|2017-04-08 14:35:17|–ü–æ–∑–¥—Ä–∞–≤–ª—è–µ–º —Å –¥–Ω–µ–º —Ä–æ–∂–¥–µ–Ω–∏—è —Å–µ—Ä–µ–±—Ä—è–Ω–æ–≥–æ –ø—Ä–∏–∑–µ—Ä–∞ –û–ª–∏–º–ø–∏–π—Å–∫–∏—Ö –∏–≥—Ä, —á–µ—Ç—ã—Ä–µ—Ö–∫—Ä–∞—Ç–Ω–æ–≥–æ —á–µ–º–ø–∏–æ–Ω–∞ –º–∏—Ä–∞ –ù–∏–∫–æ–ª–∞—è –ö—Ä—É–≥–ª–æ–≤–∞! https://t.co/dx4xPFDGt8
russianbiathlon|850291070755909633|2017-04-07 10:16:03|–ß–µ–º–ø–∏–æ–Ω–∞–º–∏ –†–æ—Å—Å–∏–∏ –≤ —Å—É–ø–µ—Ä—Å–ø—Ä–∏–Ω—Ç–µ  —Å—Ç–∞–ª–∏ –í–∏–∫—Ç–æ—Ä–∏—è –°–ª–∏–≤–∫–æ –∏ –í–∞–¥–∏–º –§–∏–ª–∏–º–æ–Ω–æ–≤. –ü–æ–¥—Ä–æ–±–Ω—ã–µ —Ä–µ–∑—É–ª—å—Ç–∞—Ç—ã:‚Ä¶ https://t.co/hYW1kowiKe
russianbiathlon|850266376275083267|2017-04-07 08:37:55|–í–∏–∫—Ç–æ—Ä–∏—è –°–ª–∏–≤–∫–æ –∏ –ò–≤–∞–Ω –ü–µ—á—ë–Ω–∫–∏–Ω –≤—ã–∏–≥—Ä–∞–ª–∏ —Å–ø—Ä–∏–Ω—Ç—ã –Ω–∞ –ø–æ—Å–ª–µ–¥–Ω–µ–º —ç—Ç–∞–ø–µ –ö—É–±–∫–∞ –†–æ—Å—Å–∏–∏: https://t.co/av6suxnYF9‚Ä¶ https://t.co/vFy67tc7Oj
russianbiathlon|849921052599873540|2017-04-06 09:45:44|–ë–∏–∞—Ç–ª–æ–Ω –æ–±–æ—à–µ–ª —Ñ—É—Ç–±–æ–ª –≤ —Ç–æ–ø-10 —Ç–µ–ª–µ—Ç—Ä–∞–Ω—Å–ª—è—Ü–∏–π! –°–ø–∞—Å–∏–±–æ, —á—Ç–æ –Ω–µ –ø—Ä–æ–ø—É—Å–∫–∞–µ—Ç–µ –≥–æ–Ω–æ–∫! –ü–æ–¥—Ä–æ–±–Ω–æ—Å—Ç–∏:‚Ä¶ https://t.co/uiZTkD1j4m
russianbiathlon|849641400807419906|2017-04-05 15:14:30|–ü—Ä–∞–≤–ª–µ–Ω–∏–µ –°–æ—é–∑–∞ –±–∏–∞—Ç–ª–æ–Ω–∏—Å—Ç–æ–≤ –†–æ—Å—Å–∏–∏ —É—Ç–≤–µ—Ä–¥–∏–ª–æ —Å–æ—Å—Ç–∞–≤—ã —Å–±–æ—Ä–Ω—ã—Ö, –∞ —Ç–∞–∫–∂–µ —Ç—Ä–µ–Ω–µ—Ä–æ–≤ –º—É–∂—Å–∫–æ–π –∫–æ–º–∞–Ω–¥—ã –Ω–∞ —Å–µ–∑–æ–Ω 2017/2018:‚Ä¶ https://t.co/XZnr8EVBk1
russianbiathlon|849525965235646464|2017-04-05 07:35:48|–ü–æ–∑–¥—Ä–∞–≤–ª—è–µ–º —Å –¥–Ω–µ–º —Ä–æ–∂–¥–µ–Ω–∏—è –æ–ª–∏–º–ø–∏–π—Å–∫–æ–≥–æ —á–µ–º–ø–∏–æ–Ω–∞, —á–µ–º–ø–∏–æ–Ω–∞ –º–∏—Ä–∞, —Å–µ–º–∏–∫—Ä–∞—Ç–Ω–æ–≥–æ —á–µ–º–ø–∏–æ–Ω–∞ –ï–≤—Ä–æ–ø—ã –ø–æ –±–∏–∞—Ç–ª–æ–Ω—É –ê–ª–µ–∫—Å–µ—è‚Ä¶ https://t.co/F6e1akSknr
russianbiathlon|848592224052969472|2017-04-02 17:45:26|–ß–µ–º–ø–∏–æ–Ω–∞—Ç –†–æ—Å—Å–∏–∏ –ø–æ–¥–∞—Ä–∏–ª –Ω–∞–º –ø–æ—Ç—Ä—è—Å–∞—é—â–∏–µ –≥–æ–Ω–∫–∏ –∏ –Ω–µ–≤–µ—Ä–æ—è—Ç–Ω–æ —è—Ä–∫–∏–µ —Ñ–æ—Ç–æ—Ä–µ–ø–æ—Ä—Ç–∞–∂–∏ –ê–Ω–¥—Ä–µ—è –ê–Ω–æ—Å–æ–≤–∞. –ë–æ–ª—å—à–µ —Å–Ω–∏–º–∫–æ–≤ –Ω–∞‚Ä¶ https://t.co/9YrBcufOnQ
russianbiathlon|848487893932924928|2017-04-02 10:50:52|–¢—é–º–µ–Ω—Å–∫–∏–π –±–∏–∞—Ç–ª–æ–Ω–∏—Å—Ç –ï–≤–≥–µ–Ω–∏–π –ì–∞—Ä–∞–Ω–∏—á–µ–≤ –≤—ã–∏–≥—Ä–∞–ª –∑–æ–ª–æ—Ç–æ –≤ –º–∞—Å—Å-—Å—Ç–∞—Ä—Ç–µ –Ω–∞ —á–µ–º–ø–∏–æ–Ω–∞—Ç–µ –†–æ—Å—Å–∏–∏ –≤ –¢—é–º–µ–Ω–∏:‚Ä¶ https://t.co/HuBq1OpTsC
russianbiathlon|848452212464517121|2017-04-02 08:29:05|–°–±–æ—Ä–Ω–∞—è –ö—Ä–∞—Å–Ω–æ—è—Ä—Å–∫–æ–≥–æ –∫—Ä–∞—è –æ–¥–µ—Ä–∂–∞–ª–∞ –ø–æ–±–µ–¥—É –≤ –∂–µ–Ω—Å–∫–æ–π —ç—Å—Ç–∞—Ñ–µ—Ç–µ –Ω–∞ —á–µ–º–ø–∏–æ–Ω–∞—Ç–µ –†–æ—Å—Å–∏–∏ –≤ –¢—é–º–µ–Ω–∏: https://t.co/KhRSWfR8qr https://t.co/ufPU7C4Hq8
russianbiathlon|848408927679246336|2017-04-02 05:37:05|"2 –∞–ø—Ä–µ–ª—è, 10:00 (–º—Å–∫) - —ç—Å—Ç–∞—Ñ–µ—Ç–∞ (–∂–µ–Ω—â–∏–Ω—ã), 13:00 (–º—Å–∫) - –º–∞—Å—Å-—Å—Ç–∞—Ä—Ç (–º—É–∂—á–∏–Ω—ã)
–û–±–µ –≥–æ–Ω–∫–∏, –∫–∞–∫ –∏ –≤—Å–µ–≥–¥–∞, - –≤ –ø—Ä—è–º–æ–º‚Ä¶ https://t.co/LxyrinjOuw"
russianbiathlon|848218046653227008|2017-04-01 16:58:36|–ï–∫–∞—Ç–µ—Ä–∏–Ω–∞ –Æ—Ä–ª–æ–≤–∞ —Ä–∞—Å—Å–∫–∞–∑–∞–ª–∞ –æ –≤–æ–∑–≤—Ä–∞—â–µ–Ω–∏–∏ –≤ —Å–ø–æ—Ä—Ç, —Ç—Ä–µ–Ω–∏—Ä–æ–≤–∫–∞—Ö –≤ –ø–µ—Ä–∏–æ–¥ –±–µ—Ä–µ–º–µ–Ω–Ω–æ—Å—Ç–∏ –∏ –ø–ª–∞–Ω–∞—Ö –Ω–∞ –±–ª–∏–∂–∞–π—à–µ–µ –≤—Ä–µ–º—è:‚Ä¶ https://t.co/8y5MKVLeu1
russianbiathlon|848120776595308544|2017-04-01 10:32:05|–í—Ç–æ—Ä–∞—è —Å–±–æ—Ä–Ω–∞—è –∫–æ–º–∞–Ω–¥–∞ –•–∞–Ω—Ç—ã-–ú–∞–Ω—Å–∏–π—Å–∫–æ–≥–æ –∞–≤—Ç–æ–Ω–æ–º–Ω–æ–≥–æ –æ–∫—Ä—É–≥–∞ –≤—ã–∏–≥—Ä–∞–ª–∞ —ç—Å—Ç–∞—Ñ–µ—Ç—É –Ω–∞ —á–µ–º–ø–∏–æ–Ω–∞—Ç–µ –†–æ—Å—Å–∏–∏ –≤ –¢—é–º–µ–Ω–∏:‚Ä¶ https://t.co/m80eNq1NWB
russianbiathlon|848080013991837696|2017-04-01 07:50:06|–ï–∫–∞—Ç–µ—Ä–∏–Ω–∞ –Æ—Ä–ª–æ–≤–∞ –≤—ã–∏–≥—Ä–∞–ª–∞ –∑–æ–ª–æ—Ç–æ –≤ –º–∞—Å—Å-—Å—Ç–∞—Ä—Ç–µ –Ω–∞ —á–µ–º–ø–∏–æ–Ω–∞—Ç–µ –†–æ—Å—Å–∏–∏ –≤ –¢—é–º–µ–Ω–∏: https://t.co/kIlLIf6jU3 #–±–∏–∞—Ç–ª–æ–Ω‚Ä¶ https://t.co/gcVrFgH0BH
russianbiathlon|848062810676482048|2017-04-01 06:41:44|"–°–µ—Ä–≥–µ—é –†–æ–∂–∫–æ–≤—É - 45!
–ë–∏–∞—Ç–ª–æ–Ω–Ω–∞—è —Å–µ–º—å—è –ø–æ–∑–¥—Ä–∞–≤–ª—è–µ—Ç —Å –¥–Ω–µ–º —Ä–æ–∂–¥–µ–Ω–∏—è –°–µ—Ä–≥–µ—è –†–æ–∂–∫–æ–≤–∞ –∏ –∂–µ–ª–∞–µ—Ç –∑–¥–æ—Ä–æ–≤—å—è, –±–æ–¥—Ä–æ—Å—Ç–∏ –¥—É—Ö–∞,‚Ä¶ https://t.co/F0nGR8TUZR"
russianbiathlon|848055644812914688|2017-04-01 06:13:16|–ß–µ–º–ø–∏–æ–Ω–∞—Ç –†–æ—Å—Å–∏–∏, 1 –∞–ø—Ä–µ–ª—è, 10:00 (–º—Å–∫) - –º–∞—Å—Å-—Å—Ç–∞—Ä—Ç (–∂–µ–Ω—â–∏–Ω—ã), 12:00 (–º—Å–∫) - —ç—Å—Ç–∞—Ñ–µ—Ç–∞ (–º—É–∂—á–∏–Ω—ã). –û–±–µ –≥–æ–Ω–∫–∏ - –≤ –ø—Ä—è‚Ä¶ https://t.co/CuRBTNtouH
russianbiathlon|847720403287949312|2017-03-31 08:01:08|–ü–æ–∑–¥—Ä–∞–≤–ª—è–µ–º —Å –¥–Ω–µ–º —Ä–æ–∂–¥–µ–Ω–∏—è —á–µ–º–ø–∏–æ–Ω–∞ –ï–≤—Ä–æ–ø—ã –ú–∞—Ç–≤–µ—è –ï–ª–∏—Å–µ–µ–≤–∞! https://t.co/wW18kPZTwC
russianbiathlon|847028362061238273|2017-03-29 10:11:13|"–õ—É—á—à–∏–µ –∫–æ–º–∞–Ω–¥—ã –≤ –º–∏–∫—Å—Ç–µ –∏ —Å–∏–Ω–≥–ª-–º–∏–∫—Å—Ç–µ –Ω–∞ —á–µ–º–ø–∏–æ–Ω–∞—Ç–µ –†–æ—Å—Å–∏–∏ –≤ –£–≤–∞—Ç–µüá∑üá∫ 
–ü–æ–∑–¥—Ä–∞–≤–ª—è–µ–º –ø–æ–±–µ–¥–∏—Ç–µ–ª–µ–π –∏ –ø—Ä–∏–∑–µ—Ä–æ–≤! https://t.co/4uzzuJNjLm"
russianbiathlon|847019376595361792|2017-03-29 09:35:30|–°–±–æ—Ä–Ω–∞—è –ö—Ä–∞—Å–Ω–æ—è—Ä—Å–∫–æ–≥–æ –∫—Ä–∞—è –æ–¥–µ—Ä–∂–∞–ª–∞ –ø–æ–±–µ–¥—É –≤ —Å–º–µ—à–∞–Ω–Ω–æ–π —ç—Å—Ç–∞—Ñ–µ—Ç–µ –Ω–∞ —á–µ–º–ø–∏–æ–Ω–∞—Ç–µ –†–æ—Å—Å–∏–∏ –≤ –£–≤–∞—Ç–µ:‚Ä¶ https://t.co/PwuRdblTLt
russianbiathlon|846979156009201666|2017-03-29 06:55:41|–°–±–æ—Ä–Ω–∞—è –°–∞–Ω–∫—Ç-–ü–µ—Ç–µ—Ä–±—É—Ä–≥–∞ –≤—ã–∏–≥—Ä–∞–ª–∞ —Å–∏–Ω–≥–ª-–º–∏–∫—Å—Ç –Ω–∞ —á–µ–º–ø–∏–æ–Ω–∞—Ç–µ –†–æ—Å—Å–∏–∏ –≤ –£–≤–∞—Ç–µ: https://t.co/yspGCG585V https://t.co/Qdt3EVrj9u
russianbiathlon|846818557807726596|2017-03-28 20:17:31|"29 –º–∞—Ä—Ç–∞ –≤ –£–≤–∞—Ç–µ –ø—Ä–æ–π–¥—É—Ç —Å–º–µ—à–∞–Ω–Ω—ã–µ —ç—Å—Ç–∞—Ñ–µ—Ç—ã –≤ —Ä–∞–º–∫–∞—Ö —á–µ–º–ø–∏–æ–Ω–∞—Ç–∞ –†–æ—Å—Å–∏–∏. –ù–µ –ø—Ä–æ–ø—É—Å—Ç–∏—Ç–µ –æ–±–µ –≥–æ–Ω–∫–∏ –≤ –ø—Ä—è–º–æ–º —ç—Ñ–∏—Ä–µ –Ω–∞ ""‚Ä¶ https://t.co/KUW4h296U7"
russianbiathlon|846680661700362241|2017-03-28 11:09:34|–¶–≤–µ—Ç–æ—á–Ω—ã–µ —Ü–µ—Ä–µ–º–æ–Ω–∏–∏ –ø–æ –∏—Ç–æ–≥–∞–º –∏–Ω–¥–∏–≤–∏–¥—É–∞–ª—å–Ω—ã—Ö –≥–æ–Ω–æ–∫ –Ω–∞ —á–µ–º–ø–∏–æ–Ω–∞—Ç–µ –†–æ—Å—Å–∏–∏ –ø–æ –±–∏–∞—Ç–ª–æ–Ω—É –≤ –£–≤–∞—Ç–µüå∏ https://t.co/5a7ry566fl
russianbiathlon|846676732203675648|2017-03-28 10:53:58|–ê–ª–µ–∫—Å–µ–π –°–ª–µ–ø–æ–≤ –≤—ã–∏–≥—Ä–∞–ª –∏–Ω–¥–∏–≤–∏–¥—É–∞–ª—å–Ω—É—é –≥–æ–Ω–∫—É –Ω–∞ —á–µ–º–ø–∏–æ–Ω–∞—Ç–µ –†–æ—Å—Å–∏–∏ –ø–æ –±–∏–∞—Ç–ª–æ–Ω—É –≤ –£–≤–∞—Ç–µ: https://t.co/mcSMwmrZcA‚Ä¶ https://t.co/Oplpr8oylr
russianbiathlon|846626523897585665|2017-03-28 07:34:27|–ò—Ä–∏–Ω–∞ –£—Å–ª—É–≥–∏–Ω–∞ –≤—ã–∏–≥—Ä–∞–ª–∞ –∑–æ–ª–æ—Ç–æ –≤ –∏–Ω–¥–∏–≤–∏–¥—É–∞–ª—å–Ω–æ–π –≥–æ–Ω–∫–µ –Ω–∞ —á–µ–º–ø–∏–æ–Ω–∞—Ç–µ –†–æ—Å—Å–∏–∏ –≤ –£–≤–∞—Ç–µ: https://t.co/VAYGYjAfx2‚Ä¶ https://t.co/jF0EXFAqAr
russianbiathlon|846467926098104325|2017-03-27 21:04:14|–ó–∞–≤—Ç—Ä–∞ –Ω–∞ –ß–† –ø–æ –±–∏–∞—Ç–ª–æ–Ω—É - –∏–Ω–¥–∏–≤–∏–¥—É–∞–ª—å–Ω—ã–µ –≥–æ–Ω–∫–∏. 9:00 (–º—Å–∫) - –∂–µ–Ω—â–∏–Ω—ã, 12:00 (–º—Å–∫) - –º—É–∂—á–∏–Ω—ã. –í –ø—Ä—è–º–æ–º —ç—Ñ–∏—Ä–µ - –Ω–∞ —Ç‚Ä¶ https://t.co/V40gAjLzF5
russianbiathlon|845926221674369024|2017-03-26 09:11:42|"–¶–≤–µ—Ç–æ—á–Ω—ã–µ —Ü–µ—Ä–µ–º–æ–Ω–∏–∏ –∏–∑ –£–≤–∞—Ç–∞üå∏
–®–µ—Å—Ç–µ—Ä–∫–∞ –ª—É—á—à–∏—Ö –ø–æ –∏—Ç–æ–≥–∞–º –∂–µ–Ω—Å–∫–æ–π –∏ –º—É–∂—Å–∫–æ–π –≥–æ–Ω–æ–∫ –ø—Ä–µ—Å–ª–µ–¥–æ–≤–∞–Ω–∏—è –Ω–∞ —á–µ–º–ø–∏–æ–Ω–∞—Ç–µ –†–æ—Å—Å–∏–∏: https://t.co/zpxZUgYhaV"
russianbiathlon|845921604286779392|2017-03-26 08:53:21|–ï–≤–≥–µ–Ω–∏–π –ì–∞—Ä–∞–Ω–∏—á–µ–≤ —Å—Ç–∞–ª —á–µ–º–ø–∏–æ–Ω–æ–º –†–æ—Å—Å–∏–∏ –≤ –≥–æ–Ω–∫–µ –ø—Ä–µ—Å–ª–µ–¥–æ–≤–∞–Ω–∏—è, –≤—Ç–æ—Ä—ã–º —Å—Ç–∞–ª –°–µ–º–µ–Ω –°—É—á–∏–ª–æ–≤, —Ç—Ä–µ—Ç—å–∏–º ‚Äî –ê–Ω—Ç–æ–Ω –ë–∞–±–∏–∫–æ–≤:‚Ä¶ https://t.co/IcfsBN6MNL
russianbiathlon|845890822608490496|2017-03-26 06:51:02|–°–≤–µ—Ç–ª–∞–Ω–∞ –ú–∏—Ä–æ–Ω–æ–≤–∞ –≤—ã–∏–≥—Ä–∞–ª–∞ –≤—Ç–æ—Ä–æ–µ –∑–æ–ª–æ—Ç–æ —á–µ–º–ø–∏–æ–Ω–∞—Ç–∞ –†–æ—Å—Å–∏–∏, –æ–¥–µ—Ä–∂–∞–≤ –ø–æ–±–µ–¥—É –≤ –≥–æ–Ω–∫–µ –ø—Ä–µ—Å–ª–µ–¥–æ–≤–∞–Ω–∏—è:‚Ä¶ https://t.co/9yeSmJmK8G
russianbiathlon|845585210293059588|2017-03-25 10:36:39|–ê–ª–µ–∫—Å–µ–π –°–ª–µ–ø–æ–≤ —Å—Ç–∞–ª —á–µ–º–ø–∏–æ–Ω–æ–º –†–æ—Å—Å–∏–∏ –≤ —Å–ø—Ä–∏–Ω—Ç–µ. –í—Ç–æ—Ä—ã–º —Ñ–∏–Ω–∏—à–∏—Ä–æ–≤–∞–ª –Æ—Ä–∏–π –®–æ–ø–∏–Ω, —Ç—Ä–µ—Ç—å–∏–º ‚Äì –ï–≤–≥–µ–Ω–∏–π –ì–∞—Ä–∞–Ω–∏—á–µ–≤:‚Ä¶ https://t.co/ijdsQ3Jc5w
russianbiathlon|845536063657562112|2017-03-25 07:21:21|–°–≤–µ—Ç–ª–∞–Ω–∞ –ú–∏—Ä–æ–Ω–æ–≤–∞ –≤—ã–∏–≥—Ä–∞–ª–∞ –∑–æ–ª–æ—Ç–æ –≤ —Å–ø—Ä–∏–Ω—Ç–µ—Ä—Å–∫–æ–π –≥–æ–Ω–∫–µ –Ω–∞ —á–µ–º–ø–∏–æ–Ω–∞—Ç–µ –†–æ—Å—Å–∏–∏ –ø–æ –±–∏–∞—Ç–ª–æ–Ω—É –≤ –£–≤–∞—Ç–µ:‚Ä¶ https://t.co/wv1mNZmSe3
russianbiathlon|845347421416816640|2017-03-24 18:51:45|–ê–ª–µ–∫—Å–∞–Ω–¥—Ä –õ–æ–≥–∏–Ω–æ–≤ –∏ –°–≤–µ—Ç–ª–∞–Ω–∞ –ú–∏—Ä–æ–Ω–æ–≤–∞ –ø–µ—Ä–≤—ã–º–∏ —É–π–¥—É—Ç —Å–æ —Å—Ç–∞—Ä—Ç–∞ –≤ —Å–ø—Ä–∏–Ω—Ç–µ—Ä—Å–∫–∏—Ö –≥–æ–Ω–∫–∞—Ö –Ω–∞ —á–µ–º–ø–∏–æ–Ω–∞—Ç–µ –†–æ—Å—Å–∏–∏ –≤ –£–≤–∞—Ç–µ:‚Ä¶ https://t.co/UBlCtMBPFH
russianbiathlon|845245794005471232|2017-03-24 12:07:55|25 –º–∞—Ä—Ç–∞ –≤ –£–≤–∞—Ç–µ —Å—Ç–∞—Ä—Ç—É–µ—Ç –æ—Å–Ω–æ–≤–Ω–∞—è –ø—Ä–æ–≥—Ä–∞–º–º–∞ —á–µ–º–ø–∏–æ–Ω–∞—Ç–∞ –†–æ—Å—Å–∏–∏ –ø–æ –±–∏–∞—Ç–ª–æ–Ω—É. –û–±–∑–æ—Ä –Ω–∞ https://t.co/9eGgSMIJ78:‚Ä¶ https://t.co/6t080Rc3kS
russianbiathlon|844634035724959745|2017-03-22 19:37:01|–ü–æ–∑–¥—Ä–∞–≤–ª—è–µ–º —Å –¥–Ω–µ–º —Ä–æ–∂–¥–µ–Ω–∏—è —Å–µ—Ä–µ–±—Ä—è–Ω–æ–≥–æ –ø—Ä–∏–∑–µ—Ä–∞ –û–ª–∏–º–ø–∏–π—Å–∫–∏—Ö –∏–≥—Ä –û–ª—å–≥—É –í–∏–ª—É—Ö–∏–Ω—É! https://t.co/nkTLQNdVgx
russianbiathlon|843542933618016257|2017-03-19 19:21:22|–ê–ª–µ–∫—Å–∞–Ω–¥—Ä –ö–∞—Å–ø–µ—Ä–æ–≤–∏—á –ø—Ä–æ–∫–æ–º–º–µ–Ω—Ç–∏—Ä–æ–≤–∞–ª –≤—ã—Å—Ç—É–ø–ª–µ–Ω–∏–µ –∫–æ–º–∞–Ω–¥—ã –Ω–∞ —ç—Ç–∞–ø–µ –ö–ú –≤ –•–æ–ª–º–µ–Ω–∫–æ–ª–ª–µ–Ω–µ, –∞ —Ç–∞–∫–∂–µ –ø–æ–¥–≤–µ–ª –∏—Ç–æ–≥–∏ —Å–µ–∑–æ–Ω–∞:‚Ä¶ https://t.co/BiLbkiY2Qr
russianbiathlon|843454936692277249|2017-03-19 13:31:42|–ë–∏–∞—Ç–ª–æ–Ω–∏—Å—Ç —Å–±–æ—Ä–Ω–æ–π –†–æ—Å—Å–∏–∏ –ï–≤–≥–µ–Ω–∏–π –ì–∞—Ä–∞–Ω–∏—á–µ–≤ —Ñ–∏–Ω–∏—à–∏—Ä–æ–≤–∞–ª –≤–æ—Å—å–º—ã–º –≤ –º–∞—Å—Å-—Å—Ç–∞—Ä—Ç–µ –Ω–∞ —ç—Ç–∞–ø–µ –ö—É–±–∫–∞ –º–∏—Ä–∞ –≤ –•–æ–ª–º–µ–Ω–∫–æ–ª–ª–µ–Ω–µ:‚Ä¶ https://t.co/gRkFDEY5IM
russianbiathlon|843443545587568640|2017-03-19 12:46:26|–ü–æ–∑–¥—Ä–∞–≤–ª—è–µ–º —Å –¥–Ω–µ–º —Ä–æ–∂–¥–µ–Ω–∏—è –æ–ª–∏–º–ø–∏–π—Å–∫–æ–≥–æ —á–µ–º–ø–∏–æ–Ω–∞ –î–º–∏—Ç—Ä–∏—è –ú–∞–ª—ã—à–∫–æ! https://t.co/YLdsbMPcp7
russianbiathlon|843418623205085184|2017-03-19 11:07:24|–¢–∏—Ä–∏–ª—å –≠–∫—Ö–æ—Ñ—Ñ –≤—ã–∏–≥—Ä–∞–ª–∞ –º–∞—Å—Å-—Å—Ç–∞—Ä—Ç –Ω–∞ –¥–æ–º–∞—à–Ω–µ–º —ç—Ç–∞–ø–µ –ö–ú –≤ –•–æ–ª–º–µ–Ω–∫–æ–ª–ª–µ–Ω–µ. –¢–∞—Ç—å—è–Ω–∞ –ê–∫–∏–º–æ–≤–∞ —Ñ–∏–Ω–∏—à–∏—Ä–æ–≤–∞–ª–∞ 29-–π:‚Ä¶ https://t.co/w06XzZC2WO
russianbiathlon|843377744893431808|2017-03-19 08:24:58|–í –•–æ–ª–º–µ–Ω–∫–æ–ª–ª–µ–Ω–µ –º–∞—Å—Å-—Å—Ç–∞—Ä—Ç–∞–º–∏ –∑–∞–≤–µ—Ä—à–∞–µ—Ç—Å—è —Å–µ–∑–æ–Ω –ö—É–±–∫–∞ –º–∏—Ä–∞ 2016/2017: 13:15 (–º—Å–∫) ‚Äì –∂–µ–Ω—â–∏–Ω—ã, 15:30 (–º—Å–∫) ‚Äì –º—É–∂—á–∏–Ω—ã‚Ä¶ https://t.co/SVSzgjew65
russianbiathlon|843159441398812672|2017-03-18 17:57:30|"–°–ø–∞—Å–∏–±–æ –ê–Ω—Ç–æ–Ω—É –∑–∞ –ø—Ä–∞–∑–¥–Ω–∏–∫!üá∑üá∫üèÜ‚ù§ #HOL17 #biathlon #–±–∏–∞—Ç–ª–æ–Ω
@adidasRU @VolkswagenCVRus https://t.co/KBpvN38n68"
russianbiathlon|843151810936389632|2017-03-18 17:27:11|"–ê–Ω—Ç–æ–Ω –®–∏–ø—É–ª–∏–Ω –ø—Ä–æ–∫–æ–º–º–µ–Ω—Ç–∏—Ä–æ–≤–∞–ª —Å–≤–æ—é –ø–æ–±–µ–¥—É –≤ –ø–∞—Å—å—é—Ç–µ –Ω–∞ —ç—Ç–∞–ø–µ –ö–ú –≤ –•–æ–ª–º–µ–Ω–∫–æ–ª–ª–µ–Ω–µ: https://t.co/MZ2mcUjEwy
@adidasRU‚Ä¶ https://t.co/2cnyTNioiS"
russianbiathlon|843131178249080832|2017-03-18 16:05:12|–ù–∞ —ç—Ç–∏ —Ñ–æ—Ç–æ –º–æ–∂–Ω–æ —Å–º–æ—Ç—Ä–µ—Ç—å –±–µ—Å–∫–æ–Ω–µ—á–Ω–æ‚ù§–ê–Ω—Ç–æ–Ω –®–∏–ø—É–ª–∏–Ω —Å –∑–æ–ª–æ—Ç–æ–π –º–µ–¥–∞–ª—å—é –ø–∞—Å—å—é—Ç–∞ –Ω–∞ —ç—Ç–∞–ø–µ –ö–ú –≤ –•–æ–ª–º–µ–Ω–∫–æ–ª–ª–µ–Ω–µüá∑üá∫‚Ä¶ https://t.co/xmNSiWrB0w
russianbiathlon|843113953966415873|2017-03-18 14:56:45|–ê–Ω—Ç–æ–Ω –®–∏–ø—É–ª–∏–Ω –æ–¥–µ—Ä–∂–∞–ª –ø–æ–±–µ–¥—É –≤ –≥–æ–Ω–∫–µ –ø—Ä–µ—Å–ª–µ–¥–æ–≤–∞–Ω–∏—è –Ω–∞ —ç—Ç–∞–ø–µ –ö—É–±–∫–∞ –º–∏—Ä–∞ –≤ –•–æ–ª–º–µ–Ω–∫–æ–ª–ª–µ–Ω–µ! https://t.co/KwwQevn4iS‚Ä¶ https://t.co/KMefJA2xnF
russianbiathlon|843077355702829057|2017-03-18 12:31:19|–§–∏–Ω—Å–∫–∞—è –±–∏–∞—Ç–ª–æ–Ω–∏—Å—Ç–∫–∞ –ú–∞—Ä–∏ –õ–∞—É–∫–∞–Ω–µ–Ω –æ–¥–µ—Ä–∂–∞–ª–∞ –ø–æ–±–µ–¥—É –≤ –ø–∞—Å—å—é—Ç–µ –Ω–∞ —ç—Ç–∞–ø–µ –ö–ú –≤ –•–æ–ª–º–µ–Ω–∫–æ–ª–ª–µ–Ω–µ: https://t.co/ytUr1KoJrn‚Ä¶ https://t.co/DCrto2X13z
russianbiathlon|843053873891893250|2017-03-18 10:58:01|–ö—É–±–æ–∫ –º–∏—Ä–∞ –ø–æ –±–∏–∞—Ç–ª–æ–Ω—É, –•–æ–ª–º–µ–Ω–∫–æ–ª–ª–µ–Ω: 18 –º–∞—Ä—Ç–∞, –≥–æ–Ω–∫–∞ –ø—Ä–µ—Å–ª–µ–¥–æ–≤–∞–Ω–∏—è. 14:45 (–º—Å–∫) -  –∂–µ–Ω—â–∏–Ω—ã, 17:00 (–º—Å–∫) - –º—É–∂—á–∏–Ω—ã‚Ä¶ https://t.co/0UlxjAZYfe
russianbiathlon|842863923498012672|2017-03-17 22:23:13|"–ú—É–∂—Å–∫–∞—è —Å–±–æ—Ä–Ω–∞—è –†–æ—Å—Å–∏–∏ –≤—ã–∏–≥—Ä–∞–ª–∞ –•—Ä—É—Å—Ç–∞–ª—å–Ω—ã–π –≥–ª–æ–±—É—Å –≤ –∑–∞—á–µ—Ç–µ —ç—Å—Ç–∞—Ñ–µ—Ç!üá∑üá∫
@adidasRU @VolkswagenCVRus https://t.co/UzkI14jZwN"
russianbiathlon|842857411841024001|2017-03-17 21:57:21|"–ê–Ω—Ç–æ–Ω –®–∏–ø—É–ª–∏–Ω —Å–µ–≥–æ–¥–Ω—è –Ω–∞ –ø–æ–¥–∏—É–º–µ –≤ –∫–ª–∞—Å—Å–Ω–æ–π –∫–æ–º–ø–∞–Ω–∏–∏üòâ –ò –Ω–∞—Å—Ç—Ä–æ–µ–Ω–∏–µ –æ—Ç–ª–∏—á–Ω–æ–µ‚úå
@VolkswagenCVRus @adidasRU https://t.co/8d592M3Fql"
russianbiathlon|842835209552871424|2017-03-17 20:29:07|–ê–Ω—Ç–æ–Ω –®–∏–ø—É–ª–∏–Ω –ø—Ä–æ–∫–æ–º–º–µ–Ω—Ç–∏—Ä–æ–≤–∞–ª —Å–≤–æ–µ –≤—ã—Å—Ç—É–ø–ª–µ–Ω–∏–µ –≤ —Å–ø—Ä–∏–Ω—Ç–µ –Ω–∞ —ç—Ç–∞–ø–µ –ö–ú –≤ –•–æ–ª–º–µ–Ω–∫–æ–ª–ª–µ–Ω–µ, –≥–¥–µ –æ–Ω –∑–∞–Ω—è–ª —Ç—Ä–µ—Ç—å–µ –º–µ—Å—Ç–æ:‚Ä¶ https://t.co/JoOsFlUvET
russianbiathlon|842783379766611969|2017-03-17 17:03:10|–ê–Ω—Ç–æ–Ω –®–∏–ø—É–ª–∏–Ω —á–∏—Å—Ç–æ –ø—Ä–æ—à–µ–ª –æ–±–∞ –æ–≥–Ω–µ–≤—ã—Ö —Ä—É–±–µ–∂–∞ –∏ –≤—ã–∏–≥—Ä–∞–ª –±—Ä–æ–Ω–∑—É –≤ —Å–ø—Ä–∏–Ω—Ç–µ –Ω–∞ —ç—Ç–∞–ø–µ –ö—É–±–∫–∞ –º–∏—Ä–∞ –≤ –•–æ–ª–º–µ–Ω–∫–æ–ª–ª–µ–Ω–µ:‚Ä¶ https://t.co/kgY039zV13
russianbiathlon|842745410502516736|2017-03-17 14:32:17|–°–ø—Ä–∏–Ω—Ç –Ω–∞ —ç—Ç–∞–ø–µ –ö–ú –≤ –•–æ–ª–º–µ–Ω–∫–æ–ª–ª–µ–Ω–µ –≤—ã–∏–≥—Ä–∞–ª–∞ –ú–∞—Ä–∏ –õ–∞—É–∫–∞–Ω–µ–Ω. –õ—É—á—à–µ–π —Å—Ä–µ–¥–∏ —Ä–æ—Å—Å–∏—è–Ω–æ–∫ —Å—Ç–∞–ª–∞ –ò—Ä–∏–Ω–∞ –°—Ç–∞—Ä—ã—Ö - 15-–µ –º–µ—Å—Ç–æ:‚Ä¶ https://t.co/nGJ94uBkKc
russianbiathlon|842720400182263808|2017-03-17 12:52:55|–ö—É–±–æ–∫ –º–∏—Ä–∞ –ø–æ –±–∏–∞—Ç–ª–æ–Ω—É, –•–æ–ª–º–µ–Ω–∫–æ–ª–ª–µ–Ω: 17 –º–∞—Ä—Ç–∞, —Å–ø—Ä–∏–Ω—Ç. 16:00 (–º—Å–∫) - –∂–µ–Ω—â–∏–Ω—ã, 18:30 (–º—Å–∫) - –º—É–∂—á–∏–Ω—ã #–±–∏–∞—Ç–ª–æ–Ω‚Ä¶ https://t.co/rMJssu0eHP
russianbiathlon|841343000970170368|2017-03-13 17:39:37|RT @csp72ru: –ß–µ–º–ø–∏–æ–Ω–∞—Ç –†–æ—Å—Å–∏–∏ –ø–æ –±–∏–∞—Ç–ª–æ–Ω—É –≤ –¢—é–º–µ–Ω–∏!1 –∏ 2 –∞–ø—Ä–µ–ª—è! –ë–∏–ª–µ—Ç—ã:https://t.co/zOn1POSzvV –∏ –∫–∞—Å—Å–∞ –õ–µ–≥–∫–æ–∞—Ç–ª–µ—Ç–∏—á–µ—Å–∫–æ–≥–æ –º–∞–Ω–µ–∂–∞ (–õ—É–Ω–∞—á–∞—Ä—Å‚Ä¶
russianbiathlon|841026711181545472|2017-03-12 20:42:48|–û–ø—Ä–µ–¥–µ–ª–µ–Ω —Å–æ—Å—Ç–∞–≤ —Å–±–æ—Ä–Ω–æ–π –†–æ—Å—Å–∏–∏ –ø–æ –±–∏–∞—Ç–ª–æ–Ω—É –Ω–∞ —ç—Ç–∞–ø –ö—É–±–∫–∞ –º–∏—Ä–∞ –≤ –•–æ–ª–º–µ–Ω–∫–æ–ª–ª–µ–Ω–µ https://t.co/JLu5rAA9FM #–±–∏–∞—Ç–ª–æ–Ω‚Ä¶ https://t.co/zor8jJAEt7
russianbiathlon|840999612026617858|2017-03-12 18:55:07|–°–µ–≥–æ–¥–Ω—è –≤ –û—Ç–µ–ø—è –∑–∞–≤–µ—Ä—à–∏–ª–∏—Å—å —Å–æ—Ä–µ–≤–Ω–æ–≤–∞–Ω–∏—è –ö—É–±–∫–∞ IBU. –ü–æ–∑–¥—Ä–∞–≤–ª—è–µ–º —Å–±–æ—Ä–Ω—É—é –∫–æ–º–∞–Ω–¥—É –†–æ—Å—Å–∏–∏ —Å –Ω–∞–≥—Ä–∞–¥–∞–º–∏ –ø–æ –∏—Ç–æ–≥–∞–º —Å–µ–∑–æ–Ω–∞‚Ä¶ https://t.co/liexN5byp5
russianbiathlon|840964175417528320|2017-03-12 16:34:18|–°–±–æ—Ä–Ω–∞—è –∫–æ–º–∞–Ω–¥–∞ –†–æ—Å—Å–∏–∏ —Ñ–∏–Ω–∏—à–∏—Ä–æ–≤–∞–ª–∞ —á–µ—Ç–≤–µ—Ä—Ç–æ–π –≤ —Å–º–µ—à–∞–Ω–Ω–æ–π —ç—Å—Ç–∞—Ñ–µ—Ç–µ –Ω–∞ —ç—Ç–∞–ø–µ –ö—É–±–∫–∞ –º–∏—Ä–∞ –≤ –ö–æ–Ω—Ç–∏–æ–ª–∞—Ö—Ç–∏:‚Ä¶ https://t.co/rOWTIvUnPx
russianbiathlon|840914805598879744|2017-03-12 13:18:07|–ê–≤—Å—Ç—Ä–∏–π—Å–∫–∞—è –∫–æ–º–∞–Ω–¥–∞ –≤—ã–∏–≥—Ä–∞–ª–∞ –æ–¥–∏–Ω–æ—á–Ω—É—é —Å–º–µ—à–∞–Ω–Ω—É—é —ç—Å—Ç–∞—Ñ–µ—Ç—É –Ω–∞ —ç—Ç–∞–ø–µ –ö—É–±–∫–∞ –º–∏—Ä–∞ –ø–æ –±–∏–∞—Ç–ª–æ–Ω—É –≤ –ö–æ–Ω—Ç–∏–æ–ª–∞—Ö—Ç–∏:‚Ä¶ https://t.co/FvuzVvxUYN
russianbiathlon|840891101842198528|2017-03-12 11:43:56|12 –º–∞—Ä—Ç–∞, 15:30 (–º—Å–∫) - –æ–¥–∏–Ω–æ—á–Ω–∞—è —Å–º–µ—à–∞–Ω–Ω–∞—è —ç—Å—Ç–∞—Ñ–µ—Ç–∞, 18:15 (–º—Å–∫) - —Å–º–µ—à–∞–Ω–Ω–∞—è —ç—Å—Ç–∞—Ñ–µ—Ç–∞. @MatchTV –≤ –ø—Ä—è–º–æ–º —ç—Ñ–∏—Ä–µ –ø–æ–∫‚Ä¶ https://t.co/4P29QVx1N6
russianbiathlon|840622768983011328|2017-03-11 17:57:40|–ê–ª–µ–∫—Å–∞–Ω–¥—Ä –ö—Ä–∞–≤—Ü–æ–≤: ¬´–ù–∞ —ç—Ç–∞–ø–µ –ö—É–±–∫–∞ –º–∏—Ä–∞ –≤ –•–æ–ª–º–µ–Ω–∫–æ–ª–ª–µ–Ω–µ –¥–∞–¥–∏–º —à–∞–Ω—Å —é–Ω–∏–æ—Ä–∞–º¬ª https://t.co/xSRVaNJ11Q https://t.co/0nJGKd2UDF
russianbiathlon|840579682080829444|2017-03-11 15:06:28|–†–æ—Å—Å–∏–π—Å–∫–∞—è –±–∏–∞—Ç–ª–æ–Ω–∏—Å—Ç–∫–∞ –î–∞—Ä—å—è –í–∏—Ä–æ–ª–∞–π–Ω–µ–Ω –ø–æ–∫–∞–∑–∞–ª–∞ 17-–π —Ä–µ–∑—É–ª—å—Ç–∞—Ç –≤ –≥–æ–Ω–∫–µ –ø—Ä–µ—Å–ª–µ–¥–æ–≤–∞–Ω–∏—è –Ω–∞ —ç—Ç–∞–ø–µ –ö–ú –≤ –ö–æ–Ω—Ç–∏–æ–ª–∞—Ö—Ç–∏:‚Ä¶ https://t.co/nWeG5eO9xT
russianbiathlon|840540958953488386|2017-03-11 12:32:35|–ê–Ω—Ç–æ–Ω –®–∏–ø—É–ª–∏–Ω –ø—Ä–æ–∫–æ–º–º–µ–Ω—Ç–∏—Ä–æ–≤–∞–ª —Å–≤–æ–µ –≤—ã—Å—Ç—É–ø–ª–µ–Ω–∏–µ –≤ –≥–æ–Ω–∫–µ –ø—Ä–µ—Å–ª–µ–¥–æ–≤–∞–Ω–∏—è –Ω–∞ —ç—Ç–∞–ø–µ –ö–ú –ø–æ –±–∏–∞—Ç–ª–æ–Ω—É –≤ –ö–æ–Ω—Ç–∏–æ–ª–∞—Ö—Ç–∏:‚Ä¶ https://t.co/oSdL3A3T7M
russianbiathlon|840528787733413888|2017-03-11 11:44:13|–°–ø–∞—Å–∏–±–æ –ê–Ω—Ç–æ–Ω—É –®–∏–ø—É–ª–∏–Ω—É –∑–∞ —è—Ä–∫—É—é –±–æ—Ä—å–±—É! –í –ø–∞—Å—å—é—Ç–µ –Ω–∞ —ç—Ç–∞–ø–µ –ö—É–±–∫–∞ –º–∏—Ä–∞ –≤ –ö–æ–Ω—Ç–∏–æ–ª–∞—Ö—Ç–∏ –æ–Ω —Ñ–∏–Ω–∏—à–∏—Ä–æ–≤–∞–ª –¥–µ—Å—è—Ç—ã–º:‚Ä¶ https://t.co/6B6rtPJp7d
russianbiathlon|840503605379645440|2017-03-11 10:04:09|"–ö–ú –ø–æ –±–∏–∞—Ç–ª–æ–Ω—É, –ö–æ–Ω—Ç–∏–æ–ª–∞—Ö—Ç–∏: 11 –º–∞—Ä—Ç–∞, –≥–æ–Ω–∫–∞ –ø—Ä–µ—Å–ª–µ–¥–æ–≤–∞–Ω–∏—è. 14:00 (–º—Å–∫) - –º—É–∂—á–∏–Ω—ã, 17:15 (–º—Å–∫) - –∂–µ–Ω—â–∏–Ω—ã.
–ü—Ä—è–º—ã–µ —ç—Ñ‚Ä¶ https://t.co/qx3XpJOjP5"
russianbiathlon|840298942227202048|2017-03-10 20:30:54|"–õ—É—á—à–∏–µ —Ñ–æ—Ç–æ–≥—Ä–∞—Ñ–∏–∏ –≥–æ–Ω–æ–∫ –≤ –ö–æ–Ω—Ç–∏–æ–ª–∞—Ö—Ç–∏üì∑
–ë–æ–ª—å—à–µ —è—Ä–∫–∏—Ö –∫–∞–¥—Ä–æ–≤ - –Ω–∞ https://t.co/9eGgSMIJ78: 
https://t.co/2CtEbtE7Os‚Ä¶ https://t.co/ctN8MbhPX3"
russianbiathlon|840274287768547328|2017-03-10 18:52:56|–ë–∏–∞—Ç–ª–æ–Ω–∏—Å—Ç–∫–∞ —Å–±–æ—Ä–Ω–æ–π –†–æ—Å—Å–∏–∏ –î–∞—Ä—å—è –í–∏—Ä–æ–ª–∞–π–Ω–µ–Ω –ø—Ä–æ–∫–æ–º–º–µ–Ω—Ç–∏—Ä–æ–≤–∞–ª–∞ —Å–≤–æ–µ –≤—ã—Å—Ç—É–ø–ª–µ–Ω–∏–µ –≤ —Å–ø—Ä–∏–Ω—Ç–µ –Ω–∞ —ç—Ç–∞–ø–µ –ö–ú –≤ –ö–æ–Ω—Ç–∏–æ–ª–∞—Ö—Ç–∏‚Ä¶ https://t.co/SjE8XB8wdo
russianbiathlon|840263693602549761|2017-03-10 18:10:50|–ë–∏–∞—Ç–ª–æ–Ω–∏—Å—Ç–∫–∞ —Å–±–æ—Ä–Ω–æ–π –†–æ—Å—Å–∏–∏ –î–∞—Ä—å—è –í–∏—Ä–æ–ª–∞–π–Ω–µ–Ω —Å—Ç–∞–ª–∞ —á–µ—Ç–≤–µ—Ä—Ç–æ–π –≤ —Å–ø—Ä–∏–Ω—Ç–µ –Ω–∞ —ç—Ç–∞–ø–µ –ö—É–±–∫–∞ –º–∏—Ä–∞ –≤ —Ñ–∏–Ω—Å–∫–æ–º –ö–æ–Ω—Ç–∏–æ–ª–∞—Ö—Ç–∏:‚Ä¶ https://t.co/nPmVBs9uyJ
russianbiathlon|840215362817921026|2017-03-10 14:58:47|–ú–∞—Ä—Ç–µ–Ω –§—É—Ä–∫–∞–¥ –æ–¥–µ—Ä–∂–∞–ª –ø–æ–±–µ–¥—É –≤ —Å–ø—Ä–∏–Ω—Ç–µ –Ω–∞ —ç—Ç–∞–ø–µ –ö–ú –≤ –ö–æ–Ω—Ç–∏–æ–ª–∞—Ö—Ç–∏. –°—Ä–µ–¥–∏ —Ä–æ—Å—Å–∏—è–Ω –ª—É—á—à–∏–π ‚Äî –ï–≤–≥–µ–Ω–∏–π –ì–∞—Ä–∞–Ω–∏—á–µ–≤:‚Ä¶ https://t.co/KzfUhWdpSI
russianbiathlon|840180046027509761|2017-03-10 12:38:27|10 –º–∞—Ä—Ç–∞,—Å–ø—Ä–∏–Ω—Ç: 16:30(–º—Å–∫) –º—É–∂—á–∏–Ω—ã, 19:45 (–º—Å–∫) –∂–µ–Ω—â–∏–Ω—ã. –ú—É–∂—Å–∫–æ–π –≤ –ø—Ä—è–º–æ–º —ç—Ñ–∏—Ä–µ –Ω–∞ –ú–∞—Ç—á –¢–í –∏ –ï–≤—Ä–æ—Å–ø–æ—Ä—Ç, –∂–µ–Ω—Å–∫–∏–π -‚Ä¶ https://t.co/iuDto3UWif
russianbiathlon|839359503422357504|2017-03-08 06:17:54|–°–æ—é–∑ –±–∏–∞—Ç–ª–æ–Ω–∏—Å—Ç–æ–≤ –†–æ—Å—Å–∏–∏ –ø–æ–∑–¥—Ä–∞–≤–ª—è–µ—Ç —Å 8 –º–∞—Ä—Ç–∞! https://t.co/Iq2Tg3SyA8 https://t.co/CXHXFO3jtu
russianbiathlon|838760421054164994|2017-03-06 14:37:22|–î–∞—Ä—å—è –í–∏—Ä–æ–ª–∞–π–Ω–µ–Ω –≤—ã–∏–≥—Ä–∞–ª–∞ –ë–æ–ª—å—à–æ–π —Ö—Ä—É—Å—Ç–∞–ª—å–Ω—ã–π –≥–ª–æ–±—É—Å –ö—É–±–∫–∞ IBU –∏ –ú–∞–ª—ã–π –≥–ª–æ–±—É—Å –≤ –∑–∞—á–µ—Ç–µ –≥–æ–Ω–æ–∫ –ø—Ä–µ—Å–ª–µ–¥–æ–≤–∞–Ω–∏—è! üá∑üá∫ https://t.co/36hGz430Eh
russianbiathlon|838410666910318594|2017-03-05 15:27:34|–¢—Ä–µ–Ω–µ—Ä—Å–∫–∏–π —à—Ç–∞–± —Å–±–æ—Ä–Ω–æ–π –†–æ—Å—Å–∏–∏ –ø–æ –±–∏–∞—Ç–ª–æ–Ω—É –æ–≥–ª–∞—Å–∏–ª —Å–æ—Å—Ç–∞–≤ –∫–æ–º–∞–Ω–¥—ã –Ω–∞ —ç—Ç–∞–ø –ö—É–±–∫–∞ –º–∏—Ä–∞ –≤ —Ñ–∏–Ω—Å–∫–æ–º –ö–æ–Ω—Ç–∏–æ–ª–∞—Ö—Ç–∏:‚Ä¶ https://t.co/PzvzsQw7r2
russianbiathlon|838367073042563072|2017-03-05 12:34:20|–°–±–æ—Ä–Ω–∞—è –†–æ—Å—Å–∏–∏ –∑–∞–Ω—è–ª–∞ —á–µ—Ç–≤–µ—Ä—Ç–æ–µ –º–µ—Å—Ç–æ –≤ —ç—Å—Ç–∞—Ñ–µ—Ç–µ –Ω–∞ —ç—Ç–∞–ø–µ –ö—É–±–∫–∞ –º–∏—Ä–∞ –ø–æ –±–∏–∞—Ç–ª–æ–Ω—É –≤ —é–∂–Ω–æ–∫–æ—Ä–µ–π—Å–∫–æ–º –ü—Ö—ë–Ω—á—Ö–∞–Ω–µ:‚Ä¶ https://t.co/xtVij9t5v4
russianbiathlon|838313025895530496|2017-03-05 08:59:35|–°–±–æ—Ä–Ω–∞—è –ì–µ—Ä–º–∞–Ω–∏–∏ –æ–¥–µ—Ä–∂–∞–ª–∞ –ø–æ–±–µ–¥—É –≤ –∂–µ–Ω—Å–∫–æ–π —ç—Å—Ç–∞—Ñ–µ—Ç–µ –Ω–∞ —ç—Ç–∞–ø–µ –ö—É–±–∫–∞ –º–∏—Ä–∞ –ø–æ –±–∏–∞—Ç–ª–æ–Ω—É –≤ –ü—Ö—ë–Ω—á—Ö–∞–Ω–µ, –†–æ—Å—Å–∏—è - 12-—è:‚Ä¶ https://t.co/AArwfKvtgT
russianbiathlon|838271942629146624|2017-03-05 06:16:20|"5 –º–∞—Ä—Ç–∞, —ç—Å—Ç–∞—Ñ–µ—Ç—ã. 10:30 (–º—Å–∫) - –∂–µ–Ω—â–∏–Ω—ã: –ê–∫–∏–º–æ–≤–∞, –ú–∏—Ä–æ–Ω–æ–≤–∞, –£—Å–ª—É–≥–∏–Ω–∞, –°—Ç–∞—Ä—ã—Ö. 
13:45 (–º—Å–∫) - –º—É–∂—á–∏–Ω—ã: –¶–≤–µ—Ç–∫–æ–≤, –ì–∞—Ä‚Ä¶ https://t.co/8RugRenqLA"
russianbiathlon|838046234988290048|2017-03-04 15:19:27|–ê–Ω—Ç–æ–Ω –®–∏–ø—É–ª–∏–Ω: ¬´–£–∂–µ –Ω–µ –ø–æ–º–Ω—é, –∫–æ–≥–¥–∞ –ø—Ä–æ—Ö–æ–¥–∏–ª —á–µ—Ç—ã—Ä–µ —Ä—É–±–µ–∂–∞ –Ω–∞ –Ω–æ–ª—å¬ª https://t.co/BEQ4UdU2yN #–±–∏–∞—Ç–ª–æ–Ω #biathlon https://t.co/yrz4zlQJfl
russianbiathlon|838026876710899712|2017-03-04 14:02:31|–¶–≤–µ—Ç–∫–æ–≤, –ì–∞—Ä–∞–Ω–∏—á–µ–≤, –ë–∞–±–∏–∫–æ–≤, –®–∏–ø—É–ª–∏–Ω - —Å–æ—Å—Ç–∞–≤ –Ω–∞ —ç—Å—Ç–∞—Ñ–µ—Ç—É –≤ —Ä–∞–º–∫–∞—Ö —ç—Ç–∞–ø –ö—É–±–∫–∞ –º–∏—Ä–∞ –≤ –ü—Ö–µ–Ω—á—Ö–∞–Ω–µ. –ù–∞—á–∞–ª–æ –º—É–∂—Å–∫–æ–π –≥–æ–Ω–∫‚Ä¶ https://t.co/YM7171RvOo
russianbiathlon|838010648248336384|2017-03-04 12:58:02|–ê–Ω—Ç–æ–Ω –®–∏–ø—É–ª–∏–Ω —Å–æ —Å–≤–æ–µ–π —Å–µ—Ä–µ–±—Ä—è–Ω–æ–π –º–µ–¥–∞–ª—å—é –≥–æ–Ω–∫–∏ –ø—Ä–µ—Å–ª–µ–¥–æ–≤–∞–Ω–∏—è –Ω–∞ —ç—Ç–∞–ø–µ –ö—É–±–∫–∞ –º–∏—Ä–∞ –≤ –ü—Ö—ë–Ω—á—Ö–∞–Ω–µüá∑üá∫ https://t.co/m8k4i4MUuI
russianbiathlon|837999006273896448|2017-03-04 12:11:47|"–ê–Ω—Ç–æ–Ω –®–∏–ø—É–ª–∏–Ω –≤—ã–∏–≥—Ä–∞–ª —Å–µ—Ä–µ–±—Ä–æ –≤ –≥–æ–Ω–∫–µ –ø—Ä–µ—Å–ª–µ–¥–æ–≤–∞–Ω–∏—è –Ω–∞ –ø—Ä–µ–¥–æ–ª–∏–º–ø–∏–π—Å–∫–æ–π –Ω–µ–¥–µ–ª–µ –≤ –ü—Ö—ë–Ω—á—Ö–∞–Ω–µ!üá∑üá∫
https://t.co/jgSPmjbTHz https://t.co/i3ZrR8Yy4n"
russianbiathlon|837973768073064448|2017-03-04 10:31:29|–†–æ—Å—Å–∏–π—Å–∫–∞—è –±–∏–∞—Ç–ª–æ–Ω–∏—Å—Ç–∫–∞ –ò—Ä–∏–Ω–∞ –°—Ç–∞—Ä—ã—Ö —Ñ–∏–Ω–∏—à–∏—Ä–æ–≤–∞–ª–∞ 20-–π –≤ –≥–æ–Ω–∫–µ –ø—Ä–µ—Å–ª–µ–¥–æ–≤–∞–Ω–∏—è –Ω–∞ —ç—Ç–∞–ø–µ –ö—É–±–∫–∞ –º–∏—Ä–∞ –≤ –ü—Ö—ë–Ω—á—Ö–∞–Ω–µ:‚Ä¶ https://t.co/jdGJaFM6wy
russianbiathlon|837966089187430400|2017-03-04 10:00:58|–û–ø—Ä–µ–¥–µ–ª–µ–Ω —Å–æ—Å—Ç–∞–≤ –∂–µ–Ω—Å–∫–æ–π —Å–±–æ—Ä–Ω–æ–π –†–æ—Å—Å–∏–∏ –Ω–∞ —ç—Å—Ç–∞—Ñ–µ—Ç—É –≤ —Ä–∞–º–∫–∞—Ö —ç—Ç–∞–ø–∞ –ö—É–±–∫–∞ –º–∏—Ä–∞ –ø–æ –±–∏–∞—Ç–ª–æ–Ω—É –≤ —é–∂–Ω–æ–∫–æ—Ä–µ–π—Å–∫–æ–º –ü—Ö–µ–Ω—á—Ö–∞–Ω–µ‚Ä¶ https://t.co/pdT7DEhOJj
russianbiathlon|837946351639986176|2017-03-04 08:42:33|4 –º–∞—Ä—Ç–∞, –≥–æ–Ω–∫–∞ –ø—Ä–µ—Å–ª–µ–¥–æ–≤–∞–Ω–∏—è. 12:45 (–º—Å–∫) - –∂–µ–Ω—â–∏–Ω—ã, 14:30 (–º—Å–∫) - –º—É–∂—á–∏–Ω—ã. –û–±–µ –≥–æ–Ω–∫–∏ –≤ –ø—Ä—è–º–æ–º —ç—Ñ–∏—Ä–µ –ø–æ–∫–∞–∂—É—Ç ¬´–ú–∞—Ç—á‚Ä¶ https://t.co/Y7afAWdM2N
russianbiathlon|837624352090828802|2017-03-03 11:23:02|–ë–∏–∞—Ç–ª–æ–Ω–∏—Å—Ç —Å–±–æ—Ä–Ω–æ–π –†–æ—Å—Å–∏–∏ –ï–≤–≥–µ–Ω–∏–π –ì–∞—Ä–∞–Ω–∏—á–µ–≤ —Å—Ç–∞–ª –¥–µ–≤—è—Ç—ã–º –≤ —Å–ø—Ä–∏–Ω—Ç–µ –Ω–∞ —ç—Ç–∞–ø–µ –ö—É–±–∫–∞ –º–∏—Ä–∞ –≤ –ü—Ö—ë–Ω—á—Ö–∞–Ω–µ:‚Ä¶ https://t.co/6zXGWD8YJc
russianbiathlon|837592371550367745|2017-03-03 09:15:57|13:00 (–º—Å–∫), —Å–ø—Ä–∏–Ω—Ç: –Æ—Ä–∏–π –®–æ–ø–∏–Ω(5), –ú–∞–∫—Å–∏–º –¶–≤–µ—Ç–∫–æ–≤(37), –ê–Ω—Ç–æ–Ω –®–∏–ø—É–ª–∏–Ω(39), –¢–∏–º—É—Ä –ú–∞—Ö–∞–º–±–µ—Ç–æ–≤(68), –ï–≤–≥–µ–Ω–∏–π –ì–∞—Ä–∞–Ω–∏—á–µ–≤(‚Ä¶ https://t.co/MzlIZYXHSa
russianbiathlon|837280059757035524|2017-03-02 12:34:56|–†–æ—Å—Å–∏–π—Å–∫–∞—è –±–∏–∞—Ç–ª–æ–Ω–∏—Å—Ç–∫–∞ –¢–∞—Ç—å—è–Ω–∞ –ê–∫–∏–º–æ–≤–∞ –∑–∞–Ω—è–ª–∞ 34 –º–µ—Å—Ç–æ –≤ —Å–ø—Ä–∏–Ω—Ç–µ –Ω–∞ —ç—Ç–∞–ø–µ –ö—É–±–∫–∞ –º–∏—Ä–∞ –≤ –ü—Ö—ë–Ω—á—Ö–∞–Ω–µ.‚Ä¶ https://t.co/tp2SZxp9gE
russianbiathlon|837271827596652545|2017-03-02 12:02:14|"–ü–æ–∑–¥—Ä–∞–≤–ª—è–µ–º –ê–Ω—Ç–æ–Ω–∞ –ë–∞–±–∏–∫–æ–≤–∞ —Å –ø—Ä–∏—Å–≤–æ–µ–Ω–∏–µ–º –∑–≤–∞–Ω–∏—è ""–ó–∞—Å–ª—É–∂–µ–Ω–Ω—ã–π –º–∞—Å—Ç–µ—Ä —Å–ø–æ—Ä—Ç–∞ –†–æ—Å—Å–∏–∏""!üá∑üá∫üôÇ https://t.co/yMoIRmmMxU"
russianbiathlon|837243719497699328|2017-03-02 10:10:32|2 –º–∞—Ä—Ç–∞, 14:15 (–º—Å–∫) - —Å–ø—Ä–∏–Ω—Ç: –¢–∞—Ç—å—è–Ω–∞ –ê–∫–∏–º–æ–≤–∞ (2), –ò—Ä–∏–Ω–∞ –°—Ç–∞—Ä—ã—Ö (20), –ò—Ä–∏–Ω–∞ –£—Å–ª—É–≥–∏–Ω–∞ (32), –°–≤–µ—Ç–ª–∞–Ω–∞ –°–ª–µ–ø—Ü–æ–≤–∞ (55),‚Ä¶ https://t.co/0rjwRKLi4B
russianbiathlon|836989617220042752|2017-03-01 17:20:49|–ê–ª–µ–∫—Å–∞–Ω–¥—Ä –ö–∞—Å–ø–µ—Ä–æ–≤–∏—á —Ä–∞—Å—Å–∫–∞–∑–∞–ª –æ –ø–æ–¥–≥–æ—Ç–æ–≤–∫–µ –æ—Å–Ω–æ–≤–Ω–æ–π –∫–æ–º–∞–Ω–¥—ã –∫ –ø—Ä–µ–¥–æ–ª–∏–º–ø–∏–π—Å–∫–æ–π –Ω–µ–¥–µ–ª–µ –≤ –ü—Ö—ë–Ω—á—Ö–∞–Ω–µ:‚Ä¶ https://t.co/aq9uzMW43j
russianbiathlon|836947160285458434|2017-03-01 14:32:07|"–ì–ª–∞–≤–Ω—ã–π —Ç—Ä–µ–Ω–µ—Ä —Å–±–æ—Ä–Ω–æ–π –†–æ—Å—Å–∏–∏ –ø–æ –±–∏–∞—Ç–ª–æ–Ω—É –ê–ª–µ–∫—Å–∞–Ω–¥—Ä –ö–∞—Å–ø–µ—Ä–æ–≤–∏—á: 
""–ü–æ–¥—Ä–∞—Å—Ç–∞–µ—Ç —Ö–æ—Ä–æ—à–∏–π —Ä–µ–∑–µ—Ä–≤""
https://t.co/goYmQzXJ6f https://t.co/BfRozdMLP9"
russianbiathlon|836879154276618241|2017-03-01 10:01:53|–ú–∏—Ä–æ–≤–æ–π –±–∏–∞—Ç–ª–æ–Ω –ø–µ—Ä–µ–º–µ—â–∞–µ—Ç—Å—è –Ω–∞ –í–æ—Å—Ç–æ–∫, –≤ —é–∂–Ω–æ–∫–æ—Ä–µ–π—Å–∫–∏–π –ü—Ö—ë–Ω—á—Ö–∞–Ω. –°–∞–º–æ–µ –∏–Ω—Ç–µ—Ä–µ—Å–Ω–æ–µ –æ –ø—Ä–µ–¥—Å—Ç–æ—è—â–µ–º —ç—Ç–∞–ø–µ:‚Ä¶ https://t.co/mwwp32xA0l
russianbiathlon|836652031867781120|2017-02-28 18:59:23|–í –ø—Ä–µ–¥–¥–≤–µ—Ä–∏–∏ –≤–µ—á–µ—Ä–Ω–∏—Ö –≥–æ–Ω–æ–∫ –≤ –ü—Ö—ë–Ω—á—Ö–∞–Ω–µ –¥–µ–≤–æ—á–∫–∏ —Ç—Ä–µ–Ω–∏—Ä–æ–≤–∞–ª–∏—Å—å –ø—Ä–∏ —Å–≤–µ—Ç–µ —Å–æ—Ñ–∏—Ç–æ–≤üôÇ–ë–æ–ª—å—à–µ —Ñ–æ—Ç–æ–≥—Ä–∞—Ñ–∏–π —Å —Ç—Ä–µ–Ω–∏—Ä–æ–≤–∫–∏:‚Ä¶ https://t.co/gFwS8EiRiC
russianbiathlon|836577018275901442|2017-02-28 14:01:18|–†–æ—Å—Å–∏–π—Å–∫–∞—è —é–Ω–∏–æ—Ä—Å–∫–∞—è –∫–æ–º–∞–Ω–¥–∞ –æ–¥–µ—Ä–∂–∞–ª–∞ –ø–æ–±–µ–¥—É –≤ —ç—Å—Ç–∞—Ñ–µ—Ç–µ –Ω–∞ –ø–µ—Ä–≤–µ–Ω—Å—Ç–≤–µ –º–∏—Ä–∞ –≤ –û—Å—Ä–±–ª—å–µ: https://t.co/NFTBEBjOQI https://t.co/7XfVSrrDWv
russianbiathlon|836530885050712064|2017-02-28 10:57:59|"–ü–µ—Ä–≤–∞—è —Ç—Ä–µ–Ω–∏—Ä–æ–≤–∫–∞ –Ω–∞ –æ–ª–∏–º–ø–∏–π—Å–∫–æ–π —Ç—Ä–∞—Å—Å–µ –≤ –ü—Ö—ë–Ω—á—Ö–∞–Ω–µ‚ù§‚ù§‚ù§‚ù§‚ù§üá∑üá∫üá∞üá∑

–ë–æ–ª—å—à–µ —Ñ–æ—Ç–æ–≥—Ä–∞—Ñ–∏–π –Ω–∞ https://t.co/9eGgSMIJ78:‚Ä¶ https://t.co/NRfNa1R0yC"
russianbiathlon|836286263586091009|2017-02-27 18:45:57|–í –≥–æ–Ω–∫–µ –ø–∞—Ç—Ä—É–ª–µ–π –Ω–∞ –í—Å–µ–º–∏—Ä–Ω—ã—Ö –≤–æ–µ–Ω–Ω—ã—Ö –∏–≥—Ä–∞—Ö –≤ –°–æ—á–∏ –∂–µ–Ω—Å–∫–∞—è –∫–æ–º–∞–Ω–¥–∞ –≤—ã–∏–≥—Ä–∞–ª–∞ —Å–µ—Ä–µ–±—Ä–æ, –º—É–∂—Å–∫–∞—è - –∑–æ–ª–æ—Ç–æ! –§–æ—Ç–æ:‚Ä¶ https://t.co/xHoUEi9RrL
russianbiathlon|836129987463954434|2017-02-27 08:24:58|"–°–µ–≥–æ–¥–Ω—è –Ω–∞ –í—Å–µ–º–∏—Ä–Ω—ã—Ö –≤–æ–µ–Ω–Ω—ã—Ö –∏–≥—Ä–∞—Ö –ø—Ä–æ—Ö–æ–¥—è—Ç –ø–∞—Ç—Ä—É–ª—å–Ω—ã–µ –≥–æ–Ω–∫–∏, –ø—Ä—è–º—ã–µ —ç—Ñ–∏—Ä—ã –≤ 13:00 –∏ 15:30 –Ω–∞ ""–ú–∞—Ç—á! –ù–∞—à —Å–ø–æ—Ä—Ç"" –∏‚Ä¶ https://t.co/MgY5SlA4bj"
russianbiathlon|835889167770996736|2017-02-26 16:28:02|"–Æ–Ω–∏–æ—Ä–∫–∞ –í–∞–ª–µ—Ä–∏—è –í–∞—Å–Ω–µ—Ü–æ–≤–∞ –∑–∞–≤–æ–µ–≤–∞–ª–∞ –∑–æ–ª–æ—Ç—É—é –º–µ–¥–∞–ª—å –ø–µ—Ä–≤–µ–Ω—Å—Ç–≤–∞ –º–∏—Ä–∞ –≤ –≥–æ–Ω–∫–µ –ø—Ä–µ—Å–ª–µ–¥–æ–≤–∞–Ω–∏—è!
https://t.co/1ZVtRNbSS2 https://t.co/H7oAUEVmD2"
russianbiathlon|835827219641552896|2017-02-26 12:21:52|"–ò–≥–æ—Ä—å –ú–∞–ª–∏–Ω–æ–≤—Å–∫–∏–π –æ–¥–µ—Ä–∂–∞–ª –ø–æ–±–µ–¥—É –≤ –≥–æ–Ω–∫–µ –ø—Ä–µ—Å–ª–µ–¥–æ–≤–∞–Ω–∏—è –Ω–∞ –ø–µ—Ä–≤–µ–Ω—Å—Ç–≤–µ –º–∏—Ä–∞ –≤ –û—Å—Ä–±–ª—å–µ!üá∑üá∫
https://t.co/QvKGm6U4RI https://t.co/hsxKdtpHjP"
russianbiathlon|835775431328612353|2017-02-26 08:56:05|–í –ø—Ä—è–º–æ–º —ç—Ñ–∏—Ä–µ –Ω–∞ @MatchTV –ø–∞—Å—å—é—Ç —Å—Ä–µ–¥–∏ —é–Ω–∏–æ—Ä–æ–≤ –≤ 14:05: –ò–≥–æ—Ä—å –ú–∞–ª–∏–Ω–æ–≤—Å–∫–∏–π(1), –ö–∏—Ä–∏–ª–ª –°—Ç—Ä–µ–ª—å—Ü–æ–≤(2), –ù–∏–∫–∏—Ç–∞ –ü–æ—Ä—à–Ω–µ–≤(‚Ä¶ https://t.co/U5olABdqfa
russianbiathlon|835549435522387969|2017-02-25 17:58:03|–£–ª—å—è–Ω–∞ –ö–∞–π—à–µ–≤–∞, –ì–∞–ª–∏–Ω–∞ –ù–µ—á–∫–∞—Å–æ–≤–∞, –ú–∞—Ç–≤–µ–π –ï–ª–∏—Å–µ–µ–≤ –∏ –ú–∞–∫—Å–∏–º –¶–≤–µ—Ç–∫–æ–≤ - –±—Ä–æ–Ω–∑–æ–≤—ã–µ –ø—Ä–∏–∑–µ—Ä—ã –º–∏–∫—Å—Ç–∞ –Ω–∞ –í—Å–µ–º–∏—Ä–Ω—ã—Ö –≤–æ–µ–Ω–Ω—ã—Ö –∏‚Ä¶ https://t.co/eCPjfunUwV
russianbiathlon|835462955651186688|2017-02-25 12:14:25|–ò–≥–æ—Ä—å –ú–∞–ª–∏–Ω–æ–≤—Å–∫–∏–π –∏ –ö–∏—Ä–∏–ª–ª –°—Ç—Ä–µ–ª—å—Ü–æ–≤ –∑–∞–≤–æ–µ–≤–∞–ª–∏ –∑–æ–ª–æ—Ç–æ –∏ —Å–µ—Ä–µ–±—Ä–æ –≤ —é–Ω–∏–æ—Ä—Å–∫–æ–º —Å–ø—Ä–∏–Ω—Ç–µ –Ω–∞ –ø–µ—Ä–≤–µ–Ω—Å—Ç–≤–µ –º–∏—Ä–∞ –≤ –û—Å—Ä–±–ª—å–µ üèÜ‚Ä¶ https://t.co/eillRTsIJk
russianbiathlon|835407261895909376|2017-02-25 08:33:07|–î–æ —ç—Ç–∞–ø–∞ –ö–ú –≤ –ü—Ö—ë–Ω—á—Ö–∞–Ω–µ –æ—Å—Ç–∞–ª–æ—Å—å –ø—è—Ç—å –¥–Ω–µ–π!üòâ https://t.co/0WaxhNl9lR
russianbiathlon|835205501319282688|2017-02-24 19:11:23|–ú–∞–∫—Å–∏–º –¶–≤–µ—Ç–∫–æ–≤ –≤—ã–∏–≥—Ä–∞–ª —Å–ø—Ä–∏–Ω—Ç –Ω–∞ –í—Å–µ–º–∏—Ä–Ω—ã—Ö –≤–æ–µ–Ω–Ω—ã—Ö –∏–≥—Ä–∞—Ö –≤ –°–æ—á–∏,—É –¢–∞—Ç—å—è–Ω—ã –ê–∫–∏–º–æ–≤–æ–π –∏ –£–ª—å—è–Ω—ã –ö–∞–π—à–µ–≤–æ–π - —Å–µ—Ä–µ–±—Ä–æ –∏ –±—Ä‚Ä¶ https://t.co/1f4ITUfwb3
russianbiathlon|835026649888481280|2017-02-24 07:20:42|–î–æ –ø—Ä–µ–¥–æ–ª–∏–º–ø–∏–π—Å–∫–æ–≥–æ —ç—Ç–∞–ø–∞ –ö—É–±–∫–∞ –º–∏—Ä–∞ –≤ –ü—Ö—ë–Ω—á—Ö–∞–Ω–µ –æ—Å—Ç–∞–ª–æ—Å—å —à–µ—Å—Ç—å –¥–Ω–µ–πüôÇ https://t.co/RNiYDl5abJ
russianbiathlon|834745967593263105|2017-02-23 12:45:22|–ü–æ–∑–¥—Ä–∞–≤–ª—è–µ–º —Å –¥–Ω–µ–º —Ä–æ–∂–¥–µ–Ω–∏—è —á–µ–º–ø–∏–æ–Ω–∫—É –º–∏—Ä–∞ –ï–∫–∞—Ç–µ—Ä–∏–Ω—É –Æ—Ä–ª–æ–≤—É! https://t.co/4UUUdrwiCO
russianbiathlon|834673181487198209|2017-02-23 07:56:08|"–°–ë–† –ø–æ–∑–¥—Ä–∞–≤–ª—è–µ—Ç —Å –î–Ω–µ–º –∑–∞—â–∏—Ç–Ω–∏–∫–∞ –û—Ç–µ—á–µ—Å—Ç–≤–∞! 
https://t.co/JFCpUYQ5L1 https://t.co/h8JTk636xA"
russianbiathlon|834353842993115136|2017-02-22 10:47:12|–ù–∞—á–∏–Ω–∞–µ–º –æ–±—Ä–∞—Ç–Ω—ã–π –æ—Ç—Å—á–µ—Ç: –¥–æ —Å–µ–¥—å–º–æ–≥–æ —ç—Ç–∞–ø–∞ –ö—É–±–∫–∞ –º–∏—Ä–∞ –≤ –ü—Ö–µ–Ω—á—Ö–∞–Ω–µ –æ—Å—Ç–∞–ª–æ—Å—å –≤–æ—Å–µ–º—å –¥–Ω–µ–π:) https://t.co/CHy8FgPoZb
russianbiathlon|834052257549254657|2017-02-21 14:48:48|–°–∞–º—ã–µ —è—Ä–∫–∏–µ —Ñ–æ—Ç–æ–≥—Ä–∞—Ñ–∏–∏ —Å –ø—Ä–æ—à–µ–¥—à–µ–≥–æ –≤ –•–æ—Ö—Ñ–∏–ª—å—Ü–µ–Ω–µ —á–µ–º–ø–∏–æ–Ω–∞—Ç–∞ –º–∏—Ä–∞ –ø–æ –±–∏–∞—Ç–ª–æ–Ω—É: https://t.co/3es7941MST https://t.co/iQmlksAo88
russianbiathlon|833977075363090432|2017-02-21 09:50:03|–ì–ª–∞–≤–Ω—ã–π —Ç—Ä–µ–Ω–µ—Ä —Å–±–æ—Ä–Ω–æ–π –†–æ—Å—Å–∏–∏ –ø–æ –±–∏–∞—Ç–ª–æ–Ω—É –ê–ª–µ–∫—Å–∞–Ω–¥—Ä –ö–∞—Å–ø–µ—Ä–æ–≤–∏—á –ø—Ä–æ–∫–æ–º–º–µ–Ω—Ç–∏—Ä–æ–≤–∞–ª –≤—ã—Å—Ç—É–ø–ª–µ–Ω–∏–µ –∫–æ–º–∞–Ω–¥—ã –Ω–∞ –ß–ú:‚Ä¶ https://t.co/eKXhmOul7S
russianbiathlon|833323089379340289|2017-02-19 14:31:21|–ë–∏–∞—Ç–ª–æ–Ω–∏—Å—Ç —Å–±–æ—Ä–Ω–æ–π –†–æ—Å—Å–∏–∏ –ê–Ω—Ç–æ–Ω –®–∏–ø—É–ª–∏–Ω, –¥–æ–ø—É—Å—Ç–∏–≤ –¥–≤–∞ –ø—Ä–æ–º–∞—Ö–∞, —Ñ–∏–Ω–∏—à–∏—Ä–æ–≤–∞–ª —á–µ—Ç–≤–µ—Ä—Ç—ã–º –≤ –º–∞—Å—Å-—Å—Ç–∞—Ä—Ç–µ –Ω–∞ –ß–ú –ø–æ –±–∏–∞—Ç–ª–æ–Ω‚Ä¶ https://t.co/CXfh41tByD
russianbiathlon|833273315603120128|2017-02-19 11:13:34|–ò—Ä–∏–Ω–∞ –°—Ç–∞—Ä—ã—Ö —Ñ–∏–Ω–∏—à–∏—Ä–æ–≤–∞–ª–∞ 15-–π –≤ –º–∞—Å—Å-—Å—Ç–∞—Ä—Ç–µ –Ω–∞ –ß–ú –ø–æ –±–∏–∞—Ç–ª–æ–Ω—É –≤ –•–æ—Ö—Ñ–∏–ª—å—Ü–µ–Ω–µ. –¢–∞—Ç—å—è–Ω–∞ –ê–∫–∏–º–æ–≤–∞ –∑–∞–Ω—è–ª–∞ 23-–µ –º–µ—Å—Ç–æ:‚Ä¶ https://t.co/Ay7gVhkOdG
russianbiathlon|833257533297000448|2017-02-19 10:10:51|19 —Ñ–µ–≤—Ä–∞–ª—è, –º–∞—Å—Å-—Å—Ç–∞—Ä—Ç. 13:30 - –∂–µ–Ω—â–∏–Ω—ã: –¢–∞—Ç—å—è–Ω–∞ –ê–∫–∏–º–æ–≤–∞, –ò—Ä–∏–Ω–∞ –°—Ç–∞—Ä—ã—Ö. 16:45 - –º—É–∂—á–∏–Ω—ã: –ê–Ω—Ç–æ–Ω –®–∏–ø—É–ª–∏–Ω, –ú–∞–∫—Å–∏–º –¶–≤–µ—Ç‚Ä¶ https://t.co/b2P4alT9VW
russianbiathlon|833071644159725568|2017-02-18 21:52:12|–ú–∞–∫—Å–∏–º –¶–≤–µ—Ç–∫–æ–≤ –ø—Ä–æ–∫–æ–º–º–µ–Ω—Ç–∏—Ä–æ–≤–∞–ª —Å–≤–æ–µ –≤—ã—Å—Ç—É–ø–ª–µ–Ω–∏–µ –≤ –ø–æ–±–µ–¥–Ω–æ–π —ç—Å—Ç–∞—Ñ–µ—Ç–µ –Ω–∞ —á–µ–º–ø–∏–æ–Ω–∞—Ç–µ –º–∏—Ä–∞ –≤ –•–æ—Ö—Ñ–∏–ª—å—Ü–µ–Ω–µ:‚Ä¶ https://t.co/GXOBKTtRvr
russianbiathlon|833064730340253697|2017-02-18 21:24:43|–ê–ª–µ–∫—Å–µ–π –í–æ–ª–∫–æ–≤ –ø—Ä–æ–∫–æ–º–º–µ–Ω—Ç–∏—Ä–æ–≤–∞–ª —Å–≤–æ–µ –≤—ã—Å—Ç—É–ø–ª–µ–Ω–∏–µ –≤ –ø–æ–±–µ–¥–Ω–æ–π —ç—Å—Ç–∞—Ñ–µ—Ç–µ –Ω–∞ –ß–ú –≤ –•–æ—Ö—Ñ–∏–ª—å—Ü–µ–Ω–µ: https://t.co/lZWWM6JjR8 https://t.co/i4cnI25tG5
russianbiathlon|833051374111834112|2017-02-18 20:31:39|–ù–µ —Ç–æ–ª—å–∫–æ –ª—É—á—à–∏–µ –≤ –±–∏–∞—Ç–ª–æ–Ω–µ, –Ω–æ –µ—â–µ –∏ –æ—Ç–ª–∏—á–Ω—ã–µ –ø–µ–≤—Ü—ã!üòÑüé§ https://t.co/nPxo8xcKmM
russianbiathlon|833043324080680961|2017-02-18 19:59:40|–î–æ–ª–≥–æ–∂–¥–∞–Ω–Ω—ã–µ –∑–æ–ª–æ—Ç—ã–µ –º–µ–¥–∞–ª–∏! –°–ø—É—Å—Ç—è –¥–µ—Å—è—Ç—å –ª–µ—Ç –º—ã —Å–Ω–æ–≤–∞ —á–µ–º–ø–∏–æ–Ω—ã –º–∏—Ä–∞üá∑üá∫ https://t.co/lYIzIMljrb
russianbiathlon|832995276830957569|2017-02-18 16:48:44|"–ê–ª–µ–∫—Å–µ–π –í–æ–ª–∫–æ–≤, –ú–∞–∫—Å–∏–º –¶–≤–µ—Ç–∫–æ–≤, –ê–Ω—Ç–æ–Ω –ë–∞–±–∏–∫–æ–≤ –∏ –ê–Ω—Ç–æ–Ω –®–∏–ø—É–ª–∏–Ω - —á–µ–º–ø–∏–æ–Ω—ã –º–∏—Ä–∞!üá∑üá∫
–°–ø–∞—Å–∏–±–æ –∑–∞ –≥–æ–Ω–∫—É! https://t.co/Z0gULy7VMt"
russianbiathlon|832986804341047302|2017-02-18 16:15:04|"–ê–Ω—Ç–æ–Ω –®–∏–ø—É–ª–∏–Ω —Ñ–∏–Ω–∏—à–∏—Ä—É–µ—Ç —Å —Ñ–ª–∞–≥–æ–º! –ö–∞–∫ –¥–æ–ª–≥–æ –º—ã —ç—Ç–æ–≥–æ –∂–¥–∞–ª–∏‚ù§
–ü–æ–∑–¥—Ä–∞–≤–ª—è–µ–º –∫–æ–º–∞–Ω–¥—É —Å –ø–æ–±–µ–¥–æ–π!üá∑üá∫ https://t.co/8MabmnP9BW"
russianbiathlon|832969896858361856|2017-02-18 15:07:53|–ú—É–∂—Å–∫–∞—è —Å–±–æ—Ä–Ω–∞—è –†–æ—Å—Å–∏–∏ –≤—ã–∏–≥—Ä–∞–ª–∞ –∑–æ–ª–æ—Ç–æ –≤ —ç—Å—Ç–∞—Ñ–µ—Ç–µ –Ω–∞ —á–µ–º–ø–∏–æ–Ω–∞—Ç–µ –º–∏—Ä–∞ –ø–æ –±–∏–∞—Ç–ª–æ–Ω—É –≤ –•–æ—Ö—Ñ–∏–ª—å—Ü–µ–Ω–µ! üá∑üá∫‚Ä¶ https://t.co/9uLvLjd65p
russianbiathlon|832937428507885568|2017-02-18 12:58:52|–ü–µ—Ä–µ–¥ —ç—Å—Ç–∞—Ñ–µ—Ç–æ–π –Ω–∞ –ß–ú –≤ –•–æ—Ö—Ñ–∏–ª—å—Ü–µ–Ω–µ –ø–æ–¥–¥–µ—Ä–∂–∏–≤–∞–µ–º –∫–æ–º–∞–Ω–¥—É –∑–∞–º–µ—á–∞—Ç–µ–ª—å–Ω—ã–º –∫–æ–ª–ª–∞–∂–µ–º –∏ –±–ª–∞–≥–æ–¥–∞—Ä–∏–º –ê–ª–µ–∫—Å–∞–Ω–¥—Ä–∞ –∑–∞ –∞–≤—Ç–æ—Ä—Å—Ç–≤‚Ä¶ https://t.co/ywWFCbumgo
russianbiathlon|832923875776294912|2017-02-18 12:05:01|–ß–µ–º–ø–∏–æ–Ω–∞—Ç –º–∏—Ä–∞ –ø–æ –±–∏–∞—Ç–ª–æ–Ω—É: 18 —Ñ–µ–≤—Ä–∞–ª—è, 16:45 (–º—Å–∫) - —ç—Å—Ç–∞—Ñ–µ—Ç–∞ (–º—É–∂—á–∏–Ω—ã): –ê–ª–µ–∫—Å–µ–π –í–æ–ª–∫–æ–≤, –ú–∞–∫—Å–∏–º –¶–≤–µ—Ç–∫–æ–≤, –ê–Ω—Ç–æ–Ω –ë–∞–±‚Ä¶ https://t.co/QBGgrnUm5t
russianbiathlon|832725422806687745|2017-02-17 22:56:26|–ü–æ–∑–¥—Ä–∞–≤–ª—è–µ–º —Å 40-–ª–µ—Ç–∏–µ–º —Ç—Ä–µ–Ω–µ—Ä–∞ –º—É–∂—Å–∫–æ–π —Å–±–æ—Ä–Ω–æ–π –†–æ—Å—Å–∏–∏ –ø–æ –±–∏–∞—Ç–ª–æ–Ω—É –ê–Ω–¥—Ä–µ—è –ö—Ä—é—á–∫–æ–≤–∞! https://t.co/u54uK3Z2Oh
russianbiathlon|832719943141449729|2017-02-17 22:34:40|–§–æ—Ç–æ—Ä–µ–ø–æ—Ä—Ç–∞–∂ —Å –∂–µ–Ω—Å–∫–æ–π —ç—Å—Ç–∞—Ñ–µ—Ç—ã - —ç—Ç–æ —è—Ä–∫–∏–µ —ç–º–æ—Ü–∏–∏ –∏ —Å—Ä–∞–∂–µ–Ω–∏–µ —Å–æ —Å–Ω–µ–∂–Ω–æ–π —Å—Ç–∏—Ö–∏–µ–π. –ê–ª—å–±–æ–º –Ω–∞ https://t.co/9eGgSMr7Iy‚Ä¶ https://t.co/SDTwudRAOp
russianbiathlon|832608131926597633|2017-02-17 15:10:22|–ñ–µ–Ω—Å–∫–∞—è —Å–±–æ—Ä–Ω–∞—è –†–æ—Å—Å–∏–∏ —Ñ–∏–Ω–∏—à–∏—Ä–æ–≤–∞–ª–∞ –Ω–∞ 10-–º –º–µ—Å—Ç–µ –≤ —ç—Å—Ç–∞—Ñ–µ—Ç–µ –Ω–∞ –ß–ú –ø–æ –±–∏–∞—Ç–ª–æ–Ω—É –≤ –•–æ—Ö—Ñ–∏–ª—å—Ü–µ–Ω–µ:‚Ä¶ https://t.co/oxdPNZ4uRd
russianbiathlon|832564941278298112|2017-02-17 12:18:44|17 —Ñ–µ–≤—Ä–∞–ª—è, 16:45 (–º—Å–∫) - —ç—Å—Ç–∞—Ñ–µ—Ç–∞ (–∂–µ–Ω—â–∏–Ω—ã): –û–ª—å–≥–∞ –ü–æ–¥—á—É—Ñ–∞—Ä–æ–≤–∞, –°–≤–µ—Ç–ª–∞–Ω–∞ –°–ª–µ–ø—Ü–æ–≤–∞, –ò—Ä–∏–Ω–∞ –°—Ç–∞—Ä—ã—Ö, –¢–∞—Ç—å—è–Ω–∞ –ê–∫–∏–º–æ–≤–∞ https://t.co/yPC0XJ9FzG
russianbiathlon|832248355841531904|2017-02-16 15:20:45|–ê–Ω—Ç–æ–Ω –®–∏–ø—É–ª–∏–Ω ‚Äì —Å–µ–¥—å–º–æ–π –≤ –∏–Ω–¥–∏–≤–∏–¥—É–∞–ª—å–Ω–æ–π –≥–æ–Ω–∫–µ –Ω–∞ –ß–ú –≤ –•–æ—Ö—Ñ–∏–ª—å—Ü–µ–Ω–µ. –ü–æ–±–µ–¥—É –≤ –≥–æ–Ω–∫–µ –æ–¥–µ—Ä–∂–∞–ª –∞–º–µ—Ä–∏–∫–∞–Ω–µ—Ü –õ–∞—É—ç–ª–ª –ë–µ–π–ª–∏‚Ä¶ https://t.co/XHRUrVGebl
russianbiathlon|832222512343834624|2017-02-16 13:38:03|–°–æ—Å—Ç–∞–≤ –∂–µ–Ω—Å–∫–æ–π —Å–±–æ—Ä–Ω–æ–π –†–æ—Å—Å–∏–∏ –Ω–∞ —ç—Å—Ç–∞—Ñ–µ—Ç—É –Ω–∞ –ß–ú –≤ –•–æ—Ö—Ñ–∏–ª—å—Ü–µ–Ω–µ: –û–ª—å–≥–∞ –ü–æ–¥—á—É—Ñ–∞—Ä–æ–≤–∞, –°–≤–µ—Ç–ª–∞–Ω–∞ –°–ª–µ–ø—Ü–æ–≤–∞, –ò—Ä–∏–Ω–∞ –°—Ç–∞—Ä—ã—Ö –∏‚Ä¶ https://t.co/069DbOKbzP
russianbiathlon|832207242644561921|2017-02-16 12:37:22|16 —Ñ–µ–≤—Ä–∞–ª—è, 16:30 (–º—Å–∫) - –∏–Ω–¥–∏–≤–∏–¥—É–∞–ª—å–Ω–∞—è –≥–æ–Ω–∫–∞: –ê–Ω—Ç–æ–Ω –®–∏–ø—É–ª–∏–Ω (1), –ê–ª–µ–∫—Å–∞–Ω–¥—Ä –õ–æ–≥–∏–Ω–æ–≤ (31), –ï–≤–≥–µ–Ω–∏–π –ì–∞—Ä–∞–Ω–∏—á–µ–≤ (73),‚Ä¶ https://t.co/yNuJkUGbIk
russianbiathlon|831943013836451840|2017-02-15 19:07:25|–°—Ç–∞–ª–∏ –∏–∑–≤–µ—Å—Ç–Ω—ã —Å—Ç–∞—Ä—Ç–æ–≤—ã–µ –Ω–æ–º–µ—Ä–∞ —Ä–æ—Å—Å–∏—è–Ω –Ω–∞ –∏–Ω–¥–∏–≤–∏–¥—É–∞–ª—å–Ω—É—é –≥–æ–Ω–∫—É –≤ —Ä–∞–º–∫–∞—Ö —á–µ–º–ø–∏–æ–Ω–∞—Ç–∞ –º–∏—Ä–∞ –ø–æ –±–∏–∞—Ç–ª–æ–Ω—É –≤ –•–æ—Ö—Ñ–∏–ª—å—Ü–µ–Ω–µ:‚Ä¶ https://t.co/VNDBjm5rye
russianbiathlon|831898319148425216|2017-02-15 16:09:49|–ë–∏–∞—Ç–ª–æ–Ω–∏—Å—Ç–∫–∏ —Å–±–æ—Ä–Ω–æ–π –†–æ—Å—Å–∏–∏ –¢–∞—Ç—å—è–Ω–∞ –ê–∫–∏–º–æ–≤–∞ –∏ –ò—Ä–∏–Ω–∞ –°—Ç–∞—Ä—ã—Ö –ø—Ä–∏–º—É—Ç —É—á–∞—Å—Ç–∏–µ –≤ –º–∞—Å—Å-—Å—Ç–∞—Ä—Ç–µ –≤ —Ä–∞–º–∫–∞—Ö –ß–ú –≤ –•–æ—Ö—Ñ–∏–ª—å—Ü–µ–Ω–µ‚Ä¶ https://t.co/rD7DtWXJEj
russianbiathlon|831883754213953538|2017-02-15 15:11:57|–û–ª—å–≥–∞ –ü–æ–¥—á—É—Ñ–∞—Ä–æ–≤–∞, –¥–æ–ø—É—Å—Ç–∏–≤ –¥–≤–∞ –ø—Ä–æ–º–∞—Ö–∞, –ø–æ–∫–∞–∑–∞–ª–∞ 24-–π —Ä–µ–∑—É–ª—å—Ç–∞—Ç –≤ –∏–Ω–¥–∏–≤–∏–¥—É–∞–ª—å–Ω–æ–π –≥–æ–Ω–∫–µ –Ω–∞ –ß–ú –≤ –•–æ—Ö—Ñ–∏–ª—å—Ü–µ–Ω–µ. –ü–æ–±–µ–¥—É‚Ä¶ https://t.co/lvjQ9xJ4tI
russianbiathlon|831842038048026624|2017-02-15 12:26:11|15 —Ñ–µ–≤—Ä–∞–ª—è, 16:30 (–º—Å–∫) - –∏–Ω–¥–∏–≤–∏–¥—É–∞–ª—å–Ω–∞—è –≥–æ–Ω–∫–∞ (–∂–µ–Ω—â–∏–Ω—ã): –¢–∞—Ç—å—è–Ω–∞ –ê–∫–∏–º–æ–≤–∞(9), –°–≤–µ—Ç–ª–∞–Ω–∞ –°–ª–µ–ø—Ü–æ–≤–∞(33), –ò—Ä–∏–Ω–∞ –°—Ç–∞—Ä—ã—Ö(4‚Ä¶ https://t.co/wid9gov9fc
russianbiathlon|831480995585064960|2017-02-14 12:31:32|–ü–æ–∑–¥—Ä–∞–≤–ª—è–µ–º –≤—Å–µ—Ö –≤–ª—é–±–ª–µ–Ω–Ω—ã—Ö –≤ –±–∏–∞—Ç–ª–æ–Ω —Å –ø—Ä–∞–∑–¥–Ω–∏–∫–æ–º!‚ù§ https://t.co/0IbmjmqzfG
russianbiathlon|831146620364394496|2017-02-13 14:22:50|–ü–æ–∑–¥—Ä–∞–≤–ª—è–µ–º —Å –¥–Ω–µ–º —Ä–æ–∂–¥–µ–Ω–∏—è –ï–≤–≥–µ–Ω–∏—è –ì–∞—Ä–∞–Ω–∏—á–µ–≤–∞! https://t.co/Yfawx2h9Bv
russianbiathlon|831085446176337921|2017-02-13 10:19:45|–ò–≤–∞–Ω –ß–µ—Ä–µ–∑–æ–≤ –∏ –µ–≥–æ —Ä–∞–±–æ—Ç–∞ –Ω–∞ –ø—Ä–æ–∏–∑–≤–æ–¥—Å—Ç–≤–µ –±–∏–∞—Ç–ª–æ–Ω–Ω—ã—Ö –≤–∏–Ω—Ç–æ–≤–æ–∫ –≤ –ö–æ–Ω—Ü–µ—Ä–Ω–µ ¬´–ö–∞–ª–∞—à–Ω–∏–∫–æ–≤¬ª: https://t.co/SfwjzzK7Ih
russianbiathlon|830789625065127937|2017-02-12 14:44:16|–ê–Ω—Ç–æ–Ω –®–∏–ø—É–ª–∏–Ω —Ñ–∏–Ω–∏—à–∏—Ä–æ–≤–∞–ª —á–µ—Ç–≤–µ—Ä—Ç—ã–º –≤ –≥–æ–Ω–∫–µ –ø—Ä–µ—Å–ª–µ–¥–æ–≤–∞–Ω–∏—è –Ω–∞ —á–µ–º–ø–∏–æ–Ω–∞—Ç–µ –º–∏—Ä–∞ –≤ –•–æ—Ö—Ñ–∏–ª—å—Ü–µ–Ω–µ: https://t.co/6vLTb2Bobl https://t.co/NWg33R2BPg
russianbiathlon|830765250312040454|2017-02-12 13:07:25|–ü–æ–∑–¥—Ä–∞–≤–ª—è–µ–º —Å –¥–Ω–µ–º —Ä–æ–∂–¥–µ–Ω–∏—è –≥–ª–∞–≤–Ω–æ–≥–æ —Ç—Ä–µ–Ω–µ—Ä–∞ —Å–±–æ—Ä–Ω–æ–π –†–æ—Å—Å–∏–∏ –ø–æ –±–∏–∞—Ç–ª–æ–Ω—É –ê–ª–µ–∫—Å–∞–Ω–¥—Ä–∞ –í–ª–∞–¥–∏–º–∏—Ä–æ–≤–∏—á–∞ –ö–∞—Å–ø–µ—Ä–æ–≤–∏—á–∞! https://t.co/LAalB4n8br
russianbiathlon|830741878735769600|2017-02-12 11:34:32|"–ò—Ä–∏–Ω–∞ –°—Ç–∞—Ä—ã—Ö: ""–Ø —Å—á–∞—Å—Ç–ª–∏–≤–∞!"" 
–ü–æ–ª–Ω—ã–π —Ç–µ–∫—Å—Ç –∏–Ω—Ç–µ—Ä–≤—å—é: https://t.co/ccfGBhMum1 https://t.co/HKoAirmMYZ"
russianbiathlon|830720379035475969|2017-02-12 10:09:07|–ò—Ä–∏–Ω–∞ –°—Ç–∞—Ä—ã—Ö –∑–∞–Ω—è–ª–∞ —á–µ—Ç–≤–µ—Ä—Ç–æ–µ –º–µ—Å—Ç–æ –≤ –≥–æ–Ω–∫–µ –ø—Ä–µ—Å–ª–µ–¥–æ–≤–∞–Ω–∏—è –Ω–∞ –ß–ú –≤ –•–æ—Ö—Ñ–∏–ª—å—Ü–µ–Ω–µ. –ü–æ–±–µ–¥–∞ - —É –õ–∞—É—Ä—ã –î–∞–ª—å–º–∞–π–µ—Ä:‚Ä¶ https://t.co/XyXXH7FeTu
russianbiathlon|830704264863322113|2017-02-12 09:05:05|–ß–µ–º–ø–∏–æ–Ω–∞—Ç –º–∏—Ä–∞ –ø–æ –±–∏–∞—Ç–ª–æ–Ω—É: 12 —Ñ–µ–≤—Ä–∞–ª—è, –≥–æ–Ω–∫–∞ –ø—Ä–µ—Å–ª–µ–¥–æ–≤–∞–Ω–∏—è. 12:30 (–º—Å–∫) -  –∂–µ–Ω—â–∏–Ω—ã, 17:00 (–º—Å–∫) - –º—É–∂—á–∏–Ω—ã https://t.co/8UKHWGSfxT
russianbiathlon|830485329173962752|2017-02-11 18:35:06|–§–æ—Ç–æ—Ä–µ–ø–æ—Ä—Ç–∞–∂ —Å –º—É–∂—Å–∫–æ–π —Å–ø—Ä–∏–Ω—Ç–µ—Ä—Å–∫–æ–π –≥–æ–Ω–∫–∏ –Ω–∞ —á–µ–º–ø–∏–æ–Ω–∞—Ç–µ –º–∏—Ä–∞ –≤ –•–æ—Ö—Ñ–∏–ª—å—Ü–µ–Ω–µ: https://t.co/rG8jWj52L1 https://t.co/TFHTx7AZlc
russianbiathlon|830435851976970240|2017-02-11 15:18:30|–û–Ω–∏ –ø–æ–∂–∞–ª–∏ –¥—Ä—É–≥ –¥—Ä—É–≥—É —Ä—É–∫–∏! –ö–æ–Ω—Ü–µ–Ω—Ç—Ä–∏—Ä—É–µ–º—Å—è –Ω–∞ —Å–ø–æ—Ä—Ç–µ‚úå https://t.co/Uf6fyNPO4z
russianbiathlon|830435613786697730|2017-02-11 15:17:33|–ï–≤–≥–µ–Ω–∏–π –ì–∞—Ä–∞–Ω–∏—á–µ–≤ –∑–∞–Ω—è–ª 10-–µ –º–µ—Å—Ç–æ –≤ —Å–ø—Ä–∏–Ω—Ç–µ –Ω–∞ —á–µ–º–ø–∏–æ–Ω–∞—Ç–µ –º–∏—Ä–∞ –≤ –•–æ—Ö—Ñ–∏–ª—å—Ü–µ–Ω–µ: https://t.co/vVFEhF6cau https://t.co/rFShRiJ8QX
russianbiathlon|830394687395680256|2017-02-11 12:34:56|11 —Ñ–µ–≤—Ä–∞–ª—è 2017, 16:45 (–º—Å–∫) - —Å–ø—Ä–∏–Ω—Ç (–º—É–∂—á–∏–Ω—ã): –ï–≤–≥–µ–Ω–∏–π –ì–∞—Ä–∞–Ω–∏—á–µ–≤ (9), –ê–Ω—Ç–æ–Ω –ë–∞–±–∏–∫–æ–≤ (29), –ú–∞–∫—Å–∏–º –¶–≤–µ—Ç–∫–æ–≤ (52), –ê–Ω‚Ä¶ https://t.co/J84uWmoOMU
russianbiathlon|830385994931245057|2017-02-11 12:00:23|–ü–æ–∂–µ–ª–∞–Ω–∏—è –≤ –∞–¥—Ä–µ—Å —Ä–æ—Å—Å–∏–π—Å–∫–æ–π –∫–æ–º–∞–Ω–¥—ã –Ω–µ –∑–∞–∫–∞–Ω—á–∏–≤–∞—é—Ç—Å—è. –ù–∞ —ç—Ç–æ—Ç —Ä–∞–∑ —É–¥–∞—á–∏ –∂–µ–ª–∞—é—Ç —É—á–∞—Å—Ç–Ω–∏–∫–∏ –≤—Å–µ—Ä–æ—Å—Å–∏–π—Å–∫–∏—Ö —Å–æ—Ä–µ–≤–Ω–æ–≤–∞–Ω–∏‚Ä¶ https://t.co/qNfJ9FGPZH
russianbiathlon|830364496740888576|2017-02-11 10:34:58|"–ù–∞—à–µ–π –∫–æ–º–∞–Ω–¥–µ –Ω–∞ –ß–ú –ø—Ä–∏—Ö–æ–¥–∏—Ç –º–Ω–æ–≥–æ —Å–ª–æ–≤ –∏ –¥–∞–∂–µ —Å—Ç–∏—Ö–æ—Ç–≤–æ—Ä–µ–Ω–∏–π‚ù§
–õ—å–≤—è—Ç–∞ (—Å—Ç–∏—Ö –æ –Ω–∞—à–∏—Ö –ê–Ω—Ç–æ—à–∞—Ö: –®–∏–ø—É–ª–∏–Ω–µ –∏ –ë–∞–±–∏–∫–æ–≤–µ):‚Ä¶ https://t.co/6wGfTgqJWz"
russianbiathlon|830174624591790080|2017-02-10 22:00:29|–Ø—Ä–∫–∏–µ —É–ª—ã–±–∫–∏, –ø–æ—Ç—Ä—è—Å–∞—é—â–∏–µ –≤–∏–¥—ã –∏ –∫—Ä–∞—Å–æ—Ç–∞ –±–∏–∞—Ç–ª–æ–Ω–∞ - –≤ —Ñ–æ—Ç–æ—Ä–µ–ø–æ—Ä—Ç–∞–∂–µ —Å –∂–µ–Ω—Å–∫–æ–≥–æ —Å–ø—Ä–∏–Ω—Ç–∞ –Ω–∞ –ß–ú –≤ –•–æ—Ö—Ñ–∏–ª—å—Ü–µ–Ω–µ:‚Ä¶ https://t.co/nqFmscNX9M
russianbiathlon|830113842965389312|2017-02-10 17:58:57|–†–æ—Å—Å–∏–π—Å–∫–∞—è –±–∏–∞—Ç–ª–æ–Ω–∏—Å—Ç–∫–∞ –ò—Ä–∏–Ω–∞ –£—Å–ª—É–≥–∏–Ω–∞ –ø—Ä–æ–∫–æ–º–º–µ–Ω—Ç–∏—Ä–æ–≤–∞–ª–∞ —Å–≤–æ–µ –≤—ã—Å—Ç—É–ø–ª–µ–Ω–∏–µ –≤ —Å–ø—Ä–∏–Ω—Ç–µ –Ω–∞ –ß–ú –≤ –•–æ—Ö—Ñ–∏–ª—å—Ü–µ–Ω–µ:‚Ä¶ https://t.co/drc4Ki99N5
russianbiathlon|830070112958943232|2017-02-10 15:05:11|–ò—Ä–∏–Ω–∞ –£—Å–ª—É–≥–∏–Ω–∞ –∑–∞–Ω—è–ª–∞ 15-–µ –º–µ—Å—Ç–æ –≤ —Å–ø—Ä–∏–Ω—Ç–µ –Ω–∞ —á–µ–º–ø–∏–æ–Ω–∞—Ç–µ –º–∏—Ä–∞ –≤ –•–æ—Ö—Ñ–∏–ª—å—Ü–µ–Ω–µ, —Å—Ç–∞–≤ –ª—É—á—à–µ–π –∏–∑ —Ä–æ—Å—Å–∏—è–Ω–æ–∫.‚Ä¶ https://t.co/ApWLj40FNh
russianbiathlon|830033583884607489|2017-02-10 12:40:02|10 —Ñ–µ–≤—Ä–∞–ª—è 2017, 16:45 (–º—Å–∫) - —Å–ø—Ä–∏–Ω—Ç (–∂–µ–Ω—â–∏–Ω—ã): –ò—Ä–∏–Ω–∞ –£—Å–ª—É–≥–∏–Ω–∞, –¢–∞—Ç—å—è–Ω–∞ –ê–∫–∏–º–æ–≤–∞, –°–≤–µ—Ç–ª–∞–Ω–∞ –°–ª–µ–ø—Ü–æ–≤–∞, –ò—Ä–∏–Ω–∞ –°—Ç–∞—Ä—ã—Ö‚Ä¶ https://t.co/v66ysXJB4H
russianbiathlon|830008830838894593|2017-02-10 11:01:40|"–ù–∞—à–∞ –∫–æ–º–∞–Ω–¥–∞ —Å–æ —Å–≤–æ–∏–º–∏ –±—Ä–æ–Ω–∑–æ–≤—ã–º–∏ –º–µ–¥–∞–ª—è–º–∏üá∑üá∫ 
–ë–æ–ª—å—à–µ —Ñ–æ—Ç–æ —Å –Ω–∞–≥—Ä–∞–∂–¥–µ–Ω–∏—è –≤ —Ñ–æ—Ç–æ—Ä–µ–ø–æ—Ä—Ç–∞–∂–µ –ê–Ω–¥—Ä–µ—è –ê–Ω–æ—Å–æ–≤–∞:‚Ä¶ https://t.co/qYMVYJ1InQ"
russianbiathlon|829815756653211649|2017-02-09 22:14:28|–§–æ—Ç–æ—Ä–µ–ø–æ—Ä—Ç–∞–∂ —Å–æ —Å–º–µ—à–∞–Ω–Ω–æ–π —ç—Å—Ç–∞—Ñ–µ—Ç—ã –Ω–∞ —á–µ–º–ø–∏–æ–Ω–∞—Ç–µ –º–∏—Ä–∞ –≤ –•–æ—Ö—Ñ–∏–ª—å—Ü–µ–Ω–µüôÇ –ï—â–µ –±–æ–ª—å—à–µ —è—Ä–∫–∏—Ö, –¥–∏–Ω–∞–º–∏—á–Ω—ã—Ö —Ñ–æ—Ç–æ:‚Ä¶ https://t.co/S9d2IaH6CG
russianbiathlon|829798246344224774|2017-02-09 21:04:53|–ü–µ—Ä–≤–∞—è –∑–∞ –≤–æ—Å–µ–º—å –ª–µ—Ç –º–µ–¥–∞–ª—å —Ä–æ—Å—Å–∏–π—Å–∫–∏—Ö –±–∏–∞—Ç–ª–æ–Ω–∏—Å—Ç–æ–≤ –≤ —Å–º–µ—à–∞–Ω–Ω–æ–π —ç—Å—Ç–∞—Ñ–µ—Ç–µ –Ω–∞ —á–µ–º–ø–∏–æ–Ω–∞—Ç–µ –º–∏—Ä–∞üá∑üá∫ https://t.co/yaH9RMnNWv
russianbiathlon|829765454340177920|2017-02-09 18:54:35|–û–ª—å–≥–∞ –ü–æ–¥—á—É—Ñ–∞—Ä–æ–≤–∞, –¢–∞—Ç—å—è–Ω–∞ –ê–∫–∏–º–æ–≤–∞, –ê–ª–µ–∫—Å–∞–Ω–¥—Ä –õ–æ–≥–∏–Ω–æ–≤ –∏ –ê–Ω—Ç–æ–Ω –®–∏–ø—É–ª–∏–Ω - –±—Ä–æ–Ω–∑–æ–≤—ã–µ –ø—Ä–∏–∑–µ—Ä—ã —á–µ–º–ø–∏–æ–Ω–∞—Ç–∞ –º–∏—Ä–∞ –≤ –•–æ—Ö—Ñ–∏–ª—å‚Ä¶ https://t.co/r9s561yJ08
russianbiathlon|829708273527951360|2017-02-09 15:07:22|–°–±–æ—Ä–Ω–∞—è –†–æ—Å—Å–∏–∏ –≤—ã–∏–≥—Ä–∞–ª–∞ –±—Ä–æ–Ω–∑—É –≤ —Å–º–µ—à–∞–Ω–Ω–æ–π —ç—Å—Ç–∞—Ñ–µ—Ç–µ - –ø–µ—Ä–≤–æ–π –≥–æ–Ω–∫–µ —á–µ–º–ø–∏–æ–Ω–∞—Ç–∞ –º–∏—Ä–∞ –≤ –•–æ—Ö—Ñ–∏–ª—å—Ü–µ–Ω–µ https://t.co/sh4jYEzhu8
russianbiathlon|829685039390662658|2017-02-09 13:35:02|9 —Ñ–µ–≤—Ä–∞–ª—è, 16:45 (–º—Å–∫) - —Å–º–µ—à–∞–Ω–Ω–∞—è —ç—Å—Ç–∞—Ñ–µ—Ç–∞: –û–ª—å–≥–∞ –ü–æ–¥—á—É—Ñ–∞—Ä–æ–≤–∞, –¢–∞—Ç—å—è–Ω–∞ –ê–∫–∏–º–æ–≤–∞, –ê–ª–µ–∫—Å–∞–Ω–¥—Ä –õ–æ–≥–∏–Ω–æ–≤, –ê–Ω—Ç–æ–Ω –®–∏–ø—É–ª–∏–Ω. https://t.co/lE7vamj7HG
russianbiathlon|829349750629683200|2017-02-08 15:22:43|–û–ø—Ä–µ–¥–µ–ª–µ–Ω —Å–æ—Å—Ç–∞–≤ —Å–±–æ—Ä–Ω–æ–π –†–æ—Å—Å–∏–∏ –ø–æ –±–∏–∞—Ç–ª–æ–Ω—É –Ω–∞ —Å–º–µ—à–∞–Ω–Ω—É—é —ç—Å—Ç–∞—Ñ–µ—Ç—É –≤ —Ä–∞–º–∫–∞—Ö —á–µ–º–ø–∏–æ–Ω–∞—Ç–∞ –º–∏—Ä–∞ –≤ –•–æ—Ö—Ñ–∏–ª—å—Ü–µ–Ω–µ:‚Ä¶ https://t.co/HAEKHxtEwl
russianbiathlon|829268232263573504|2017-02-08 09:58:48|–ê–ª–µ–∫—Å–∞–Ω–¥—Ä –ö–∞—Å–ø–µ—Ä–æ–≤–∏—á: ¬´–ö–æ–º–∞–Ω–¥–∞ –Ω–∞—Ö–æ–¥–∏—Ç—Å—è –≤ —Ö–æ—Ä–æ—à–µ–º —Ñ—É–Ω–∫—Ü–∏–æ–Ω–∞–ª—å–Ω–æ–º –∏ –ø—Å–∏—Ö–æ–ª–æ–≥–∏—á–µ—Å–∫–æ–º —Å–æ—Å—Ç–æ—è–Ω–∏–∏¬ª‚Ä¶ https://t.co/9tWKCSoH71
russianbiathlon|828922750328766464|2017-02-07 11:05:58|–ü–æ–∑–¥—Ä–∞–≤–ª—è–µ–º —Å –¥–Ω–µ–º —Ä–æ–∂–¥–µ–Ω–∏—è –ø—Ä–∏–∑–µ—Ä–∞ –û–ª–∏–º–ø–∏–π—Å–∫–∏—Ö –∏–≥—Ä, —Ç—Ä–µ—Ö–∫—Ä–∞—Ç–Ω–æ–≥–æ —á–µ–º–ø–∏–æ–Ω–∞ –º–∏—Ä–∞ –í–∏–∫—Ç–æ—Ä–∞ –ú–∞–π–≥—É—Ä–æ–≤–∞! https://t.co/HTMAFbO6Nm
russianbiathlon|828921493497188352|2017-02-07 11:00:59|–ù–∞ –í—Å–µ–º–∏—Ä–Ω–æ–π –£–Ω–∏–≤–µ—Ä—Å–∏–∞–¥–µ –≤ –º–∞—Å—Å-—Å—Ç–∞—Ä—Ç–µ –±—Ä–æ–Ω–∑–æ–≤—É—é –º–µ–¥–∞–ª—å –≤—ã–∏–≥—Ä–∞–ª–∞ –õ–∞—Ä–∏—Å–∞ –ö—É–∫–ª–∏–Ω–∞. –ü–æ–ª–Ω—ã–µ —Ä–µ–∑—É–ª—å—Ç–∞—Ç—ã –≥–æ–Ω–æ–∫ –∏ —Ñ–æ—Ç–æ –Ω–∞‚Ä¶ https://t.co/EzHZoDHts4
russianbiathlon|827102413702172676|2017-02-02 10:32:36|–°–µ–º–µ–Ω –°—É—á–∏–ª–æ–≤ –≤—ã–∏–≥—Ä–∞–ª —Å–ø—Ä–∏–Ω—Ç –Ω–∞ –í—Å–µ–º–∏—Ä–Ω–æ–π –£–Ω–∏–≤–µ—Ä—Å–∏–∞–¥–µ, –≤—Ç–æ—Ä—ã–º —Å—Ç–∞–ª –î–º–∏—Ç—Ä–∏–π –ò–≤–∞–Ω–æ–≤. –ë—Ä–æ–Ω–∑–∞ –≤ –∂–µ–Ω—Å–∫–æ–º —Å–ø—Ä–∏–Ω—Ç–µ –¥–æ—Å—Ç–∞–ª–∞‚Ä¶ https://t.co/WuCCPhwAMP
russianbiathlon|826895847438811139|2017-02-01 20:51:47|–ì–ª–∞–≤–Ω—ã–π —Ç—Ä–µ–Ω–µ—Ä —Å–±–æ—Ä–Ω–æ–π –†–æ—Å—Å–∏–∏ –ø–æ –±–∏–∞—Ç–ª–æ–Ω—É –ê–ª–µ–∫—Å–∞–Ω–¥—Ä –ö–∞—Å–ø–µ—Ä–æ–≤–∏—á –ø—Ä–æ–∫–æ–º–º–µ–Ω—Ç–∏—Ä–æ–≤–∞–ª —Å–æ—Å—Ç–∞–≤ –∫–æ–º–∞–Ω–¥—ã –Ω–∞ –ß–ú –≤ –•–æ—Ö—Ñ–∏–ª—å—Ü–µ–Ω–µ:‚Ä¶ https://t.co/KNLlCO7bBb
russianbiathlon|826789674970710021|2017-02-01 13:49:54|–û–ø—Ä–µ–¥–µ–ª–µ–Ω —Å–æ—Å—Ç–∞–≤ —Å–±–æ—Ä–Ω–æ–π –†–æ—Å—Å–∏–∏ –Ω–∞ —á–µ–º–ø–∏–æ–Ω–∞—Ç –º–∏—Ä–∞ –ø–æ –±–∏–∞—Ç–ª–æ–Ω—É –≤ –•–æ—Ö—Ñ–∏–ª—å—Ü–µ–Ω–µ: https://t.co/GEogj2Ij7G https://t.co/I13bfRsFdy
russianbiathlon|826418658280873985|2017-01-31 13:15:36|–ü–æ–∑–¥—Ä–∞–≤–ª—è–µ–º —Å 25-–ª–µ—Ç–∏–µ–º –ê–ª–µ–∫—Å–∞–Ω–¥—Ä–∞ –õ–æ–≥–∏–Ω–æ–≤–∞! https://t.co/5bNIcpyUXr
russianbiathlon|826383986444398593|2017-01-31 10:57:50|–°–µ—Ä–≥–µ–π –ö–æ—Ä–∞—Å—Ç—ã–ª–µ–≤ ‚Äì —Å–µ—Ä–µ–±—Ä—è–Ω—ã–π –ø—Ä–∏–∑–µ—Ä –∏–Ω–¥–∏–≤–∏–¥—É–∞–ª—å–Ω–æ–π –≥–æ–Ω–∫–∏ –Ω–∞ –≤—Å–µ–º–∏—Ä–Ω–æ–π –£–Ω–∏–≤–µ—Ä—Å–∏–∞–¥–µ, —É –°–µ–º–µ–Ω–∞ –°—É—á–∏–ª–æ–≤–∞ ‚Äì –±—Ä–æ–Ω–∑–∞:‚Ä¶ https://t.co/ygfSmlAJsd
russianbiathlon|826173069957869569|2017-01-30 20:59:44|–£–∂–µ –∑–∞–≤—Ç—Ä–∞ –ø–µ—Ä–≤–∞—è –≥–æ–Ω–∫–∞ –Ω–∞ –í—Å–µ–º–∏—Ä–Ω–æ–π –£–Ω–∏–≤–µ—Ä—Å–∏–∞–¥–µ: 31 —è–Ω–≤–∞—Ä—è, –∏–Ω–¥–∏–≤–∏–¥—É–∞–ª—å–Ω–∞—è –≥–æ–Ω–∫–∞: 8:15 (–º—Å–∫) - –∂–µ–Ω—â–∏–Ω—ã), 11:15 (–º—Å‚Ä¶ https://t.co/gAwZOve4rv
russianbiathlon|825975979139010560|2017-01-30 07:56:33|–ù–µ–ø–æ–¥—Ä–∞–∂–∞–µ–º—ã–π! –°–µ—Ä–≥–µ—é –ß–µ–ø–∏–∫–æ–≤—É ‚Äî 50 –ª–µ—Ç! –°–ë–† –ø–æ–∑–¥—Ä–∞–≤–ª—è–µ—Ç –°–µ—Ä–≥–µ—è –í–ª–∞–¥–∏–º–∏—Ä–æ–≤–∏—á–∞ —Å —é–±–∏–ª–µ–µ–º: https://t.co/FRZmIGrRQv https://t.co/YjTjNgkJke
russianbiathlon|825703341086953473|2017-01-29 13:53:11|–ù–∞ —á–µ–º–ø–∏–æ–Ω–∞—Ç–µ –ï–≤—Ä–æ–ø—ã —Å–±–æ—Ä–Ω–∞—è –†–æ—Å—Å–∏–∏ –ø–æ–±–µ–¥–∏–ª–∞ –≤ –º–µ–¥–∞–ª—å–Ω–æ–º –∑–∞—á–µ—Ç–µ: –Ω–∞ —Å—á–µ—Ç—É –∫–æ–º–∞–Ω–¥—ã —à–µ—Å—Ç—å –∑–æ–ª–æ—Ç—ã—Ö, —á–µ—Ç—ã—Ä–µ —Å–µ—Ä–µ–±—Ä—è–Ω—ã—Ö‚Ä¶ https://t.co/sH5an0HcQ4
russianbiathlon|825694592704065536|2017-01-29 13:18:26|–°–±–æ—Ä–Ω–∞—è –†–æ—Å—Å–∏–∏ –æ–¥–µ—Ä–∂–∞–ª–∞ –ø–æ–±–µ–¥—É –≤ —Å–º–µ—à–∞–Ω–Ω–æ–π —ç—Å—Ç–∞—Ñ–µ—Ç–µ –Ω–∞ —á–µ–º–ø–∏–æ–Ω–∞—Ç–µ –ï–≤—Ä–æ–ø—ã! https://t.co/i7tQINsaWd
russianbiathlon|825669714697416705|2017-01-29 11:39:34|–î–∞—Ä—å—è –í–∏—Ä–æ–ª–∞–π–Ω–µ–Ω –∏ –ï–≤–≥–µ–Ω–∏–π –ì–∞—Ä–∞–Ω–∏—á–µ–≤ - —á–µ–º–ø–∏–æ–Ω—ã –ï–≤—Ä–æ–ø—ã –≤ –æ–¥–∏–Ω–æ—á–Ω–æ–π —Å–º–µ—à–∞–Ω–Ω–æ–π —ç—Å—Ç–∞—Ñ–µ—Ç–µüá∑üá∫ https://t.co/5xTbFSVdbn
russianbiathlon|825640894187597824|2017-01-29 09:45:03|–°–±–æ—Ä–Ω–∞—è –†–æ—Å—Å–∏–∏ –≤—ã–∏–≥—Ä–∞–ª–∞ –æ–¥–∏–Ω–æ—á–Ω—É—é —Å–º–µ—à–∞–Ω–Ω—É—é —ç—Å—Ç–∞—Ñ–µ—Ç—É –Ω–∞ —á–µ–º–ø–∏–æ–Ω–∞—Ç–µ –ï–≤—Ä–æ–ø—ã. –í —Å–æ—Å—Ç–∞–≤–µ –∫–æ–º–∞–Ω–¥—ã –≤—ã—Å—Ç—É–ø–∏–ª–∏ –î–∞—Ä—å—è –í–∏—Ä–æ–ª–∞‚Ä¶ https://t.co/1QX1MNqk3R
russianbiathlon|825611506872176641|2017-01-29 07:48:17|–ß–µ–º–ø–∏–æ–Ω–∞—Ç –ï–≤—Ä–æ–ø—ã: 29 —è–Ω–≤–∞—Ä—è, 12:00 (–º—Å–∫) - –û–¥–∏–Ω–æ—á–Ω–∞—è —Å–º–µ—à–∞–Ω–Ω–∞—è —ç—Å—Ç–∞—Ñ–µ—Ç–∞, 15:00 (–º—Å–∫) - –°–º–µ—à–∞–Ω–Ω–∞—è —ç—Å—Ç–∞—Ñ–µ—Ç–∞. –ü—Ä—è–º–æ–π —ç‚Ä¶ https://t.co/vnrF3SFSK5
russianbiathlon|825368567289958400|2017-01-28 15:42:55|–ù–∏ –¥–Ω—è –±–µ–∑ –º–µ–¥–∞–ª–µ–π! –§–æ—Ç–æ—Ä–µ–ø–æ—Ä—Ç–∞–∂ —Å –≥–æ–Ω–∫–∏ –ø—Ä–µ—Å–ª–µ–¥–æ–≤–∞–Ω–∏—è –Ω–∞ —á–µ–º–ø–∏–æ–Ω–∞—Ç–µ –ï–≤—Ä–æ–ø—ã –≤ –ü–æ–ª—å—à–µ –Ω–∞ https://t.co/9eGgSMIJ78:‚Ä¶ https://t.co/oQ7YsezHIH
russianbiathlon|825321716687728640|2017-01-28 12:36:45|"–ò—Ä–∏–Ω–∞ –°—Ç–∞—Ä—ã—Ö ‚Äî –ø–æ–±–µ–¥–∏—Ç–µ–ª—å —á–µ–º–ø–∏–æ–Ω–∞—Ç–∞ –ï–≤—Ä–æ–ø—ã –≤ –ø–∞—Å—å—é—Ç–µ, –°–≤–µ—Ç–ª–∞–Ω–∞ –°–ª–µ–ø—Ü–æ–≤–∞ ‚Äî —Ç—Ä–µ—Ç—å—èüá∑üá∫

https://t.co/KZ4iWhSqFu https://t.co/WjGCDNfqlg"
russianbiathlon|825297446469255169|2017-01-28 11:00:19|–ü–æ–∑–¥—Ä–∞–≤–ª—è–µ–º –ê–ª–µ–∫—Å–∞–Ω–¥—Ä–∞ –õ–æ–≥–∏–Ω–æ–≤–∞ –∏ –ï–≤–≥–µ–Ω–∏—è –ì–∞—Ä–∞–Ω–∏—á–µ–≤–∞ —Å –º–µ–¥–∞–ª—è–º–∏ –≥–æ–Ω–∫–∏ –ø—Ä–µ—Å–ª–µ–¥–æ–≤–∞–Ω–∏—è –Ω–∞ —á–µ–º–ø–∏–æ–Ω–∞—Ç–µ –ï–≤—Ä–æ–ø—ã –≤ –ü–æ–ª—å—à–µüèÜüá∑üá∫ https://t.co/YeEop868IJ
russianbiathlon|825278655781883904|2017-01-28 09:45:39|–ê–ª–µ–∫—Å–∞–Ω–¥—Ä –õ–æ–≥–∏–Ω–æ–≤ –æ–¥–µ—Ä–∂–∞–ª –ø–æ–±–µ–¥—É –≤ –≥–æ–Ω–∫–µ –ø—Ä–µ—Å–ª–µ–¥–æ–≤–∞–Ω–∏—è –Ω–∞ —á–µ–º–ø–∏–æ–Ω–∞—Ç–µ –ï–≤—Ä–æ–ø—ã, –≤—Ç–æ—Ä—ã–º —Ñ–∏–Ω–∏—à–∏—Ä–æ–≤–∞–ª –ï–≤–≥–µ–Ω–∏–π –ì–∞—Ä–∞–Ω–∏—á–µ–≤üá∑üá∫‚Ä¶ https://t.co/Ioi2XHKc6i
russianbiathlon|825260203146878977|2017-01-28 08:32:19|–ß–µ–º–ø–∏–æ–Ω–∞—Ç –ï–≤—Ä–æ–ø—ã: 28 —è–Ω–≤–∞—Ä—è, –≥–æ–Ω–∫–∞ –ø—Ä–µ—Å–ª–µ–¥–æ–≤–∞–Ω–∏—è. 12:00 (–º—Å–∫) - –º—É–∂—á–∏–Ω—ã, 15:00 (–º—Å–∫) - –∂–µ–Ω—â–∏–Ω—ã. ¬´–ú–∞—Ç—á –¢–í¬ª –ø–æ–∫–∞–∂–µ—Ç –≤‚Ä¶ https://t.co/TiTzVPy6QS
russianbiathlon|825003474916044801|2017-01-27 15:32:10|–°–æ–ª–Ω–µ—á–Ω—ã–µ –∫–∞–¥—Ä—ã —Å –ø—Ä–æ—à–µ–¥—à–∏—Ö —Å–µ–≥–æ–¥–Ω—è –Ω–∞ —á–µ–º–ø–∏–æ–Ω–∞—Ç–µ –ï–≤—Ä–æ–ø—ã —Å–ø—Ä–∏–Ω—Ç–µ—Ä—Å–∫–∏—Ö –≥–æ–Ω–æ–∫ ‚òÄ –§–æ—Ç–æ–æ—Ç—á–µ—Ç –Ω–∞ https://t.co/9eGgSMr7Iy:‚Ä¶ https://t.co/Cxg6kzDq9G
russianbiathlon|824976066905309185|2017-01-27 13:43:16|–°–≤–µ—Ç–ª–∞–Ω–∞ –°–ª–µ–ø—Ü–æ–≤–∞ ‚Äî —Å–µ—Ä–µ–±—Ä—è–Ω—ã–π –ø—Ä–∏–∑–µ—Ä —Å–ø—Ä–∏–Ω—Ç–∞ –Ω–∞ —á–µ–º–ø–∏–æ–Ω–∞—Ç–µ –ï–≤—Ä–æ–ø—ã, —É –ò—Ä–∏–Ω—ã –°—Ç–∞—Ä—ã—Ö ‚Äî –±—Ä–æ–Ω–∑–∞: https://t.co/ayYbzAzWJe https://t.co/CmNmBVvxCm
