Sovsport_hockey|866799348201533440|2017-05-22 23:34:03|RT @ponomarenkodv: –õ–µ–æ–Ω–∏–¥ –í–∞–π—Å—Ñ–µ–ª—å–¥: –°–±–æ—Ä–Ω–∞—è –†–æ—Å—Å–∏–∏ –º–æ–≥–ª–∞ –≤ –ö–µ–ª—å–Ω–µ –∏ –ø–æ–±–µ–¥–∏—Ç—å https://t.co/kae4qvYeq8 —Å –ø–æ–º–æ—â—å—é @sovsport
Sovsport_hockey|866508706523041792|2017-05-22 04:19:09|RT @ponomarenkodv: –°–µ—Ä–≥–µ–π –ü–ª–æ—Ç–Ω–∏–∫–æ–≤: –£–µ–∑–∂–∞–µ–º —Å —á–µ–º–ø–∏–æ–Ω–∞—Ç–∞ —Å —É–ª—ã–±–∫–æ–π. –ù–æ –æ—Å–∞–¥–æ–∫ –æ—Å—Ç–∞–ª—Å—è‚Ä¶ https://t.co/SO6ED2qc2B —Å –ø–æ–º–æ—â—å—é @sovsport
Sovsport_hockey|866397200540209152|2017-05-21 20:56:04|RT @ponomarenkodv: –°–ø–∞—Å–∏–±–æ –æ—Ç –ó–Ω–∞—Ä–∫–∞. –ö–∞–∫ —Å–±–æ—Ä–Ω–∞—è –†–æ—Å—Å–∏–∏ —É–ª–µ—Ç–∞–ª–∞ –∏–∑ –ö–µ–ª—å–Ω–∞ https://t.co/86KUrtsZoL —Å –ø–æ–º–æ—â—å—é @sovsport
Sovsport_hockey|866352652761935872|2017-05-21 17:59:03|RT @ponomarenkodv: –ï–≤–≥–µ–Ω–∏–π –ö—É–∑–Ω–µ—Ü–æ–≤: –ü–∞–Ω–∞—Ä–∏–Ω—É –¥–æ –º–µ–Ω—è –µ—â–µ –¥–∞–ª–µ–∫–æ‚Ä¶ https://t.co/FjtxrR486y —Å –ø–æ–º–æ—â—å—é @sovsport
Sovsport_hockey|866335707375316993|2017-05-21 16:51:43|RT @ponomarenkodv: –†–µ–±—è—Ç–∞, —Ö–≤–∞—Ç–∏—Ç –Ω–∞—Å –ø—É–≥–∞—Ç—å! –†–æ—Å—Å–∏—è–Ω–µ –µ–¥–≤–∞ –Ω–µ —É–ø—É—Å—Ç–∏–ª–∏ –ø–æ–±–µ–¥—É –≤ –±–∏—Ç–≤–µ –∑–∞ ¬´–±—Ä–æ–Ω–∑—É¬ª https://t.co/dDQUv2mSBr —Å –ø–æ–º–æ—â—å—é @sovsp‚Ä¶
Sovsport_hockey|866135914724163585|2017-05-21 03:37:48|RT @ponomarenkodv: –ö–æ–º—É –Ω–∞ –ß–ú —Ä–µ–∂–µ—Ç —É—Ö–æ —Ä—É—Å—Å–∫–∞—è —Ä–µ—á—å? –°—Ç—Ä–∞–Ω–Ω–∞—è —Ä–µ–∞–∫—Ü–∏—è –Ω–∞ –Ω–∞—à–µ–≥–æ –¥–∏–∫—Ç–æ—Ä–∞ –≤ –ö–µ–ª—å–Ω–µ https://t.co/sZ1HWqAPjM —Å –ø–æ–º–æ—â—å—é @sovspo‚Ä¶
Sovsport_hockey|866032676242939904|2017-05-20 20:47:34|RT @ponomarenkodv: –§–∏–Ω–Ω–æ–≤ –ó–Ω–∞—Ä–∫—É –Ω–∞–¥–æ –ø–æ–±–µ–∂–¥–∞—Ç—å! –ü–æ—á–µ–º—É –¥–ª—è –†–æ—Å—Å–∏–∏ –æ—á–µ–Ω—å –≤–∞–∂–µ–Ω –º–∞—Ç—á –∑–∞ ¬´–±—Ä–æ–Ω–∑—É¬ª https://t.co/oHEBwqaK13 —Å –ø–æ–º–æ—â—å—é @sovsport
Sovsport_hockey|865986590748946433|2017-05-20 17:44:27|RT @ponomarenkodv: –ê—Ä—Ç–µ–º–∏–π –ü–∞–Ω–∞—Ä–∏–Ω: –û—á–µ–Ω—å –ø–æ–≥–∞–Ω–æ–µ –ø–æ—Ä–∞–∂–µ–Ω–∏–µ –≤—ã—à–ª–æ. –ü–æ–ª–Ω–∞—è –∑–∞–¥–Ω–∏—Ü–∞! https://t.co/Cm7h13k7bq —Å –ø–æ–º–æ—â—å—é @sovsport
Sovsport_hockey|865960125714051072|2017-05-20 15:59:17|RT @ponomarenkodv: –ü–∞—Ä–Ω–∏, –∫–∞–∫ –∂–µ —Ç–∞–∫?! –†–æ—Å—Å–∏—è–Ω–µ —É–ø—É—Å—Ç–∏–ª–∏ –≤–µ—Ä–Ω—É—é –ø–æ–±–µ–¥—É –≤ –º–∞—Ç—á–µ —Å –ö–∞–Ω–∞–¥–æ–π https://t.co/Otg2GiLrDG —Å –ø–æ–º–æ—â—å—é @sovsport
Sovsport_hockey|865600464540360704|2017-05-19 16:10:07|RT @ponomarenkodv: –°–±–æ—Ä–Ω—É—é –†–æ—Å—Å–∏–∏ —Ç–æ—Ä–º–æ–∑–Ω—É–ª–∏ –Ω–∞ –≤–æ–∫–∑–∞–ª–µ! –ö–∞–∫ –Ω–∞—à–∏ –≤–µ—Ä–Ω—É–ª–∏—Å—å –∏–∑ –ü–∞—Ä–∏–∂–∞ –≤ –ö–µ–ª—å–Ω https://t.co/6TyfGU4HaD —Å –ø–æ–º–æ—â—å—é @sovsport
Sovsport_hockey|865381704785113088|2017-05-19 01:40:51|RT @ponomarenkodv: –ù—É –∏ –∫—Ç–æ –≤ —Ö–æ–∫–∫–µ–µ ¬´–æ—Ç—Å—Ç–∞–ª—ã–π –≤–∞—Ä–≤–∞—Ä¬ª? –°–±–æ—Ä–Ω–∞—è –†–æ—Å—Å–∏–∏ –æ—Ç–≤–µ—Ç–∏–ª–∞ –Ω–∞ –æ—Å–∫–æ—Ä–±–ª–µ–Ω–∏–µ https://t.co/IfsKl4Au0s —Å –ø–æ–º–æ—â—å—é @sovsport
Sovsport_hockey|865325061644963840|2017-05-18 21:55:46|RT @ponomarenkodv: –í–ª–∞–¥–∏—Å–ª–∞–≤ –ù–∞–º–µ—Å—Ç–Ω–∏–∫–æ–≤: –ü–µ—Ä–µ–¥ –ö–∞–Ω–∞–¥–æ–π –Ω–∏—á–µ–≥–æ —É –Ω–∞—Å —Ç—Ä—è—Å—Ç–∏—Å—å –Ω–µ –±—É–¥–µ—Ç https://t.co/2x0jvwLzzJ —Å –ø–æ–º–æ—â—å—é @sovsport
Sovsport_hockey|865316298498203648|2017-05-18 21:20:57|RT @ponomarenkodv: –¢–∞–∫—É—é –ö–∞–Ω–∞–¥—É –Ω–∞–¥–æ –ø–æ–±–µ–∂–¥–∞—Ç—å! ¬´–ö–ª–µ–Ω–æ–≤—ã–µ¬ª –Ω–∞–º—É—á–∏–ª–∏—Å—å –≤ —á–µ—Ç–≤–µ—Ä—Ç—å—Ñ–∏–Ω–∞–ª–µ —Å –Ω–µ–º—Ü–∞–º–∏ https://t.co/ivKxFqUCZQ —Å –ø–æ–º–æ—â—å—é @sovsport
Sovsport_hockey|865266367217512450|2017-05-18 18:02:32|RT @ponomarenkodv: –î–º–∏—Ç—Ä–∏–π –û—Ä–ª–æ–≤: –ó–Ω–∞—é, —á—Ç–æ –≤—Å–µ –∂–¥—É—Ç –º–∞—Ç—á–∞ —Å –ö–∞–Ω–∞–¥–æ–π. –ú—ã —Ç–æ–∂–µ! https://t.co/O5mGZOpjtC —Å –ø–æ–º–æ—â—å—é @sovsport
Sovsport_hockey|865248384793419778|2017-05-18 16:51:05|RT @ponomarenkodv: –£–≤–∏–¥–µ—Ç—å –ü–∞—Ä–∏–∂ –∏ –ø–æ–±–µ–¥–∏—Ç—å! –†–æ—Å—Å–∏—è–Ω–µ —É–≤–µ—Ä–µ–Ω–Ω–æ –≤—ã—à–ª–∏ –≤ –ø–æ–ª—É—Ñ–∏–Ω–∞–ª, –æ–¥–æ–ª–µ–≤ —á–µ—Ö–æ–≤ https://t.co/SM04wQ8Yqp —Å –ø–æ–º–æ—â—å—é @sovsport
Sovsport_hockey|864884934988759043|2017-05-17 16:46:51|RT @ponomarenkodv: –û–¥–æ–ª–µ–µ–º —á–µ—Ö–æ–≤! –ß—Ç–æ –Ω–∞–¥–æ —É–ª—É—á—à–∏—Ç—å –≤ —Å–±–æ—Ä–Ω–æ–π –†–æ—Å—Å–∏–∏ –¥–ª—è –ø–æ–±–µ–¥—ã –≤ —á–µ—Ç–≤–µ—Ä—Ç—å—Ñ–∏–Ω–∞–ª–µ https://t.co/GmuqBUxDr9 —Å –ø–æ–º–æ—â—å—é @sovsport
Sovsport_hockey|864639626996264961|2017-05-17 00:32:05|RT @ponomarenkodv: –†–æ—Å—Å–∏—è –ø—Ä–æ–¥—É–ª–∞ –ê–º–µ—Ä–∏–∫–µ –≤ —Ö–æ–∫–∫–µ–π –Ω–∞ –ß–ú-2017. –ò –≤–æ—Ç –ø–æ—á–µ–º—É https://t.co/QaYBBgyKBP —Å –ø–æ–º–æ—â—å—é @YouTube
Sovsport_hockey|864547769247309824|2017-05-16 18:27:05|RT @ponomarenkodv: –ü—Ä–æ–∏–≥—Ä–∞–ª–∏! –ü–æ—Å–ª–µ –ø–æ—Ä–∞–∂–µ–Ω–∏—è –æ—Ç –°–®–ê –±—É–¥—É—â–µ–µ —Å–±–æ—Ä–Ω–æ–π –†–æ—Å—Å–∏–∏ –≤ —Ä—É–∫–∞—Ö –ª–∞—Ç—ã—à–µ–π https://t.co/PtrHeYgTT4 —Å –ø–æ–º–æ—â—å—é @sovsport
Sovsport_hockey|864547363507011585|2017-05-16 18:25:28|RT @ponomarenkodv: –ê–Ω–¥—Ä–µ–π –í–∞—Å–∏–ª–µ–≤—Å–∫–∏–π: –í –º–∞—Ç—á–µ —Å–æ —Å–±–æ—Ä–Ω–æ–π –°–®–ê –º–æ–≥–ª–æ –±—ã—Ç—å 10:0! –ù–µ –≤ –Ω–∞—à—É –ø–æ–ª—å–∑—É‚Ä¶ https://t.co/5jGWtYbpyi —Å –ø–æ–º–æ—â—å—é @sovsport
Sovsport_hockey|864434608657629184|2017-05-16 10:57:25|"–õ—é—Ç–∞—è –¥—Ä–∞–∫–∞ –ï–≤–≥–µ–Ω–∏—è –ú–∞–ª–∫–∏–Ω–∞, –∏–ª–∏ –∫–∞–∫ –î–∂–∏–Ω–æ –ø—Ä–æ–≤–æ—Ü–∏—Ä–æ–≤–∞–ª–∏ –∏–≥—Ä–æ–∫–∏ ¬´–û—Ç—Ç–∞–≤—ã¬ª (–≤–∏–¥–µ–æ, –æ—Ç—á–µ—Ç)

https://t.co/6wtb9OybMj https://t.co/sQ2WsElaFY"
Sovsport_hockey|864297325258301446|2017-05-16 01:51:54|RT @ponomarenkodv: –ê—Ä—Ç–µ–º–∏–π –ü–∞–Ω–∞—Ä–∏–Ω: –î–≤–∞ –¥–Ω—è –≤ –∫—Ä–æ–≤–∞—Ç–∏ –ø—Ä–æ–ª–µ–∂–∞–ª! –ù–æ —Ç–µ–ø–µ—Ä—å –º–Ω–µ –ª—É—á—à–µ https://t.co/jbsmPXZkRY —Å –ø–æ–º–æ—â—å—é @sovsport
Sovsport_hockey|864218132214407168|2017-05-15 20:37:13|RT @ponomarenkodv: –ê–º–µ—Ä–∏–∫–∞, –∫ –±–æ—Ä—Ç–∏–∫—É! –°–µ–≥–æ–¥–Ω—è –Ω–∞—à–∏ —Ä–∞–∑–≥—Ä–æ–º–∏–ª–∏ –ª–∞—Ç—ã—à–µ–π, –∞ –∑–∞–≤—Ç—Ä–∞ –≤—Å—Ç—Ä–µ—Ç—è—Ç—Å—è —Å –°–®–ê https://t.co/PNzCqPDtgy —Å –ø–æ–º–æ—â—å—é @sovspo‚Ä¶
Sovsport_hockey|864087650390740997|2017-05-15 11:58:44|RT @ponomarenkodv: –õ–∞—Ç–≤–∏—è —Å–¥–∞–ª–∞—Å—å –±–µ–∑ –±–æ—è. –°–∏–ª—å–Ω–µ–π—à–∏–µ –ª–∞—Ç–≤–∏–π—Å–∫–∏–µ —Ö–æ–∫–∫–µ–∏—Å—Ç—ã –ø—Ä–æ—Ç–∏–≤ –†–æ—Å—Å–∏–∏ –Ω–µ —Å—ã–≥—Ä–∞—é—Ç https://t.co/7V9XrZ5SJI —Å –ø–æ–º–æ—â—å—é @sovs‚Ä¶
Sovsport_hockey|863858755083042816|2017-05-14 20:49:11|RT @ponomarenkodv: –ï–≤–≥–µ–Ω–∏–π –ö—É–∑–Ω–µ—Ü–æ–≤: –ù—É –∫—Ç–æ —è –≤ –ù–•–õ? –ù–∞ –º–µ–Ω—è —Ç–∞–º —á–∏—Ö–∞—Ç—å —Ö–æ—Ç–µ–ª–∏. –ï—Å–ª–∏ –°–∞–Ω—è —Å–∫–∞–∂–µ—Ç‚Ä¶ https://t.co/UpeHr2GFOf —Å –ø–æ–º–æ—â—å—é @sovspo‚Ä¶
Sovsport_hockey|863820218237407233|2017-05-14 18:16:03|RT @ponomarenkodv: –ö—É–∑–Ω–µ—Ü–æ–≤ –∏ –û—Ä–ª–æ–≤ –≤–ø–µ—Ä–≤—ã–µ –≤—ã—à–ª–∏ –Ω–∞ –ª–µ–¥ –≤ –ö–µ–ª—å–Ω–µ –Ω–∞ –ß–ú-2017 https://t.co/DkQbPxoGeE —Å –ø–æ–º–æ—â—å—é @YouTube
Sovsport_hockey|863506990991118336|2017-05-13 21:31:24|RT @ponomarenkodv: –° –ö–∞–Ω–∞–¥—ã —Å–±–∏–ª–∏ —Å–ø–µ—Å—å –∏ –Ω–∞–∫–∞–∑–∞–ª–∏ –∑–∞ –ø–∏–∂–æ–Ω—Å—Ç–≤–æ! https://t.co/JGwYj3L9EV —Å –ø–æ–º–æ—â—å—é @sovsport
Sovsport_hockey|863474910622089217|2017-05-13 19:23:55|RT @ponomarenkodv: ¬´–≠—Ç–æ –Ω–µ –ª–µ–¥, –∞ —Å—Ç–∏—Ä–∞–ª—å–Ω–∞—è –¥–æ—Å–∫–∞!¬ª –†–æ—Å—Å–∏—è–Ω–µ –∫—Ä–∏—Ç–∏–∫—É—é—Ç –ø–ª–æ—â–∞–¥–∫—É –Ω–∞ –ß–ú-2017 https://t.co/0WPqktXz89 —Å –ø–æ–º–æ—â—å—é @sovsport
Sovsport_hockey|863441871628062721|2017-05-13 17:12:38|RT @ponomarenkodv: –û–¥–Ω–æ–π –ø—Ä–∞–≤–æ–π! –†–æ—Å—Å–∏—è–Ω–µ —Ä–∞–∑–≥—Ä–æ–º–∏–ª–∏ —Å–ª–æ–≤–∞–∫–æ–≤ –±–µ–∑ –¥–≤—É—Ö –≤–µ–¥—É—â–∏—Ö –ª–µ–≤—ã—Ö —Ñ–æ—Ä–≤–∞—Ä–¥–æ–≤ https://t.co/eW2sHhQ8tf —Å –ø–æ–º–æ—â—å—é @sovsport
Sovsport_hockey|863340734375763969|2017-05-13 10:30:45|RT @ponomarenkodv: –î—É–º–∞–π, –∫–æ–º—É –ª–∞–π–∫–∞–µ—à—å! –ì–æ–ª–∫–∏–ø–µ—Ä–∞ —Å–±–æ—Ä–Ω–æ–π –ì–µ—Ä–º–∞–Ω–∏–∏ –æ—Å—É–¥–∏–ª–∏ –∑–∞ —Å–∏–º–ø–∞—Ç–∏–∏ –∫ –ì–∏—Ç–ª–µ—Ä—É https://t.co/MYhsIxgKpT —Å –ø–æ–º–æ—â—å—é @sovspo‚Ä¶
Sovsport_hockey|863162223413383169|2017-05-12 22:41:25|RT @ponomarenkodv: –ù–∏—á—É—à–∫–∏–Ω –≤ —Å–±–æ—Ä–Ω–æ–π  –≤–º–µ—Å—Ç–æ –ö–∞–ø—Ä–∏–∑–æ–≤–∞! –ü–æ–Ω–∞—á–∞–ª—É –≤—Å–µ –æ–±–∞–ª–¥–µ–ª–∏... https://t.co/6rjVSyIZDA —Å –ø–æ–º–æ—â—å—é @YouTube
Sovsport_hockey|863152737122484226|2017-05-12 22:03:43|RT @ponomarenkodv: –ñ–∞–ª—å, —á—Ç–æ –Ω–µ –ö–∞–ø—Ä–∏–∑–æ–≤! –ù–æ —Ä–µ—à–µ–Ω–∏–µ –ó–Ω–∞—Ä–∫–∞ –ª–æ–≥–∏—á–Ω–æ‚Ä¶ https://t.co/nyY0lYdcYx —Å –ø–æ–º–æ—â—å—é @sovsport
Sovsport_hockey|863085716405989379|2017-05-12 17:37:24|RT @ponomarenkodv: –•–∞—Ä–∏–π—Å –í–∏—Ç–æ–ª–∏–Ω—å—à: –ù–∞—Å—á–µ—Ç –ö–∞–ø—Ä–∏–∑–æ–≤–∞ –≤ —à—Ç–∞–±–µ —Å–±–æ—Ä–Ω–æ–π –µ—Å—Ç—å —Ä–∞–∑–Ω—ã–µ –º–Ω–µ–Ω–∏—è https://t.co/zJLfiRmnnb —Å –ø–æ–º–æ—â—å—é @sovsport
Sovsport_hockey|863071787407593472|2017-05-12 16:42:03|RT @ponomarenkodv: –ö—Ä–∏–ª–ª, —É–¥–∞—á–∏ –∑–∞–≤—Ç—Ä–∞! –ü–æ–π–º–∞–ª–∏ –ö–∞–ø—Ä–∏–∑–æ–≤–∞ –Ω–∞ –∞–≤—Ç–æ–±—É—Å–Ω–æ–π –æ—Å—Ç–∞–Ω–æ–≤–∫–µ https://t.co/m7O3eWfaw1 —Å –ø–æ–º–æ—â—å—é @YouTube
Sovsport_hockey|863069440648368128|2017-05-12 16:32:44|RT @ponomarenkodv: –ö–∏—Ä–∏–ª–ª –ö–∞–ø—Ä–∏–∑–æ–≤. –ü–µ—Ä–≤–æ–µ –∏–Ω—Ç–µ—Ä–≤—å—é –Ω–∞ –ß–ú-2017 https://t.co/IFQTcZhmCp —Å –ø–æ–º–æ—â—å—é @YouTube
Sovsport_hockey|863066987970392064|2017-05-12 16:22:59|RT @ponomarenkodv: –ù–∞–∫–æ–Ω–µ—Ü-—Ç–æ –ö–∏—Ä–∏–ª–ª –ö–∞–ø—Ä–∏–∑–æ–≤ —Ç—Ä–µ–Ω–∏—Ä—É–µ—Ç—Å—è –Ω–∞ –ß–ú-2017 –≤–º–µ—Å—Ç–µ —Å–æ —Å–±–æ—Ä–Ω–æ–π –†–æ—Å—Å–∏–∏! https://t.co/mNIUEZilwU —Å –ø–æ–º–æ—â—å—é @YouTube
Sovsport_hockey|862812204248297472|2017-05-11 23:30:34|RT @ponomarenkodv: –ü–æ—á–µ–º—É –û–≤–µ—á–∫–∏–Ω –ø—Ä–æ–ø—É—Å–∫–∞–µ—Ç —á–µ–º–ø–∏–æ–Ω–∞—Ç –º–∏—Ä–∞? –û—Ç–≤–µ—á–∞–µ–º! https://t.co/LUyYUrkz8v —Å –ø–æ–º–æ—â—å—é @YouTube
Sovsport_hockey|862751980330127361|2017-05-11 19:31:15|RT @ponomarenkodv: ¬´–ñ–∞–ª–∫–æ –°–∞—à—É –û–≤–µ—á–∫–∏–Ω–∞‚Ä¶¬ª –ú–Ω–µ–Ω–∏–µ –∏–≥—Ä–æ–∫–æ–≤ —Å–±–æ—Ä–Ω–æ–π –†–æ—Å—Å–∏–∏ –æ –Ω–∞—à–µ–π –¥–æ–∑–∞—è–≤–∫–µ https://t.co/3RvfAHDkNQ —Å –ø–æ–º–æ—â—å—é @sovsport
Sovsport_hockey|862707972409094144|2017-05-11 16:36:23|RT @ponomarenkodv: –ë–µ–∑ –û–≤–µ—á–∫–∏–Ω–∞! –°–±–æ—Ä–Ω–∞—è –†–æ—Å—Å–∏–∏ –ø—Ä–∏–Ω—è–ª–∞ –≤–∞–∂–Ω–æ–µ –∫–∞–¥—Ä–æ–≤–æ–µ —Ä–µ—à–µ–Ω–∏–µ, –ø–æ–±–µ–∂–¥–∞—è –¥–∞—Ç—á–∞–Ω https://t.co/9Zj0ey1yMd —Å –ø–æ–º–æ—â—å—é @sovsport
Sovsport_hockey|862632409187196928|2017-05-11 11:36:07|RT @ponomarenkodv: –Æ–ª–∏—É—Å –®—É–ø–ª–µ—Ä: –ó–Ω–∞—Ä–æ–∫ –º–æ–∂–µ—Ç –∏ –º–∞—Ç–æ–º. –ù–æ –æ–Ω —É–¥–∞—á–Ω—ã–π —Ç—Ä–µ–Ω–µ—Ä! https://t.co/uUkuWgUE9d —Å –ø–æ–º–æ—â—å—é @sovsport
Sovsport_hockey|862517113998766080|2017-05-11 03:57:59|"–ï–≤–≥–µ–Ω–∏–π –ú–∞–ª–∫–∏–Ω: –ú—ã –ø–æ–Ω–∏–º–∞–ª–∏, —á—Ç–æ —ç—Ç–æ –ø–æ—Å–ª–µ–¥–Ω–∏–π –º–∞—Ç—á, –∏ –æ—Ç—Å—Ç—É–ø–∞—Ç—å –±—ã–ª–æ –Ω–µ–∫—É–¥–∞ (–∏–Ω—Ç–µ—Ä–≤—å—é)

https://t.co/E4fZRX93yD https://t.co/ONZN4aGRCS"
Sovsport_hockey|862509092304293888|2017-05-11 03:26:06|RT @ponomarenkodv: –Æ–ª–∏—É—Å –®—É–ø–ª–µ—Ä: –ó–Ω–∞—Ä–æ–∫ –º–æ–∂–µ—Ç –∏ –º–∞—Ç–æ–º. –ù–æ –æ–Ω —É–º–µ–µ—Ç —Ä–∞–±–æ—Ç–∞—Ç—å —Å –ª—é–¥—å–º–∏ https://t.co/lMDGfddYJT —Å –ø–æ–º–æ—â—å—é @YouTube
Sovsport_hockey|862501102436143105|2017-05-11 02:54:21|"–ß–µ—Ä–Ω–∞—è –∫–∞—Ä–º–∞ –û–≤–µ—á–∫–∏–Ω–∞. –û–Ω –¥–≤–∞–∂–¥—ã –±—ã–ª –Ω–∞ –ª—å–¥—É, –∫–æ–≥–¥–∞ –∑–∞–±–∏–≤–∞–ª ¬´–ü–∏—Ç—Ç—Å–±—É—Ä–≥¬ª (–≤–∏–¥–µ–æ, –æ—Ç—á–µ—Ç)

https://t.co/pRoRuHjaUF https://t.co/trRsHWTf8L"
Sovsport_hockey|862368291024764934|2017-05-10 18:06:37|RT @ponomarenkodv: –ú–æ–∑—è–∫–∏–Ω –Ω–∞ —Ç—Ä–∏–±—É–Ω–µ, –ó–Ω–∞—Ä–æ–∫ –≤ –≥–Ω–µ–≤–µ. –ß—Ç–æ —Ç–≤–æ—Ä–∏–ª–æ—Å—å –Ω–∞ —Ç—Ä–µ–Ω–∏—Ä–æ–≤–∫–µ —Å–±–æ—Ä–Ω–æ–π –†–æ—Å—Å–∏–∏ https://t.co/8O9ZMAoOvy —Å –ø–æ–º–æ—â—å—é @sovspo‚Ä¶
Sovsport_hockey|862266946724802560|2017-05-10 11:23:54|RT @ponomarenkodv: –•—É–∂–µ –≤—Å–µ—Ö —Å–ª–æ–≤–∞–∫–∏ –∏ –±–µ–ª–æ—Ä—É—Å—ã.–†–æ—Å—Å–∏—è –∏ –ö–∞–Ω–∞–¥–∞ ‚Äì –Ω–∞ —É—Ä–æ–≤–Ω–µ! –ü–µ—Ä–≤—ã–µ –∏—Ç–æ–≥–∏ –ß–ú-2017 https://t.co/yTl5PSShLa —Å –ø–æ–º–æ—â—å—é @sovspo‚Ä¶
Sovsport_hockey|862177527896432640|2017-05-10 05:28:35|"–í—è—á–µ—Å–ª–∞–≤ –ë—ã–∫–æ–≤: –Ø –±—ã –∑–∞—è–≤–∏–ª –Ω–∞ —á–µ–º–ø–∏–æ–Ω–∞—Ç –º–∏—Ä–∞ –ö–∞–ø—Ä–∏–∑–æ–≤–∞, –∞ –Ω–µ –û–≤–µ—á–∫–∏–Ω–∞ (–∏–Ω—Ç–µ—Ä–≤—å—é)

https://t.co/MUzFUjwOKA https://t.co/MExSrunqQR"
Sovsport_hockey|861994817664020481|2017-05-09 17:22:34|RT @ponomarenkodv: –í–ª–∞–¥–∏–º–∏—Ä –Æ—Ä–∑–∏–Ω–æ–≤: –£ –°–æ–ª–æ–≥—É–±–æ–≤–∞ –ø–∞–ª—å—Ü–µ–≤ –Ω–µ –±—ã–ª–æ –Ω–∞ –Ω–æ–≥–µ. –ê –æ–Ω –∑–∞ —Å–±–æ—Ä–Ω—É—é –∏–≥—Ä–∞–ª! https://t.co/SjblFW9bc2 —Å –ø–æ–º–æ—â—å—é @sovspo‚Ä¶
Sovsport_hockey|861962671125606400|2017-05-09 15:14:49|"–ï–≤–≥–µ–Ω–∏–π –ú–∞–ª–∫–∏–Ω: –ú—ã –∏–≥—Ä–∞–µ–º —Å–µ—Ä–æ, –Ω–µ–≤–∑—Ä–∞—á–Ω–æ. –≠—Ç–æ –Ω–µ –Ω–∞—à —Ö–æ–∫–∫–µ–π! (–∏–Ω—Ç–µ—Ä–≤—å—é)

https://t.co/5SM9Km9Hk0 https://t.co/6e59hDwvwO"
Sovsport_hockey|861961210304004099|2017-05-09 15:09:01|RT @ponomarenkodv: –ú–æ–∑—è–∫–∏–Ω –≤–æ–∑–ª–∞–≥–∞–ª –≤–µ–Ω–æ–∫... –í –î–µ–Ω—å –ü–æ–±–µ–¥—ã —Å–±–æ—Ä–Ω–∞—è –†–æ—Å—Å–∏–∏ –ø–æ—á—Ç–∏–ª–∞ –ø–∞–º—è—Ç—å –ø–∞–≤—à–∏—Ö https://t.co/7yeHK0mEHY —Å –ø–æ–º–æ—â—å—é @sovsport
Sovsport_hockey|861777615505551361|2017-05-09 02:59:29|"¬´–í–∞—à–∏–Ω–≥—Ç–æ–Ω¬ª —Ä–∞—Å—Ç–µ—Ä–∑–∞–ª –∫–æ–º–∞–Ω–¥—É –ú–∞–ª–∫–∏–Ω–∞. –û–≤–µ—á–∫–∏–Ω –æ–ø—É—â–µ–Ω –≤ —Ç—Ä–µ—Ç—å–µ –∑–≤–µ–Ω–æ (–≤–∏–¥–µ–æ, –æ—Ç—á–µ—Ç)

https://t.co/3IQkMclkXE https://t.co/bvTbGSzpsk"
Sovsport_hockey|861709807312674820|2017-05-08 22:30:02|RT @ponomarenkodv: –ê—Ä—Ç–µ–º–∏–π –ü–∞–Ω–∞—Ä–∏–Ω: –ù–µ –Ω–∞–¥–æ –Ω–∞—Å —Ö–≤–∞–ª–∏—Ç—å –¥–æ –º–∞—Ç—á–∞ —Å –ö–∞–Ω–∞–¥–æ–π! https://t.co/NKpK4YFaBL —Å –ø–æ–º–æ—â—å—é @sovsport
Sovsport_hockey|861691189493420034|2017-05-08 21:16:03|RT @ponomarenkodv: –ù–µ–º—Ü—ã —Å–ª–æ–º–∞–ª–∏ –ú–æ–∑—è–∫–∏–Ω–∞. –ê –≤–∏–Ω–æ–≤–∞—Ç—ã —Å—É–¥—å–∏! –ü—Ä–æ–¥–æ–ª–∂–∞–µ–º –æ–±—Å—É–∂–¥–∞—Ç—å –ß–ú-2017 https://t.co/VuBo5jZ1SF —Å –ø–æ–º–æ—â—å—é @YouTube
Sovsport_hockey|861652926942629888|2017-05-08 18:44:01|"–û–ª–µ–≥ –ó–Ω–∞—Ä–æ–∫: –°–µ—Ä–≥–µ—è –ú–æ–∑—è–∫–∏–Ω–∞ –∞—Ç–∞–∫–æ–≤–∞–ª–∏ —Å–∑–∞–¥–∏. –≠—Ç–æ –¥–∏—Å–∫–≤–∞–ª–∏—Ñ–∏–∫–∞—Ü–∏—è! (–≤–∏–¥–µ–æ, –∏–Ω—Ç–µ—Ä–≤—å—é)

https://t.co/DA61xuLUmk https://t.co/Bs9fdFSa0N"
Sovsport_hockey|861651926739546112|2017-05-08 18:40:02|RT @ponomarenkodv: –°–µ—Ä–≥–µ–π –ü–ª–æ—Ç–Ω–∏–∫–æ–≤: –î—Ä–∞–ª—Å—è, –ø–æ—Ç–æ–º—É —á—Ç–æ —Ç–∞–∫—É—é –≥—Ä—è–∑—å –≤ —Ö–æ–∫–∫–µ–µ –¥–æ–ø—É—Å–∫–∞—Ç—å –Ω–µ–ª—å–∑—è! https://t.co/OB0hNyKvr5 —Å –ø–æ–º–æ—â—å—é @sovsport
Sovsport_hockey|861623343761510400|2017-05-08 16:46:27|RT @ponomarenkodv: –ú–æ–∑—è–∫–∏–Ω —É–∂–µ –≤ –±–æ–ª—å–Ω–∏—Ü–µ. –†–æ—Å—Å–∏—è–Ω–µ –¥–æ—Ä–æ–≥–æ –∑–∞–ø–ª–∞—Ç–∏–ª–∏ –∑–∞ –ø–æ–±–µ–¥—É –Ω–∞–¥ –ì–µ—Ä–º–∞–Ω–∏–µ–π https://t.co/MOheQvtRE7 —Å –ø–æ–º–æ—â—å—é @sovsport
Sovsport_hockey|861579936406134784|2017-05-08 13:53:58|RT @ponomarenkodv: –ê–Ω—Ç—É—Ä–∞–∂ –º–∞—Ç—á–∞ –ì–µ—Ä–º–∞–Ω–∏—è - –†–æ—Å—Å–∏—è. –†–µ–ø–æ—Ä—Ç–∞–∂ –∏–∑ –∞—Ä–µ–Ω—ã –≤ –ö–µ–ª—å–Ω–µ https://t.co/ERFcWPk3Rj —Å –ø–æ–º–æ—â—å—é @YouTube
Sovsport_hockey|861340593485754369|2017-05-07 22:02:55|RT @ponomarenkodv: –§–∏–Ω–Ω—ã, –≤—ã —Å–æ–≤—Å–µ–º –∫—É-–∫—É?! –ü—è—Ç—å —Å–∞–º—ã—Ö –Ω–µ–≤–µ—Ä–æ—è—Ç–Ω—ã—Ö —Ä–µ–∑—É–ª—å—Ç–∞—Ç–æ–≤ –Ω–∞ –ß–ú-2017 https://t.co/amZNyltfa6 —Å –ø–æ–º–æ—â—å—é @sovsport
Sovsport_hockey|861282247437148160|2017-05-07 18:11:04|RT @ponomarenkodv: –ó–Ω–∞—Ä–æ–∫ –Ω–∞—Å –∑–∞–º–µ—Ç–∏–ª! –ü—Ä–æ–¥–æ–ª–∂–∞–µ–º –æ–±—Å—É–∂–¥–∞—Ç—å —Å–±–æ—Ä–Ω—É—é –†–æ—Å—Å–∏–∏ –Ω–∞ –ß–ú-2017 https://t.co/IoTrbDDJTu —Å –ø–æ–º–æ—â—å—é @YouTube
Sovsport_hockey|861258021372133378|2017-05-07 16:34:48|RT @ponomarenkodv: –í–ª–∞–¥–∏—Å–ª–∞–≤ –ù–∞–º–µ—Å—Ç–Ω–∏–∫–æ–≤: –ö–∞—Ç–∞—Ç—å—Å—è –Ω–∞ –∫–æ–Ω—å–∫–∞—Ö –≤—Å–µ –Ω–∞—É—á–∏–ª–∏—Å—å. –ù–æ —ç—Ç–æ–≥–æ –º–∞–ª–æ https://t.co/QodHC9v9cw —Å –ø–æ–º–æ—â—å—é @sovsport
Sovsport_hockey|861229531360890884|2017-05-07 14:41:35|RT @ponomarenkodv: –ò—Ç–∞–ª—å—è–Ω—Å–∫–∏–π —Ç—Ä–µ–Ω–µ—Ä –≤–æ–∑–º—É—â–µ–Ω –ø–æ–≤–µ–¥–µ–Ω–∏–µ–º —Ä—É—Å—Å–∫–∏—Ö –ó–Ω–∞—Ä–æ–∫ —É–ª—ã–±–∞–µ—Ç—Å—è –≤ –æ—Ç–≤–µ—Ç https://t.co/C1YSRVDu1p —Å –ø–æ–º–æ—â—å—é @YouTube
Sovsport_hockey|861227674542407683|2017-05-07 14:34:13|"–ò—Ç–∞–ª—å—è–Ω—Ü—ã —Ä–µ—à–∏–ª–∏ –æ–±–≤–∏–Ω–∏—Ç—å —Å–±–æ—Ä–Ω—É—é –†–æ—Å—Å–∏–∏ –≤ —Ö–∞–º—Å—Ç–≤–µ? –ò—Å—Ç–æ—Ä–∏—è —Å–∫–∞–Ω–¥–∞–ª–∞ (–≤–∏–¥–µ–æ)

https://t.co/U4PX7akWvE https://t.co/kpzv0wIqe7"
Sovsport_hockey|861225372985290753|2017-05-07 14:25:04|"–û–ª–µ–≥ –ó–Ω–∞—Ä–æ–∫: –ò—Ç–∞–ª—å—è–Ω—Ü—ã —É—Å—Ç—Ä–æ–∏–ª–∏ –æ—Ö–æ—Ç—É –∑–∞ —Ä—É—Å—Å–∫–∏–º–∏? –ü—É—Å—Ç—å —Å–∞–º–∏ –±–µ—Ä–µ–≥—É—Ç—Å—è! (–≤–∏–¥–µ–æ, –∏–Ω—Ç–µ—Ä–≤—å—é)

https://t.co/4Tg5tpgho2 https://t.co/MdTb6Jx0tK"
Sovsport_hockey|861224636939472896|2017-05-07 14:22:08|RT @ponomarenkodv: –°–µ—Ä–≥–µ–π –ü–ª–æ—Ç–Ω–∏–∫–æ–≤: –í–æ—Ç —Ç–æ–ª—å–∫–æ –Ω–µ –Ω–∞–¥–æ –Ω–∞—Å –ø—É–≥–∞—Ç—å! https://t.co/VQwTjHxvpJ —Å –ø–æ–º–æ—â—å—é @sovsport
Sovsport_hockey|861220040812703745|2017-05-07 14:03:53|RT @ponomarenkodv: –û–ª–µ–≥ –ó–Ω–∞—Ä–æ–∫: –£ –≥–æ—Å—Ç–∏–Ω–∏—Ü—ã —Å–±–æ—Ä–Ω–æ–π —à—É–º–µ–ª–∏. –ü—Ä–∏—à–ª–æ—Å—å —Å–ø—É—Å—Ç–∏—Ç—å—Å—è –≤–Ω–∏–∑... –ß–µ—Ä–µ–∑ —Ç—Ä–∏ –º–∏–Ω—É—Ç—ã —Ç–∏—à–∏–Ω–∞ https://t.co/M2Gz3UvCLK —Å –ø‚Ä¶
Sovsport_hockey|861199947533881344|2017-05-07 12:44:02|RT @ponomarenkodv: 10:1! –†–æ—Å—Å–∏—è –≥—Ä–æ–º–∏—Ç –∏—Ç–∞–ª—å—è–Ω—Ü–µ–≤ —Å —Ä–µ–∫–æ—Ä–¥–Ω—ã–º –¥–ª—è –Ω—ã–Ω–µ—à–Ω–µ–≥–æ —á–µ–º–ø–∏–æ–Ω–∞—Ç–∞ –º–∏—Ä–∞ —Å—á–µ—Ç–æ–º https://t.co/kY4SRYdLcF —Å –ø–æ–º–æ—â—å—é @sovsp‚Ä¶
Sovsport_hockey|861057078328258561|2017-05-07 03:16:19|"–°–ª–æ–≤–æ –º—É–∂–∏–∫–∞! –ö—É–∑–Ω–µ—Ü–æ–≤ –æ–±–µ—â–∞–ª –≤—ã–∏–≥—Ä–∞—Ç—å ‚Äì –∏ –ø—Ä–∏–Ω–µ—Å –ø–æ–±–µ–¥—É ¬´–í–∞—à–∏–Ω–≥—Ç–æ–Ω—É¬ª (–≤–∏–¥–µ–æ, –∏–Ω—Ç–µ—Ä–≤—å—é)

https://t.co/kYc6gbFTT3 https://t.co/7REHzsTzsU"
Sovsport_hockey|861054915229229058|2017-05-07 03:07:44|"–ö—Ç–æ-—Ç–æ –¥—É–º–∞–ª, —á—Ç–æ –û–≤–µ—á–∫–∏–Ω —É–Ω–∏–∂–µ–Ω? –ê–ª–µ–∫—Å–∞–Ω–¥—Ä –í–µ–ª–∏–∫–∏–π –≤—ã–ø—Ä—ã–≥–Ω—É–ª –∏–∑ –∑–∞—Å–∞–¥—ã! (–≤–∏–¥–µ–æ, –æ—Ç—á–µ—Ç)

https://t.co/9Mbn8QCgbo https://t.co/ax3w4QiOS8"
Sovsport_hockey|860962702210060288|2017-05-06 21:01:18|RT @ponomarenkodv: –ù–µ–º–µ—Ü —Å—Ä—É–±–∏–ª —à–≤–µ–¥–∞, –∫–∞–∫ –Ω–æ–≤–æ–≥–æ–¥–Ω—é—é –µ–ª–æ—á–∫—É! –ñ—É—Ç–∫–∏–π —Å–ª—É—á–∞–π –Ω–∞ –ß–ú-2017 https://t.co/ruwFuqFgHh —Å –ø–æ–º–æ—â—å—é @sovsport
Sovsport_hockey|860917554440806400|2017-05-06 18:01:54|RT @ponomarenkodv: –•–∞—Ä–∏–π—Å –í–∏—Ç–æ–ª–∏–Ω—å—à: –£–∫–∞–∑–∞–Ω–∏—è —É–±—Ä–∞—Ç—å –ú–æ–∑—è–∫–∏–Ω–∞ —Å –ø–ª–æ—â–∞–¥–∫–∏ –Ω–µ –±—ã–ª–æ! https://t.co/w2PCwE6coF —Å –ø–æ–º–æ—â—å—é @sovsport
Sovsport_hockey|860916632469860352|2017-05-06 17:58:14|RT @ponomarenkodv: –ò—Ç–∞–ª–∏—è ‚Äì –æ–ø–∞—Å–Ω—ã–π —Å–æ–ø–µ—Ä–Ω–∏–∫. –í —Å—É–±–±–æ—Ç—É –≤ –ö–µ–ª—å–Ω–µ –µ–¥–≤–∞ –Ω–µ –≥—Ä—è–Ω—É–ª–∞ –Ω–æ–≤–∞—è —Å–µ–Ω—Å–∞—Ü–∏—è https://t.co/yO5qZSmpNx —Å –ø–æ–º–æ—â—å—é @sovsport
Sovsport_hockey|860791794082209794|2017-05-06 09:42:11|"–¢—Ä–∞–≥–µ–¥–∏—è –≤ –≠–¥–º–æ–Ω—Ç–æ–Ω–µ –∏ –º–æ—Ä–¥–æ–±–æ–π –≤ –ü–∞—Ä–∏–∂–µ. –ö–∏–ø—è—Ç —Ö–æ–∫–∫–µ–π–Ω—ã–µ —Å—Ç—Ä–∞—Å—Ç–∏! (–≤–∏–¥–µ–æ, –æ—Ç—á–µ—Ç)

https://t.co/TP20d0q5sZ https://t.co/GKf44ZdL3n"
Sovsport_hockey|860577409145462785|2017-05-05 19:30:17|RT @ponomarenkodv: ¬´–£–¥–∞—Ä—ã –≤ –≥–æ–ª–æ–≤—É ‚Äì –æ–±—ã—á–Ω–æ–µ –¥–µ–ª–æ!¬ª –û—Ç–∫—Ä–æ–≤–µ–Ω–∏—è —Ä–æ—Å—Å–∏—è–Ω –ø–æ—Å–ª–µ –ø–æ–±–µ–¥—ã –Ω–∞–¥ —à–≤–µ–¥–∞–º–∏ https://t.co/YVgpsFgjcf —Å –ø–æ–º–æ—â—å—é @sovsport
Sovsport_hockey|860577178232250368|2017-05-05 19:29:22|"–û–ª–µ–≥ –ó–Ω–∞—Ä–æ–∫: –¢–∞–∫–æ–≥–æ –ø–æ—Å—Ç—É–ø–∫–∞ —Å–æ —Å—Ç–æ—Ä–æ–Ω—ã –®–∏–ø–∞—á–µ–≤–∞ —è –Ω–µ –∂–¥–∞–ª (–≤–∏–¥–µ–æ, –∏–Ω—Ç–µ—Ä–≤—å—é)

https://t.co/YJNabe6L10 https://t.co/Iiwj8tOYVv"
Sovsport_hockey|860575634938114049|2017-05-05 19:23:14|"–ê—Ä—Ç–µ–º–∏–π –ü–∞–Ω–∞—Ä–∏–Ω: –®–∏–ø–∞—á–µ–≤ –ø–æ–Ω–∏–º–∞–µ—Ç, —á–µ—Ä–µ–∑ –≥–æ–¥ –µ–≥–æ –≤ –ù–•–õ –º–æ–≥—É—Ç –Ω–µ –ø–æ–∑–≤–∞—Ç—å (–≤–∏–¥–µ–æ, –∏–Ω—Ç–µ—Ä–≤—å—é)

https://t.co/BDdlEmE6cO https://t.co/ObDmjU1FOP"
Sovsport_hockey|860545305519042561|2017-05-05 17:22:43|RT @ponomarenkodv: –ù–µ –∏—Å–ø—É–≥–∞–ª–∏—Å—å —à–≤–µ–¥—Å–∫–∏—Ö ¬´—ç–ª–µ–∫—Ç—Ä–∏—á–µ–∫¬ª! –†–æ—Å—Å–∏—è–Ω–µ –≤—ã–∏–≥—Ä–∞–ª–∏ –ø–µ—Ä–≤—ã–π –º–∞—Ç—á –Ω–∞ –ß–ú-2017 https://t.co/uV4Qb4oI0D —Å –ø–æ–º–æ—â—å—é @sovsport
Sovsport_hockey|860399377889853440|2017-05-05 07:42:51|–°—Ç—Ä–∞—à–Ω—ã–π —É–¥–∞—Ä –ø–æ —Å–±–æ—Ä–Ω–æ–π –†–æ—Å—Å–∏–∏! –ö–∞–∫ –Ω–æ–∂ –≤ —Å–ø–∏–Ω—É ‚Äì –®–∏–ø–∞—á–µ–≤ —É–µ–∑–∂–∞–µ—Ç –≤ –ù–•–õ (–≤–∑–≥–ª—è–¥ –∏–∑-–∑–∞ –æ–∫–µ–∞–Ω–∞)‚Ä¶ https://t.co/W2wPbZMdhA
Sovsport_hockey|860193390461415427|2017-05-04 18:04:20|"¬´–û–Ω –∑–∞–≥–æ–≤–æ—Ä–∏–ª!!!¬ª –ù–µ—É–∂–µ–ª–∏ –ú–æ–∑—è–∫–∏–Ω —Ç–µ–ø–µ—Ä—å –±—É–¥–µ—Ç –¥–∞–≤–∞—Ç—å –∏–Ω—Ç–µ—Ä–≤—å—é –∫–∞–∂–¥—ã–π –¥–µ–Ω—å?

https://t.co/0sVBRGS0kN https://t.co/Iq2YDNTBQu"
Sovsport_hockey|860170721384902656|2017-05-04 16:34:15|"–í–æ–ø—Ä–æ—Å –≤ –ª–æ–± —à–≤–µ–¥—É: –ó–Ω–∞—Ä–æ–∫ ‚Äì –≥—Ä–∞–∂–¥–∞–Ω–∏–Ω –ì–µ—Ä–º–∞–Ω–∏–∏. –í–µ–¥–µ—Ç –ª–∏ –æ–Ω —Å–µ–±—è –∫–∞–∫ –µ–≤—Ä–æ–ø–µ–µ—Ü? (–∫–æ–ª–æ–Ω–∫–∞)

https://t.co/zAGSGiPBZa https://t.co/lkHEtGS7DY"
Sovsport_hockey|860169520094343168|2017-05-04 16:29:29|"–ï–≤–≥–µ–Ω–∏–π –ö—É–∑–Ω–µ—Ü–æ–≤: –ú—ã –ø–æ–±–µ–¥–∏–º –¥–æ–º–∞ –≤ –ø—è—Ç–æ–º –º–∞—Ç—á–µ. –ò —Å–Ω–æ–≤–∞ –ø—Ä–∏–µ–¥–µ–º –≤ –ü–∏—Ç—Ç—Å–±—É—Ä–≥ (–∏–Ω—Ç–µ—Ä–≤—å—é)

https://t.co/N97P1ZoJKL https://t.co/KlLjx5Rh4S"
Sovsport_hockey|859984691109269504|2017-05-04 04:15:02|¬´–û–≤–µ—á–∫–∏–Ω ‚Äì —ç—Ç–æ –¥—Ä–æ–≤–æ—Å–µ–∫ –Ω–∞ –∫–æ–Ω—å–∫–∞—Ö!¬ª ¬´–í–∞—à–∏–Ω–≥—Ç–æ–Ω¬ª —Å–Ω–æ–≤–∞ –ø—Ä–æ–¥—É–ª –≤ –ø–ª–µ–π-–æ—Ñ—Ñ (–≤–∏–¥–µ–æ, –æ—Ç—á–µ—Ç –∏–∑ –ü–∏—Ç—Ç—Å–±—É—Ä–≥–∞)‚Ä¶ https://t.co/QTQrIBPgPa
Sovsport_hockey|859861648840044546|2017-05-03 20:06:07|RT @ponomarenkodv: –ë–æ—Ä–∏—Å –ú–∞–π–æ—Ä–æ–≤: –£ –û–≤–µ—á–∫–∏–Ω–∞ –≤ —Å–±–æ—Ä–Ω–æ–π –æ–ø—è—Ç—å –Ω–µ –±—É–¥–µ—Ç –≤—Ä–µ–º–µ–Ω–∏ –¥–ª—è —Ä–∞–∑–≥–æ–Ω–∞! https://t.co/vte6IDvQy8 —Å –ø–æ–º–æ—â—å—é @sovsport
Sovsport_hockey|859859194140401665|2017-05-03 19:56:21|"¬´–ö—Ä–æ—Å–±–∏ —É–≤–∏–¥–µ–ª –ü–µ—Ä–µ–∂–æ–≥–∏–Ω–∞ –∏ —Å–∫–∞–∑–∞–ª: ¬´–°–∞—à–∞, —Ç—ã –º–æ–π –∫—É–º–∏—Ä!¬ª –ó–æ–ª–æ—Ç—ã–µ —Ñ–∏–Ω–∞–ª—ã –ß–ú (–∫–æ–ª–æ–Ω–∫–∞)

https://t.co/on25OcraTv https://t.co/8ieNqlwnAe"
Sovsport_hockey|859857353994362880|2017-05-03 19:49:03|"–í–ª–∞–¥–∏–º–∏—Ä –¢–∫–∞—á–µ–≤ –º–æ–≥ —É–µ—Ö–∞—Ç—å –≤ –ù–•–õ, –Ω–æ –Ω–∞ –¥–≤–∞ –≥–æ–¥–∞ –æ—Å—Ç–∞–ª—Å—è –≤ ¬´–ê–∫ –ë–∞—Ä—Å–µ¬ª (–∫–æ–ª–æ–Ω–∫–∞)

https://t.co/lTOh1sO9i9 https://t.co/63xpdUdAvl"
Sovsport_hockey|859783381659394048|2017-05-03 14:55:06|RT @ponomarenkodv: –ê–ª–µ–∫—Å–∞–Ω–¥—Ä –ë–∞—Ä–∞–±–∞–Ω–æ–≤: –£ –ó–Ω–∞—Ä–∫–∞ –Ω–∞—É—á–∏–ª—Å—è —à–∞–π–±—ã –Ω–∞ —Å–µ–±—è –ª–æ–≤–∏—Ç—å! https://t.co/q42EgMeEyK —Å –ø–æ–º–æ—â—å—é @sovsport
Sovsport_hockey|859728486545727488|2017-05-03 11:16:58|"–ê–Ω–¥—Ä–µ–π –ú–∏—Ä–æ–Ω–æ–≤: –í—ã—Ö–æ–¥–∏—Ç, –Ω–∞ –û–ª–∏–º–ø–∏–∞–¥—É –Ω–µ –ø–æ–µ–¥—É. –ñ–∏–∑–Ω—å —Ç–∞–∫–∞—è‚Ä¶ (–≤–∏–¥–µ–æ, –∏–Ω—Ç–µ—Ä–≤—å—é)

https://t.co/0nLfisyBd1 https://t.co/YfHyQrrOaW"
Sovsport_hockey|859689491942039552|2017-05-03 08:42:01|RT @ponomarenkodv: –ò–ª—å—è –°–æ—Ä–æ–∫–∏–Ω: –ù–∞ –í–∞—Å–∏–ª–µ–≤—Å–∫–æ–≥–æ –∏ –ó–Ω–∞—Ä–∫–∞ –æ–±–∏–¥—ã –Ω–µ—Ç https://t.co/hDaIoNiCND —Å –ø–æ–º–æ—â—å—é @sovsport
Sovsport_hockey|859686095138824192|2017-05-03 08:28:31|"–†–æ–º–∞–Ω –õ—é–±–∏–º–æ–≤: –ò–≥—Ä–∞—Ç—å –ø–æ —Å–µ–º—å –º–∏–Ω—É—Ç –∑–∞ –º–∞—Ç—á ‚Äì —ç—Ç–æ —Ç—è–∂–µ–ª–∞—è —Ä–æ–ª—å (–≤–∏–¥–µ–æ, –∏–Ω—Ç–µ—Ä–≤—å—é)

https://t.co/wzzEMSbRE8 https://t.co/xQdu8IR6GQ"
Sovsport_hockey|859612673625010176|2017-05-03 03:36:46|¬´–ï—Å–ª–∏ –û–≤–µ—á–∫–∏–Ω –≤—ã–ª–µ—Ç–∏—Ç –∏–∑ –ö—É–±–∫–∞ –°—Ç—ç–Ω–ª–∏, –µ–≥–æ –≤–æ–∑—å–º—É—Ç –Ω–∞ —á–µ–º–ø–∏–æ–Ω–∞—Ç –º–∏—Ä–∞¬ª. –°–æ—Å—Ç–∞–≤ —Å–±–æ—Ä–Ω–æ–π –†–æ—Å—Å–∏–∏ (–≤–∏–¥–µ–æ, —Ä–µ–ø–æ—Ä—Ç–∞–∂)‚Ä¶ https://t.co/bDSJcnqRGf
Sovsport_hockey|859517869448724480|2017-05-02 21:20:03|RT @ponomarenkodv: –ò–≥—Ä–æ–∫–∏ —Å–±–æ—Ä–Ω–æ–π –†–æ—Å—Å–∏–∏ –≤ —É–ø–æ—Ä –¥–æ–ª–±—è—Ç –ø–æ –≤–æ—Ä–æ—Ç–∞–º https://t.co/oIuWB1EuJb —Å –ø–æ–º–æ—â—å—é @YouTube
Sovsport_hockey|859511737690845184|2017-05-02 20:55:41|RT @ponomarenkodv: –û—á–µ–Ω—å —Ç—Ä–æ–≥–∞—Ç–µ–ª—å–Ω–æ! –ú–∞–ª–µ–Ω—å–∫–∏–π –º–∞–ª—å—á–∏–∫ –≤–º–µ—à–∞–ª—Å—è –≤ —Ç—Ä–µ–Ω–∏—Ä–æ–≤–∫—É —Å–±–æ—Ä–Ω–æ–π –†–æ—Å—Å–∏–∏ https://t.co/vRJ23QIWnr —Å –ø–æ–º–æ—â—å—é @YouTube
Sovsport_hockey|859510527332155393|2017-05-02 20:50:53|RT @ponomarenkodv: –í–ª–∞–¥–∏–º–∏—Ä –¢–∫–∞—á–µ–≤: –£ –Ω–∞—Å —Å –†–∞–¥—É–ª–æ–≤—ã–º —Ä–∞–∑–Ω—ã–µ —Å–∏—Ç—É–∞—Ü–∏–∏ —Å –∫–æ–Ω—Ç—Ä–∞–∫—Ç–æ–º https://t.co/Xi7pwDmKOe —Å –ø–æ–º–æ—â—å—é @YouTube
Sovsport_hockey|859499589598162944|2017-05-02 20:07:25|RT @ponomarenkodv: –í–ª–∞–¥–∏–º–∏—Ä –¢–∫–∞—á–µ–≤: –£ –º–µ–Ω—è –∫–æ–Ω—Ç—Ä–∞–∫—Ç–∞ —Ç–æ–∂–µ –Ω–µ—Ç. –ù–æ —É –Ω–∞—Å –†–∞–¥—É–ª–æ–≤—ã–º —Ä–∞–∑–Ω—ã–µ —Å–∏—Ç—É–∞—Ü–∏–∏ https://t.co/y6MwC4Sa4l —Å –ø–æ–º–æ—â—å—é @sovspo‚Ä¶
Sovsport_hockey|859481462852210688|2017-05-02 18:55:23|"–ù–∏–∫–∏—Ç–∞ –ö—É—á–µ—Ä–æ–≤: –î—É–º–∞–µ—Ç–µ, —Å—Ç–æ–∏—Ç —Å–¥–µ–ª–∞—Ç—å —Ç–∞–∫–æ–µ –∂–µ –∑–∞—è–≤–ª–µ–Ω–∏–µ, –∫–∞–∫ –û–≤–µ—á–∫–∏–Ω—É? (–≤–∏–¥–µ–æ, –∏–Ω—Ç–µ—Ä–≤—å—é)

https://t.co/uDE6fvGkrS https://t.co/EZCO5Px2Hn"
Sovsport_hockey|859480721366425600|2017-05-02 18:52:27|RT @ponomarenkodv: –û–ª–µ–≥ –ó–Ω–∞—Ä–æ–∫: –í—Å–µ, –∑–∞–±—ã–ª–∏ –ø—Ä–æ –ù–•–õ! –ö–æ–º–∞–Ω–¥–∞ —É–∂–µ –∑–¥–µ—Å—å https://t.co/aYZpWqwyqI —Å –ø–æ–º–æ—â—å—é @sovsport
Sovsport_hockey|859479658332663814|2017-05-02 18:48:13|"–ê—Ä—Ç–µ–º–∏–π –ü–∞–Ω–∞—Ä–∏–Ω: –ï–ª —Å–Ω–æ—Ç–≤–æ—Ä–Ω–æ–µ. –ü—Ä–æ—Å—ã–ø–∞—é—Å—å ‚Äì —É –º–µ–Ω—è —É–±–æ—Ä—â–∏—Ü–∞ –≤ –Ω–æ–º–µ—Ä–µ (–≤–∏–¥–µ–æ, –∏–Ω—Ç–µ—Ä–≤—å—é)

https://t.co/KZIABr5rbZ https://t.co/YqYrcgxrhj"
Sovsport_hockey|859292996415758337|2017-05-02 06:26:29|"–ï–≤–≥–µ–Ω–∏–π –ú–∞–ª–∫–∏–Ω: –ö—Ä–æ—Å–±–∏ —Ä–∞–∑–≤–µ—Ä–Ω—É–ª—Å—è ‚Äì –∏ –ø–æ–ª—É—á–∏–ª –≥—Ä—è–∑–Ω—ã–π —É–¥–∞—Ä –≤ –ª–∏—Ü–æ (—ç–∫—Å–∫–ª—é–∑–∏–≤, –∏–Ω—Ç–µ—Ä–≤—å—é)

https://t.co/GZUxO2w8Bs https://t.co/oWWsefz0F7"
Sovsport_hockey|859274941925138432|2017-05-02 05:14:45|"¬´–û–≤–µ—á–∫–∏–Ω –≤—Ä–µ–∑–∞–ª –ö—Ä–æ—Å–±–∏ –∫–ª—é—à–∫–æ–π‚Ä¶¬ª –ì–ª–∞–≤–Ω—É—é –∑–≤–µ–∑–¥—É –ù–•–õ —Å–ª–æ–º–∞–ª–∏ —Å–ø–µ—Ü–∏–∞–ª—å–Ω–æ? (–≤–∏–¥–µ–æ, –æ—Ç—á–µ—Ç)

https://t.co/UTJb8Of5zm https://t.co/M5qajjvXWc"
Sovsport_hockey|859092993927778304|2017-05-01 17:11:45|"–¶–°–ö–ê –º–∞—Å—Å–æ–≤–æ —Å–∫—É–ø–∞–µ—Ç —Ö–æ–∫–∫–µ–∏—Å—Ç–æ–≤. –ê —Ç—Ä–µ–Ω–µ—Ä–∞ –µ—â–µ –Ω–µ—Ç! (–∫–æ–ª–æ–Ω–∫–∞)

https://t.co/WTq0vWR6Lw https://t.co/GWuuDZnmsw"
Sovsport_hockey|859073861228384256|2017-05-01 15:55:43|"¬´–ü–æ—Ä–∞ –≤–∞–ª–∏—Ç—å? –≠–º–∏–≥—Ä–∞—Ü–∏—è –∏–∑ –†–æ—Å—Å–∏–∏¬ª. –ü–æ—á–µ–º—É –º–Ω–æ–≥–∏–µ —Ö–æ–∫–∫–µ–∏—Å—Ç—ã –ø–æ–µ—Ö–∞–ª–∏ –∑–∞ –æ–∫–µ–∞–Ω

https://t.co/gUmVmDHcqw https://t.co/e1eMdLgz52"
Sovsport_hockey|859072138891993088|2017-05-01 15:48:53|RT @ponomarenkodv: –ë–æ—Ä–∏—Å –ú–∞–π–æ—Ä–æ–≤: –ò–≥—Ä–æ–∫–∏ –ù–•–õ –Ω–µ –ª—É—á—à–µ –Ω–∞—à–∏—Ö. –ò –ó–Ω–∞—Ä–æ–∫ —É–∂–µ –∑–Ω–∞–µ—Ç, –∫–æ–≥–æ ¬´–æ—Ç—Å–µ—è—Ç—å¬ª https://t.co/sIbhu2DqoV —Å –ø–æ–º–æ—â—å—é @sovsport
Sovsport_hockey|859057796544958464|2017-05-01 14:51:53|"–ò–≤–∞–Ω –ë–∞—Ä–±–∞—à–µ–≤: –ú–µ–Ω—è –∑–≤–∞–ª–∏ –≤ –ö–•–õ, –Ω–æ —è –¥–∞–∂–µ –Ω–µ –¥—É–º–∞–ª –æ –º–æ—Å–∫–æ–≤—Å–∫–æ–º ¬´–î–∏–Ω–∞–º–æ¬ª (–∏–Ω—Ç–µ—Ä–≤—å—é)

https://t.co/POyQhNim0T https://t.co/OTk6XGr889"
Sovsport_hockey|859025276289908737|2017-05-01 12:42:40|RT @ponomarenkodv: –ö–∞–ø—Ä–∏–∑–æ–≤ –≤ –¶–°–ö–ê! –ò —ç—Ç–æ –æ—á–µ–Ω—å —Ö–æ—Ä–æ—à–æ –∏ –¥–ª—è –ö–•–õ, –∏ –¥–ª—è —Å–±–æ—Ä–Ω–æ–π –†–æ—Å—Å–∏–∏ https://t.co/LWTkBiRobq —Å –ø–æ–º–æ—â—å—é @sovsport
Sovsport_hockey|858989764917293056|2017-05-01 10:21:33|"¬´–ö–æ—Ä–µ—è –ø–æ–±–µ–¥–∏—Ç –ö–∞–Ω–∞–¥—É –Ω–∞ –û–ª–∏–º–ø–∏–∞–¥–µ¬ª. –†–µ–∞–ª—å–Ω–æ—Å—Ç—å –∏–ª–∏ –º–∏—Ñ ‚Äì –∏–∑—É—á–∞–µ–º —Ö–æ–∫–∫–µ–π–Ω–æ–µ —á—É–¥–æ

https://t.co/tZu1PezYrz https://t.co/S2TqhiRNWB"
Sovsport_hockey|858974046813388801|2017-05-01 09:19:06|"¬´–ù–∞–¥–æ –∂–¥–∞—Ç—å –û–≤–µ—á–∫–∏–Ω–∞ –≤ —Å–±–æ—Ä–Ω—É—é!¬ª –ë—Ä–∞—Ç—å –ª–∏ –ê–ª–µ–∫—Å–∞–Ω–¥—Ä–∞ –í–µ–ª–∏–∫–æ–≥–æ –Ω–∞ —á–µ–º–ø–∏–æ–Ω–∞—Ç –º–∏—Ä–∞?

https://t.co/sElDTpM1c1 https://t.co/WglY2BJGsN"
Sovsport_hockey|858851391347056640|2017-05-01 01:11:43|RT @ponomarenkodv: –°–±–æ—Ä–Ω–∞—è –†–æ—Å—Å–∏–∏ –ø—Ä–æ–≤–∞–ª–∏–ª–∞ –ß–µ—à—Å–∫–∏–µ –∏–≥—Ä—ã. –ó–Ω–∞—Ä–æ–∫ —Å—Ä–µ–∞–≥–∏—Ä–æ–≤–∞–ª –Ω–∞ —ç—Ç–æ –∂–µ—Å—Ç–∫–æ https://t.co/e726bGti7y —Å –ø–æ–º–æ—â—å—é @sovsport
Sovsport_hockey|858767654575910914|2017-04-30 19:38:58|"¬´–ö–∞–∫–æ–π –∂–µ –∏–∑—É–º–∏—Ç–µ–ª—å–Ω—ã–π –±—É–ª–ª–∏—Ç –ì—É—Å–µ–≤–∞. –®–µ–¥–µ–≤—Ä!¬ª –ö–∞–∫ –†–æ—Å—Å–∏—è –ø–æ–±–µ–¥–∏–ª–∞ —á–µ—Ö–æ–≤ (–≤–∏–¥–µ–æ, –æ—Ç—á–µ—Ç)

https://t.co/6l2mGyVQNY https://t.co/ERV3tcUAC0"
Sovsport_hockey|858606722495246337|2017-04-30 08:59:29|RT @ponomarenkodv: –ú–∞—à–∏–Ω–∞ –≤—Ä–µ–º–µ–Ω–∏. –ß—Ç–æ –≥–æ–≤–æ—Ä–∏–ª —Ñ–æ—Ä–≤–∞—Ä–¥ —Å–±–æ—Ä–Ω–æ–π –†–æ—Å—Å–∏–∏ –ù–∏–∫–∏—Ç–∞ –ö—É—á–µ—Ä–æ–≤ —Å–µ–º—å –ª–µ—Ç –Ω–∞–∑–∞–¥ https://t.co/qD1v8wobSl —Å –ø–æ–º–æ—â—å—é @sovs‚Ä¶
Sovsport_hockey|858606699267198976|2017-04-30 08:59:23|RT @ponomarenkodv: –ë–æ—Ä–∏—Å –ú–∞–π–æ—Ä–æ–≤: –£ –º–µ–Ω—è –ø–µ—Ä–µ–¥ –∫–∞–∂–¥—ã–º –º–∞—Ç—á–µ–º –±—ã–ª —Å–≤–æ–π –æ—Å–æ–±–µ–Ω–Ω—ã–π —Ä–∏—Ç—É–∞–ª https://t.co/mC5QHVnQUi —Å –ø–æ–º–æ—â—å—é @YouTube
Sovsport_hockey|858549137285013505|2017-04-30 05:10:40|"¬´–û–≤–µ—á–∫–∏–Ω –æ–ø—è—Ç—å –ø—Ä–∏–µ–¥–µ—Ç –Ω–∞ —á–µ–º–ø–∏–æ–Ω–∞—Ç –º–∏—Ä–∞‚Ä¶¬ª 
–ö–∞–∫ —Ä–∞–∑–≥—Ä–æ–º–∏–ª–∏ ¬´–í–∞—à–∏–Ω–≥—Ç–æ–Ω¬ª (–≤–∏–¥–µ–æ, –æ—Ç—á–µ—Ç)

https://t.co/9H49XEuHuB https://t.co/NJ0wvHW4qQ"
Sovsport_hockey|858318812562771973|2017-04-29 13:55:26|"–°–±–æ—Ä–Ω–∞—è –†–æ—Å—Å–∏–∏ –ø–æ—Ç–µ—Ä—è–ª–∞ –ö–æ–≤–∞–ª—å—á—É–∫–∞ –∏ –æ–±–∏–¥–Ω–æ –ø—Ä–æ–∏–≥—Ä–∞–ª–∞ —Ñ–∏–Ω–Ω–∞–º (–æ—Ç—á–µ—Ç)

https://t.co/8afa8oye3C https://t.co/eUbXAGCtqw"
Sovsport_hockey|858220779938426880|2017-04-29 07:25:53|"–†–æ—Å–∫–æ—à–Ω—ã–π –≥–æ–ª –í–ª–∞–¥–∏–º–∏—Ä–∞ –¢–∞—Ä–∞—Å–µ–Ω–∫–æ –≤ –ø–ª–µ–π-–æ—Ñ—Ñ, –∫–æ—Ç–æ—Ä—ã–π –≤–∞–º –Ω—É–∂–Ω–æ —É–≤–∏–¥–µ—Ç—å! (–≤–∏–¥–µ–æ, –æ—Ç—á–µ—Ç)

https://t.co/Lye8ur6Cfd https://t.co/2pQGezyw4U"
Sovsport_hockey|857893712323629056|2017-04-28 09:46:14|"–ï–≤–≥–µ–Ω–∏–π –ö—É–∑–Ω–µ—Ü–æ–≤: –ú—ã –∏–≥—Ä–∞–µ–º —Å ¬´–ü–∏—Ç—Ç—Å–±—É—Ä–≥–æ–º¬ª –æ—Ç –Ω–æ–∂–∞. –õ–µ–≥–∫–æ–π –∂–∏–∑–Ω–∏ –Ω–∏ —É –∫–æ–≥–æ –Ω–µ—Ç (–∏–Ω—Ç–µ—Ä–≤—å—é)

https://t.co/juAo20Eo4W https://t.co/zvn2exwSTX"
Sovsport_hockey|857890640398606337|2017-04-28 09:34:02|"–ï–≤–≥–µ–Ω–∏–π –ú–∞–ª–∫–∏–Ω: –°–≤–æ–µ–π –∏–≥—Ä–æ–π —Å ¬´–í–∞—à–∏–Ω–≥—Ç–æ–Ω–æ–º¬ª –Ω–µ –¥–æ–≤–æ–ª–µ–Ω. –†—É–∫–∏ –Ω–µ —Ç–µ, –Ω–æ–≥–∏ –Ω–µ —Ç–µ‚Ä¶ (–∏–Ω—Ç–µ—Ä–≤—å—é)

https://t.co/NEyWO22boN https://t.co/cJGmb0k1m6"
Sovsport_hockey|857847882254344192|2017-04-28 06:44:07|RT @ponomarenkodv: –ö–∞–ø—Ä–∏–∑–æ–≤ –∏ –ë–∞—Ä–∞–±–∞–Ω–æ–≤ –ª–æ–º—è—Ç—Å—è –≤ —Å–±–æ—Ä–Ω—É—é! –ó–Ω–∞—Ä–æ–∫, —É—Å–ª—ã—à—å‚Ä¶ https://t.co/59JCJKodvO —Å –ø–æ–º–æ—â—å—é @sovsport
Sovsport_hockey|857836963029815296|2017-04-28 06:00:44|"¬´–ú–∞–ª–∫–∏–Ω–∞ —Å–≤–∞–ª–∏–ª–∏ –Ω–∞ –ª–µ–¥, –û–≤–µ—á–∫–∏–Ω –∑–∞–±–∏–ª‚Ä¶¬ª –°–∞–º–∞—è –∫—Ä—É—Ç–∞—è –¥—Ä–∞–∫–∞ –≤ –ê–º–µ—Ä–∏–∫–µ (–≤–∏–¥–µ–æ, –æ—Ç—á–µ—Ç)

https://t.co/K21p2OOdsW https://t.co/OVE1VsYBtc"
Sovsport_hockey|857816328572424197|2017-04-28 04:38:44|"–ê—Ä—Ç–µ–º–∏–π –ü–∞–Ω–∞—Ä–∏–Ω: –Ø –Ω–∏—á–µ–≥–æ –Ω–µ –∑–Ω–∞—é –æ ¬´–°–ø–∞—Ä—Ç–∞–∫–µ¬ª –∏ —Ñ—É—Ç–±–æ–ª–µ. –Ø —Å–º–æ—Ç—Ä—é –±–æ–π—Ü–æ–≤ –ú–ú–ê (–∏–Ω—Ç–µ—Ä–≤—å—é)

https://t.co/aGTXPvF3PJ https://t.co/vW84bYsGTR"
Sovsport_hockey|857691005646237696|2017-04-27 20:20:45|RT @ponomarenkodv: –ë–æ—Ä–∏—Å –ú–∞–π–æ—Ä–æ–≤: –†–æ—Å—Å–∏—è–Ω–µ –ø–æ—Ä–∞–∂–µ–Ω–∏—è –Ω–µ –∑–∞—Å–ª—É–∂–∏–ª–∏! https://t.co/a0V6oUB0y9 —Å –ø–æ–º–æ—â—å—é @sovsport
Sovsport_hockey|857675328474492932|2017-04-27 19:18:27|"–°–±–æ—Ä–Ω–∞—è –†–æ—Å—Å–∏–∏ –≤–Ω–µ–∑–∞–ø–Ω–æ —É–ø—É—Å—Ç–∏–ª–∞ –ø–æ–±–µ–¥—É —Å–æ —à–≤–µ–¥–∞–º–∏. –î–æ –ß–ú ‚Äì –Ω–µ–¥–µ–ª—è (–≤–∏–¥–µ–æ, –æ—Ç—á–µ—Ç)

https://t.co/ZYdYEUXLFV https://t.co/HVrHj3CfC7"
Sovsport_hockey|857549498847035392|2017-04-27 10:58:27|RT @ponomarenkodv: –ò —á—Ç–æ –ó–Ω–∞—Ä–∫—É —Ç–µ–ø–µ—Ä—å —Ä–∞–∑–¥–≤–æ–∏—Ç—å—Å—è? –ï—Å—Ç—å –ø—Ä–µ—Ç–µ–Ω–∑–∏—è –∫ –§–•–† https://t.co/lQRZ2OTaQu —Å –ø–æ–º–æ—â—å—é @sovsport
Sovsport_hockey|857512868874420225|2017-04-27 08:32:54|"–¢–∞—Ä–∞—Å–µ–Ω–∫–æ –≤—Ä–µ–∑–∞–ª–∏ –ø–æ –ø–µ—á–µ–Ω–∏. –í–æ–≤–∞ —É–ø–∞–ª, –∞ —Å–æ–ø–µ—Ä–Ω–∏–∫ –Ω–∞—á–∞–ª –µ–≥–æ –¥—Ä–∞–∑–Ω–∏—Ç—å (–≤–∏–¥–µ–æ, –æ—Ç—á–µ—Ç)

https://t.co/EUTDQ12HB2 https://t.co/82ULOSbLLG"
Sovsport_hockey|857384954505957377|2017-04-27 00:04:37|RT @ponomarenkodv: –ë–æ—Ä–∏—Å –ú–∞–π–æ—Ä–æ–≤: –û—Ç—Å—É—Ç—Å—Ç–≤–∏–µ –ë–æ–±—Ä–æ–≤—Å–∫–æ–≥–æ –Ω–∞ –ß–ú ‚Äì —Å—Ç—Ä–∞—Ç–µ–≥–∏—á–µ—Å–∫–∏–π —Ö–æ–¥ https://t.co/JGvPNrfl91 —Å –ø–æ–º–æ—â—å—é @sovsport
Sovsport_hockey|857268885359349762|2017-04-26 16:23:24|–ù–∏–∫–∏—Ç–∞ –ö—É—á–µ—Ä–æ–≤: –ë—ã–ª –Ω–∞ –Ω–µ—Ä–≤–∞—Ö ‚Äì –ø—Å–∏—Ö–∞–Ω—É–ª, –ø–æ–¥—Ä–∞–ª—Å—è. –°–∞–º –Ω–µ –æ–∂–∏–¥–∞–ª! (–≤–∏–¥–µ–æ, –±–æ–ª—å—à–æ–µ –∏–Ω—Ç–µ—Ä–≤—å—é)‚Ä¶ https://t.co/mk3WFWkfDc
Sovsport_hockey|857168249791930369|2017-04-26 09:43:30|RT @ponomarenkodv: –ë–æ—Ä–∏—Å –ú–∞–π–æ—Ä–æ–≤: –ú–æ–∑—è–∫–∏–Ω—É –≤ —Å–±–æ—Ä–Ω–æ–π –Ω–µ –Ω—É–∂–Ω—ã –ø–∞—Ä—Ç–Ω–µ—Ä—ã-–±–µ–≥—É–Ω–∫–∏ https://t.co/XbWUQSacdn —Å –ø–æ–º–æ—â—å—é @sovsport
Sovsport_hockey|857100065034448899|2017-04-26 05:12:34|"–ê–ª–µ–∫—Å–µ–π –Ø—à–∏–Ω: –ò–≥—Ä–æ–∫–∏ –ù–•–õ –Ω–µ –µ–¥—É—Ç –Ω–∞ –û–ª–∏–º–ø–∏–∞–¥—É? –ù–æ —ç—Ç–æ –Ω–µ –∫–æ–Ω–µ—Ü —Å–≤–µ—Ç–∞ (–≤–∏–¥–µ–æ, –∏–Ω—Ç–µ—Ä–≤—å—é)

https://t.co/VEtop15sTK https://t.co/eDayZamw5R"
Sovsport_hockey|857051422399111168|2017-04-26 01:59:17|RT @ponomarenkodv: –ë–µ–∑ —á–µ–º–ø–∏–æ–Ω–∞—Ç–æ–≤ –º–∏—Ä–∞, —Ö–æ–∫–∫–µ–π –≤ –†–æ—Å—Å–∏–∏ —É–º—Ä–µ—Ç. –ò –æ—á–µ–Ω—å –±—ã—Å—Ç—Ä–æ! https://t.co/yw2aw5CYnI —Å –ø–æ–º–æ—â—å—é @sovsport
Sovsport_hockey|856878978329653249|2017-04-25 14:34:03|"¬´–û–≤–µ—á–∫–∏–Ω, –≤–æ—Ç —Ç–≤–æ–π —à–∞–Ω—Å ‚Äì –ø–æ–±–µ–¥–∏ –ö—Ä–æ—Å–±–∏!¬ª –í—Å–µ –æ –≤—Ç–æ—Ä–æ–º —Ä–∞—É–Ω–¥–µ –ö—É–±–∫–∞ –°—Ç—ç–Ω–ª–∏

https://t.co/K73QjeOo8V https://t.co/Auu9Fa1Qse"
Sovsport_hockey|856862395867832326|2017-04-25 13:28:09|RT @ponomarenkodv: –ë–æ—Ä–∏—Å –ú–∞–π–æ—Ä–æ–≤: –ö–∞–ø—Ä–∏–∑—ã –†–∞–¥—É–ª–æ–≤–∞ –Ω–∞–¥–æ–µ–ª–∏! –°–±–æ—Ä–Ω–∞—è –†–æ—Å—Å–∏–∏ –æ–±–æ–π–¥–µ—Ç—Å—è –±–µ–∑ –Ω–µ–≥–æ https://t.co/c4R9kFk6SX —Å –ø–æ–º–æ—â—å—é @sovsport
Sovsport_hockey|856832102070931458|2017-04-25 11:27:46|RT @ponomarenkodv: –ó–Ω–∞—Ä–æ–∫, –ø–µ—Ä–µ—Ö–æ–¥–∏ –Ω–∞ –∫–∞–Ω–∞–¥—Å–∫—É—é —Å–∏—Å—Ç–µ–º—É! –ò–ª–∏ –ø–æ—á–µ–º—É –º—ã –æ—Ç—Å—Ç–∞–ª–∏ –Ω–∞ 40 –ª–µ—Ç https://t.co/6qoyVQfcDW —Å –ø–æ–º–æ—â—å—é @sovsport
Sovsport_hockey|856830306791411713|2017-04-25 11:20:38|"–ú—ã —Å–∞–º–∏ –æ—Ç–∫–∞–∑–∞–ª–∏—Å—å –æ—Ç –ª—É—á—à–µ–≥–æ –≤—Ä–∞—Ç–∞—Ä—è –º–∏—Ä–∞ ‚Äì –°–µ—Ä–≥–µ—è –ë–æ–±—Ä–æ–≤—Å–∫–æ–≥–æ. –ü–æ—á–µ–º—É? (–∫–æ–ª–æ–Ω–∫–∞)

https://t.co/YcRLG2eux1 https://t.co/dTLmnpax8i"
Sovsport_hockey|856599457164603395|2017-04-24 20:03:20|"¬´–Ø –Ω–µ —É—Å–ª—ã—à–∞–ª –¢–∏—Ö–æ–Ω–æ–≤–∞. –ë—ã–ª –≤ —à–æ–∫–µ!¬ª 
–í–ª–∞–¥–∏—Å–ª–∞–≤ –¢—Ä–µ—Ç—å—è–∫ —Ä–∞—Å–∫—Ä—ã–ª –Ω–∞–º —Ç—Ä–∏ —Å–≤–æ–∏ —Ç–∞–π–Ω—ã (–≤–∏–¥–µ–æ, –∏–Ω—Ç–µ—Ä–≤—å—é)‚Ä¶ https://t.co/QFArhI1fwR"
Sovsport_hockey|856527931778138112|2017-04-24 15:19:07|"‚ö°Ô∏è‚ö°Ô∏è‚ö°Ô∏è–†–æ–º–∞–Ω –†–æ—Ç–µ–Ω–±–µ—Ä–≥: –î–∞—Ü—é–∫ –Ω–µ —Å—ã–≥—Ä–∞–µ—Ç –Ω–∞ –ß–ú, –ö–æ–≤–∞–ª—å—á—É–∫ –º–æ–∂–µ—Ç –ª–µ—á—å –Ω–∞ –æ–ø–µ—Ä–∞—Ü–∏—é (–∏–Ω—Ç–µ—Ä–≤—å—é)

https://t.co/DvU4BCaCnd https://t.co/vlBfSwIxCB"
Sovsport_hockey|856523700128165889|2017-04-24 15:02:18|RT @ponomarenkodv: –ó–Ω–∞—Ä–æ–∫ –Ω–µ –ø–æ–ª–µ–∑ –Ω–∞ —Ä–æ–∂–æ–Ω! –í —Å–±–æ—Ä–Ω—É—é –†–æ—Å—Å–∏–∏ —Å–µ–π—á–∞—Å –≤—ã–∑–≤–∞–Ω–æ 9 –∏–≥—Ä–æ–∫–æ–≤ –°–ö–ê https://t.co/1O7FwK0o6R —Å –ø–æ–º–æ—â—å—é @sovsport
Sovsport_hockey|856471454375976960|2017-04-24 11:34:41|RT @ponomarenkodv: –¢–•–ö —É–±–∏–≤–∞—é—Ç —Ä–∞–¥–∏ –∏–ø–ø–æ–¥—Ä–æ–º–∞! –ü–µ—Ä–≤—ã–π –∫–ª—É–± –†–∞–¥—É–ª–æ–≤–∞ –∏ –ï—Ä–µ–º–µ–Ω–∫–æ –≥–æ—Ç–æ–≤—è—Ç –∫ –ª–∏–∫–≤–∏–¥–∞—Ü–∏–∏ https://t.co/Cx4cXOk8Oe —Å –ø–æ–º–æ—â—å—é @sovs‚Ä¶
Sovsport_hockey|856413826786496512|2017-04-24 07:45:42|"–û–≤–µ—á–∫–∏–Ω—É –¥–∞–∂–µ –Ω–∞ –≥–æ–ª–æ–≤—É —Å–µ–ª–∏! –ö–∞–∫ ¬´–í–∞—à–∏–Ω–≥—Ç–æ–Ω¬ª –≤—ã–∂–∏–ª –≤ –±–µ–∑—É–º–Ω–æ–π —Å–µ—Ä–∏–∏ (–≤–∏–¥–µ–æ, –æ—Ç—á–µ—Ç)

https://t.co/ruQlDOirt6 https://t.co/dXfdWWOZRK"
Sovsport_hockey|856375792577761280|2017-04-24 05:14:34|¬´–ú–µ–Ω—è —É–±–∏–≤–∞—é—Ç –æ–≥–æ–ª—Ç–µ–ª—ã–µ –Ω–∞–ø–∞–¥–∫–∏ –Ω–∞ —Å—É–¥–µ–π. –ù–∞ –Ω–∏—Ö –∂–µ —Å–æ–±–∞–∫ —Å–ø—É—Å—Ç–∏–ª–∏!¬ª (—ç–∫—Å–∫–ª—é–∑–∏–≤, –∏–Ω—Ç–µ—Ä–≤—å—é –ë—ã–∫–æ–≤–∞)‚Ä¶ https://t.co/cNyrcay3PZ
Sovsport_hockey|856176472079437824|2017-04-23 16:02:32|RT @ponomarenkodv: –†–æ—Å—Å–∏—è —Å ¬´–±—Ä–æ–Ω–∑–æ–π¬ª! –ù–∞—à–∏ –ø–∞—Ä–Ω–∏ –≤—Å–µ –∂–µ —Å–ø–µ–ª–∏ —Ö–æ—Ä–æ–º –≥–∏–º–Ω –Ω–∞ –Æ–ß–ú-2017 https://t.co/LoUFSq416L —Å –ø–æ–º–æ—â—å—é @sovsport
Sovsport_hockey|856049443308744708|2017-04-23 07:37:46|"–¢—Ä–æ–µ —Ä—É—Å—Å–∫–∏—Ö, –∫–æ—Ç–æ—Ä—ã–µ –ø–æ—Å—Ç–∞–≤–∏–ª–∏ –Ω–∞ —É—à–∏ –ê–º–µ—Ä–∏–∫—É –∏ –¥–∞–∂–µ –ö–∞–Ω–∞–¥—É (–≤–∏–¥–µ–æ, –æ—Ç—á–µ—Ç)

https://t.co/hgV2blKCWH https://t.co/S2IBSC3rhs"
Sovsport_hockey|855850316109107200|2017-04-22 18:26:30|"¬´–≠—Ç–æ –Ω–∞—à —É—Ä–æ–≤–µ–Ω—å‚Ä¶¬ª –†–æ—Å—Å–∏—è –∑–∞–±–∏–ª–∞ –ª–∏—à—å –æ–¥–∏–Ω –≥–æ–ª –≤ –¥–≤—É—Ö –º–∞—Ç—á–∞—Ö —Å–æ —à–≤–µ–π—Ü–∞—Ä—Ü–∞–º–∏ (–æ—Ç—á–µ—Ç)

https://t.co/rzpzI83uvV https://t.co/EeG0Iw9TLs"
Sovsport_hockey|855818023407677441|2017-04-22 16:18:11|RT @ponomarenkodv: –°—Ç—Ä–∞—à–Ω–µ–µ —Ñ–∏–Ω–Ω–∞ ¬´–∑–≤–µ—Ä—è¬ª –Ω–µ—Ç? –†–æ—Å—Å–∏—è–Ω–µ –≤–Ω–æ–≤—å —É—Å—Ç—É–ø–∏–ª–∏ –≤ –ø–ª–µ–π-–æ—Ñ—Ñ —Å–±–æ—Ä–Ω–æ–π –°—É–æ–º–∏ https://t.co/0sWQwguv8J —Å –ø–æ–º–æ—â—å—é @sovsport
Sovsport_hockey|855739093543682048|2017-04-22 11:04:33|RT @ponomarenkodv: ¬´–ö–æ–ª–æ—à–º–∞—Ç—è—Ç –±–µ–ª–æ—Ä—É—Å–æ–≤, –∞–∂ –ø–µ—Ä—å—è –ª–µ—Ç—è—Ç!¬ª –õ—É–∫–∞—à–µ–Ω–∫–æ –≤ —è—Ä–æ—Å—Ç–∏ –æ—Ç –Æ–ß–ú-2017 (–≤–∏–¥–µ–æ) https://t.co/kWM5ccoeJB —Å –ø–æ–º–æ—â—å—é @sovspo‚Ä¶
Sovsport_hockey|855670051608944640|2017-04-22 06:30:12|"‚ö°Ô∏èüî•–ö–∞–∫ –ª–æ–º–∞–ª–∏ –û–≤–µ—á–∫–∏–Ω–∞. –°—Ç—Ä–∞—à–Ω—ã–π –º–æ–º–µ–Ω—Ç ‚Äì –ê–ª–µ–∫—Å–∞–Ω–¥—Ä—É —Ö–æ—Ç—è—Ç –≤—ã–Ω–µ—Å—Ç–∏ –∫–æ–ª–µ–Ω–æ (–≤–∏–¥–µ–æ, –æ—Ç—á–µ—Ç)

https://t.co/eFgFRa8bSb https://t.co/XjPLB1jJ8j"
Sovsport_hockey|855554388529754112|2017-04-21 22:50:36|RT @ponomarenkodv: –ù–∞—à–∏ —é–Ω–∏–æ—Ä—ã —É–∂–µ —Å–ª–æ–º–∞–ª–∏ —É–Ω—ã–ª—É—é —Ç—Ä–∞–¥–∏—Ü–∏—é! –ù–æ —Å–µ–≥–æ–¥–Ω—è –æ–Ω–∏ –¥–æ–ª–∂–Ω—ã —à–∞–≥–Ω—É—Ç—å –¥–∞–ª—å—à–µ https://t.co/9XNI1nNbYQ —Å –ø–æ–º–æ—â—å—é @sovsport
Sovsport_hockey|855539222345863168|2017-04-21 21:50:20|"‚ö°Ô∏è‚ö°Ô∏è‚ö°Ô∏è–ê—Ä—Ç–µ–º–∏–π –ü–∞–Ω–∞—Ä–∏–Ω —Å—ã–≥—Ä–∞–µ—Ç –∑–∞ —Å–±–æ—Ä–Ω—É—é –†–æ—Å—Å–∏–∏ –Ω–∞ —á–µ–º–ø–∏–æ–Ω–∞—Ç–µ –º–∏—Ä–∞! (—ç–∫—Å–∫–ª—é–∑–∏–≤)

https://t.co/F5jJvB7hgw https://t.co/nC5GPF25og"
Sovsport_hockey|855527616270434304|2017-04-21 21:04:13|"–†–æ—Å—Å–∏—è –≤ —Ö–æ–∫–∫–µ–π –ø—Ä–æ–∏–≥—Ä–∞–ª–∞ –§—Ä–∞–Ω—Ü–∏–∏, –∞ —Ç–µ–ø–µ—Ä—å ‚Äì –®–≤–µ–π—Ü–∞—Ä–∏–∏. –ü–æ–ª–µ—Ç –Ω–æ—Ä–º–∞–ª—å–Ω—ã–π? (–æ—Ç—á–µ—Ç)

https://t.co/IL9DEiYinr https://t.co/QL2Flg9pxc"
Sovsport_hockey|855517289374003200|2017-04-21 20:23:11|RT @ponomarenkodv: –ë–æ—Ä–∏—Å –ú–∞–π–æ—Ä–æ–≤: –ù–µ –¥–æ–≥–Ω–∞—Ç—å –Ω–∞–º –ö–∞–Ω–∞–¥—É! –ü–æ—Ç–æ–º—É —á—Ç–æ –≥–ª–∞–≤–Ω—ã–π –∑–∞–≤–µ—Ç –¢–∞—Ä–∞—Å–æ–≤–∞ –∑–∞–±—ã—Ç https://t.co/2Tw1xv7uwn —Å –ø–æ–º–æ—â—å—é @sovsport
Sovsport_hockey|855486697076862978|2017-04-21 18:21:37|"–í–ª–∞–¥–∏—Å–ª–∞–≤ –¢—Ä–µ—Ç—å—è–∫: –†–∞–∑–≤–µ –ö–æ–≤–∞–ª—å—á—É–∫ –≤ –ø–ª–æ—Ö–æ–π —Ñ–æ—Ä–º–µ? –°–ö–ê —Å—Ç–∞–ª —á–µ–º–ø–∏–æ–Ω–æ–º (–≤–∏–¥–µ–æ, –∏–Ω—Ç–µ—Ä–≤—å—é)

https://t.co/jrJSa3uRlZ https://t.co/fEEumEZfhi"
Sovsport_hockey|855390501402529792|2017-04-21 11:59:22|RT @ponomarenkodv: –£–¥–∞—Ä–∏–ª —Å—É–¥—å—é? –ü–ª–∞—Ç–∏ 10 –º–ª–Ω $! –ê—Ä–±–∏—Ç—Ä –ø–æ–¥–∞–ª –≤ —Å—É–¥ –Ω–∞ –∞—Ç–∞–∫–æ–≤–∞–≤—à–µ–≥–æ –µ–≥–æ –∏–≥—Ä–æ–∫–∞ –ù–•–õ https://t.co/6hZGrvS53C —Å –ø–æ–º–æ—â—å—é @sovsp‚Ä¶
Sovsport_hockey|855389542722961408|2017-04-21 11:55:34|RT @ponomarenkodv: ¬´–£ –¢–∞—Ä–∞—Å–æ–≤–∞ –≤—Å–µ–≥–¥–∞ –±—ã–ª–∞ –∂–µ—Ä—Ç–≤–∞¬ª. –ü—Ä–∏–≥–ª–∞—à–∞–µ–º –±–æ–ª–µ–ª—å—â–∏–∫–æ–≤ –Ω–∞ –≤—Å—Ç—Ä–µ—á—É —Å –ú–∞–π–æ—Ä–æ–≤—ã–º https://t.co/JeAGypoY6l —Å –ø–æ–º–æ—â—å—é @sovspo‚Ä¶
Sovsport_hockey|855165520827604992|2017-04-20 21:05:23|RT @ponomarenkodv: –°–µ—Ä–≥–µ–π –ì–æ–ª—É–±–æ–≤–∏—á: –ù–µ –Ω–∞–∑—ã–≤–∞–π—Ç–µ —Ñ–∏–Ω–Ω–æ–≤ –Ω–µ–ø–æ–±–µ–¥–∏–º—ã–º–∏. –ó–¥–µ—Å—å –Ω–µ–ø–æ–±–µ–¥–∏–º—ã—Ö –Ω–µ—Ç! https://t.co/lqZJJwSBlv —Å –ø–æ–º–æ—â—å—é @sovsport
Sovsport_hockey|855123456907726848|2017-04-20 18:18:14|RT @ponomarenkodv: –†–æ—Å—Å–∏—è ‚Äì –∑–∞ –º–µ–¥–∞–ª—è–º–∏, –ö–∞–Ω–∞–¥–∞ ‚Äì –¥–æ–º–æ–π! –ù–∞—à–∏ –∏–Ω—Ñ–∞—Ä–∫—Ç–Ω–æ –≤—ã—à–ª–∏ –≤ –ø–æ–ª—É—Ñ–∏–Ω–∞–ª –Æ–ß–ú-2017 https://t.co/urET1SZZcq —Å –ø–æ–º–æ—â—å—é @sovsp‚Ä¶
Sovsport_hockey|854970134917763073|2017-04-20 08:08:59|"¬´–û–Ω –∏–≥—Ä–∞–µ—Ç –∫–∞–∫ –∫—Ä—ã—Å–∞‚Ä¶¬ª –ö–∞–∫ –∫–æ–º–∞–Ω–¥–∞ –û–≤–µ—á–∫–∏–Ω–∞ —Å–ø–∞—Å–∞–µ—Ç —Å–µ—Ä–∏—é —Å ¬´–¢–æ—Ä–æ–Ω—Ç–æ¬ª (–≤–∏–¥–µ–æ, –æ—Ç—á–µ—Ç)

https://t.co/bI8dhBPS2E https://t.co/gnDutrnZHl"
Sovsport_hockey|854838834164584448|2017-04-19 23:27:14|RT @ponomarenkodv: –û–Ω–∏ —Å–¥–µ–ª–∞–ª–∏ –Ω–µ–≤–æ–∑–º–æ–∂–Ω–æ–µ! –¢–æ–ø-5 —Å–∞–º—ã—Ö –Ω–µ–≤–µ—Ä–æ—è—Ç–Ω—ã—Ö —Ñ–∞–∫—Ç–æ–≤ —Ñ–∏–Ω–∞–ª–∞ –ö—É–±–∫–∞ –ì–∞–≥–∞—Ä–∏–Ω–∞ https://t.co/dWwPvRYb22 —Å –ø–æ–º–æ—â—å—é @sovsport
Sovsport_hockey|854742519913095168|2017-04-19 17:04:31|RT @ponomarenkodv: ¬´–î–∏–Ω–∞–º–æ¬ª –≤—Å–ª–µ–¥ –∑–∞ –∑–æ–ª–æ—Ç—ã–º–∏ –º–µ–¥–∞–ª—è–º–∏ –∑–∞–±—Ä–∞–ª–æ –∏ –ö—É–±–æ–∫! https://t.co/pbDaJ8xB5S —Å –ø–æ–º–æ—â—å—é @sovsport
Sovsport_hockey|854731261797171201|2017-04-19 16:19:47|RT @ponomarenkodv: –†–æ—Å—Å–∏—è–Ω–µ —Ö—É–∂–µ —Ñ–∏–Ω–Ω–æ–≤, –Ω–æ –ª—É—á—à–µ –∫–∞–Ω–∞–¥—Ü–µ–≤! –ò—Ç–æ–≥–∏ –≥—Ä—É–ø–ø–æ–≤–æ–≥–æ —ç—Ç–∞–ø–∞ –Æ–ß–ú-2017 https://t.co/Ei44Ftjqgv —Å –ø–æ–º–æ—â—å—é @sovsport
Sovsport_hockey|854653378953195520|2017-04-19 11:10:18|–ö–∞–∫ —Å —Ç–∞–∫–æ–π –ø—Ä–æ–±–ª–µ–º–Ω–æ–π –∑–∞—â–∏—Ç–æ–π –†–æ—Å—Å–∏—è –º–æ–∂–µ—Ç –ø–æ–±–µ–∂–¥–∞—Ç—å –ö–∞–Ω–∞–¥—É? –ö–∞–∫–æ–π-—Ç–æ –∫–æ—à–º–∞—Ä –≤ –ù–•–õ‚Ä¶ (–∫–æ–ª–æ–Ω–∫–∞)‚Ä¶ https://t.co/oUkhNUBFXM
Sovsport_hockey|854614229453856769|2017-04-19 08:34:44|"–ú–∞–ª–∫–∏–Ω –∏–≥—Ä–∞–µ—Ç –≤ –ø–ª–µ–π-–æ—Ñ—Ñ –∫–∞–∫ –ë–æ–±–±–∏ –•–∞–ª–ª. –õ—É—á—à–∏–π —Ä—É—Å—Å–∫–∏–π –≤ –ö—É–±–∫–µ –°—Ç—ç–Ω–ª–∏ (–≤–∏–¥–µ–æ, –æ—Ç—á–µ—Ç)

https://t.co/aRbuNAKf7m https://t.co/h0YYK6yujy"
Sovsport_hockey|854503891450441728|2017-04-19 01:16:18|RT @ponomarenkodv: –ö—Ç–æ –∫—Ä—É—á–µ ‚Äì –ö–æ—à–µ—á–∫–∏–Ω –∏–ª–∏ –î–∞–¥–æ–Ω–æ–≤? –ü—è—Ç—å –≥–ª–∞–≤–Ω—ã—Ö –≥–µ—Ä–æ–µ–≤ —Ñ–∏–Ω–∞–ª–∞ –ö—É–±–∫–∞ –ì–∞–≥–∞—Ä–∏–Ω–∞ https://t.co/oobOfW4lIv —Å –ø–æ–º–æ—â—å—é @sovsport
Sovsport_hockey|854436649610170373|2017-04-18 20:49:06|RT @ponomarenkodv: –ß–µ—Ö–∏ –±–∏—Ç—ã, —Å–ª–æ–≤–∞–∫–∏ –Ω–∞ –æ—á–µ—Ä–µ–¥–∏! –¢—Ä–µ—Ç—å—è –ø–æ–±–µ–¥–∞ —Ä–æ—Å—Å–∏—è–Ω –Ω–∞ –Æ–ß–ú-2017 https://t.co/gpWaTzy3tw —Å –ø–æ–º–æ—â—å—é @sovsport
Sovsport_hockey|854324873782595584|2017-04-18 13:24:57|RT @ponomarenkodv: ¬´–ö–•–õ, —Å—Ç—ã–¥–Ω–æ. –®–∏–ø–∞—á–µ–≤ ‚Äì —Å–∏–º—É–ª—è–Ω—Ç. –ö–æ–≤–∞–ª—å—á—É–∫- –ø–æ–¥–ª–µ—Ü, –µ–º—É –Ω–∞–¥–æ –ª–∏—Ü–æ —Ä–∞–∑–±–∏—Ç—å!¬ª https://t.co/YEauWWUAWO —Å –ø–æ–º–æ—â—å—é @sovsport
Sovsport_hockey|854259479218671618|2017-04-18 09:05:05|"–ú–∏–Ω—Å–∫–æ–µ ¬´–î–∏–Ω–∞–º–æ¬ª –±—å–µ—Ç –°–ö–ê, –∞ ¬´–ö—É–Ω—å–ª—É–Ω—å¬ª –≤—ã–Ω–æ—Å–∏—Ç ¬´–ú–∞–≥–Ω–∏—Ç–∫—É¬ª. –ö–∞–∫ –≤–∞–º –∏–Ω—Ç—Ä–∏–≥–∞? (–∫–æ–ª–æ–Ω–∫–∞) 

https://t.co/i5RHuXU9mq https://t.co/32TWhMCo39"
Sovsport_hockey|854243441689190400|2017-04-18 08:01:22|"–ë–µ–∑—É–º–∏–µ –≤ –¢–æ—Ä–æ–Ω—Ç–æ. –ö–æ–º–∞–Ω–¥–∞ –û–≤–µ—á–∫–∏–Ω–∞ –≤ —à–æ–∫–µ, –µ–µ —Å–Ω–æ–≤–∞ –æ–±—ã–≥—Ä–∞–ª –¥–µ—Ç—Å–∫–∏–π —Å–∞–¥ (–≤–∏–¥–µ–æ, –æ—Ç—á–µ—Ç)

https://t.co/mvNk1tiXit https://t.co/wgLMNVIi4f"
Sovsport_hockey|854069439729422338|2017-04-17 20:29:56|RT @ponomarenkodv: –†–æ—Å—Å–∏—è - –≤ —á–µ—Ç–≤–µ—Ä—Ç—å—Ñ–∏–Ω–∞–ª–µ! –í–∞–∂–Ω–∞—è –ø–æ–±–µ–¥–∞ –Ω–∞—à–∏—Ö –ø–∞—Ä–Ω–µ–π –Ω–∞ –Æ–ß–ú -2017 https://t.co/ujAMBAATRF —Å –ø–æ–º–æ—â—å—é @sovsport
Sovsport_hockey|854025736180641792|2017-04-17 17:36:17|"–í–ª–∞–¥–∏–º–∏—Ä –¢–∞—Ä–∞—Å–µ–Ω–∫–æ: –ï—Å–ª–∏ –Ω–∞ —Ç–µ–±—è –±–µ–≥—É—Ç –¥–≤–æ–µ ‚Äì –∑–Ω–∞—á–∏—Ç, —Ç–≤–æ–π –ø–∞—Ä—Ç–Ω–µ—Ä –æ—Ç–∫—Ä—ã—Ç (–∏–Ω—Ç–µ—Ä–≤—å—é)

https://t.co/bll9BGXErW https://t.co/Tc8DNx0g5C"
Sovsport_hockey|853980609626157056|2017-04-17 14:36:58|RT @ponomarenkodv: –ë–∏–ª–ª—É —Ä–∞–Ω–æ –Ω–∞ –ø–µ–Ω—Å–∏—é! –ó–Ω–∞–º–µ–Ω–∏—Ç—ã–π —Ç—Ä–µ–Ω–µ—Ä –æ—Å—Ç–∞–µ—Ç—Å—è —Ä–∞–±–æ—Ç–∞—Ç—å –≤ ¬´–ê–∫ –ë–∞—Ä—Å–µ¬ª https://t.co/X1LqYOhz8i —Å –ø–æ–º–æ—â—å—é @sovsport
Sovsport_hockey|853967522827317248|2017-04-17 13:44:58|RT @ponomarenkodv: –í –∫–æ–º–∞–Ω–¥–µ –ó–Ω–∞—Ä–∫–∞ –±—ã–ª–æ —Ç—Ä–∏ —à–ø–∏–æ–Ω–∞! https://t.co/BWKF9nM38R —Å –ø–æ–º–æ—â—å—é @sovsport
Sovsport_hockey|853875871698083840|2017-04-17 07:40:46|"–ò–∑—É–º–∏—Ç–µ–ª—å–Ω—ã–π –≥–æ–ª –†–∞–¥—É–ª–æ–≤–∞, –∫–æ—Ç–æ—Ä—ã–π —à–æ–∫–∏—Ä–æ–≤–∞–ª –≤–µ—Å—å –ù—å—é-–ô–æ—Ä–∫! (–≤–∏–¥–µ–æ, –æ—Ç—á–µ—Ç)

https://t.co/d1jOl2KzTA https://t.co/TF0V0krzqG"
Sovsport_hockey|853679526316052485|2017-04-16 18:40:34|"–ö–∞–∫ –∏–≥—Ä–æ–∫–∏ –°–ö–ê —Ç–∞–Ω—Ü–µ–≤–∞–ª–∏ –ø–æ–¥ –≥—Ä—É–ø–ø—É ¬´–ì—Ä–∏–±—ã¬ª. –í–∏–¥–µ–æ –∏–∑ —á–µ–º–ø–∏–æ–Ω—Å–∫–æ–π —Ä–∞–∑–¥–µ–≤–∞–ª–∫–∏

https://t.co/slPQsrvv3w https://t.co/IzECzFqzAI"
Sovsport_hockey|853657607407640576|2017-04-16 17:13:28|"–ò–ª—å—è –ö–æ–≤–∞–ª—å—á—É–∫: –Ø –Ω–∞—Å—Ç–∞–∏–≤–∞—é –Ω–∞ —Ç–æ–º, —á—Ç–æ –Ω–µ –±–∏–ª –≤ –≥–æ–ª–æ–≤—É –ö–æ–≤–∞—Ä–∂–∞ (–≤–∏–¥–µ–æ, –∏–Ω—Ç–µ—Ä–≤—å—é)

https://t.co/XTXVIY8Ix4 https://t.co/f7laPioXAD"
Sovsport_hockey|853642577781940228|2017-04-16 16:13:45|RT @ponomarenkodv: –ë–æ—Ä–∏—Å –ú–∞–π–æ—Ä–æ–≤: –ß–µ–º–ø–∏–æ–Ω –¥–æ—Å—Ç–æ–π–Ω—ã–π, –Ω–æ –∫ —Å—É–¥—å—è–º –µ—Å—Ç—å –≤–æ–ø—Ä–æ—Å—ã https://t.co/qv6VTvSG6p —Å –ø–æ–º–æ—â—å—é @sovsport
Sovsport_hockey|853634854331744257|2017-04-16 15:43:03|"¬´–ö–æ–≤–∞–ª—å—á—É–∫ –≤—Ä–µ–∑–∞–ª –ø–æ –ø–µ—á–µ–Ω–∏, –∞ –ø–æ—Ç–æ–º –∑–∞–±–∏–ª ¬´–ú–∞–≥–Ω–∏—Ç–∫–µ¬ª. –°–ö–ê –≤–∑—è–ª –ö—É–±–æ–∫ –ì–∞–≥–∞—Ä–∏–Ω–∞ (–æ—Ç—á–µ—Ç)

https://t.co/X2Gs4R1Mz2 https://t.co/AW9WOdOuxg"
Sovsport_hockey|853521559117594625|2017-04-16 08:12:52|"¬´–ú—ã –æ–ø—è—Ç—å –ø–æ–ª—É—á–∏–º –û–≤–µ—á–∫–∏–Ω–∞ –Ω–∞ —á–µ–º–ø–∏–æ–Ω–∞—Ç –º–∏—Ä–∞?!¬ª –¢—Ä–∏–ª–ª–µ—Ä –≤ –í–∞—à–∏–Ω–≥—Ç–æ–Ω–µ (–≤–∏–¥–µ–æ, –æ—Ç—á–µ—Ç)

https://t.co/f6iiuhrThV https://t.co/rVDsT6pF7y"
Sovsport_hockey|853436472313212928|2017-04-16 02:34:45|RT @ponomarenkodv: –ë–æ—Ä–∏—Å –ú–∞–π–æ—Ä–æ–≤: –ï—Å–ª–∏ ¬´–ú–∞–≥–Ω–∏—Ç–∫–∞¬ª –Ω–µ –¥–æ–≥–æ–Ω–∏—Ç –°–ö–ê –≤ —Å–∫–æ—Ä–æ—Å—Ç–∏, —à–∞–Ω—Å–æ–≤ —É —É—Ä–∞–ª—å—Ü–µ–≤ –Ω–µ—Ç https://t.co/1dpeg3WCSJ —Å –ø–æ–º–æ—â—å—é @sovsp‚Ä¶
Sovsport_hockey|853303107111067649|2017-04-15 17:44:48|RT @ponomarenkodv: –ë–æ—Ä–∏—Å –ú–∞–π–æ—Ä–æ–≤: –£–¥–∞–ª—è—Ç—å –ó–∞—Ä–∏–ø–æ–≤–∞ –±—ã–ª–æ –Ω–µ –∑–∞ —á—Ç–æ. –≠—Ç–æ –≥—Ä—É–±—ã–π —Å—É–¥–µ–π—Å–∫–∏–π –ª—è–ø! https://t.co/eQIKHA9xZ7 —Å –ø–æ–º–æ—â—å—é @sovsport
Sovsport_hockey|853284577393213440|2017-04-15 16:31:11|RT @ponomarenkodv: –ù–∞–ø—É–≥–∞–ª–∏ –ê–º–µ—Ä–∏–∫—É –ª–∏—Ö–æ! –ñ–∞–ª—å, –¥–æ–∂–∞—Ç—å –º–∞—Å—Ç–∏—Ç—ã—Ö —Å–æ–ø–µ—Ä–Ω–∏–∫–æ–≤ —É —Ä–æ—Å—Å–∏—è–Ω –Ω–µ –≤—ã—à–ª–æ https://t.co/0uDQhy5dsW —Å –ø–æ–º–æ—â—å—é @sovsport
Sovsport_hockey|853244214397816832|2017-04-15 13:50:47|RT @ponomarenkodv: –ê –≤–æ—Ç –≤ –ï–≤—Ä–æ–ø–µ –∞—Ä–±–∏—Ç—Ä–æ–≤ –∑–∞ –æ—à–∏–±–∫–∏ –±—å—é—Ç! –ü–æ—Å–º–æ—Ç—Ä–∏—Ç–µ –Ω–∞ –º–∞—Å—Å–æ–≤—É—é –¥—Ä–∞–∫—É –≤ –ß–µ—Ö–∏–∏ https://t.co/Wp1vSRMLcv —Å –ø–æ–º–æ—â—å—é @sovsport
Sovsport_hockey|853219860104577025|2017-04-15 12:14:01|"–ë—Ä–∞—Ç–∞—à ‚Äì –∫–∞–∫ –ö—É—Ç—É–∑–æ–≤, –ø–æ–±–∏–ª —Ñ—Ä–∞–Ω—Ü—É–∑–æ–≤. –¢–µ–ø–µ—Ä—å —Å–µ–Ω—Å–∞—Ü–∏–∏ –Ω–µ —Å–ª—É—á–∏–ª–æ—Å—å (–≤–∏–¥–µ–æ, –æ—Ç—á–µ—Ç)

https://t.co/Leze19PDun https://t.co/Oj5dFefoyE"
Sovsport_hockey|853178715110391809|2017-04-15 09:30:31|"–Ø—Ä–æ—Å—Ç—å –ê–ª–µ–∫—Å–∞–Ω–¥—Ä–∞ –†–∞–¥—É–ª–æ–≤–∞! –õ—É—á—à–∏–π –º–∞—Ç—á —Ä—É—Å—Å–∫–æ–≥–æ —Ñ–æ—Ä–≤–∞—Ä–¥–∞ –≤ –ö–∞–Ω–∞–¥–µ (–≤–∏–¥–µ–æ, –æ—Ç—á–µ—Ç)

https://t.co/VfGcZP5COf https://t.co/E4Hpsnz93G"
Sovsport_hockey|853051120733876225|2017-04-15 01:03:30|RT @ponomarenkodv: ¬´–û—Ç–¥–∞–π—Ç–µ –∏–º –ö—É–±–æ–∫‚Ä¶¬ª. –ü–æ—á–µ–º—É —Ñ–∏–Ω–∞–ª –ö–•–õ –ø—Ä–µ–≤—Ä–∞—â–∞–µ—Ç—Å—è –≤ –≥—Ä–∞–Ω–¥–∏–æ–∑–Ω—ã–π —Å–∫–∞–Ω–¥–∞–ª https://t.co/gMEVgDTa8Z —Å –ø–æ–º–æ—â—å—é @sovsport
Sovsport_hockey|852991533943066624|2017-04-14 21:06:44|"¬´–°–¢–´–î–ù–û!!! –° —Ç–∞–∫–∏–º —Å—É–¥–µ–π—Å—Ç–≤–æ–º –≤ –ö–•–õ‚Ä¶!¬ª 
–ñ–µ—Å—Ç–∫–∞—è —Ä–µ–∞–∫—Ü–∏—è –ø—Ä–∞–≤–∏—Ç–µ–ª—å—Å—Ç–≤–∞ –†–§ (–≤–∏–¥–µ–æ, —Å—Ç–∞—Ç—å—è) #–°–ö–ê–ú–ú–ì‚Ä¶ https://t.co/nbxAJ7dC5M"
Sovsport_hockey|852969017711132673|2017-04-14 19:37:15|"¬´–ê-–∞-–∞, –±–∞–ª–µ—Ç —É—Å—Ç—Ä–æ–∏–ª–∏‚Ä¶!¬ª –û–≥–ª—É—à–∏—Ç–µ–ª—å–Ω—ã–π —Å–∫–∞–Ω–¥–∞–ª –≤ –º–∞—Ç—á–µ –°–ö–ê ‚Äì ¬´–ú–∞–≥–Ω–∏—Ç–∫–∞¬ª (–≤–∏–¥–µ–æ, –∫–æ–ª–æ–Ω–∫–∞)

https://t.co/m9KU06BWkd https://t.co/JFJnOKuRQK"
Sovsport_hockey|852891906631663619|2017-04-14 14:30:51|RT @ponomarenkodv: –í–æ—Ä–æ–±—å–µ–≤ —É —Ä—É–ª—è ¬´–î–∏–Ω–∞–º–æ¬ª. –°–∞–º–æ–µ –∏–Ω—Ñ–∞—Ä–∫—Ç–Ω–æ–µ –Ω–∞–∑–Ω–∞—á–µ–Ω–∏–µ —Å–µ–∑–æ–Ω–∞! https://t.co/hgaP9ocXhe —Å –ø–æ–º–æ—â—å—é @sovsport
Sovsport_hockey|852822640515403776|2017-04-14 09:55:36|–ü–∞–Ω–∞—Ä–∏–Ω –ø–æ–ª—É—á–∏–ª –º–∏–ª–ª–∏–æ–Ω –¥–æ–ª–ª–∞—Ä–æ–≤ –æ—Ç ¬´–ß–∏–∫–∞–≥–æ¬ª. –ü—Ä–µ—Å—Å–∞ –≤ –°–®–ê –Ω–∞–ø—Ä—è–≥–ª–∞—Å—å‚Ä¶ (–æ—Ç—á–µ—Ç –æ –º–∞—Ç—á–µ —Å NSH)‚Ä¶ https://t.co/l16KDcZOYH
Sovsport_hockey|852798875828011010|2017-04-14 08:21:10|"¬´–ê —á–µ—Ä–µ–∑ 10 –º–∏–Ω—É—Ç –≤–µ—Å—å –í–∞—à–∏–Ω–≥—Ç–æ–Ω –±—ã–ª –≤ —à–æ–∫–µ‚Ä¶¬ª –ö–∞–∫ –û–≤–µ—á–∫–∏–Ω –Ω–∞—á–∞–ª –ø–ª–µ–π-–æ—Ñ—Ñ (–≤–∏–¥–µ–æ, –æ—Ç—á–µ—Ç)

https://t.co/HLgY3H40oh https://t.co/s0Or2MNnkm"
Sovsport_hockey|852753958632173568|2017-04-14 05:22:41|"–ï–≤–≥–µ–Ω–∏–π –ú–∞–ª–∫–∏–Ω: –Ø –µ—â–µ –≤–µ—Ä—é, —á—Ç–æ –ù–•–õ –Ω–∞—Å –æ—Ç–ø—É—Å—Ç–∏—Ç –Ω–∞ –û–ª–∏–º–ø–∏–∞–¥—É. –¢–µ–º–∞ –Ω–µ –∑–∞–∫—Ä—ã—Ç–∞ (–∏–Ω—Ç–µ—Ä–≤—å—é)

https://t.co/0MuGelfcsj https://t.co/VKrKrLJRO1"
Sovsport_hockey|852621667214000129|2017-04-13 20:37:01|RT @ponomarenkodv: –≠—Ç–æ –≤–∞–º –Ω–µ –º–∞–ª–æ–ª–µ—Ç–æ–∫ –±–∏—Ç—å! –†–æ—Å—Å–∏—è–Ω–µ –æ—Ç–æ–º—Å—Ç–∏–ª–∏ —à–≤–µ–¥–∞–º –Ω–∞ –Æ–ß–ú –∑–∞ –ø—Ä–æ—à–ª—ã–π –≥–æ–¥ https://t.co/vK1um7jTWK —Å –ø–æ–º–æ—â—å—é @sovsport
Sovsport_hockey|852598842994429952|2017-04-13 19:06:19|"–ö–∞–∫ —ç—Ç–æ –º–æ–∂–µ—Ç –±—ã—Ç—å?! –û–ª–∏–º–ø–∏–π—Å–∫–∞—è —Å–±–æ—Ä–Ω–∞—è –†–æ—Å—Å–∏–∏ –ø—Ä–æ–∏–≥—Ä–∞–ª–∞ —Ñ—Ä–∞–Ω—Ü—É–∑–∞–º –≤ —Ö–æ–∫–∫–µ–π (–æ—Ç—á–µ—Ç)

https://t.co/7gsrJpBRC2 https://t.co/Oz94w0QNTF"
Sovsport_hockey|852582679166013443|2017-04-13 18:02:05|RT @ponomarenkodv: –ö–•–õ, —É–±–µ—Ä–∏ –∏–∑ –ø–ª–µ–π-–æ—Ñ—Ñ —ç—Ç–∏ –±–µ–∑—É–º–Ω—ã–µ –º–∞—Ä–∞—Ñ–æ–Ω—ã –∏ –∏–∑–±–∞–≤—å ¬´–ú–∞—Ç—á –¢–í¬ª –æ—Ç —Å–∫–∞–Ω–¥–∞–ª–æ–≤! https://t.co/DzaoTlK5vl —Å –ø–æ–º–æ—â—å—é @sovsport
Sovsport_hockey|852546788733194241|2017-04-13 15:39:28|RT @ponomarenkodv: –ó—Ä—è —Ñ–∞–Ω–∞—Ç—ã —Ä—É–≥–∞—é—Ç —Ö–æ–∫–∫–µ–π–Ω—ã—Ö –∞—Ä–±–∏—Ç—Ä–æ–≤ –≤ —Ñ–∏–Ω–∞–ª–µ! –ù–∞–¥–æ —Å–∏—Å—Ç–µ–º—É –º–µ–Ω—è—Ç—å https://t.co/sou1gIjQQS —Å –ø–æ–º–æ—â—å—é @sovsport
Sovsport_hockey|852498931179278336|2017-04-13 12:29:18|"¬´–ú—ã –≤–∞–º –µ—â–µ –∏ ¬´–°–ø–∞—Ä—Ç–∞–∫¬ª ‚Äì ¬´–ó–µ–Ω–∏—Ç¬ª –Ω–µ –ø–æ–∫–∞–∂–µ–º!¬ª –ü–æ—á–µ–º—É ¬´–ú–∞—Ç—á –¢–í¬ª –ø—Ä–∞–≤

https://t.co/MCkbqChs35 https://t.co/kVWZ29zgA4"
Sovsport_hockey|852440218250735616|2017-04-13 08:36:00|"–í–ª–∞–¥–∏–º–∏—Ä –¢–∞—Ä–∞—Å–µ–Ω–∫–æ: –ù–∞—à–∏ –ø–ª–∞–Ω—ã? –ö—É–±–æ–∫ –°—Ç—ç–Ω–ª–∏. –¢–æ–ª—å–∫–æ –ö—É–±–æ–∫ –°—Ç—ç–Ω–ª–∏! (–≤–∏–¥–µ–æ, –∏–Ω—Ç–µ—Ä–≤—å—é)

https://t.co/2F4g3zOTMH https://t.co/FODZjCoHdc"
Sovsport_hockey|852424445545381888|2017-04-13 07:33:19|"–ú–∞–ª–∫–∏–Ω –∏ –µ–≥–æ –∫–æ–º–∞–Ω–¥–∞ —Å–¥–µ–ª–∞–ª–∏ –≤–Ω–µ–∑–∞–ø–Ω—ã–π —Ö–æ–¥, –∑–∞—Å—Ç–∞–≤ ¬´–ö–æ–ª–∞–º–±—É—Å¬ª –≤—Ä–∞—Å–ø–ª–æ—Ö (–≤–∏–¥–µ–æ, –æ—Ç—á–µ—Ç)

https://t.co/nIPGDUJb6E https://t.co/Pdia8U6E93"
Sovsport_hockey|852332447148769284|2017-04-13 01:27:45|RT @ponomarenkodv: –ü–æ–≤—Ç–æ—Ä—è—Ç –ª–∏ —Ä–æ—Å—Å–∏—è–Ω–µ –Ω–∞ –Æ–ß–ú-2017 –ø–æ–¥–≤–∏–≥ –û–≤–µ—á–∫–∏–Ω–∞? –ö–∞–Ω–∞–¥–∞ —É–∂–µ –ø–æ–±–µ–∂–¥–µ–Ω–∞‚Ä¶ https://t.co/coa5nNv0HO —Å –ø–æ–º–æ—â—å—é @sovsport
Sovsport_hockey|852260624847560705|2017-04-12 20:42:21|"¬´–í—Ä–µ–º—è –ø–µ—Ä–≤—ã—Ö¬ª. –®–æ–∫–∏—Ä—É—é—â–∏–µ —Ñ–∞–∫—Ç—ã –∏ —Ü–∏—Ñ—Ä—ã –æ –º–∞—Ç—á–µ –°–ö–ê ‚Äì ¬´–ú–∞–≥–Ω–∏—Ç–∫–∞¬ª

https://t.co/D9KDOJqAIl https://t.co/iC7yXMNUdb"
Sovsport_hockey|852140478585864192|2017-04-12 12:44:56|RT @ponomarenkodv: –ï–º–µ–ª–∏–Ω–∞ —É–±—Ä–∞–ª–∏ –∏–∑ ¬´–°–Æ¬ª –∑–∞ –Ω–µ–∑–Ω–∞–Ω–∏–µ –∞–Ω–≥–ª–∏–π—Å–∫–æ–≥–æ! –ü–æ—á–µ–º—É –º—ã —Ç–∞–∫ —Å–µ–±—è –Ω–µ —É–≤–∞–∂–∞–µ–º? https://t.co/ZNW7hP1hLH —Å –ø–æ–º–æ—â—å—é @sovspo‚Ä¶
Sovsport_hockey|852110602860417024|2017-04-12 10:46:13|"¬´‚Ä¶–ê –û–≤–µ—á–∫–∏–Ω –≤—ã–∏–≥—Ä–∞–µ—Ç –ö—É–±–æ–∫ –°—Ç—ç–Ω–ª–∏¬ª. –≠—Ç–æ–π –Ω–æ—á—å—é –≤ –ù–•–õ —Å—Ç–∞—Ä—Ç—É–µ—Ç –ø–ª–µ–π-–æ—Ñ—Ñ (–ø—Ä–æ–≥–Ω–æ–∑—ã –ø–æ –ø—Ä–∏–∑–∞–º)

https://t.co/eKIsnBMqj9 https://t.co/pjORx7I8YS"
Sovsport_hockey|852110495880544260|2017-04-12 10:45:48|RT @ponomarenkodv: –ó–æ–ª–æ—Ç—ã–µ –º–µ–¥–∞–ª–∏ –í–•–õ ‚Äì —É–∂–µ —É ¬´–î–∏–Ω–∞–º–æ¬ª! https://t.co/bytM31ajg9 —Å –ø–æ–º–æ—â—å—é @sovsport
Sovsport_hockey|852097095523762180|2017-04-12 09:52:33|RT @ponomarenkodv: –ë–æ—Ä–∏—Å –ú–∞–π–æ—Ä–æ–≤: –°–µ–π—á–∞—Å –°–ö–ê ‚Äì –ª–∏–¥–µ—Ä —Ñ–∏–Ω–∞–ª—å–Ω–æ–π —Å–µ—Ä–∏–∏. –û–¥–Ω–æ–∑–Ω–∞—á–Ω–æ! https://t.co/OXMso8eJLB —Å –ø–æ–º–æ—â—å—é @sovsport
Sovsport_hockey|852092166117699586|2017-04-12 09:32:58|RT @ponomarenkodv: ¬´–ù–∞ –æ—Ä–±–∏—Ç–µ –∏–∑-–∑–∞ —Ö–æ–∫–∫–µ—è –Ω–µ —Å–ø—è—Ç! –ü–µ—Ä–µ–∂–∏–≤–∞—é—Ç —Å—Ç—Ä–∞—à–Ω–æ¬ª https://t.co/RL2tsSpvze —Å –ø–æ–º–æ—â—å—é @sovsport
Sovsport_hockey|852064201967271938|2017-04-12 07:41:50|‚ö°Ô∏è‚ö°Ô∏è‚ö°Ô∏è–°–µ—Ä–≥–µ–π –ë–æ–±—Ä–æ–≤—Å–∫–∏–π: –Ø –Ω–µ –±—É–¥—É –±–∏—Ç—å —Å–µ–±—è –≤ –≥—Ä—É–¥—å –∏ –∫—Ä–∏—á–∞—Ç—å, —á—Ç–æ –ø–æ–µ–¥—É –Ω–∞ –û–ª–∏–º–ø–∏–∞–¥—É (—ç–∫—Å–∫–ª—é–∑–∏–≤, –∏–Ω—Ç–µ—Ä–≤—å—é)‚Ä¶ https://t.co/qCFQTNk345
Sovsport_hockey|851728954578919424|2017-04-11 09:29:41|RT @ponomarenkodv: –ë–æ—Ä–∏—Å –ú–∞–π–æ—Ä–æ–≤: –°–ö–ê –Ω–∞—á–∞–ª –±–∏—Ç—å –ú–æ–∑—è–∫–∏–Ω–∞ –∏ –ó–∞—Ä–∏–ø–æ–≤–∞ –≤ —Ç–µ–ª–æ. –ò —É—Ä–∞–ª—å—Ü—ã —Å–Ω–∏–∫–ª–∏ https://t.co/ze9jWN0za9 —Å –ø–æ–º–æ—â—å—é @sovsport
Sovsport_hockey|851711272521523201|2017-04-11 08:19:26|¬´–ë–µ–∑ –ø–∞–Ω–∏–∫–∏! –ù–∏–∫–∏—Ç–∞ –ö—É—á–µ—Ä–æ–≤ –ø–æ–µ–¥–µ—Ç –≤ –ö–µ–ª—å–Ω¬ª. –ò–Ω—Å–∞–π–¥—ã –ø–æ —á–µ–º–ø–∏–æ–Ω–∞—Ç—É –º–∏—Ä–∞ (–≤–∏–¥–µ–æ, –æ–±–∑–æ—Ä –ü–∞–≤–ª–∞ –õ—ã—Å–µ–Ω–∫–æ–≤–∞)‚Ä¶ https://t.co/aZRhKkTI1b
