DFMDANCE|866866349452210177|2017-05-23 04:00:17|"–ù–∞—á–Ω–∏ —É—Ç—Ä–æ —Å ""–£–º–Ω—ã–º–∏ —Ç–∞–Ω—Ü–∞–º–∏!"" –í—Ä—É–±–∞–π!
#—É–º–Ω—ã–µ—Ç–∞–Ω—Ü—ã #dfm https://t.co/h6b79a5lqL"
DFMDANCE|866689039675609088|2017-05-22 16:15:44|–í #–ø–æ–¥–∫–∞—Å—Ç—ãDFM https://t.co/1m5vSSBgfT –¥–æ–±–∞–≤–ª–µ–Ωs 310 –∏ 311 –≤—ã–ø—É—Å–∫–∏ —Ä–∞–¥–∏–æ—à–æ—É DJ JIM¬† #ELECTROSPEED https://t.co/oDLeOd2Vb5
DFMDANCE|866673932895752193|2017-05-22 15:15:42|–í #–ø–æ–¥–∫–∞—Å—Ç—ãDFM https://t.co/1m5vSSBgfT –¥–æ–±–∞–≤–ª–µ–Ω—ã –ø–æ—Å–ª–µ–¥–Ω–∏–µ –≤—ã–ø—É—Å–∫–∏ —Ä–∞–¥–∏–æ—à–æ—É DJ NOIZ #GOODNOIZING #dfm #djnoiz https://t.co/HrtEhnE8RR
DFMDANCE|866661325057003520|2017-05-22 14:25:36|–í #–ø–æ–¥–∫–∞—Å—Ç—ãDFM https://t.co/1m5vSSBgfT –¥–æ–±–∞–≤–ª–µ–Ω—ã 018 –∏ 019 –≤—ã–ø—É—Å–∫–∏ —Ä–∞–¥–∏–æ—à–æ—É MAGNIT &amp; SLIDER #magnitandslider‚Ä¶ https://t.co/GY42KWJ0o1
DFMDANCE|866648716534579201|2017-05-22 13:35:30|–í #–ø–æ–¥–∫–∞—Å—Ç—ãDFM https://t.co/1m5vSSBgfT –¥–æ–±–∞–≤–ª–µ–Ω—ã –ø–æ—Å–ª–µ–¥–Ω–∏–µ –≤—ã–ø—É—Å–∫–∏ #BASSLANDSHOW DJ PROFIT #djprofit #–¥–∏–¥–∂–µ–π–ø—Ä–æ—Ñ–∏—Ç‚Ä¶ https://t.co/UNMKLG0P9Y
DFMDANCE|866645482021552128|2017-05-22 13:22:39|–í 14-–º –≤—ã–ø—É—Å–∫–µ #–†–∞–¥–∏–æ–ë–õ–û–ì–µ—Ä–°–µ–≤–æ—Å—Ç—å—è–Ω–æ–≤ –ø—ã—Ç–∞–µ—Ç—Å—è —Ö–∞–π–ø–∞–Ω—É—Ç—å –Ω–∞ –≤—Å–µ–º–∏ –æ–±—Å—É–∂–¥–∞–µ–º–æ–π —Ç–µ–º–µ —Ö–∞–π–ø–æ–∂–æ—Ä—Å—Ç–≤–∞ –∏ –ø–µ—Ä–µ–±–∏—Ä–∞–µ—Ç —Å–∞–º—ã—Ö‚Ä¶ https://t.co/9uXpPmtkYq
DFMDANCE|866634862102556672|2017-05-22 12:40:27|–í #–ø–æ–¥–∫–∞—Å—Ç—ãDFM https://t.co/1m5vSSBgfT –¥–æ–±–∞–≤–ª–µ–Ω—ã –ø–æ—Å–ª–µ–¥–Ω–∏–µ –≤—ã–ø—É—Å–∫–∏¬† #—Ä–∞–¥–∏–æ—à–æ—É DJ GROOVE¬† #–¢–ê–ù–¶–´–î–õ–Ø–í–°–ï–• #–¥–∏–¥–∂–µ–π–≥—Ä—É–≤‚Ä¶ https://t.co/VJ2N3cpgGI
DFMDANCE|866621015216054273|2017-05-22 11:45:25|–í #–ø–æ–¥–∫–∞—Å—Ç—ãDFM https://t.co/1m5vSSBgfT –¥–æ–±–∞–≤–ª–µ–Ω—ã –ø–æ—Å–ª–µ–¥–Ω–∏–µ –≤—ã–ø—É—Å–∫–∏ —Ä–∞–¥–∏–æ—à–æ—É DJ –î–ê–ù #–¥–∏–¥–∂–µ–π–¥–∞–Ω–ø–æ—Å—Ä–µ–¥–∞–º #dj–¥–∞–Ω #dfm https://t.co/YHM1d6LnkM
DFMDANCE|866608465237725184|2017-05-22 10:55:33|–í #–ø–æ–¥–∫–∞—Å—Ç—ãDFM https://t.co/1m5vSSBgfT –¥–æ–±–∞–≤–ª–µ–Ω—ã 43 –∏ 44 –≤—ã–ø—É—Å–∫–∏¬† —à–æ—É #GAZGOLDERLIVE –Ω–∞ #DFM ‚Äì In Da Mix –∏ Sansay https://t.co/m3Sj4ThJaW
DFMDANCE|866587112358981632|2017-05-22 09:30:42|#newmusic #dfm PALASTIC FEAT. BRIGHT SPARKS - LYING IN THE SUN üëç¬†https://t.co/GPFEuncN1h #–Ω–æ–≤–∏–Ω–∫–∏ #–ª–æ–≤–∏–≤—ç—Ñ–∏—Ä–µ‚Ä¶‚Ä¶ https://t.co/7QVEVx89be
DFMDANCE|866586841012727808|2017-05-22 09:29:37|"–° –¥–Ω—ë–º —Ä–æ–∂–¥–µ–Ω–∏—è, –¥—Ä—É–∂–∏—â–µ!
#—Å–µ—Ä–≥–µ–π–∂—É–∫–æ–≤ #—Ä—É–∫–∏–≤–≤–µ—Ä—Ö #–¥–µ–Ω—å—Ä–æ–∂–¥–µ–Ω–∏—è https://t.co/qWOMgBEryG"
DFMDANCE|866582662206631936|2017-05-22 09:13:01|"–ù–ê –ü–õ–ê–ù–ï–¢–ï DFM –ü–û–ü–û–õ–ù–ï–ù–ò–ï!
–° 21 –º–∞—è –∂–∏—Ç–µ–ª–∏ –≥–æ—Ä–æ–¥–∞ –í—è–∑–Ω–∏–∫–∏ —Ç–∞–Ω—Ü—É—é—Ç –≤–º–µ—Å—Ç–µ —Å –Ω–∞–º–∏!
–õ–æ–≤–∏—Ç–µ –ª—É—á—à–∏–µ —Ç–∞–Ω—Ü–µ–≤–∞–ª—å–Ω—ã–µ —Ç—Ä–µ–∫–∏‚Ä¶‚Ä¶ https://t.co/hrL99qoc6Z"
DFMDANCE|866569391185563648|2017-05-22 08:20:17|#newmusic #dfm AXWELL &amp; INGROSSO - RENEGADE https://t.co/a595iGwkkF #–Ω–æ–≤–∏–Ω–∫–∏ #–ª–æ–≤–∏–≤—ç—Ñ–∏—Ä–µ #axwellandingrosso‚Ä¶ https://t.co/acpjvQx2fY
DFMDANCE|866514240001249280|2017-05-22 04:41:08|#newmusic #dfm ED SHEERAN - GALWAY GIRL (DANNY DOVE VS. OFFSET REMIX) üëç¬†https://t.co/2KL3GwHBNU #–Ω–æ–≤–∏–Ω–∫–∏‚Ä¶‚Ä¶ https://t.co/nMNsUiU5Dp
DFMDANCE|866509176553562114|2017-05-22 04:21:01|–í #–ø–æ–¥–∫–∞—Å—Ç—ãDFM https://t.co/1m5vSSBgfT –¥–æ–±–∞–≤–ª–µ–Ω—ã –ø–æ—Å–ª–µ–¥–Ω–∏–µ –≤—ã–ø—É—Å–∫–∏ —Ä–∞–¥–∏–æ—à–æ—É DJ Ivan Spell #SPELLWASHERE !‚Ä¶ https://t.co/ckWJpaJzSB
DFMDANCE|866504510247772164|2017-05-22 04:02:28|"–î–æ–±—Ä–æ–µ —É—Ç—Ä–æ —Ç–µ–±–µ!
#—É–º–Ω—ã–µ—Ç–∞–Ω—Ü—ã #dfm https://t.co/8LpiHbkhn3"
DFMDANCE|866496613992288256|2017-05-22 03:31:06|–í #–ø–æ–¥–∫–∞—Å—Ç—ãDFM https://t.co/1m5vSSBgfT –¥–æ–±–∞–≤–ª–µ–Ω—ã 102 –∏ 103 –≤—ã–ø—É—Å–∫ —Ä–∞–¥–∏–æ—à–æ—É DJ PITKIN #dfm #djpitkin #radioshow https://t.co/TGbRPca5Lp
DFMDANCE|866493815506554881|2017-05-22 03:19:58|#newmusic #dfm HARDWELL FEAT. AUSTIN MAHONE - CREATURES OF THE NIGHT üëç¬†https://t.co/zeHcx9pVNI #–Ω–æ–≤–∏–Ω–∫–∏ #–ª–æ–≤–∏–≤—ç—Ñ–∏—Ä–µ‚Ä¶ https://t.co/0z6yGcs7lV
DFMDANCE|866480947780255749|2017-05-22 02:28:51|–í #–ø–æ–¥–∫–∞—Å—Ç—ãDFM https://t.co/1m5vSSBgfT –¥–æ–±–∞–≤–ª–µ–Ωs 18 –∏ 19 –≤—ã–ø—É—Å–∫ —Ä–∞–¥–∏–æ—à–æ—É #MASTEREO by #ASTERO #DFM https://t.co/PzfwlDncKc
DFMDANCE|866320290904670208|2017-05-21 15:50:27|"–í –ø–æ–Ω–µ–¥–µ–ª—å–Ω–∏–∫, 22 –º–∞—è, –≤—Å—Ç—Ä–µ—á–∞–π –≤ —É—Ç—Ä–µ–Ω–Ω–µ–º —à–æ—É ""Vitamin D"" —É –Æ–ª–∏ –ü–∞–≥–æ –ø–µ–≤—Ü–∞ –ë–∞–∑–∏–ª—è.
–û—Å—Ç–∞–≤–ª—è–π –µ–º—É —Å–≤–æ–∏ –≤–æ–ø—Ä–æ—Å—ã –≤‚Ä¶‚Ä¶ https://t.co/A0r8d08CPR"
DFMDANCE|865978040538542080|2017-05-20 17:10:28|#newmusic #dfm JONAS BLUE FEAT. WILLIAM SINGE - MAMA https://t.co/G5pBo3eenM üëç¬†#–Ω–æ–≤–∏–Ω–∫–∏ #–ª–æ–≤–∏–≤—ç—Ñ–∏—Ä–µ #jonasblue‚Ä¶ https://t.co/D8hi2JqAQm
DFMDANCE|865968060540354562|2017-05-20 16:30:49|#newmusic #dfm VIGEL - CHILDREN ¬†https://t.co/RemkzhiZlC üëç¬†#–Ω–æ–≤–∏–Ω–∫–∏ #–ª–æ–≤–∏–≤—ç—Ñ–∏—Ä–µ #VIGEL #children https://t.co/5diOGL6qwY
DFMDANCE|865962933922222080|2017-05-20 16:10:26|–í #–ø–æ–¥–∫–∞—Å—Ç—ãDFM https://t.co/1m5vSSBgfT¬† –¥–æ–±–∞–≤–ª–µ–Ω—ã –ø–æ—Å–ª–µ–¥–Ω–∏–µ –≤—ã–ø—É—Å–∫–∏ –ª–µ–≥–µ–Ω–¥–∞—Ä–Ω–æ–≥–æ —Ä–∞–¥–∏–æ—à–æ—É #–°–ø–æ–∫–æ–π–Ω–æ–π–ù–æ—á–∏–ì–æ–ª—ã—à–∏ https://t.co/9FZIEUwI98
DFMDANCE|865941526270050305|2017-05-20 14:45:22|–í #–ø–æ–¥–∫–∞—Å—Ç—ãDFM https://t.co/1m5vSSBgfT –¥–æ–±–∞–≤–ª–µ–Ω—ã –ø–æ—Å–ª–µ–¥–Ω–∏–µ –≤—ã–ø—É—Å–∫–∏ —Ä–∞–¥–∏–æ—à–æ—É MARKUS SCHULZ #GLOBALDJBROADCAST! #dfm‚Ä¶ https://t.co/nDffnyRX4I
DFMDANCE|865937860217765888|2017-05-20 14:30:48|#newmusic #dfm DEZERY - WORLDS COLLIDE üëç¬†https://t.co/ExptQ6ZFNb #–Ω–æ–≤–∏–Ω–∫–∏ #–ª–æ–≤–∏–≤—ç—Ñ–∏—Ä–µ #dezery #worldscollide https://t.co/EeCXqty15M
DFMDANCE|865932725424926720|2017-05-20 14:10:24|–í #–ø–æ–¥–∫–∞—Å—Ç—ãDFM https://t.co/1m5vSSBgfT –¥–æ–±–∞–≤–ª–µ–Ω –ø–æ—Å–ª–µ–¥–Ω–∏–π –≤—ã–ø—É—Å–∫ —Ä–∞–¥–∏–æ—à–æ—É DJ VINI #djvini #dfm https://t.co/PndDE7BZqd
DFMDANCE|865926916443865088|2017-05-20 13:47:19|–í—ã–±–∏—Ä–∞–π, —á—Ç–æ —Å–º–æ—Ç—Ä–µ—Ç—å –≤ –∫–∏–Ω–æ –Ω–∞ –≤—ã—Ö–æ–¥–Ω—ã—Ö! –í #–ø–æ–¥–∫–∞—Å—Ç—ãDFM https://t.co/1m5vSSBgfT –¥–æ–±–∞–≤–ª–µ–Ω –ø–æ—Å–ª–µ–¥–Ω–∏–π #KINOLIFE –û–ª–µ—Å–∏‚Ä¶ https://t.co/PHaBqglhFw
DFMDANCE|865924134135623680|2017-05-20 13:36:16|#newmusic #dfm VANOTEK - TELL ME WHO (SLIDER &amp; MAGNIT REMIX) üëçhttps://t.co/SmfYzOFybj #–Ω–æ–≤–∏–Ω–∫–∏ #–ª–æ–≤–∏–≤—ç—Ñ–∏—Ä–µ #vanotek‚Ä¶ https://t.co/6g7WAa0dZ2
DFMDANCE|865863696668655617|2017-05-20 09:36:06|"–°–µ–≥–æ–¥–Ω—è –≤–µ—á–µ—Ä–æ–º –≤ ¬´Stadium Live¬ª –ø—Ä–∏ –ø–æ–¥–¥–µ—Ä–∂–∫–µ DFM —Å–≤–æ–π –Ω–æ–≤—ã–π –∞–ª—å–±–æ–º ¬´–ì—Ä–∞–≤–∏—Ç–∞—Ü–∏—è¬ª –ø—Ä–µ–∑–µ–Ω—Ç—É–µ—Ç —Ä—ç–ø–µ—Ä L'ONE.
–°—Ç–∞—Ä—Ç ‚Äì –≤‚Ä¶ https://t.co/c3aWLvaFn9"
DFMDANCE|865855953513721856|2017-05-20 09:05:20|#newmusic #dfm ¬†THE CHAINSMOKERS &amp; COLDPLAY - SOMETHING JUST LIKE THIS (ALESSO REMIX) üëç¬†https://t.co/gotcVAQDrR‚Ä¶‚Ä¶ https://t.co/B52oUAa7GY
DFMDANCE|865572840074039296|2017-05-19 14:20:21|"20-–≥–æ –º–∞—è –≤ ¬´Stadium Live¬ª –ø—Ä–∏ –ø–æ–¥–¥–µ—Ä–∂–∫–µ DFM —Å–≤–æ–π –Ω–æ–≤—ã–π –∞–ª—å–±–æ–º ¬´–ì—Ä–∞–≤–∏—Ç–∞—Ü–∏—è¬ª –ø—Ä–µ–∑–µ–Ω—Ç—É–µ—Ç —Ä—ç–ø–µ—Ä L'ONE.
–°—Ç–∞—Ä—Ç ‚Äì –≤ 20:00‚Ä¶ https://t.co/3XFzi3GASu"
DFMDANCE|865547124275937280|2017-05-19 12:38:10|"–ü–æ–∑–¥—Ä–∞–≤–ª—è–µ–º –æ—á–µ—Ä–µ–¥–Ω–æ–≥–æ ¬´—Å—É–ø–µ—Ä-–≥–µ—Ä–æ—è¬ª!
–°–µ—Ä–≥–µ–π –ü—Ä–æ—Ç–æ–ø–æ–ø–æ–≤ ‚Äì –ø–æ—Å–ª–µ–¥–Ω–∏–π –ø—Ä–µ—Ç–µ–Ω–¥–µ–Ω—Ç –≤ –∫–æ–º–∞–Ω–¥—É DFM –¥–ª—è —É—á–∞—Å—Ç–∏—è –≤ –∑–∞–±–µ–≥–µ‚Ä¶‚Ä¶ https://t.co/EIWRNoC7kG"
DFMDANCE|865497229540315136|2017-05-19 09:19:54|"Happy birthday, Sam Smith!
#samsmith #man #singer #–ø–µ–≤–µ—Ü #–¥—Ä #–¥–µ–Ω—å—Ä–æ–∂–¥–µ–Ω–∏—è #hb #happybirthday #bday #birthday https://t.co/742j5enGDW"
DFMDANCE|865481151779028995|2017-05-19 08:16:01|"–°–æ–≤–µ—Ç—Å–∫–æ–º—É –≤–Ω–µ–¥–æ—Ä–æ–∂–Ω–∏–∫—É —É—Å—Ç–∞–Ω–æ–≤—è—Ç –ø–∞–º—è—Ç–Ω–∏–∫.
–ú–æ–Ω—É–º–µ–Ω—Ç –≤ —á–µ—Å—Ç—å ¬´–£–ê–ó–∞-469¬ª –ø–æ—è–≤–∏—Ç—Å—è –≤ –º–æ–Ω–≥–æ–ª—å—Å–∫–æ–º –≥–æ—Ä–æ–¥–µ –ó–∞–º—ã–Ω-–£—É–¥–µ‚Ä¶‚Ä¶ https://t.co/uAXp5xGO81"
DFMDANCE|865214437430525953|2017-05-18 14:36:11|#newmusic #dfm RAG'N'BONE MAN - SKIN (BILEL REMIX) üëçhttps://t.co/hojZYsr4Sc #–Ω–æ–≤–∏–Ω–∫–∏ #–ª–æ–≤–∏–≤—ç—Ñ–∏—Ä–µ #RAGNBONEMAN‚Ä¶ https://t.co/CvumJIqqw5
DFMDANCE|865200570377932800|2017-05-18 13:41:05|#newmusic #dfm ID - LOVEDRUNK üëçhttps://t.co/duVFwZaFBd #–Ω–æ–≤–∏–Ω–∫–∏ #–ª–æ–≤–∏–≤—ç—Ñ–∏—Ä–µ #LOVEDRUNK #ID https://t.co/1mZgtiOq8L
DFMDANCE|865186728814030848|2017-05-18 12:46:05|#newmusic #dfm LUCAS &amp; STEVE - UP TILL DAWN (ON THE MOVE) üëç¬†https://t.co/NqXKlBT4Nt #–Ω–æ–≤–∏–Ω–∫–∏ #–ª–æ–≤–∏–≤—ç—Ñ–∏—Ä–µ‚Ä¶ https://t.co/JYegFRUehy
DFMDANCE|865174133310619648|2017-05-18 11:56:02|#newmusic #dfm FLORIAN PICASSO &amp; RAIDEN - HANABI https://t.co/8zQ6PArs3F üëç¬†#–Ω–æ–≤–∏–Ω–∫–∏ #–ª–æ–≤–∏–≤—ç—Ñ–∏—Ä–µ #HANABI‚Ä¶ https://t.co/Zkqo9rG7s8
DFMDANCE|865167364274388993|2017-05-18 11:29:08|–û—Å—Ç–∞—ë—Ç—Å—è –æ–¥–∏–Ω –¥–µ–Ω—å! –ó–∞–≤—Ç—Ä–∞ —Å—Ç–∞–Ω–µ—Ç –∏–∑–≤–µ—Å—Ç–Ω–æ –∏–º—è –ø–æ—Å–ª–µ–¥–Ω–µ–≥–æ —É—á–∞—Å—Ç–Ω–∏–∫–∞, –∫—Ç–æ, –≤–æ–∑–º–æ–∂–Ω–æ, –ø—Ä–∏–º–µ—Ç —É—á–∞—Å—Ç–∏–µ –≤ –∑–∞–±–µ–≥–µ ¬´–°—Ç–∞–Ω—å‚Ä¶‚Ä¶ https://t.co/MsZ2QysPIL
DFMDANCE|865159034952978433|2017-05-18 10:56:02|#newmusic #dfm FEDDE LE GRAND &amp; D.O.D - LOVE'S GONNA GET YOU https://t.co/ntljkofwsE üëç¬†#–Ω–æ–≤–∏–Ω–∫–∏ #–ª–æ–≤–∏–≤—ç—Ñ–∏—Ä–µ‚Ä¶‚Ä¶ https://t.co/h7ihoHOHnQ
DFMDANCE|865126051323793408|2017-05-18 08:44:58|"–ì—Ä—É–ø–ø–∞ ¬´–ë–∞–Ω–¥—ç—Ä–æ—Å¬ª –ø—Ä–µ–¥—Å—Ç–∞–≤–∏–ª–∞ –∫–ª–∏–ø –Ω–∞ —Ç—Ä–µ–∫ ¬´–≠—Ä–æ–≥–µ–Ω–Ω–∞—è –∑–æ–Ω–∞¬ª.
–°–º–æ—Ç—Ä–∏ –µ–≥–æ –≤ –Ω–∞—à–µ–π –æ—Ñ–∏—Ü–∏–∞–ª—å–Ω–æ–π –≥—Ä—É–ø–ø–µ DFM –í–ö–æ–Ω—Ç–∞–∫—Ç–µ‚Ä¶‚Ä¶ https://t.co/JgSAldHQkM"
DFMDANCE|865113690969911299|2017-05-18 07:55:51|"L‚ÄôOne –Ω–∞ DFM!
19 –º–∞—è, –≤ –ø—è—Ç–Ω–∏—Ü—É, —Å–ª—É—à–∞–π —É—Ç—Ä–µ–Ω–Ω–µ–µ —à–æ—É ""VITAMIN D"" —Å –Æ–ª–µ–π –ü–∞–≥–æ!
–ó–∞ –¥–µ–Ω—å –¥–æ —Å–≤–æ–µ–≥–æ –∫–æ–Ω—Ü–µ—Ä—Ç–∞ –≤ –ú–æ—Å–∫–≤–µ‚Ä¶‚Ä¶ https://t.co/n9aNCBk1eg"
DFMDANCE|865055750418300928|2017-05-18 04:05:37|"–î–æ–±—Ä–µ–π—à–µ–≥–æ —É—Ç—Ä–∞! –û—Ç–∫—Ä—ã–ª –≥–ª–∞–∑–∞ --&gt; –≤–∫–ª—é—á–∏–ª DFM!
#dfm #—É–º–Ω—ã–µ—Ç–∞–Ω—Ü—ã https://t.co/Z6ePQfkqBo"
DFMDANCE|864874301274587137|2017-05-17 16:04:36|–í—Å–µ–º —Å–ø–æ—Ä—Ç–∏–≤–Ω–æ–π —Å—Ä–µ–¥—ã! –°–µ–≥–æ–¥–Ω—è –º—ã –æ—Ç–æ–±—Ä–∞–ª–∏ –µ—â—ë –æ–¥–Ω–æ–≥–æ –ø—Ä–µ—Ç–µ–Ω–¥–µ–Ω—Ç–∞ –≤ –∫–æ–º–∞–Ω–¥—É DFM. –í–æ–∑–º–æ–∂–Ω–æ, –≤ –∑–∞–±–µ–≥–µ ¬´–°—Ç–∞–Ω—å‚Ä¶‚Ä¶ https://t.co/12iAwFCCPv
DFMDANCE|864852026575998976|2017-05-17 14:36:05|"ESTRADARADA –Ω–∞ DFM!
18 –º–∞—è –ê–ª–µ–∫—Å–∞–Ω–¥—Ä –•–∏–º—á—É–∫ —Å—Ç–∞–Ω–µ—Ç –≥–æ—Å—Ç–µ–º —É—Ç—Ä–µ–Ω–Ω–µ–≥–æ —à–æ—É ""VITAMIN D"" —Å –Æ–ª–µ–π –ü–∞–≥–æ!
–ö–æ–ª–ª–µ–≥–∏ –∑–Ω–∞—é—Ç –µ–≥–æ‚Ä¶‚Ä¶ https://t.co/2WfMly9Nk0"
DFMDANCE|864849741405990912|2017-05-17 14:27:01|–ü—Ä–æ–ø—É—Å—Ç–∏–ª–∏ –≤–µ–¥—É—â—É—é –ø—Ä–æ–≥—Ä–∞–º–º—ã ¬´–û—Ä–µ–ª –∏ –†–µ—à–∫–∞¬ª –ù–∞—Å—Ç—é –ò–≤–ª–µ–µ–≤—É? –°–ª—É—à–∞–π—Ç–µ —Å–µ–π—á–∞—Å! –ó–∞—Ö–æ–¥–∏—Ç–µ –≤ #–ø–æ–¥–∫–∞—Å—Ç—ãDFM‚Ä¶‚Ä¶ https://t.co/4W0bUpDXiF
DFMDANCE|864797359808577536|2017-05-17 10:58:52|–ü—Ä–æ–ø—É—Å—Ç–∏–ª–∏ Jukebox Trio? –°–ª—É—à–∞–π—Ç–µ —Å–µ–π—á–∞—Å! –ó–∞—Ö–æ–¥–∏—Ç–µ –≤ #–ø–æ–¥–∫–∞—Å—Ç—ãDFM https://t.co/1m5vSSBgfT ‚Äì —ç—Ç–æ—Ç —ç—Ñ–∏—Ä —É—Ç—Ä–µ–Ω–Ω–µ–≥–æ —à–æ—É‚Ä¶ https://t.co/iVG8fjTstU
DFMDANCE|864780554406957056|2017-05-17 09:52:05|–í #–ø–æ–¥–∫–∞—Å—Ç—ãDFM https://t.co/1m5vSSBgfT –¥–æ–±–∞–≤–ª–µ–Ω—ã –ø–æ—Å–ª–µ–¥–Ω–∏–µ –≤—ã–ø—É—Å–∫–∏ —Ä–∞–¥–∏–æ—à–æ—É DJ ANTONIO #dfm #djantonio https://t.co/MSf30GWere
DFMDANCE|864726278175432704|2017-05-17 06:16:25|17 –º–∞—è, –≤ —Å—Ä–µ–¥—É, –≤ –≥–æ—Å—Ç–∏ –∫ —É—Ç—Ä–µ–Ω–Ω–µ–º—É —à–æ—É #VITAMIND —Å –Æ–ª–µ–π –ü–∞–≥–æ –Ω–∞ #DFM –ø—Ä–∏—Ö–æ–¥–∏—Ç –ø–æ–±–µ–¥–∏—Ç–µ–ª—å 13-–π ¬´–ë–∏—Ç–≤—ã‚Ä¶‚Ä¶ https://t.co/92z4YganXf
DFMDANCE|864693342269059076|2017-05-17 04:05:32|"–°—Ä–µ–¥–∞! –°–∫–∞–∂–µ–º –≤–º–µ—Å—Ç–µ –µ–π ""–î–ê!""
#—É–º–Ω—ã–µ—Ç–∞–Ω—Ü—ã #dfm https://t.co/U4lDGxtKSZ"
DFMDANCE|864683501697863680|2017-05-17 03:26:26|–í –Ω–∞—à–µ–º —ç—Ñ–∏—Ä–µ —Å—Ç–∞—Ä—Ç—É–µ—Ç –º–µ–≥–∞ –∫—Ä—É—Ç–∞—è –∞–∫—Ü–∏—è! –°–º–∞—Ä—Ç—Ñ–æ–Ω CHECK –Ω–∞ DFM! –í—Å—é –Ω–µ–¥–µ–ª—é —Å 17 –ø–æ 24 –º–∞—è 2017 –≥–æ–¥–∞ –º—ã –±—É–¥–µ–º‚Ä¶‚Ä¶ https://t.co/VO3iNaJUid
DFMDANCE|864482235164102657|2017-05-16 14:06:40|"–ü—Ä–æ–¥–æ–ª–∂–∞–µ—Ç—Å—è –æ—Ç–±–æ—Ä –≤ –∫–æ–º–∞–Ω–¥—É DFM –¥–ª—è —É—á–∞—Å—Ç–∏—è –≤ –∑–∞–±–µ–≥–µ —Å –∏—Å–ø—ã—Ç–∞–Ω–∏—è–º–∏ ""–°—Ç–∞–Ω—å —á–µ–ª–æ–≤–µ–∫–æ–º"".

–í—Ç–æ—Ä–æ–π –ø—Ä–µ—Ç–µ–Ω–¥–µ–Ω—Ç ‚Äì –ú–∞–∫—Å–∏–º‚Ä¶‚Ä¶ https://t.co/SlWmBmaCT4"
DFMDANCE|864410247733104640|2017-05-16 09:20:37|–í —Å–µ–Ω—Ç—è–±—Ä–µ –≤ –í–µ–ª–∏–∫–æ–±—Ä–∏—Ç–∞–Ω–∏–∏ –ø–æ–∫–∞–∂—É—Ç –ø–µ—Ä–≤—É—é –≤ –º–∏—Ä–µ –º–∞—à–∏–Ω—É, –∫–æ—Ç–æ—Ä–æ–π –±—ã–ª –≤—ã–ø–∏—Å–∞–Ω —à—Ç—Ä–∞—Ñ –∑–∞ –ø—Ä–µ–≤—ã—à–µ–Ω–∏–µ —Å–∫–æ—Ä–æ—Å—Ç–∏‚Ä¶‚Ä¶ https://t.co/MB2eg4xDmY
DFMDANCE|864338455148412928|2017-05-16 04:35:20|"#–ï–≥–æ—Ä–ö—Ä–∏–¥ –ø—Ä–µ–¥—Å—Ç–∞–≤–∏–ª –Ω–æ–≤—ã–π #–∫–ª–∏–ø –Ω–∞ —Ç—Ä–µ–∫ ¬´–ë–µ—Ä–µ–≥—É¬ª.
–°–º–æ—Ç—Ä–∏ –µ–≥–æ –≤ –Ω–∞—à–µ–π –≥—Ä—É–ø–ø–µ –í–ö–æ–Ω—Ç–∞–∫—Ç–µ, –∞ –∑–¥–µ—Å—å - —á–∏—Ç–∞–π –≥–æ—Ä–æ—Å–∫–æ–ø –Ω–∞‚Ä¶ https://t.co/yaQdOt79JX"
DFMDANCE|864329698385559552|2017-05-16 04:00:33|"–ü—Ä–∏–≤–µ—Ç! –ü—Ä–∏–≤–µ—Ç! –ü—Ä–∏–≤–µ—Ç! ""–£–º–Ω—ã–µ —Ç–∞–Ω—Ü—ã"" —É–∂–µ –≤ —ç—Ñ–∏—Ä–µ!
#—É–º–Ω—ã–µ—Ç–∞–Ω—Ü—ã #dfm https://t.co/OZNQK28yp9"
DFMDANCE|864142207309275136|2017-05-15 15:35:31|"–ü–µ—Ä–≤—ã–π –ø—Ä–µ—Ç–µ–Ω–¥–µ–Ω—Ç –¥–ª—è —É—á–∞—Å—Ç–∏—è –≤ –∑–∞–±–µ–≥–µ ""–°—Ç–∞–Ω—å —á–µ–ª–æ–≤–µ–∫–æ–º"" –≤ —Å–æ—Å—Ç–∞–≤–µ –∫–æ–º–∞–Ω–¥—ã DFM –µ—Å—Ç—å!
–≠—Ç–æ - –ê–ª–µ–∫—Å–µ–π –§–∏–ª–∏–ø–ø–æ–≤.
–ï—Å–ª–∏‚Ä¶‚Ä¶ https://t.co/hH2vUBUPrs"
DFMDANCE|864134351814098945|2017-05-15 15:04:18|"–õ–æ–≤–∏ 16/05 –≤ –≥–æ—Å—Ç—è—Ö —É –ë–∞—Å—Ç—ã –≤ ""Gazgolder Live"" - SUNSAY! https://t.co/cWd3BIeA54"
DFMDANCE|864134348865515522|2017-05-15 15:04:18|–í #–ø–æ–¥–∫–∞—Å—Ç—ãDFM https://t.co/1m5vSSBgfT –¥–æ–±–∞–≤–ª–µ–Ω #DCHART –æ—Ç 12 –º–∞—è. –°–ª—É—à–∞–π, –∫–∞–∫ —Ä–∞—Å–ø–æ–ª–æ–∂–∏–ª–∏—Å—å —Å–∞–º—ã–µ –≥–æ—Ä—è—á–∏–µ —Ö–∏—Ç—ã –≤‚Ä¶‚Ä¶ https://t.co/a3mrCbbKSp
DFMDANCE|864120800491823105|2017-05-15 14:10:28|#newmusic #dfm OCEANA - CAN'T STOP THINKING ABOUT YOU üëçhttps://t.co/UGR9jdpDRO #–Ω–æ–≤–∏–Ω–∫–∏ #–ª–æ–≤–∏–≤—ç—Ñ–∏—Ä–µ #oceana‚Ä¶ https://t.co/cpMyYPltqa
DFMDANCE|864113216716247040|2017-05-15 13:40:19|–í #–ø–æ–¥–∫–∞—Å—Ç—ãDFM https://t.co/1m5vSSBgfT –¥–æ–±–∞–≤–ª–µ–Ω 447 –∏ 448 –≤—ã–ø—É—Å–∫ —Ä–∞–¥–∏–æ—à–æ—É BOBINA #RUSSIAGOESCLUBBING #dfm https://t.co/vh4YxKc7lF
DFMDANCE|864106951667593216|2017-05-15 13:15:26|#newmusic #dfm ¬†ALOK &amp; BRUNO MARTINI FEAT. ZEEBA - NEVER LET ME GO üëç¬†https://t.co/GqIJEucVAM #–Ω–æ–≤–∏–Ω–∫–∏ #–ª–æ–≤–∏–≤—ç—Ñ–∏—Ä–µ‚Ä¶‚Ä¶ https://t.co/tP1EfEhaUi
DFMDANCE|864103761039548416|2017-05-15 13:02:45|–í #–ø–æ–¥–∫–∞—Å—Ç—ãDFM https://t.co/1m5vSSBgfT –¥–æ–±–∞–≤–ª–µ–Ω—ã –ø–æ—Å–ª–µ–¥–Ω–∏–µ –≤—ã–ø—É—Å–∫–∏ —Ä–∞–¥–∏–æ—à–æ—É SWANKY TUNES #SHOWLAND https://t.co/s7nDHuTEVT
DFMDANCE|864095617836089345|2017-05-15 12:30:24|#newmusic #dfm https://t.co/43HfsNLBQU FEAT. LAENZ - ACROSS THE WATERüëç¬†https://t.co/0XNgnfD9a0 #–Ω–æ–≤–∏–Ω–∫–∏ #–ª–æ–≤–∏–≤—ç—Ñ–∏—Ä–µ‚Ä¶ https://t.co/WY7ZhyFw9q
DFMDANCE|864092065482899456|2017-05-15 12:16:17|–ö—Ç–æ —Ç—ã –ø–æ —Ñ–æ—Ç–æ? –ü–æ—Å–ª–µ–¥–Ω–∏–µ –¥–≤–∞ –≤—ã–ø—É—Å–∫–∞ –†–∞–¥–∏–æ–ë–õ–û–ì–µ—Ä –°–ï–í–û–°–¢–¨–Ø–ù–û–í¬† –±—ã–ª –æ–∑–∞–¥–∞—á–µ–Ω –∏–º–µ–Ω–Ω–æ —ç—Ç–æ–π –ø—Ä–æ–±–ª–µ–º–æ–π. –ö—Å—Ç–∞—Ç–∏, –≤—ã–ø—É—Å–∫–∏‚Ä¶‚Ä¶ https://t.co/1GR0BJaE4f
DFMDANCE|864036652343283712|2017-05-15 08:36:05|"–ó–≤–µ–∑–¥–∞ —Å–µ—Ä–∏–∞–ª–∞ ¬´–ò–≥—Ä–∞ –ø—Ä–µ—Å—Ç–æ–ª–æ–≤¬ª –≠–º–∏–ª–∏—è –ö–ª–∞—Ä–∫ –≤–Ω–æ–≤—å –ø–æ–∫–∞–∂–µ—Ç —Å–≤–æ—é –Ω–∞–≥–æ—Ç—É, –Ω–æ —É–∂–µ –≤ –Ω–æ–≤–æ–º —Ñ–∏–ª—å–º–µ ¬´–ì–æ–ª–æ—Å –∏–∑ –∫–∞–º–Ω—è¬ª!
–í‚Ä¶‚Ä¶ https://t.co/ojc42E2dqZ"
DFMDANCE|863976196119384065|2017-05-15 04:35:51|–ê—Ä–º–∏–Ω –≤–∞–Ω –ë—é—Ä–µ–Ω –≤—ã–ø—É—Å—Ç–∏–ª —Ç—Ä–∏–¥—Ü–∞—Ç–∫—É –ª—É—á—à–∏—Ö –ø–µ—Å–µ–Ω. –°–ª—É—à–∞–µ–º —Å–±–æ—Ä–Ω–∏—á–µ–∫ –≤ –Ω–∞—à–µ–π –≥—Ä—É–ø–ø–µ –í–ö–æ–Ω—Ç–∞–∫—Ç–µ, –∞ –∑–¥–µ—Å—å - —á–∏—Ç–∞–µ–º‚Ä¶‚Ä¶ https://t.co/9SC6wEnUY0
DFMDANCE|863968532756869120|2017-05-15 04:05:24|"–ù–∞—á–∏–Ω–∞–µ–º —É—Ç—Ä–µ–Ω–Ω–∏–µ —Ç–∞–Ω—Ü—ã! –ü—Ä–∏–≤–µ—Ç!
#—É–º–Ω—ã–µ—Ç–∞–Ω—Ü—ã #dfm https://t.co/YeEQ9x4tio"
DFMDANCE|863794856572878848|2017-05-14 16:35:16|"–ó–≤–µ–∑–¥–∞ —Å–µ—Ä–∏–∞–ª–∞ ¬´–ò–≥—Ä–∞ –ø—Ä–µ—Å—Ç–æ–ª–æ–≤¬ª –≠–º–∏–ª–∏—è –ö–ª–∞—Ä–∫ –≤–Ω–æ–≤—å –ø–æ–∫–∞–∂–µ—Ç —Å–≤–æ—é –Ω–∞–≥–æ—Ç—É, –Ω–æ —É–∂–µ –≤ –Ω–æ–≤–æ–º —Ñ–∏–ª—å–º–µ ¬´–ì–æ–ª–æ—Å –∏–∑ –∫–∞–º–Ω—è¬ª!
–í‚Ä¶‚Ä¶ https://t.co/97Xgwx2axy"
DFMDANCE|863432147625013249|2017-05-13 16:34:00|–•—ç—à—Ç–µ–≥ #–µ–¥–µ–º–≤–∫—Ä—ã–º –ø–æ–ø–∞–ª –≤ —Ç–æ–ø —Ä–æ—Å—Å–∏–π—Å–∫–æ–≥–æ –¢–≤–∏—Ç—Ç–µ—Ä–∞! –í –∏–Ω—Ç–µ—Ä–Ω–µ—Ç–µ –∞–∫—Ç–∏–≤–Ω–æ —Ä–µ–ø–æ—Å—Ç—è—Ç –∫–ª–∏–ø #–Æ—Ä–ö–∏—Å—Å–∞ –∏ #–í–ª–∞–¥–∏–ú–∏—Ä–∞! #dfm https://t.co/XyIIwEbsuB
DFMDANCE|863042647832834057|2017-05-12 14:46:16|–ü–æ–ø–∞–¥–∏ –≤ –∫–æ–º–∞–Ω–¥—É –ª—é–±–∏–º–æ–π —Ä–∞–¥–∏–æ—Å—Ç–∞–Ω—Ü–∏–∏ –∏ –ø—Ä–∏–º–∏ —É—á–∞—Å—Ç–∏–µ –≤ –≥—Ä–∞–Ω–¥–∏–æ–∑–Ω–æ–º –µ–∂–µ–≥–æ–¥–Ω–æ–º –∑–∞–±–µ–≥–µ —Å –ø—Ä–µ–ø—è—Ç—Å—Ç–≤–∏—è–º–∏ ¬´–°—Ç–∞–Ω—å‚Ä¶‚Ä¶ https://t.co/77eOof2wLw
DFMDANCE|863035536361107457|2017-05-12 14:18:00|–í—ã–±–∏—Ä–∞–π, —á—Ç–æ —Å–º–æ—Ç—Ä–µ—Ç—å –≤ –∫–∏–Ω–æ! –í #–ø–æ–¥–∫–∞—Å—Ç—ãDFM https://t.co/1m5vSSBgfT –¥–æ–±–∞–≤–ª–µ–Ω –ø–æ—Å–ª–µ–¥–Ω–∏–π #KINOLIFE –û–ª–µ—Å–∏ –¢—Ä–∏—Ñ–æ–Ω–æ–≤–æ–π‚Ä¶‚Ä¶ https://t.co/S8NNRKlKqk
DFMDANCE|863029481572794368|2017-05-12 13:53:57|–í–ª–∞–¥–∏–º–∏—Ä –ò–≤–∞–Ω–æ–≤, –ì–∞—Ä—Ä–∏ –ö—Ä–∞—É–ª–∏—Å –∏ –ò–ª—å—è –ò–≤–∞–Ω–æ–≤ ‚Äì –±–∞—Å–∏—Å—Ç, –≤–æ–∫–∞–ª–∏—Å—Ç –∏ –±–∏—Ç–±–æ–∫—Å–µ—Ä –≥—Ä—É–ø–ø—ã Jukebox Trio ‚Äì–ø—Ä–æ–≤–µ–ª–∏ —É—Ç—Ä–æ –≤‚Ä¶‚Ä¶ https://t.co/B9lQ8zDNvR
DFMDANCE|863024051677261824|2017-05-12 13:32:22|–¢–µ–ª–µ–≤–µ–¥—É—â–∞—è —Ç—Ä–µ–≤–µ–ª-—à–æ—É ¬´–û—Ä–µ–ª –∏ —Ä–µ—à–∫–∞. –ü–µ—Ä–µ–∑–∞–≥—Ä—É–∑–∫–∞¬ª, –±–ª–æ–≥–µ—Ä –ù–∞—Å—Ç—è –ò–≤–ª–µ–µ–≤–∞ —Å—Ç–∞–Ω–µ—Ç –≥–æ—Å—Ç—å–µ–π —É—Ç—Ä–µ–Ω–Ω–µ–≥–æ —à–æ—É VITAMIN D —Å‚Ä¶‚Ä¶ https://t.co/QZfhaIVxeK
DFMDANCE|863009831875227648|2017-05-12 12:35:52|"–° 6 –ø–æ 19 –º–∞—è —Å–ª—É—à–∞–π —Ä–∞–¥–∏–æ DFM –∏ –≤—ã–∏–≥—Ä—ã–≤–∞–π –±–∏–ª–µ—Ç—ã –Ω–∞ —Å–æ–ª—å–Ω—ã–π –∫–æ–Ω—Ü–µ—Ä—Ç L‚ÄôOne!

20 –º–∞—è —Ä—ç–ø–µ—Ä —Å–æ–±–∏—Ä–∞–µ—Ç Stadium live! –£‚Ä¶‚Ä¶ https://t.co/UlnzqllCiu"
DFMDANCE|862964497354567680|2017-05-12 09:35:43|"–ó–≤–µ–∑–¥–∞ —Å–µ—Ä–∏–∞–ª–∞ ¬´–ò–≥—Ä–∞ –ø—Ä–µ—Å—Ç–æ–ª–æ–≤¬ª –≠–º–∏–ª–∏—è –ö–ª–∞—Ä–∫ –≤–Ω–æ–≤—å –ø–æ–∫–∞–∂–µ—Ç —Å–≤–æ—é –Ω–∞–≥–æ—Ç—É, –Ω–æ —É–∂–µ –≤ –Ω–æ–≤–æ–º —Ñ–∏–ª—å–º–µ ¬´–ì–æ–ª–æ—Å –∏–∑ –∫–∞–º–Ω—è¬ª!
–í‚Ä¶‚Ä¶ https://t.co/VzwMsznmm4"
DFMDANCE|862888938335285249|2017-05-12 04:35:29|#–ü–µ–≤–µ—Ü #Alekseev –≤—ã–ø—É—Å—Ç–∏–ª #–∫–ª–∏–ø –Ω–∞ –ø–µ—Å–Ω—é ¬´–ß—É–≤—Å—Ç–≤—É—é –¥—É—à–æ–π¬ª, –≤ –∫–æ—Ç–æ—Ä–æ–º —Ä–∞—Å—Å–∫–∞–∑–∞–ª –∏—Å—Ç–æ—Ä–∏—é –≤–µ—á–Ω–æ –º–æ–ª–æ–¥–æ–≥–æ –î–æ—Ä–∏–∞–Ω–∞ –ì—Ä–µ—è‚Ä¶‚Ä¶ https://t.co/8n3r34UX7W
DFMDANCE|862880175289225216|2017-05-12 04:00:39|"–ö–æ—Ä–æ—Ç–∫–∞—è —Ä–∞–±–æ—á–∞—è –Ω–µ–¥–µ–ª—è –∑–∞–≤–µ—Ä—à–∞–µ—Ç—Å—è! - —Ç–æ–∂–µ —É–º–Ω–∞—è –º—ã—Å–ª—å
#—É–º–Ω—ã–µ—Ç–∞–Ω—Ü—ã #dfm https://t.co/WjkCu7sqIO"
DFMDANCE|862707850048614400|2017-05-11 16:35:54|"–°–µ–ª–µ–Ω–∞ –ì–æ–º–µ—Å –ø–æ–∑–Ω–∞–∫–æ–º–∏–ª–∞ Weeknd-–∞ —Å–æ —Å–≤–æ–∏–º–∏ —Ä–æ–¥–∏—Ç–µ–ª—è–º–∏.
–ü–æ—Å–ª–µ –≤—Å—Ç—Ä–µ—á–∏ –º–∞–º–∞ –∏ –ø–∞–ø–∞ –ø–µ–≤–∏—Ü—ã –æ—Å—Ç–∞–ª–∏—Å—å –¥–æ–≤–æ–ª—å–Ω—ã –≤—ã–±–æ—Ä–æ–º‚Ä¶‚Ä¶ https://t.co/x8oLGnpBZS"
DFMDANCE|862692756787011585|2017-05-11 15:35:55|"–ù–∞–∑–≤–∞–Ω—ã —Å–∞–º—ã–µ –±–æ–≥–∞—Ç—ã–µ —Ä—ç–ø–µ—Ä—ã –≥–æ–¥–∞.
–ü–æ –≤–µ—Ä—Å–∏–∏ –∂—É—Ä–Ω–∞–ª–∞ ¬´Forbes¬ª —Ä–µ–π—Ç–∏–Ω–≥ –≤–Ω–æ–≤—å –≤–æ–∑–≥–ª–∞–≤–∏–ª —Ö–∏–ø-—Ö–æ–ø-–∏—Å–ø–æ–ª–Ω–∏—Ç–µ–ª—å –®–æ–Ω –ö–æ–º–±—Å‚Ä¶ https://t.co/8urC9MeNdH"
DFMDANCE|862685579607257089|2017-05-11 15:07:24|"–¢—Ä–∏ SEREBRO –ø—Ä–µ–¥—Å—Ç–∞–≤–∏–ª–æ –Ω–æ–≤—ã–π –ª–µ—Ç–Ω–∏–π —Ç—Ä–µ–∫ ""–ú–µ–∂–¥—É –Ω–∞–º–∏ –ª—é–±–æ–≤—å"". –ü–æ—Å–ª—É—à–∞—Ç—å –º–æ–∂–Ω–æ –≤ –Ω–∞—à–µ–π –≥—Ä—É–ø–ø–µ –í–ö
#dfm #serebro‚Ä¶ https://t.co/X1kGyMNe8r"
DFMDANCE|862673855193767937|2017-05-11 14:20:49|"–ü—Ä–µ–º–∏—é ¬´–ì—Ä—ç–º–º–∏¬ª –ø–µ—Ä–µ–Ω–µ—Å–ª–∏ –∏–∑ –õ–æ—Å-–ê–Ω–¥–∂–µ–ª–µ—Å–∞ –≤ –ù—å—é-–ô–æ—Ä–∫.
60-—è —Ü–µ—Ä–µ–º–æ–Ω–∏—è –≤—Ä—É—á–µ–Ω–∏—è –Ω–∞–≥—Ä–∞–¥ –ê–º–µ—Ä–∏–∫–∞–Ω—Å–∫–æ–π –∞–∫–∞–¥–µ–º–∏–∏‚Ä¶‚Ä¶ https://t.co/I6BB4wWPVJ"
DFMDANCE|862662522322776065|2017-05-11 13:35:47|"–ö—ç—Ç–∏ –ü–µ—Ä—Ä–∏ –ø–æ–º–æ–∂–µ—Ç –ö–µ–ª–≤–∏–Ω—É –•–∞—Ä—Ä–∏—Å—É —Å –∞–ª—å–±–æ–º–æ–º.
–≠—Ç–∞ –Ω–æ–≤–æ—Å—Ç—å –≤—ã–∑–≤–∞–ª–∞ –∞–∂–∏–æ—Ç–∞–∂ —Å—Ä–µ–¥–∏ —Ñ–∞–Ω–∞—Ç–æ–≤, –æ—Å–æ–±–µ–Ω–Ω–æ –≤ —Å–≤—è–∑–∏ —Å —Ç–µ–º‚Ä¶‚Ä¶ https://t.co/RRlqNFGAsi"
DFMDANCE|862643631630553088|2017-05-11 12:20:43|"–ë—É–∫–º–µ–∫–µ—Ä—ã –≤—ã—á–∏—Å–ª–∏–ª–∏ –ø–æ–±–µ–¥–∏—Ç–µ–ª—è ¬´–ï–≤—Ä–æ–≤–∏–¥–µ–Ω–∏—è-2017¬ª.
–í —á–∏—Å–ª–µ –ª–∏–¥–µ—Ä–æ–≤ ‚Äì –ø—Ä–µ–¥—Å—Ç–∞–≤–∏—Ç–µ–ª—å –ò—Ç–∞–ª–∏–∏ –§—Ä–∞–Ω—á–µ—Å–∫–æ –ì–∞–±–±–∏–∞–Ω–∏‚Ä¶‚Ä¶ https://t.co/axptC1auEf"
DFMDANCE|862636071716360192|2017-05-11 11:50:41|"13 –º–∞—è ¬´–§–ª–∞–∫–æ–Ω¬ª –æ—Ç–º–µ—Ç–∏—Ç –¥–µ–Ω—å —Ä–æ–∂–¥–µ–Ω–∏—è. –î–∏–∑–∞–π–Ω-–∑–∞–≤–æ–¥—É –∏—Å–ø–æ–ª–Ω—è–µ—Ç—Å—è 8 –ª–µ—Ç.
–í —ç—Ç–æ—Ç –¥–µ–Ω—å –ø—Ä–∏ –ø–æ–¥–¥–µ—Ä–∂–∫–µ DFM —Å–æ—Å—Ç–æ–∏—Ç—Å—è‚Ä¶‚Ä¶ https://t.co/bWky3c1OSb"
DFMDANCE|862526509730365440|2017-05-11 04:35:19|"–ì–æ–ª–ª–∞–Ω–¥—Å–∫–∏–π –ø—Ä–æ–¥—é—Å–µ—Ä—Å–∫–∏–π –∏ –¥–∏-–¥–∂–µ–π –¥—É—ç—Ç #YellowClaw –ø—Ä–µ–¥—Å—Ç–∞–≤–∏–ª #–∫–ª–∏–ø –Ω–∞ —Ç—Ä–µ–∫ ""Good day"". –°–º–æ—Ç—Ä–∏ –µ–≥–æ –≤ –Ω–∞—à–µ–π –≥—Ä—É–ø–ø–µ‚Ä¶‚Ä¶ https://t.co/ygnH0l1bvs"
DFMDANCE|862517749007953921|2017-05-11 04:00:30|"–î–æ–±—Ä–æ–≥–æ —É—Ç—Ä–∞ –∏ –º–Ω–æ–≥–æ —Å–µ–∫—É–Ω–¥ —Å—á–∞—Å—Ç—å—è!
#—É–º–Ω—ã–µ—Ç–∞–Ω—Ü—ã #dfm https://t.co/wO8gcwjcwz"
DFMDANCE|862335604255850497|2017-05-10 15:56:44|–í –ø—è—Ç–Ω–∏—Ü—É 12-–≥–æ –≤—Å—Ç—Ä–µ—á–∞–µ–º –≤ –≥–æ—Å—Ç—è—Ö —É—Ç—Ä–µ–Ω–Ω–µ–≥–æ —à–æ—É #VitaminD —Å –Æ–ª–µ–π –ü–∞–≥–æ –≥—Ä—É–ø–ø—É #JukeboxTrio! https://t.co/SwUspTyP5v
DFMDANCE|862300095664070656|2017-05-10 13:35:38|"–ó–≤–µ–∑–¥–∞ —Å–µ—Ä–∏–∞–ª–∞ ¬´–ò–≥—Ä–∞ –ø—Ä–µ—Å—Ç–æ–ª–æ–≤¬ª –≠–º–∏–ª–∏—è –ö–ª–∞—Ä–∫ –≤–Ω–æ–≤—å –ø–æ–∫–∞–∂–µ—Ç —Å–≤–æ—é –Ω–∞–≥–æ—Ç—É, –Ω–æ —É–∂–µ –≤ –Ω–æ–≤–æ–º —Ñ–∏–ª—å–º–µ ¬´–ì–æ–ª–æ—Å –∏–∑ –∫–∞–º–Ω—è¬ª!
–í‚Ä¶‚Ä¶ https://t.co/8jDyQZNHDb"
DFMDANCE|862299088376791040|2017-05-10 13:31:38|–í #–ø–æ–¥–∫–∞—Å—Ç—ãDFM https://t.co/1m5vSSBgfT –¥–æ–±–∞–≤–ª–µ–Ω 309 –≤—ã–ø—É—Å–∫ —Ä–∞–¥–∏–æ—à–æ—É DJ JIM¬† #ELECTROSPEED https://t.co/dccIFFaXc0
DFMDANCE|862298932835229696|2017-05-10 13:31:00|SEREBRO –ø–æ–∫–æ—Ä–∏–ª–∏ –∫–∏—Ç–∞–π—Å–∫–∏–π —à–æ—É-–±–∏–∑–Ω–µ—Å! –ò–∑–≤–µ—Å—Ç–Ω—ã–π –≥—ë—Ä–ª–∑-–±—ç–Ω–¥ –ø—Ä–µ–¥—Å—Ç–∞–≤–∏–ª –ø—É–±–ª–∏–∫–µ —Å–≤–æ—ë –≤—ã—Å—Ç—É–ø–ª–µ–Ω–∏–µ –Ω–∞ —à–æ—É —Ç–∞–ª–∞–Ω—Ç–æ–≤ –≤‚Ä¶‚Ä¶ https://t.co/9DqkuFuC0l
DFMDANCE|862294552559878144|2017-05-10 13:13:36|–í #–ø–æ–¥–∫–∞—Å—Ç—ãDFM https://t.co/1m5vSSBgfT –¥–æ–±–∞–≤–ª–µ–Ω —Å–≤–µ–∂–∏–π –≤—ã–ø—É—Å–∫ —Ä–∞–¥–∏–æ—à–æ—É DJ NOIZ #GOODNOIZING #dfm #djnoiz https://t.co/N7cbIMHTMk
DFMDANCE|862288783525515264|2017-05-10 12:50:41|–í #–ø–æ–¥–∫–∞—Å—Ç—ãDFM https://t.co/1m5vSSBgfT –¥–æ–±–∞–≤–ª–µ–Ω 017 –≤—ã–ø—É—Å–∫ —Ä–∞–¥–∏–æ—à–æ—É MAGNIT &amp; SLIDER #magnitandslider‚Ä¶ https://t.co/H5ZvrA0joa
DFMDANCE|862279695710158848|2017-05-10 12:14:34|"–ù–∏–∫–∏ –ú–∏–Ω–∞–∂ –∑–∞–∂–≥–ª–∞ –æ–≥–æ–Ω—å –≤ –î—ç–≤–∏–¥–µ –ì–µ—Ç—Ç–µ –≤ –Ω–æ–≤–æ–º –∫–ª–∏–ø–µ ¬´Light My Body Up¬ª! –í–∏–¥–µ–æ –∏—â–∏ –≤ –Ω–∞—à–µ–π –≥—Ä—É–ø–ø–µ –í–ö
#–Ω–∏–∫–∏–º–∏–Ω–∞–∂‚Ä¶‚Ä¶ https://t.co/nvw5UTtjaX"
DFMDANCE|862279209208745986|2017-05-10 12:12:38|–í—ã–±–∏—Ä–∞–π, —á—Ç–æ —Å–º–æ—Ç—Ä–µ—Ç—å –≤ –∫–∏–Ω–æ! –í #–ø–æ–¥–∫–∞—Å—Ç—ãDFM https://t.co/1m5vSSBgfT –¥–æ–±–∞–≤–ª–µ–Ω –ø–æ—Å–ª–µ–¥–Ω–∏–π #KINOLIFE –û–ª–µ—Å–∏ –¢—Ä–∏—Ñ–æ–Ω–æ–≤–æ–π‚Ä¶‚Ä¶ https://t.co/PfzScmxP2k
DFMDANCE|862269875150049280|2017-05-10 11:35:33|–í –ö–∏–µ–≤–µ –∑–∞–≤–µ—Ä—à–∏–ª—Å—è –ø–µ—Ä–≤—ã–π –ø–æ–ª—É—Ñ–∏–Ω–∞–ª –ø–µ—Å–µ–Ω–Ω–æ–≥–æ –∫–æ–Ω–∫—É—Ä—Å–∞, –ø–æ —Ä–µ–∑—É–ª—å—Ç–∞—Ç–∞–º –∫–æ—Ç–æ—Ä–æ–≥–æ –≤ —Ñ–∏–Ω–∞–ª –ø—Ä–æ—à–ª–∏ –ø—Ä–µ–¥—Å—Ç–∞–≤–∏—Ç–µ–ª–∏‚Ä¶‚Ä¶ https://t.co/seeLGT7v0r
DFMDANCE|862224537458528256|2017-05-10 08:35:23|"–° 6 –ø–æ 19 –º–∞—è —Å–ª—É—à–∞–π —Ä–∞–¥–∏–æ DFM –∏ –≤—ã–∏–≥—Ä—ã–≤–∞–π –±–∏–ª–µ—Ç—ã –Ω–∞ —Å–æ–ª—å–Ω—ã–π –∫–æ–Ω—Ü–µ—Ä—Ç L‚ÄôOne!

20 –º–∞—è —Ä—ç–ø–µ—Ä —Å–æ–±–∏—Ä–∞–µ—Ç Stadium live! –£‚Ä¶‚Ä¶ https://t.co/Iy0EajFUUK"
DFMDANCE|862164093205176320|2017-05-10 04:35:12|"–í –õ–æ—Å-–ê–Ω–¥–∂–µ–ª–µ—Å–µ –ø—Ä–æ—à–ª–∞ 26-—è —Ü–µ—Ä–µ–º–æ–Ω–∏—è –≤—Ä—É—á–µ–Ω–∏—è –ø—Ä–µ–º–∏–∏ MTV Movie &amp; TV Awards.
–° —ç—Ç–æ–≥–æ –≥–æ–¥–∞ –±—ã–ª–æ —Ä–µ—à–µ–Ω–æ –æ—Ç–∫–∞–∑–∞–ª—Å—è –æ—Ç‚Ä¶‚Ä¶ https://t.co/qI63jRLUuM"
DFMDANCE|862155360886546434|2017-05-10 04:00:30|"–ú–µ–Ω—è—Ç—å-–Ω–µ –º–µ–Ω—è—Ç—å, –Ω–µ –≤–∞–∂–Ω–æ. #DFM –≤—Å–µ–≥–¥–∞ –≤ –æ–Ω–ª–∞–π–Ω–µ –º–æ–∂–Ω–æ –Ω–∞–π—Ç–∏!
#—É–º–Ω—ã–µ—Ç–∞–Ω—Ü—ã #dfm https://t.co/ov9SShmd1h"
DFMDANCE|861877228396740609|2017-05-09 09:35:18|"–° 6 –ø–æ 19 –º–∞—è —Å–ª—É—à–∞–π —Ä–∞–¥–∏–æ DFM –∏ –≤—ã–∏–≥—Ä—ã–≤–∞–π –±–∏–ª–µ—Ç—ã –Ω–∞ —Å–æ–ª—å–Ω—ã–π –∫–æ–Ω—Ü–µ—Ä—Ç L‚ÄôOne!

20 –º–∞—è —Ä—ç–ø–µ—Ä —Å–æ–±–∏—Ä–∞–µ—Ç Stadium live! –£‚Ä¶‚Ä¶ https://t.co/qBNnTdJR4D"
DFMDANCE|861842289139879936|2017-05-09 07:16:28|–° –ø—Ä–∞–∑–¥–Ω–∏–∫–æ–º! –° —Å–∞–º—ã–º –≥–ª–∞–≤–Ω—ã–º –ø—Ä–∞–∑–¥–Ω–∏–∫–æ–º –≤ –≥–æ–¥—É - —Å –î–Ω—ë–º –ü–æ–±–µ–¥—ã –∫–∞–∂–¥–æ–≥–æ! –ú–∏—Ä–Ω–æ–≥–æ –Ω–µ–±–∞ –Ω–∞–¥ –≥–æ–ª–æ–≤–æ–π –≤—Å–µ–º –Ω–∞–º!‚Ä¶ https://t.co/9maT2VBPKb
DFMDANCE|861793272582295552|2017-05-09 04:01:42|"–ü—Ä–∞–≤–∏–ª—å–Ω—ã–µ –º—ã—Å–ª–∏ –≤ –ø–∞–º—è—Ç–Ω—ã–π –¥–µ–Ω—å, —Å —ç—Ç–æ–≥–æ –∏ –Ω–∞—á–Ω–µ–º!
#—É–º–Ω—ã–µ—Ç–∞–Ω—Ü—ã #dfm https://t.co/UPNPPPJY8g"
DFMDANCE|861620593581580289|2017-05-08 16:35:32|"–° 6 –ø–æ 19 –º–∞—è —Å–ª—É—à–∞–π —Ä–∞–¥–∏–æ DFM –∏ –≤—ã–∏–≥—Ä—ã–≤–∞–π –±–∏–ª–µ—Ç—ã –Ω–∞ —Å–æ–ª—å–Ω—ã–π –∫–æ–Ω—Ü–µ—Ä—Ç L‚ÄôOne!

20 –º–∞—è —Ä—ç–ø–µ—Ä —Å–æ–±–∏—Ä–∞–µ—Ç Stadium live! –£‚Ä¶‚Ä¶ https://t.co/w87L7VUM2s"
DFMDANCE|861430821768626176|2017-05-08 04:01:27|"–ü–æ–Ω–µ–¥–µ–ª—å–Ω–∏–∫, –∞ –≤—ã—Ö–æ–¥–Ω—ã–µ –ø—Ä–æ–¥–æ–ª–∂–∞—é—Ç—Å—è!
#—É–º–Ω—ã–µ—Ç–∞–Ω—Ü—ã #dfm https://t.co/nO7EJkMEXL"
DFMDANCE|861212852786475012|2017-05-07 13:35:19|"–° 6 –ø–æ 19 –º–∞—è —Å–ª—É—à–∞–π —Ä–∞–¥–∏–æ DFM –∏ –≤—ã–∏–≥—Ä—ã–≤–∞–π –±–∏–ª–µ—Ç—ã –Ω–∞ —Å–æ–ª—å–Ω—ã–π –∫–æ–Ω—Ü–µ—Ä—Ç L‚ÄôOne!

20 –º–∞—è —Ä—ç–ø–µ—Ä —Å–æ–±–∏—Ä–∞–µ—Ç Stadium live! –£‚Ä¶‚Ä¶ https://t.co/ZRTuG3k04E"
DFMDANCE|861197742294564865|2017-05-07 12:35:16|"–ó–≤–µ–∑–¥–∞ —Å–µ—Ä–∏–∞–ª–∞ ¬´–ò–≥—Ä–∞ –ø—Ä–µ—Å—Ç–æ–ª–æ–≤¬ª –≠–º–∏–ª–∏—è –ö–ª–∞—Ä–∫ –≤–Ω–æ–≤—å –ø–æ–∫–∞–∂–µ—Ç —Å–≤–æ—é –Ω–∞–≥–æ—Ç—É, –Ω–æ —É–∂–µ –≤ –Ω–æ–≤–æ–º —Ñ–∏–ª—å–º–µ ¬´–ì–æ–ª–æ—Å –∏–∑ –∫–∞–º–Ω—è¬ª!
–í‚Ä¶‚Ä¶ https://t.co/Bf338hDnqO"
DFMDANCE|861108840678531072|2017-05-07 06:42:00|7 –º–∞—è –∫–æ–º–∞–Ω–¥–∞ DFM –ø—Ä–∏–Ω–∏–º–∞–µ—Ç –ø–æ–∑–¥—Ä–∞–≤–ª–µ–Ω–∏—è —Å –ø—Ä–æ—Ñ–µ—Å—Å–∏–æ–Ω–∞–ª—å–Ω—ã–º –ø—Ä–∞–∑–¥–Ω–∏–∫–æ–º –∏ –ø–æ–∑–¥—Ä–∞–≤–ª—è–µ—Ç –≤—Å–µ—Ö, –∫—Ç–æ —Ç–∞–∫ –∂–µ –∫–∞–∫ –∏ –º—ã‚Ä¶‚Ä¶ https://t.co/kYoQgXTJ0f
DFMDANCE|860820227399049216|2017-05-06 11:35:10|"–° 6 –ø–æ 19 –º–∞—è —Å–ª—É—à–∞–π —Ä–∞–¥–∏–æ DFM –∏ –≤—ã–∏–≥—Ä—ã–≤–∞–π –±–∏–ª–µ—Ç—ã –Ω–∞ —Å–æ–ª—å–Ω—ã–π –∫–æ–Ω—Ü–µ—Ä—Ç L‚ÄôOne!

20 –º–∞—è —Ä—ç–ø–µ—Ä —Å–æ–±–∏—Ä–∞–µ—Ç Stadium live! –£‚Ä¶‚Ä¶ https://t.co/vOzZVHpHUK"
DFMDANCE|860789058334752768|2017-05-06 09:31:18|–í #–ø–æ–¥–∫–∞—Å—Ç—ãDFM https://t.co/1m5vSSBgfT –¥–æ–±–∞–≤–ª–µ–Ω –ø–æ—Å–ª–µ–¥–Ω–∏–π –≤—ã–ø—É—Å–∫ #BASSLANDSHOW DJ PROFIT #djprofit #–¥–∏–¥–∂–µ–π–ø—Ä–æ—Ñ–∏—Ç‚Ä¶ https://t.co/KXtmdd9V9S
DFMDANCE|860772125191413760|2017-05-06 08:24:01|–í #–ø–æ–¥–∫–∞—Å—Ç—ãDFM https://t.co/1m5vSSBgfT –¥–æ–±–∞–≤–ª–µ–Ω —Å–≤–µ–∂–∏–π –≤—ã–ø—É—Å–∫ #—Ä–∞–¥–∏–æ—à–æ—É DJ GROOVE¬† #–¢–ê–ù–¶–´–î–õ–Ø–í–°–ï–• #–¥–∏–¥–∂–µ–π–≥—Ä—É–≤‚Ä¶ https://t.co/HjiepGMC99
DFMDANCE|860755022291902466|2017-05-06 07:16:04|–í #–ø–æ–¥–∫–∞—Å—Ç—ãDFM https://t.co/1m5vSSBgfT –¥–æ–±–∞–≤–ª–µ–Ω —Å–≤–µ–∂–∏–π –≤—ã–ø—É—Å–∫ —Ä–∞–¥–∏–æ—à–æ—É DJ –î–ê–ù #–¥–∏–¥–∂–µ–π–¥–∞–Ω–ø–æ—Å—Ä–µ–¥–∞–º #dj–¥–∞–Ω #dfm https://t.co/AUNzhhR2ZB
DFMDANCE|860547332848459777|2017-05-05 17:30:47|–í #–ø–æ–¥–∫–∞—Å—Ç—ãDFM https://t.co/1m5vSSBgfT –¥–æ–±–∞–≤–ª–µ–Ω 42 –≤—ã–ø—É—Å–∫¬† —à–æ—É #GAZGOLDERLIVE –Ω–∞ #DFM ‚Äì –•–∞—Å–∫–∏ https://t.co/btnbn9ve0i
DFMDANCE|860532297963102210|2017-05-05 16:31:02|–í #–ø–æ–¥–∫–∞—Å—Ç—ãDFM https://t.co/1m5vSSBgfT –¥–æ–±–∞–≤–ª–µ–Ω –ø–æ—Å–ª–µ–¥–Ω–∏–π –≤—ã–ø—É—Å–∫ —Ä–∞–¥–∏–æ—à–æ—É DJ Ivan Spell #SPELLWASHERE ! #ivanspell‚Ä¶ https://t.co/LfJIIDpcgN
DFMDANCE|860517256807288834|2017-05-05 15:31:16|–í #–ø–æ–¥–∫–∞—Å—Ç—ãDFM https://t.co/1m5vSSBgfT –¥–æ–±–∞–≤–ª–µ–Ω 101 –≤—ã–ø—É—Å–∫ —Ä–∞–¥–∏–æ—à–æ—É DJ PITKIN #dfm #djpitkin #radioshow https://t.co/dWqi3JLmLU
DFMDANCE|860508227519250432|2017-05-05 14:55:23|"–° 6 –ø–æ 19 –º–∞—è —Å–ª—É—à–∞–π —Ä–∞–¥–∏–æ DFM –∏ –≤—ã–∏–≥—Ä—ã–≤–∞–π –±–∏–ª–µ—Ç—ã –Ω–∞ —Å–æ–ª—å–Ω—ã–π –∫–æ–Ω—Ü–µ—Ä—Ç L‚ÄôOne!

20 –º–∞—è —Ä—ç–ø–µ—Ä —Å–æ–±–∏—Ä–∞–µ—Ç Stadium live! –£‚Ä¶‚Ä¶ https://t.co/wNV2naz3CO"
DFMDANCE|860505925865676800|2017-05-05 14:46:14|–í #–ø–æ–¥–∫–∞—Å—Ç—ãDFM https://t.co/1m5vSSBgfT –¥–æ–±–∞–≤–ª–µ–Ω 17 –≤—ã–ø—É—Å–∫ —Ä–∞–¥–∏–æ—à–æ—É #MASTEREO by #ASTERO #DFM https://t.co/wHY82iM19E
DFMDANCE|860412741282136064|2017-05-05 08:35:57|"–ó–≤–µ–∑–¥–∞ —Å–µ—Ä–∏–∞–ª–∞ ¬´–ò–≥—Ä–∞ –ø—Ä–µ—Å—Ç–æ–ª–æ–≤¬ª –≠–º–∏–ª–∏—è –ö–ª–∞—Ä–∫ –≤–Ω–æ–≤—å –ø–æ–∫–∞–∂–µ—Ç —Å–≤–æ—é –Ω–∞–≥–æ—Ç—É, –Ω–æ —É–∂–µ –≤ –Ω–æ–≤–æ–º —Ñ–∏–ª—å–º–µ ¬´–ì–æ–ª–æ—Å –∏–∑ –∫–∞–º–Ω—è¬ª!
–í‚Ä¶‚Ä¶ https://t.co/4MJEyEi5jF"
DFMDANCE|860406763916578816|2017-05-05 08:12:12|"Warner Music Russia –∏ —Ä–∞–¥–∏–æ—Å—Ç–∞–Ω—Ü–∏—è DFM –ø—Ä–µ–¥—Å—Ç–∞–≤–ª—è—é—Ç —Å–±–æ—Ä–Ω–∏–∫ —Ç–∞–Ω—Ü–µ–≤–∞–ª—å–Ω—ã—Ö —Ö–∏—Ç–æ–≤ DFM Dance 8.

–î–ª—è —Ç–µ–±—è —Å–æ–∑–¥–∞–Ω–∞‚Ä¶‚Ä¶ https://t.co/707oZZ57Cu"
DFMDANCE|860344733889171456|2017-05-05 04:05:43|"–ü—è—Ç–Ω–∏—Ü–∞, –∑–¥—Ä–∞–≤—Å—Ç–≤—É–π, –¥–æ—Ä–æ–≥–∞—è!
#—É–º–Ω—ã–µ—Ç–∞–Ω—Ü—ã #dfm https://t.co/Ow2858Hgni"
DFMDANCE|860062417073692672|2017-05-04 09:23:54|"–ï–ª–µ–Ω–∞ –¢–µ–º–Ω–∏–∫–æ–≤–∞ @lenatemnikovaofficial –≤—ã–ø—É—Å—Ç–∏–ª–∞ –∫–ª–∏–ø –Ω–∞ —Å–≤–æ–π —Ç—Ä–µ–∫ ""–ù–µ –æ–±–≤–∏–Ω—è–π –º–µ–Ω—è"". –°–º–æ—Ç—Ä–∏–º –≤–∏–¥–µ–æ –≤ –Ω–∞—à–µ–º‚Ä¶‚Ä¶ https://t.co/TKoaeJ37TQ"
DFMDANCE|860058185838866432|2017-05-04 09:07:05|"DFM –ö–∞–∑–∞–Ω—å @dfmkazan –ø—Ä–µ–¥—Å—Ç–∞–≤–ª—è–µ—Ç —à–∞—à–ª—ã—á–Ω—ã–π —Ñ–æ—Ç–æ–∫–æ–Ω–∫—É—Ä—Å #–ú–ê–ù–ì–ê–õ–æ–∏–¥—ã!
–î–æ 15 –º–∞—è —Å–ª—É—à–∞—Ç–µ–ª–∏ –≤—ã–∫–ª–∞–¥—ã–≤–∞—é—Ç –≤ —Å–ø–µ—Ü‚Ä¶‚Ä¶ https://t.co/2eQFcsVASU"
DFMDANCE|859989870009253889|2017-05-04 04:35:37|Artik&amp;Asti –ø—Ä–µ–¥—Å—Ç–∞–≤–∏–ª–∏ –Ω–æ–≤—ã–π –∫–ª–∏–ø –Ω–∞ –ø–µ—Å–Ω—é ¬´–ù–µ–¥–µ–ª–∏–º—ã¬ª. –ï–≥–æ —Å–º–æ—Ç—Ä–∏—Ç–µ –≤ –Ω–∞—à–µ–π –æ—Ñ–∏—Ü–∏–∞–ª—å–Ω–æ–π –≥—Ä—É–ø–ø–µ –í–ö–æ–Ω—Ç–∞–∫—Ç–µ, –∞ –∑–¥–µ—Å—å‚Ä¶‚Ä¶ https://t.co/pz6KsnmOqA
DFMDANCE|859981083038945282|2017-05-04 04:00:42|"–ü—Ä–∏–≤–µ—Ç! –° –¥–æ–±—Ä—ã–π —É—Ç—Ä–æ–º! –•–æ—Ä–æ—à–µ–≥–æ –¥–Ω—è! –ü—Ä–∏—è—Ç–Ω–æ–≥–æ –≤–µ—á–µ—Ä–∞! ;)
#dfm #—É–º–Ω—ã–µ—Ç–∞–Ω—Ü—ã https://t.co/FGXxrVlKsW"
DFMDANCE|859807674250211330|2017-05-03 16:31:38|–í #–ø–æ–¥–∫–∞—Å—Ç—ãDFM https://t.co/1m5vSSBgfT –¥–æ–±–∞–≤–ª–µ–Ω 446 –≤—ã–ø—É—Å–∫ —Ä–∞–¥–∏–æ—à–æ—É BOBINA #RUSSIAGOESCLUBBING #dfm https://t.co/E8OqRIuSRn
DFMDANCE|859792786039742466|2017-05-03 15:32:29|–í #–ø–æ–¥–∫–∞—Å—Ç—ãDFM https://t.co/1m5vSSBgfT –¥–æ–±–∞–≤–ª–µ–Ω –ø–æ—Å–ª–µ–¥–Ω–∏–π –≤—ã–ø—É—Å–∫ —Ä–∞–¥–∏–æ—à–æ—É DJ ANTONIO #dfm #djantonio https://t.co/rrGNNKGZZM
DFMDANCE|859777574188322827|2017-05-03 14:32:02|–í #–ø–æ–¥–∫–∞—Å—Ç—ãDFM https://t.co/1m5vSSBgfT –¥–æ–±–∞–≤–ª–µ–Ω –ø–æ—Å–ª–µ–¥–Ω–∏–π –≤—ã–ø—É—Å–∫ —Ä–∞–¥–∏–æ—à–æ—É DJ VINI #djvini #dfm https://t.co/jQmewvI8Xm
DFMDANCE|859762419131973632|2017-05-03 13:31:48|–í #–ø–æ–¥–∫–∞—Å—Ç—ãDFM https://t.co/1m5vSSBgfT –¥–æ–±–∞–≤–ª–µ–Ω #DCHART –æ—Ç 28 –∞–ø—Ä–µ–ª—è. –°–ª—É—à–∞–π, –∫–∞–∫ —Ä–∞—Å–ø–æ–ª–æ–∂–∏–ª–∏—Å—å —Å–∞–º—ã–µ –≥–æ—Ä—è—á–∏–µ —Ö–∏—Ç—ã‚Ä¶‚Ä¶ https://t.co/RM77U0Xum4
DFMDANCE|859756427111538688|2017-05-03 13:08:00|–í #–ø–æ–¥–∫–∞—Å—Ç—ãDFM https://t.co/1m5vSSBgfT –¥–æ–±–∞–≤–ª–µ–Ω –ø–æ—Å–ª–µ–¥–Ω–∏–π –≤—ã–ø—É—Å–∫ —Ä–∞–¥–∏–æ—à–æ—É SWANKY TUNES #SHOWLAND https://t.co/iJRMKW2Pbh
DFMDANCE|859733249286918144|2017-05-03 11:35:54|"–ó–≤–µ–∑–¥–∞ —Å–µ—Ä–∏–∞–ª–∞ ¬´–ò–≥—Ä–∞ –ø—Ä–µ—Å—Ç–æ–ª–æ–≤¬ª –≠–º–∏–ª–∏—è –ö–ª–∞—Ä–∫ –≤–Ω–æ–≤—å –ø–æ–∫–∞–∂–µ—Ç —Å–≤–æ—é –Ω–∞–≥–æ—Ç—É, –Ω–æ —É–∂–µ –≤ –Ω–æ–≤–æ–º —Ñ–∏–ª—å–º–µ ¬´–ì–æ–ª–æ—Å –∏–∑ –∫–∞–º–Ω—è¬ª!
–í‚Ä¶‚Ä¶ https://t.co/XndojEyPSP"
DFMDANCE|859731475146657792|2017-05-03 11:28:51|–ó–Ω–∞–µ—à—å, –∫–∞–∫ —ç—Ç–æ ‚Äì –º–µ—Ä—è—Ç—å—Å—è –ª–∞–π–∫–∞–º–∏? –≠—Ç–æ—Ç –≤—ã–ø—É—Å–∫ –†–∞–¥–∏–æ–ë–õ–û–ì–µ—Ä –°–ï–í–û–°–¢–¨–Ø–ù–û–í¬† –ø—Ä–∏–≥–æ—Ç–æ–≤–∏–ª —Å–ø–µ—Ü–∏–∞–ª—å–Ω–æ –¥–ª—è —Ç–µ–±—è! –ö—Å—Ç–∞—Ç–∏‚Ä¶‚Ä¶ https://t.co/6vT2CHmvTF
DFMDANCE|859627458928275456|2017-05-03 04:35:31|"#–û–í–ù–´
–î–∞, –º–∏—Ä –Ω–µ—Å–æ–≤–µ—Ä—à–µ–Ω–µ–Ω. –ü—Ä–æ—Å—Ç–æ –ø—Ä–∏–º–∏—Ç–µ, –∫–∞–∫ —Ñ–∞–∫—Ç!

#–¢–ï–õ–¨–¶–´
–û—Ç—Å—Ç–∞–≤—å—Ç–µ —Å–∞–º–æ–ª–µ—á–µ–Ω–∏–µ–º! –û—Ç–Ω–µ—Å–∏—Ç–µ—Å—å –∫ —Å–≤–æ–µ–º—É –∑–¥–æ—Ä–æ–≤—å—é‚Ä¶ https://t.co/gkw28cbHk3"
DFMDANCE|859618666459144196|2017-05-03 04:00:35|"–£—Ç—Ä–æ –¥–æ–±—Ä—ã–º –Ω–µ –±—ã–≤–∞–µ—Ç? –ê —Å–µ–π—á–∞—Å —á—Ç–æ, –ø–æ —Ç–≤–æ–µ–º—É?
#—É–º–Ω—ã–µ—Ç–∞–Ω—Ü—ã #dfm https://t.co/osGj1lnexb"
DFMDANCE|859451931827351552|2017-05-02 16:58:03|–í –Ω–æ—á—å –Ω–∞ —Å—Ä–µ–¥—É, 3 –º–∞—è, —Å–ª—É—à–∞–π –∏–Ω—Ç–µ—Ä–≤—å—é –ë–∞—Å—Ç—ã, QP –∏ Lil Dik —Å —Ä—ç–ø–µ—Ä–æ–º –•–∞—Å–∫–∏. –°—Ç–∞—Ä—Ç –Ω–æ–≤–æ–≥–æ –≤—ã–ø—É—Å–∫–∞ —à–æ—É Gazgolder‚Ä¶‚Ä¶ https://t.co/BN8qHimOjW
DFMDANCE|859397270307000320|2017-05-02 13:20:50|#newmusic #dfm HURTS - BEAUTIFUL ONES (DJ NOIZ REMIX) https://t.co/y5vxLsfciK #–Ω–æ–≤–∏–Ω–∫–∏ #–ª–æ–≤–∏–≤—ç—Ñ–∏—Ä–µ ¬†#hurts‚Ä¶ https://t.co/ma6pAx5JcH
DFMDANCE|859387942346915840|2017-05-02 12:43:46|"–°–º–æ—Ç—Ä–∏—Ç–µ, –∫–∞–∫ –ó–æ–∏ –°–∞–ª–¥–∞–Ω–∞ –ø—Ä–µ–≤—Ä–∞—â–∞–µ—Ç—Å—è –≤ –ì–æ–º–æ—Ä—É –≤ ""–°—Ç—Ä–∞–∂–∞—Ö –≥–∞–ª–∞–∫—Ç–∏–∫–∏"". –í–µ—Å—å —Ç—Ä—ë—Ö—á–∞—Å–æ–≤–æ–π –ø—Ä–æ—Ü–µ—Å—Å –≥—Ä–∏–º–∏—Ä–æ–≤–∫–∏ –∑–∞ 38‚Ä¶ https://t.co/XynLS6VSQ4"
DFMDANCE|859383423517036544|2017-05-02 12:25:49|#newmusic #dfm WATERMAT FEAT. KELLI-LEIGH - WON'T STOP https://t.co/FG0KG43OsY #–Ω–æ–≤–∏–Ω–∫–∏ #–ª–æ–≤–∏–≤—ç—Ñ–∏—Ä–µ #wontstop‚Ä¶ https://t.co/uH9HPFZxGf
DFMDANCE|859372089219964928|2017-05-02 11:40:47|–í #–ø–æ–¥–∫–∞—Å—Ç—ãDFM https://t.co/1m5vSSBgfT –¥–æ–±–∞–≤–ª–µ–Ω 308 –≤—ã–ø—É—Å–∫ —Ä–∞–¥–∏–æ—à–æ—É DJ JIM¬† #ELECTROSPEED https://t.co/nReZbWZWQz
DFMDANCE|859369611686547456|2017-05-02 11:30:56|#newmusic #dfm TWENTY ONE PILOTS - HEAVYDIRTYSOUL (SONNY BASS REMIX) https://t.co/r0GZWFcWV9 #–Ω–æ–≤–∏–Ω–∫–∏‚Ä¶‚Ä¶ https://t.co/lVEgC7qzEz
DFMDANCE|859339455446077440|2017-05-02 09:31:06|#newmusic #dfm THE MAGICIAN &amp; JULIAN PERRETTA - TIED UP https://t.co/PHTRHrF7jC #–Ω–æ–≤–∏–Ω–∫–∏ #–ª–æ–≤–∏–≤—ç—Ñ–∏—Ä–µ #tiedup‚Ä¶ https://t.co/wkYXiTOIoq
DFMDANCE|859335817629716480|2017-05-02 09:16:39|–í #–ø–æ–¥–∫–∞—Å—Ç—ãDFM https://t.co/1m5vSSBgfT –¥–æ–±–∞–≤–ª–µ–Ω —Å–≤–µ–∂–∏–π –≤—ã–ø—É—Å–∫ —Ä–∞–¥–∏–æ—à–æ—É DJ NOIZ #GOODNOIZING #dfm #djnoiz https://t.co/CmLN91Pzx6
DFMDANCE|859332919457968128|2017-05-02 09:05:08|–ù–æ—Ä–≤–µ–∂—Å–∫–∏–π –¥–∏–¥–∂–µ–π Kygo –ø—Ä–µ–¥—Å—Ç–∞–≤–∏–ª –æ—á–µ—Ä–µ–¥–Ω—É—é —Å–æ–≤–º–µ—Å—Ç–Ω—É—é —Ä–∞–±–æ—Ç—É, –Ω–∞ —ç—Ç–æ—Ç —Ä–∞–∑ —Å –≠–ª–ª–∏ –ì–æ–ª–¥–∏–Ω–≥. –ü–µ–≤–∏—Ü–∞ –∏—Å–ø–æ–ª–Ω–∏–ª–∞ –µ–≥–æ‚Ä¶‚Ä¶ https://t.co/CtcO05UU0S
DFMDANCE|859329269754888193|2017-05-02 08:50:38|"#newmusic #dfm STADIUMX &amp; MUZZAIK -
LAST NIGHT A DJ SAVED MY LIFE https://t.co/gA4tb8iBCC #–Ω–æ–≤–∏–Ω–∫–∏ #–ª–æ–≤–∏–≤—ç—Ñ–∏—Ä–µ‚Ä¶‚Ä¶ https://t.co/WV6p5wx5ab"
DFMDANCE|859320474798620672|2017-05-02 08:15:41|#newmusic #dfm MOTI FEAT. YTON - THE GAME https://t.co/aX8TlTywHK #–Ω–æ–≤–∏–Ω–∫–∏ #–ª–æ–≤–∏–≤—ç—Ñ–∏—Ä–µ #thegame #moti #yton https://t.co/61XG18SO6R
DFMDANCE|859268066278072320|2017-05-02 04:47:26|#newmusic #dfm MARTIN GARRIX &amp; BROOKS - BYTE https://t.co/Ra014MVM86 #–Ω–æ–≤–∏–Ω–∫–∏ #–ª–æ–≤–∏–≤—ç—Ñ–∏—Ä–µ #martingarrix #brooks‚Ä¶ https://t.co/GoZ5GMrv0O
DFMDANCE|859266305031106561|2017-05-02 04:40:26|–í #–ø–æ–¥–∫–∞—Å—Ç—ãDFM https://t.co/1m5vSSBgfT –¥–æ–±–∞–≤–ª–µ–Ω 016 –≤—ã–ø—É—Å–∫ —Ä–∞–¥–∏–æ—à–æ—É MAGNIT &amp; SLIDER #magnitandslider‚Ä¶ https://t.co/cOjsfQd96x
DFMDANCE|859265044823126020|2017-05-02 04:35:25|"#–û–í–ù–´
–û—Ç–ø—Ä–∞–≤–ª—è–π—Ç–µ—Å—å –Ω–∞ —à–æ–ø–∏–Ω–≥! –°–µ–≥–æ–¥–Ω—è –æ—á–µ–Ω—å –Ω—É–∂–Ω–æ —Å–µ–±—è –ø–æ–±–∞–ª–æ–≤–∞—Ç—å!

#–¢–ï–õ–¨–¶–´
–°–±–∞–≤—å—Ç–µ —Ä–∞–±–æ—á–∏–µ –æ–±–æ—Ä–æ—Ç—ã –∏ –æ—Ç–¥–æ—Ö–Ω–∏—Ç–µ‚Ä¶‚Ä¶ https://t.co/9Jqq50YNVB"
DFMDANCE|859258746295529472|2017-05-02 04:10:24|#newmusic #dfm LO AIR - DAY AND NIGHT https://t.co/ktLpBwSBPK #–Ω–æ–≤–∏–Ω–∫–∏ #–ª–æ–≤–∏–≤—ç—Ñ–∏—Ä–µ #loair #dayandnight https://t.co/TOrfiTzZ0O
DFMDANCE|859256779141787648|2017-05-02 04:02:35|"–ü—Ä–∏–≤–µ—Ç! –ö–æ—Ä–æ—Ç–∫–∞—è —Ä–∞–±–æ—á–∞—è –Ω–µ–¥–µ–ª—è –æ–±—ä—è–≤–ª—è–µ—Ç—Å—è ""–æ—Ç–∫—Ä—ã—Ç–æ–π""!
#—É–º–Ω—ã–µ—Ç–∞–Ω—Ü—ã #dfm https://t.co/DFsy6kaxaN"
DFMDANCE|859256544785043456|2017-05-02 04:01:39|–í #–ø–æ–¥–∫–∞—Å—Ç—ãDFM https://t.co/1m5vSSBgfT –¥–æ–±–∞–≤–ª–µ–Ω –ø–æ—Å–ª–µ–¥–Ω–∏–π –≤—ã–ø—É—Å–∫ #BASSLANDSHOW DJ PROFIT #djprofit #–¥–∏–¥–∂–µ–π–ø—Ä–æ—Ñ–∏—Ç‚Ä¶ https://t.co/Ii8cgWAfmc
DFMDANCE|859251189359288321|2017-05-02 03:40:22|#newmusic #dfm LANDIS &amp; LUCIANA - NANG NANG https://t.co/MpjHD88A2y #–Ω–æ–≤–∏–Ω–∫–∏ #–ª–æ–≤–∏–≤—ç—Ñ–∏—Ä–µ #landisandluciana‚Ä¶ https://t.co/d1RfR12d47
DFMDANCE|859246153581428736|2017-05-02 03:20:21|–í #–ø–æ–¥–∫–∞—Å—Ç—ãDFM https://t.co/1m5vSSBgfT –¥–æ–±–∞–≤–ª–µ–Ω —Å–≤–µ–∂–∏–π –≤—ã–ø—É—Å–∫ #—Ä–∞–¥–∏–æ—à–æ—É DJ GROOVE¬† #–¢–ê–ù–¶–´–î–õ–Ø–í–°–ï–• #–¥–∏–¥–∂–µ–π–≥—Ä—É–≤‚Ä¶ https://t.co/CQ3kcLlrqK
DFMDANCE|859243638429274112|2017-05-02 03:10:22|#newmusic #dfm HASSE DE MOOR FEAT. MIKE JAY - TONIGHT #–Ω–æ–≤–∏–Ω–∫–∏ #–ª–æ–≤–∏–≤—ç—Ñ–∏—Ä–µ #hassedemoor #mikejay #tonight https://t.co/fspnWf4vzx
DFMDANCE|859237338580496389|2017-05-02 02:45:20|–í #–ø–æ–¥–∫–∞—Å—Ç—ãDFM https://t.co/1m5vSSBgfT –¥–æ–±–∞–≤–ª–µ–Ω —Å–≤–µ–∂–∏–π –≤—ã–ø—É—Å–∫ —Ä–∞–¥–∏–æ—à–æ—É DJ –î–ê–ù #–¥–∏–¥–∂–µ–π–¥–∞–Ω–ø–æ—Å—Ä–µ–¥–∞–º #dj–¥–∞–Ω #dfm https://t.co/lA4si2JEBa
DFMDANCE|858931611789819904|2017-05-01 06:30:29|C–¥–µ–ª–∞–π #—Å–µ–ª—Ñ–∏—Å—à–∞—à–ª—ã–∫–æ–º –∏ –ø–æ–ª—É—á–∞–π –∫—Ä—É—Ç—É—é –ø–æ—Ä—Ç–∞—Ç–∏–≤–Ω—É—é –∫–æ–ª–æ–Ω–∫—É #DFM –¥–ª—è —Å–∞–º—ã—Ö —Ç–∞–Ω—Ü–µ–≤–∞–ª—å–Ω—ã—Ö –ø–∏–∫–Ω–∏–∫–æ–≤ —Å –¥—Ä—É–∑—å—è–º–∏‚Ä¶‚Ä¶ https://t.co/MVMQoRHMxs
DFMDANCE|858913203388022784|2017-05-01 05:17:20|–ü—Ä–æ–ø—É—Å—Ç–∏–ª–∏ –ê–Ω–∞—Å—Ç–∞—Å–∏—é –†–µ—à–µ—Ç–æ–≤—É? –°–ª—É—à–∞–π—Ç–µ —Å–µ–π—á–∞—Å! –ó–∞—Ö–æ–¥–∏—Ç–µ –≤ #–ø–æ–¥–∫–∞—Å—Ç—ãDFM https://t.co/1m5vSSBgfT ‚Äì —ç—Ç–æ—Ç —ç—Ñ–∏—Ä‚Ä¶‚Ä¶ https://t.co/nJCM9luN6b
DFMDANCE|858902626674651136|2017-05-01 04:35:18|"#–û–í–ù–´
–ß—Ç–æ–±—ã –∏–∑–±–µ–∂–∞—Ç—å –ª–∏—à–Ω–∏—Ö –æ–≥–æ—Ä—á–µ–Ω–∏–π, –ª—É—á—à–µ —É–µ–¥–∏–Ω–∏—Ç—å—Å—è...

#–¢–ï–õ–¨–¶–´
–ï—Å–ª–∏ —É –í–∞—Å –µ—Å—Ç—å –Ω–µ–¥–æ–±—Ä–æ–∂–µ–ª–∞—Ç–µ–ª–∏, –º–æ–∂–µ—Ç–µ‚Ä¶‚Ä¶ https://t.co/ch9UnrT9T5"
DFMDANCE|858894369692282881|2017-05-01 04:02:29|"–î–æ–±—Ä–æ–µ —É—Ç—Ä–æ!
#—É–º–Ω—ã–µ—Ç–∞–Ω—Ü—ã #dfm https://t.co/DZo13uiANK"
DFMDANCE|858712851887906816|2017-04-30 16:01:12|"–¢–∞–Ω—Ü–µ–≤–∞–ª—å–Ω–æ–µ —Ä–∞–¥–∏–æ –Ω–æ–º–µ—Ä –æ–¥–∏–Ω –≤ –†–æ—Å—Å–∏–∏ –ø–æ–∑–¥—Ä–∞–≤–ª—è–µ—Ç —Ç–µ–±—è —Å –º–∞–π—Å–∫–∏–º–∏ –ø—Ä–∞–∑–¥–Ω–∏–∫–∞–º–∏!

–ù–µ –∑–∞–±—ã–≤–∞–π ‚Äì —É—Å–ø–µ—Ö –ª—é–±–æ–≥–æ —Ç—Ä—É–¥–∞‚Ä¶‚Ä¶ https://t.co/1MDuBlRpR7"
DFMDANCE|858647249282363392|2017-04-30 11:40:31|–í #–ø–æ–¥–∫–∞—Å—Ç—ãDFM https://t.co/1m5vSSBgfT –¥–æ–±–∞–≤–ª–µ–Ω –ø–æ—Å–ª–µ–¥–Ω–∏–π –≤—ã–ø—É—Å–∫ —Ä–∞–¥–∏–æ—à–æ—É DJ Ivan Spell #SPELLWASHERE ! #ivanspell‚Ä¶ https://t.co/TqaNh5ETt6
DFMDANCE|858618313013956613|2017-04-30 09:45:32|–í—ã–±–∏—Ä–∞–π, —á—Ç–æ —Å–º–æ—Ç—Ä–µ—Ç—å –≤ –∫–∏–Ω–æ –Ω–∞ –¥–ª–∏–Ω–Ω—ã—Ö –≤—ã—Ö–æ–¥–Ω—ã—Ö! –í #–ø–æ–¥–∫–∞—Å—Ç—ãDFM https://t.co/1m5vSSBgfT –¥–æ–±–∞–≤–ª–µ–Ω –ø–æ—Å–ª–µ–¥–Ω–∏–π‚Ä¶‚Ä¶ https://t.co/9Yzb5WKZq2
DFMDANCE|858604442115026944|2017-04-30 08:50:25|–í #–ø–æ–¥–∫–∞—Å—Ç—ãDFM https://t.co/1m5vSSBgfT –¥–æ–±–∞–≤–ª–µ–Ω 41 –≤—ã–ø—É—Å–∫¬† —à–æ—É #GAZGOLDERLIVE –Ω–∞ #DFM ‚Äì Krec &amp; –õ–∏–æ–Ω https://t.co/VO0LR7WtTU
DFMDANCE|858589328309719041|2017-04-30 07:50:22|–í #–ø–æ–¥–∫–∞—Å—Ç—ãDFM https://t.co/1m5vSSBgfT –¥–æ–±–∞–≤–ª–µ–Ω 100 —é–±–∏–ª–µ–π–Ω—ã–π –≤—ã–ø—É—Å–∫ —Ä–∞–¥–∏–æ—à–æ—É DJ PITKIN #dfm #djpitkin #radioshow https://t.co/jf2fC64ju8
DFMDANCE|858581776129826816|2017-04-30 07:20:21|C–¥–µ–ª–∞–π #—Å–µ–ª—Ñ–∏—Å—à–∞—à–ª—ã–∫–æ–º –∏ –ø–æ–ª—É—á–∞–π –∫—Ä—É—Ç—É—é –ø–æ—Ä—Ç–∞—Ç–∏–≤–Ω—É—é –∫–æ–ª–æ–Ω–∫—É #DFM –¥–ª—è —Å–∞–º—ã—Ö —Ç–∞–Ω—Ü–µ–≤–∞–ª—å–Ω—ã—Ö –ø–∏–∫–Ω–∏–∫–æ–≤ —Å –¥—Ä—É–∑—å—è–º–∏‚Ä¶‚Ä¶ https://t.co/lsfj6pDBp6
DFMDANCE|858574215569694720|2017-04-30 06:50:19|–í #–ø–æ–¥–∫–∞—Å—Ç—ãDFM https://t.co/1m5vSSBgfT –¥–æ–±–∞–≤–ª–µ–Ω 16 –≤—ã–ø—É—Å–∫ —Ä–∞–¥–∏–æ—à–æ—É #MASTEREO by #ASTERO #DFM https://t.co/tONH1u5TgD
DFMDANCE|858556587090292736|2017-04-30 05:40:16|–í #–ø–æ–¥–∫–∞—Å—Ç—ãDFM https://t.co/1m5vSSBgfT –¥–æ–±–∞–≤–ª–µ–Ω 222 –≤—ã–ø—É—Å–∫ –∞–≤—Ç–æ—Ä—Å–∫–æ–≥–æ —Ä–∞–¥–∏–æ—à–æ—É –†–æ–º–∞–Ω–∞ –ê–ª–µ–∫—Å–∞–Ω–¥—Ä–æ–≤–∞ #StuckInABeat‚Ä¶ https://t.co/gqdsqVMnhr
DFMDANCE|858550541865058304|2017-04-30 05:16:14|–ü—Ä–æ–ø—É—Å—Ç–∏–ª–∏ –°—Ç–∞—Å–∞ –Ø—Ä—É—à–∏–Ω–∞? –°–ª—É—à–∞–π—Ç–µ —Å–µ–π—á–∞—Å! –ó–∞—Ö–æ–¥–∏—Ç–µ –≤ #–ø–æ–¥–∫–∞—Å—Ç—ãDFM https://t.co/1m5vSSBgfT ‚Äì —ç—Ç–æ—Ç —ç—Ñ–∏—Ä —É—Ç—Ä–µ–Ω–Ω–µ–≥–æ‚Ä¶‚Ä¶ https://t.co/QtmsyyE6pY
DFMDANCE|858358304573140994|2017-04-29 16:32:21|–°–µ–≥–æ–¥–Ω—è, 29 –∞–ø—Ä–µ–ª—è, –Ω–∞ —Ç–µ–ª–µ–∫–∞–Ω–∞–ª–µ –ù–¢–í –ø–æ–∫–∞–∂—É—Ç —Ç–µ–ª–µ–≤–µ—Ä—Å–∏—é —à–æ—É ¬´Top Disco Pop¬ª, –ø—Ä–æ—à–µ–¥—à–µ–≥–æ –Ω–∞ –¥–Ω—è—Ö –≤ ¬´Crocus City‚Ä¶‚Ä¶ https://t.co/bZFUNtJAhJ
DFMDANCE|858297684192612353|2017-04-29 12:31:28|–°–µ–≥–æ–¥–Ω—è, 29 –∞–ø—Ä–µ–ª—è, –Ω–∞ —Ç–µ–ª–µ–∫–∞–Ω–∞–ª–µ –ù–¢–í –ø–æ–∫–∞–∂—É—Ç —Ç–µ–ª–µ–≤–µ—Ä—Å–∏—é —à–æ—É ¬´Top Disco Pop¬ª, –ø—Ä–æ—à–µ–¥—à–µ–≥–æ –Ω–∞ –¥–Ω—è—Ö –≤ ¬´Crocus City‚Ä¶‚Ä¶ https://t.co/O5R2eoWiIR
DFMDANCE|858293651746811904|2017-04-29 12:15:27|C–¥–µ–ª–∞–π #—Å–µ–ª—Ñ–∏—Å—à–∞—à–ª—ã–∫–æ–º –∏ –ø–æ–ª—É—á–∞–π –∫—Ä—É—Ç—É—é –ø–æ—Ä—Ç–∞—Ç–∏–≤–Ω—É—é –∫–æ–ª–æ–Ω–∫—É #DFM –¥–ª—è —Å–∞–º—ã—Ö —Ç–∞–Ω—Ü–µ–≤–∞–ª—å–Ω—ã—Ö –ø–∏–∫–Ω–∏–∫–æ–≤ —Å –¥—Ä—É–∑—å—è–º–∏‚Ä¶‚Ä¶ https://t.co/UCOJEc8ORQ
DFMDANCE|858221956348489728|2017-04-29 07:30:34|–°–µ–≥–æ–¥–Ω—è, 29 –∞–ø—Ä–µ–ª—è, –Ω–∞ —Ç–µ–ª–µ–∫–∞–Ω–∞–ª–µ –ù–¢–í –ø–æ–∫–∞–∂—É—Ç —Ç–µ–ª–µ–≤–µ—Ä—Å–∏—é —à–æ—É ¬´Top Disco Pop¬ª, –ø—Ä–æ—à–µ–¥—à–µ–≥–æ –Ω–∞ –¥–Ω—è—Ö –≤ ¬´Crocus City‚Ä¶‚Ä¶ https://t.co/CimyDwbiOn
DFMDANCE|858013105753903104|2017-04-28 17:40:40|C–¥–µ–ª–∞–π #—Å–µ–ª—Ñ–∏—Å—à–∞—à–ª—ã–∫–æ–º –∏ –ø–æ–ª—É—á–∞–π –∫—Ä—É—Ç—É—é –ø–æ—Ä—Ç–∞—Ç–∏–≤–Ω—É—é –∫–æ–ª–æ–Ω–∫—É #DFM –¥–ª—è —Å–∞–º—ã—Ö —Ç–∞–Ω—Ü–µ–≤–∞–ª—å–Ω—ã—Ö –ø–∏–∫–Ω–∏–∫–æ–≤ —Å –¥—Ä—É–∑—å—è–º–∏‚Ä¶‚Ä¶ https://t.co/1axJFJ4A5K
DFMDANCE|857904541567791105|2017-04-28 10:29:16|–í —ç—Ç—É —Å—É–±–±–æ—Ç—É, 29 –∞–ø—Ä–µ–ª—è, –Ω–∞ —Ç–µ–ª–µ–∫–∞–Ω–∞–ª–µ –ù–¢–í –ø–æ–∫–∞–∂—É—Ç —Ç–µ–ª–µ–≤–µ—Ä—Å–∏—é —à–æ—É ¬´Top Disco Pop¬ª, –ø—Ä–æ—à–µ–¥—à–µ–≥–æ –Ω–∞ –¥–Ω—è—Ö –≤ ¬´Crocus‚Ä¶‚Ä¶ https://t.co/f6B2N3eRfc
DFMDANCE|857880104604708865|2017-04-28 08:52:10|–°—Ç–∞–ª–æ –∏–∑–≤–µ—Å—Ç–Ω–æ, —á—Ç–æ —Ñ–∏–ª—å–º ¬´–°–∏–Ω—è—è –±–µ–∑–¥–Ω–∞¬ª –≤—ã–π–¥–µ—Ç –≤ —Ä–æ—Å—Å–∏–π—Å–∫–∏–π –ø—Ä–æ–∫–∞—Ç –Ω–∞ –¥–µ–Ω—å —Ä–∞–Ω—å—à–µ –º–∏—Ä–æ–≤–æ–π –ø—Ä–µ–º—å–µ—Ä—ã –∏ –ø—Ä–∏ –ø–æ–¥–¥–µ—Ä–∂–∫–µ‚Ä¶ https://t.co/rZ37ELxwQT
DFMDANCE|857876078379098112|2017-04-28 08:36:10|"Happy birthday, Robin Schulz @robin__schulz!
#dfm #happybirthday #birthday #bday #hb #–¥—Ä #–¥–µ–Ω—å—Ä–æ–∂–¥–µ–Ω–∏—è #—Ä–æ–±–∏–Ω—à—É–ª—å—Ü‚Ä¶ https://t.co/xYGYnfO5wT"
DFMDANCE|857815621064683520|2017-04-28 04:35:56|"#–û–í–ù–´
–ï—Å–ª–∏ —Å—Ç–æ–∏—Ç–µ –ø–µ—Ä–µ–¥ –≤—ã–±–æ—Ä–æ–º, ‚Äì –≤—ã–±–∏—Ä–∞–π—Ç–µ –∫–æ–º–ø—Ä–æ–º–∏—Å—Å–Ω–æ–µ —Ä–µ—à–µ–Ω–∏–µ —Ç–∏–ø–∞ ¬´–Ω–∏ –≤–∞—à–∏–º, –Ω–∏ –Ω–∞—à–∏–º¬ª!

#–¢–ï–õ–¨–¶–´
–ü—Ä–∏–ø–æ–º–Ω–∏—Ç–µ‚Ä¶‚Ä¶ https://t.co/E4sysY0bJs"
DFMDANCE|857806946631647237|2017-04-28 04:01:28|"–£ –Ω–∞—Å —Ö–æ—Ä–æ—à–∏–µ –Ω–æ–≤–æ—Å—Ç–∏: 1. ""–£–º–Ω—ã–µ —Ç–∞–Ω—Ü—ã"" —É–∂–µ –≤ —ç—Ñ–∏—Ä–µ. 2. –ø—è—Ç–Ω–∏—Ü–∞
#—É–º–Ω—ã–µ—Ç–∞–Ω—Ü—ã #dfm https://t.co/g65UxN9KoG"
DFMDANCE|857633623645736960|2017-04-27 16:32:44|–í —ç—Ç—É —Å—É–±–±–æ—Ç—É, 29 –∞–ø—Ä–µ–ª—è, –Ω–∞ —Ç–µ–ª–µ–∫–∞–Ω–∞–ª–µ –ù–¢–í –ø–æ–∫–∞–∂—É—Ç —Ç–µ–ª–µ–≤–µ—Ä—Å–∏—é —à–æ—É ¬´Top Disco Pop¬ª, –ø—Ä–æ—à–µ–¥—à–µ–≥–æ –Ω–∞ –¥–Ω—è—Ö –≤ ¬´Crocus‚Ä¶‚Ä¶ https://t.co/HIAhHAB3NY
DFMDANCE|857600332423147522|2017-04-27 14:20:27|34-–ª–µ—Ç–Ω–∏–π –±–∏–∑–Ω–µ—Å–º–µ–Ω —Ä–µ—à–∏–ª –ø—Ä–∏–¥–∞—Ç—å –∏–Ω–¥–∏–≤–∏–¥—É–∞–ª—å–Ω–æ—Å—Ç–∏ –≤–Ω–µ—à–Ω–µ–º—É –≤–∏–¥—É —Å–≤–æ–µ–≥–æ ¬´Jaguar S-Type¬ª –∏ –æ–±–∫–ª–µ–∏–ª –≤–µ—Å—å –µ–≥–æ –∫—É–∑–æ–≤‚Ä¶‚Ä¶ https://t.co/pqU4i6IzBy
DFMDANCE|857527261767106562|2017-04-27 09:30:05|–í —ç—Ç—É —Å—É–±–±–æ—Ç—É, 29 –∞–ø—Ä–µ–ª—è, –Ω–∞ —Ç–µ–ª–µ–∫–∞–Ω–∞–ª–µ –ù–¢–í –ø–æ–∫–∞–∂—É—Ç —Ç–µ–ª–µ–≤–µ—Ä—Å–∏—é —à–æ—É ¬´Top Disco Pop¬ª, –ø—Ä–æ—à–µ–¥—à–µ–≥–æ –Ω–∞ –¥–Ω—è—Ö –≤ ¬´Crocus‚Ä¶‚Ä¶ https://t.co/KDDwPVEh0z
DFMDANCE|857453204174499840|2017-04-27 04:35:49|"#–û–í–ù–´
–Ø–∑—ã–∫ –í–∞—à ‚Äì –≤—Ä–∞–≥ –í–∞—à!

#–¢–ï–õ–¨–¶–´
–†–∞—Å—Å–ª–∞–±—å—Ç–µ—Å—å! –í—Å—è–∫–æ–µ –í–∞—à–µ –¥–µ–π—Å—Ç–≤–∏–µ –±—É–¥–µ—Ç –≤–æ—Å–ø—Ä–∏–Ω—è—Ç–æ —Å–µ–≥–æ–¥–Ω—è –∫–∞–∫ –¥–æ–ª–∂–Ω–æ–µ‚Ä¶‚Ä¶ https://t.co/zWKY6dOVnP"
DFMDANCE|857445680415113216|2017-04-27 04:05:55|"–ü—Ä–∏–≤–µ—Ç! –í–∫–ª—é—á–∞–π—Å—è!
#dfm #—É–º–Ω—ã–µ—Ç–∞–Ω—Ü—ã https://t.co/ZDU8LgAaOw"
DFMDANCE|857438607719747585|2017-04-27 03:37:49|–°–µ–≥–æ–¥–Ω—è, 27 –∞–ø—Ä–µ–ª—è, –≥–æ—Å—Ç—å–µ–π —É—Ç—Ä–µ–Ω–Ω–µ–≥–æ —à–æ—É #VITAMIND —Å –Æ–ª–µ–π –ü–∞–≥–æ –Ω–∞ DFM —Å—Ç–∞–Ω–µ—Ç —Ä–æ—Å—Å–∏–π—Å–∫–∞—è –º–æ–¥–µ–ª—å 1-—è –≤–∏—Ü–µ-–º–∏—Å—Å‚Ä¶‚Ä¶ https://t.co/HPQlyXuhPh
DFMDANCE|857090795014434816|2017-04-26 04:35:44|"#–û–í–ù–´
–û–±—ä—è–≤–ª—è–µ—Ç—Å—è –¥–µ–Ω—å —à–æ–ø–∏–Ω–≥–∞! –ù–∞ —Å—Ç–∞—Ä—Ç, –≤–Ω–∏–º–∞–Ω–∏–µ –º–∞–∞–∞—Ä—à!

#–¢–ï–õ–¨–¶–´
–ù—É-–∫–∞, –≤—Å–ø–æ–º–∏–Ω–∞–µ–º, –≥–¥–µ –º—ã –æ—Å—Ç–∞–≤–ª—è–µ–º —Å–≤–æ—ë –ø–ª–æ—Ö–æ–µ‚Ä¶ https://t.co/uSBa7EBw7z"
DFMDANCE|857082192115183618|2017-04-26 04:01:33|"–î–æ–±—Ä–æ–µ! –°—Ä–µ–¥–∞ –ø—Ä–∏—à–ª–∞ - –Ω–µ–¥–µ–ª—è –ø—Ä–æ—à–ª–∞ ;)
#—É–º–Ω—ã–µ—Ç–∞–Ω—Ü—ã #dfm https://t.co/JMJoOKfKVg"
DFMDANCE|856977220941774848|2017-04-25 21:04:25|–í –Ω–æ—á—å –Ω–∞ —Å—Ä–µ–¥—É, 26 –∞–ø—Ä–µ–ª—è, –≥–æ—Å—Ç—è–º–∏ –ë–∞—Å—Ç—ã, QP –∏ Lil Dik –≤ —à–æ—É Gazgolder live –Ω–∞ —Ä–∞–¥–∏–æ DFM —Å—Ç–∞–Ω—É—Ç Krec (–§—å—é–∑) –∏ –õ–∏–æ–Ω‚Ä¶ https://t.co/rcGFyDVpMH
DFMDANCE|856863405361307649|2017-04-25 13:32:10|26 –∞–ø—Ä–µ–ª—è, –≤ —Å—Ä–µ–¥—É, –≤ –≥–æ—Å—Ç–∏ –∫ —É—Ç—Ä–µ–Ω–Ω–µ–º—É —à–æ—É VITAMIN D —Å –Æ–ª–µ–π –ü–∞–≥–æ –Ω–∞ DFM –ø—Ä–∏—Ö–æ–¥–∏—Ç –ø–æ–±–µ–¥–∏—Ç–µ–ª—å 13-–π ¬´–ë–∏—Ç–≤—ã‚Ä¶‚Ä¶ https://t.co/C3VakHrf2x
DFMDANCE|856855086538133504|2017-04-25 12:59:06|–ù–∞ —ç—Ç–æ–π –Ω–µ–¥–µ–ª–µ –≤ —Ä—É–±—Ä–∏–∫–µ ¬´–°–º–µ–Ω–∞ –ø–æ–ª–∞¬ª –≤ —É—Ç—Ä–µ–Ω–Ω–µ–º —à–æ—É VITAMIN D –Ω–∞ DFM —Ç—ã –º–æ–∂–µ—à—å –≤—ã–∏–≥—Ä–∞—Ç—å –º–æ–¥–Ω—É—é ¬´–ß–ò–¢–ê–ô-–°–£–ú–ö–£¬ª —Å‚Ä¶‚Ä¶ https://t.co/k0QCJcUyHq
DFMDANCE|856728337301069825|2017-04-25 04:35:27|"#–û–í–ù–´
–í–µ—Ä–æ—è—Ç–Ω–æ, –Ω–∞—á–∏–Ω–∞–µ—Ç—Å—è —Å–µ—Ä–∞—è –ø–æ–ª–æ—Å–∞... –ù—É –Ω–µ —á—ë—Ä–Ω–∞—è ‚Äì –∏ —É–∂–µ –ø—Ä–∏—è—Ç–Ω–æ!

#–¢–ï–õ–¨–¶–´
–ü—Ä–∏—à–ª–æ –≤—Ä–µ–º—è —Ä–∞—Å—Å—Ç–∞–≤–∏—Ç—å‚Ä¶‚Ä¶ https://t.co/wa2tA45iRX"
DFMDANCE|856613760416481280|2017-04-24 21:00:10|"–•—ç–ø–ø–∏ –±—ë–∑–¥—ç–π, –ö—Å—é—à–∞ –õ—é–±–∏–º–æ–≤–∞!
–õ—é–±–∏–º–∞—è –Ω–∞—à–∞ –õ—é–±–∏–º–∫–∞!
–ö–∞–∫ –∂–µ –Ω–∞–º –ø–æ–≤–µ–∑–ª–æ, —á—Ç–æ 25 –∞–ø—Ä–µ–ª—è —É –Ω–∞—Å –≤—Å–µ–≥–¥–∞ ‚Äì –∫—Ä–∞—Å–Ω—ã–π‚Ä¶‚Ä¶ https://t.co/ckumcoUKAV"
DFMDANCE|856582789101236224|2017-04-24 18:57:06|–í #–ø–æ–¥–∫–∞—Å—Ç—ãDFM https://t.co/1m5vSSBgfT¬† –¥–æ–±–∞–≤–ª–µ–Ω –ø–æ—Å–ª–µ–¥–Ω–∏–π –≤—ã–ø—É—Å–∫ –ª–µ–≥–µ–Ω–¥–∞—Ä–Ω–æ–≥–æ —Ä–∞–¥–∏–æ—à–æ—É #–°–ø–æ–∫–æ–π–Ω–æ–π–ù–æ—á–∏–ì–æ–ª—ã—à–∏ https://t.co/V3Ynraivq3
DFMDANCE|856582533621960704|2017-04-24 18:56:05|@StuckInABeat episode #223 + guest mix from @djmartinjensen right now on #DFM #now #onair @alexandrovroman / –ü—Ä—è–º–æ‚Ä¶‚Ä¶ https://t.co/sLhuqxKHLD
DFMDANCE|856573717798940672|2017-04-24 18:21:03|–í #–ø–æ–¥–∫–∞—Å—Ç—ãDFM https://t.co/1m5vSSBgfT –¥–æ–±–∞–≤–ª–µ–Ω 445 –≤—ã–ø—É—Å–∫ —Ä–∞–¥–∏–æ—à–æ—É BOBINA #RUSSIAGOESCLUBBING #dfm https://t.co/UhpYShtsVe
DFMDANCE|856566417726083072|2017-04-24 17:52:02|–í #–ø–æ–¥–∫–∞—Å—Ç—ãDFM https://t.co/1m5vSSBgfT –¥–æ–±–∞–≤–ª–µ–Ω –ø–æ—Å–ª–µ–¥–Ω–∏–π –≤—ã–ø—É—Å–∫ —Ä–∞–¥–∏–æ—à–æ—É DJ ANTONIO #dfm #djantonio https://t.co/uBbi5dSqBU
DFMDANCE|856558628710600704|2017-04-24 17:21:05|–í #–ø–æ–¥–∫–∞—Å—Ç—ãDFM https://t.co/1m5vSSBgfT –¥–æ–±–∞–≤–ª–µ–Ω –ø–æ—Å–ª–µ–¥–Ω–∏–π –≤—ã–ø—É—Å–∫ —Ä–∞–¥–∏–æ—à–æ—É DJ VINI #djvini #dfm https://t.co/Se8EWWt9Vu
DFMDANCE|856551067596853248|2017-04-24 16:51:03|–í #–ø–æ–¥–∫–∞—Å—Ç—ãDFM https://t.co/1m5vSSBgfT –¥–æ–±–∞–≤–ª–µ–Ω –ø–æ—Å–ª–µ–¥–Ω–∏–π –≤—ã–ø—É—Å–∫ —Ä–∞–¥–∏–æ—à–æ—É SWANKY TUNES #SHOWLAND https://t.co/9z7XMV1lOr
DFMDANCE|856543515102392320|2017-04-24 16:21:02|–í #–ø–æ–¥–∫–∞—Å—Ç—ãDFM https://t.co/1m5vSSBgfT –¥–æ–±–∞–≤–ª–µ–Ω –ø–æ—Å–ª–µ–¥–Ω–∏–π –≤—ã–ø—É—Å–∫ —Ä–∞–¥–∏–æ—à–æ—É MARKUS SCHULZ #GLOBALDJBROADCAST! #dfm‚Ä¶ https://t.co/74XseNbXWq
DFMDANCE|856536192019562496|2017-04-24 15:51:56|–í #–ø–æ–¥–∫–∞—Å—Ç—ãDFM https://t.co/1m5vSSBgfT –¥–æ–±–∞–≤–ª–µ–Ω #DCHART –æ—Ç 21 –∞–ø—Ä–µ–ª—è. –°–ª—É—à–∞–π, –∫–∞–∫ —Ä–∞—Å–ø–æ–ª–æ–∂–∏–ª–∏—Å—å —Å–∞–º—ã–µ –≥–æ—Ä—è—á–∏–µ —Ö–∏—Ç—ã‚Ä¶‚Ä¶ https://t.co/8OsesxscZH
DFMDANCE|856480550646943745|2017-04-24 12:10:50|–õ–µ—Ç–æ –Ω–µ –∑–∞ –≥–æ—Ä–∞–º–∏! (–µ—Å–ª–∏ –Ω–µ —Å–º–æ—Ç—Ä–µ—Ç—å –Ω–∞ –≥—Ä–∞–¥—É—Å–Ω–∏–∫, –∞ –æ—Ä–∏–µ–Ω—Ç–∏—Ä–æ–≤–∞—Ç—å—Å—è, –ø–æ —Å—Ç–∞—Ä–∏–Ω–∫–µ, –Ω–∞ –∫–∞–ª–µ–Ω–¥–∞—Ä—åÔÅä)) –ì–æ—Ç–æ–≤—å—Å—è –∫ –ª–µ—Ç—É‚Ä¶‚Ä¶ https://t.co/3pBtajYt2Y
DFMDANCE|856469944795582466|2017-04-24 11:28:41|–í #–ø–æ–¥–∫–∞—Å—Ç—ãDFM https://t.co/1m5vSSBgfT –¥–æ–±–∞–≤–ª–µ–Ω 307 –≤—ã–ø—É—Å–∫ —Ä–∞–¥–∏–æ—à–æ—É DJ JIM¬† #ELECTROSPEED https://t.co/7R0V2lOC6C
DFMDANCE|856445303456772099|2017-04-24 09:50:46|–í #–ø–æ–¥–∫–∞—Å—Ç—ãDFM https://t.co/1m5vSSBgfT –¥–æ–±–∞–≤–ª–µ–Ω 015 –≤—ã–ø—É—Å–∫ —Ä–∞–¥–∏–æ—à–æ—É MAGNIT &amp; SLIDER #magnitandslider‚Ä¶ https://t.co/hjHL76TDRd
DFMDANCE|856440506464841728|2017-04-24 09:31:43|–ü—Ä–æ–ø—É—Å—Ç–∏–ª–∏ –≤ –ø—è—Ç–Ω–∏—Ü—É –î–æ–º–∏–Ω–∏–∫–∞ –î–∂–æ–∫–µ—Ä–∞? –°–ª—É—à–∞–π—Ç–µ —Å–µ–π—á–∞—Å! –ó–∞—Ö–æ–¥–∏—Ç–µ –≤ #–ø–æ–¥–∫–∞—Å—Ç—ãDFM https://t.co/1m5vSSBgfT ‚Äì —ç—Ç–æ—Ç —ç—Ñ–∏—Ä‚Ä¶ https://t.co/re9CnlFIwU
