DmitryMalikov|866899982191915009|2017-05-23 06:13:56|@panasitskaya —Ç–æ—á–Ω–æ —Ç—Ä–æ–Ω—É–ª–∞—Å—å)
DmitryMalikov|866733454511230977|2017-05-22 19:12:13|@obey_gravity –ø–æ–∑–¥—Ä–∞–≤–ª—è—é –æ—Ç –¥—É—à–∏ !
DmitryMalikov|866733300328665093|2017-05-22 19:11:36|@IOU_SH –Ω–∏ –≤ –∫–æ–µ–º —Å–ª—É—á–∞–µ ! –ú–∞–º–µ –º–æ–∂–Ω–æ –ø—Ä–æ—Å—Ç–∏—Ç—å –≤—Å–µ!
DmitryMalikov|866671374127042562|2017-05-22 15:05:32|@KucherukDaniil —Å–µ–∫—Ä–µ—Ç–∞—Ä—å –µ—â–µ –Ω–µ –æ—Ç–ø—Ä–∞–≤–∏–ª
DmitryMalikov|866668755945959424|2017-05-22 14:55:08|@KucherukDaniil —É–∂–µ —Å–¥–µ–ª–∞–ª
DmitryMalikov|866664195084996609|2017-05-22 14:37:00|@chernyvaya @urkovakate159 —Ñ–æ—Ç–æ 89 –≥–æ–¥–∞
DmitryMalikov|866661731803779073|2017-05-22 14:27:13|@Broseliada —Ç–µ–±–µ —Ç–æ –∑–∞—á–µ–º? üòÇ
DmitryMalikov|866661571640127489|2017-05-22 14:26:35|@urkovakate159 —ç—Ç–æ —á—Ç–æ –∑–∞ –ø–æ–∑—ë—Ä?
DmitryMalikov|866658045916479488|2017-05-22 14:12:34|@KucherukDaniil  –ø—Ä–æ–≤–µ—Ä—è–π—Ç–µ –ø–æ—á—Ç—É
DmitryMalikov|866640127552081921|2017-05-22 13:01:22|@KucherukDaniil –ø–æ—á—Ç—É –¥–∞–π—Ç–µ
DmitryMalikov|866637525452038144|2017-05-22 12:51:02|"@KucherukDaniil —Å–ø–∞—Å–∏–±–æ –∑–∞ –ø—Ä–∏–≥–ª–∞—à–µ–Ω–∏–µ!
–° —Ä–∞–¥–æ—Å—Ç—å—é –±—ã)))
–ù–æ —É –º–µ–Ω—è —É –¥–æ—á–∫–∏ –≤—ã–ø—É—Å–∫–Ω–æ–π –≤ —ç—Ç–æ—Ç –∂–µ –¥–µ–Ω—å) –º–æ–≥—É –∑–∞–ø–∏—Å–∞—Ç—å –≤–∏–¥–µ–æ –ø–æ–∑–¥—Ä–∞–≤–ª–µ–Ω–∏–µ!"
DmitryMalikov|866571662027886592|2017-05-22 08:29:19|"RT @leonidtolch: –î–º–∏—Ç—Ä–∏–π –ú–∞–ª–∏–∫–æ–≤ –≤ TV ShowRoom –ö–∞–∑–∞–Ω—Å–∫–æ–≥–æ —Ñ–µ–¥–µ—Ä–∞–ª—å–Ω–æ–≥–æ —É–Ω–∏–≤–µ—Ä—Å–∏—Ç–µ—Ç–∞ @DmitryMalikov  
 https://t.co/HHZKMKO0BF"
DmitryMalikov|866554685284634624|2017-05-22 07:21:51|@tana9191 –±—Ä–æ–¥—Å–∫–æ–≥–æ
DmitryMalikov|866553868854996992|2017-05-22 07:18:36|@tana9191 –Ω–µ –≤—Å–µ–º –¥–∞–Ω–æ –ø–æ–Ω—è—Ç—å
DmitryMalikov|866552939212668928|2017-05-22 07:14:55|@VikiGovorkova –ø–æ—à–ª–∞ –≤–æ–¥–∞  –≤ —Ö–∞—Ç—É )
DmitryMalikov|866366557517000704|2017-05-21 18:54:18|@Alma_del_Viento –¥–∞ ,–≤ –ø—Ä–∏–Ω—Ü–∏–ø–µ
DmitryMalikov|866359625351823360|2017-05-21 18:26:45|@suxxes @mikevinogradov —Ç–æ—á–Ω–æ !üëç
DmitryMalikov|866261143588921347|2017-05-21 11:55:25|"@nina_pianino –ø—Ä—è–º –∫–∞–∫ –≤ —Å—Ç–∏—Ö–æ—Ç–≤–æ—Ä–µ–Ω–∏–µ –í–µ—Ä—ã –ü–æ–ª–æ–∑–∫–æ–≤–æ–π ""–ø—Ä–æ–µ–±–æ–ª"" –æ—á–µ–Ω—å –∫–ª–∞—Å—Å–Ω–æ–º, –∫—Å—Ç–∞—Ç–∏"
DmitryMalikov|866259912892043264|2017-05-21 11:50:32|.@Mary_Strip –µ—â–µ –µ—Å—Ç—å –≤–∞—Ä–∏–∞–Ω—Ç –Ω–∞–ø–µ–π—Å—è –∏ –∂–≥–∏!
DmitryMalikov|866246076327747584|2017-05-21 10:55:33|@fear_horror —è –≥–æ—Ç–æ–≤, –Ω–∞—Å—á–µ—Ç –æ–∫—Å–∏ —Å–æ–º–Ω–µ–≤–∞—é—Å—å)))
DmitryMalikov|866245832449937408|2017-05-21 10:54:35|@Svobodniy_nick –≥–ª–∞–≤–Ω–æ–µ, —á—Ç–æ–±—ã —Ç—ã –ª—é–±–∏–ª(–∞)
DmitryMalikov|866229532847681536|2017-05-21 09:49:49|"–ù–∞ —ç—Ç–æ–π –ø–µ—Å–Ω–µ —è –≤—ã—Ä–æ—Å! –ï–µ –ø–µ–ª –º–æ–π –æ—Ç–µ—Ü –≤ –ª–µ–≥–µ–Ω–¥–∞—Ä–Ω–æ–π –≥—Ä—É–ø–ø–µ  ""—Å–∞–º–æ—Ü–≤–µ—Ç—ã""! https://t.co/d3Uyeamfvi"
DmitryMalikov|866005198187220992|2017-05-20 18:58:23|.@evg_mark —Ç–æ-—Ç–æ —É –º–µ–Ω—è –≤ —Ç–æ—Ç –¥–µ–Ω—å –∏–∑–∂–æ–≥–∞ –±—ã–ª–∞! –¢—ã –¥–∞–≤–∞–π –∑–∞–≤—è–∑—ã–≤–∞–π —Å —Ä–∏—Ç—É–∞–ª–∞–º–∏! –¢–æ–∂–µ –º–Ω–µ , —à–∞–º–∞–Ω –Ω–∞—à–µ–ª—Å—è..)))
DmitryMalikov|865966285389221888|2017-05-20 16:23:45|@evg_mark —Ä–∏—Ç—É–∞–ª—å–Ω–æ —Å–∂–µ–≥-—ç—Ç–æ –∑–≤—É—á–∏—Ç!
DmitryMalikov|865682650622722048|2017-05-19 21:36:42|@Akulina1974 üòç
DmitryMalikov|865612935732895746|2017-05-19 16:59:40|@IlyyaKomar –∑–¥–æ—Ä–æ–≤—å—è –∏ –ª—é–±–≤–∏!
DmitryMalikov|865527262946377730|2017-05-19 11:19:14|.@dozmaroff –Ω–µ –Ω–∞–¥–æ —É–≥—Ä–æ–∑!üòÜ
DmitryMalikov|865491130506330112|2017-05-19 08:55:40|"3 –º–ª–Ω –ø—Ä–æ—Å–º–æ—Ç—Ä–æ–≤ –∑–∞ —Å—É—Ç–∫–∏) –ú–∏–ª–ª–µ –ì—Ä–∞—Ü–∏–µ –≤—Å–µ–º!
https://t.co/1fOYCVLRG5"
DmitryMalikov|865330048563326976|2017-05-18 22:15:35|@Xander_curls –¥–æ–±—Ä–æ–π –Ω–æ—á–∏!
DmitryMalikov|865233054784249856|2017-05-18 15:50:10|@yuliafire üëç
DmitryMalikov|865213245921144832|2017-05-18 14:31:27|RT @r6b1t: @DmitryMalikov –°–ø—Ä–æ—Å–∏–ª —É –º–∞–º—ã –∫—Ç–æ –µ—ë –∫—É–º–∏—Ä. –°–∫–∞–∑–∞–ª–∞, —á—Ç–æ –ö–∏—Ä–∫–æ—Ä–æ–≤. –¢–µ–ø–µ—Ä—å –∂–∏–≤—É –æ—Ç–¥–µ–ª—å–Ω–æ.
DmitryMalikov|865141073013854208|2017-05-18 09:44:40|@aleschaantipoff –∞ –∑—Ä—è! –Ø –±—ã –ø–æ–∫–∞–∑–∞–ª
DmitryMalikov|865133280609394689|2017-05-18 09:13:42|"–§–∏—Ç,—Ñ–∏—Ç—É–ª—ë–∫ ,—Ñ–∏—Ç—É–ª–µ—á–∫–∞, —Ñ–∏—Ç—É—ë—á–µ–∫..
https://t.co/99wquJbWEN"
DmitryMalikov|865103263481421825|2017-05-18 07:14:25|RT @drozdys: @DmitryMalikov –≥–ª–∞–≤–Ω–∞—è —Ä–æ–ª—å —Å–ª–µ–¥—É—é—â–µ–≥–æ –∫–ª–∏–ø–∞ –≤–∞—à–∞!!—Å–º–æ—Ç—Ä–∏—Ç–µ –∫—É–¥–∞ –º—ã –¥–≤–∏–∂–µ–º—Å—è –î–†–û–ó–î–´ - –í–ª—é–±–ª—è—é—Å—å (–ü—Ä–µ–º—å–µ—Ä–∞ 2017) https://t.co/8‚Ä¶
DmitryMalikov|864853958426320909|2017-05-17 14:43:46|@ya_Laima332609 —à—É—Ç–æ–∫ –Ω–µ –ø–æ–Ω–∏–º–∞–µ—Ç–µ
DmitryMalikov|864825194300547072|2017-05-17 12:49:28|@AnastasiaShink –≥–æ—Ç–æ–≤—å—Ç–µ—Å—å –∫–∞–∫ —Å–ª–µ–¥—É–µ—Ç! –ö–æ—Ä–æ–ª—å —Ç–≤–∏—Ç—Ç–µ—Ä–∞ –µ–¥–µ—Ç)))
DmitryMalikov|864428443483738113|2017-05-16 10:32:55|@AinaGabdrisheva —è –∂–µ–Ω–∏–ª—Å—è –ø–æ –ª—é–±–≤–∏)
DmitryMalikov|864409502321455104|2017-05-16 09:17:39|@Innaufa –∞ –∫–æ—Ä–æ–ª—è–º —Ç–≤–∏—Ç—Ç–µ—Ä–∞? üòâ
DmitryMalikov|864374763644387328|2017-05-16 06:59:37|–ò—à—å —Ç—ã, –∫–∞–∫–æ–π —Ä–∞–∑–≤—Ä–∞—Ç–Ω–∏–∫! https://t.co/d41sHB5kAv
DmitryMalikov|864307619904794624|2017-05-16 02:32:49|@ZaszKwar –ª—É—á—à–µ –±—ã—Ç—å –±–æ–≥–∏–Ω–µ–π –Ω–∞–ª–∏–∫–∞üòÜüòÜüòÜ
DmitryMalikov|864158466612617217|2017-05-15 16:40:08|"–ï—â–µ –æ–¥–∏–Ω —Ñ–æ—Ä–º–∞—Ç""–¥–∞–≤–∞–π –¥–æ —Å–≤–∏–¥–∞–Ω–∏—è"",–∞ –∂–∞–ª–∫–æ) —ç–º–ø–µ—Ç—Ä–∏—à–∫–∞–º –∫–æ–Ω–µ—Ü!
–†–∞–∑—Ä–∞–±–æ—Ç—á–∏–∫–∏ mp3 —Å–æ–æ–±—â–∏–ª–∏ –æ¬†–∫–æ–Ω—Ü–µ —ç–ø–æ—Ö–∏ —ç—Ç–æ–≥–æ —Ñ–æ—Ä–º–∞—Ç–∞ https://t.co/XjecaNCzKc"
DmitryMalikov|864039167470297088|2017-05-15 08:46:05|"RT @alinaozery: –ù–∏–∂–Ω–∏–π –ù–æ–≤–≥–æ—Ä–æ–¥,–æ—Å—Ç–∞–ª—Å—è –æ–¥–∏–Ω –¥–µ–Ω—å –¥–æ —Å–ø–µ–∫—Ç–∞–∫–ª—è  @DmitryMalikov ""–ü–µ—Ä–µ–≤–µ—Ä–Ω—É—Ç—å –ò–≥—Ä—É"",—É –≤–∞—Å –ø–æ—Å–ª–µ–¥–Ω–∏–π —à–∞–Ω—Å –∫—É–ø–∏—Ç—å –±–∏–ª–µ—Ç—ã https:‚Ä¶"
DmitryMalikov|863840920004964352|2017-05-14 19:38:19|@ritalichter @SiliconBangalor @achkasov –∫—É–¥–∞ —Ç–æ –æ–Ω –ø—Ä–æ–ø–∞–ª..
DmitryMalikov|863740415496867840|2017-05-14 12:58:57|@Ssvvet –≤—Å–µ —Å—É–±—ä–µ–∫—Ç–∏–≤–Ω–æ
DmitryMalikov|863719968357179392|2017-05-14 11:37:42|@slusimusi —É—Ä–∞
DmitryMalikov|863022837099102209|2017-05-12 13:27:33|–•–æ—Ä–æ—à–∏—Ö –í–∞–º –≤—ã—Ö–æ–¥–Ω—ã—Ö! –ù–µ –∑–∞–±—ã–≤–∞–π—Ç–µ –æ –≥–ª–∞–≤–Ω–æ–º))) https://t.co/1oGKdHIU9n
DmitryMalikov|862772741505769472|2017-05-11 20:53:45|@ruzanova1503 –¥—É–º–∞—é, —á—Ç–æ —ç—Ç–æ –∫–∞–∫ —Ä–∞–∑ —Ç–æ —á—Ç–æ –Ω–∞–¥–æ
DmitryMalikov|862581885217763328|2017-05-11 08:15:22|@ruzanova1503 –Ω–∞ –º–æ–∏—Ö,—è –¥—É–º–∞—é,–±—É–¥–µ—Ç –º–æ—è –∏–≥—Ä–∞—Ç—å)
DmitryMalikov|862561762394165250|2017-05-11 06:55:24|"–ü–æ—Å–≤—è—â–µ–Ω–∏–µ –†–æ–±–µ—Ä—Ç—É –ú–∞–π–ª–∑—É. –°–≤–µ—Ç–ª–∞—è –ø–∞–º—è—Ç—å.
Children- –ø–æ—Å–ª–µ–¥–Ω–∏–π –ø–æ –Ω–∞—Å—Ç–æ—è—â–µ–º—É –º–∏—Ä–æ–≤–æ–π –∏–Ω—Å—Ç—Ä—É–º–µ–Ω—Ç–∞–ª—å–Ω—ã–π —Ö–∏—Ç.. https://t.co/iE5tNjxUPZ"
DmitryMalikov|862327422452207617|2017-05-10 15:24:13|@Innaufa –ø–æ—Ç–æ–º —Ñ–∏—Ç –≤—ã–≥–æ–Ω–∏—à—å
DmitryMalikov|862306664971735040|2017-05-10 14:01:44|–ù–∏–∫–æ–º—É –Ω–µ –Ω—É–∂–µ–Ω? –ò –≤—ã—Å–ª—É—à–∞–µ—Ç,–∏ –ø–æ–π–º–µ—Ç .. https://t.co/zV0JCwqkyY
DmitryMalikov|861978290361430016|2017-05-09 16:16:53|@evg_mark @romablablabla –æ–¥–Ω–æ –∏–∑
DmitryMalikov|861907414559465472|2017-05-09 11:35:15|"""–ù–æ –≤—Ä–µ–º—è,—Å—Ç–æ–ª–∫–Ω—É–≤—à–∏—Å—å —Å –ø–∞–º—è—Ç—å—é, –∑–∞—è–≤–ª—è–µ—Ç –æ —Å–≤–æ–µ–º –±–µ—Å–ø—Ä–∞–≤–∏–∏""(–ë—Ä–æ–¥—Å–∫–∏–π) –ù–∞–¥–æ —á—Ç–æ–±—ã –ø–æ–º–Ω–∏–ª–∏!–° –ø—Ä–∞–∑–¥–Ω–∏–∫–æ–º!
–ù–µ—Å–∫–æ–ª—å–∫–æ‚Ä¶ https://t.co/hkqfaP41GX"
DmitryMalikov|861159933454286849|2017-05-07 10:05:02|–í –≥–ª–∞–∑–∞ —Å–º–æ—Ç—Ä—é.. https://t.co/XL1FZtFyLy
DmitryMalikov|861157974378770434|2017-05-07 09:57:15|@DrAliev –æ—Ä–≥–∞–Ω–∏–∑—É–µ–º
DmitryMalikov|860898396978241536|2017-05-06 16:45:47|@Alex_Elrow –ø–æ–≥–æ–≤–æ—Ä–∏–º –µ—â–µ)
DmitryMalikov|860829754865451008|2017-05-06 12:13:01|–î–æ –º—ã—à–µ–π.. https://t.co/RLCK0EMkaj
DmitryMalikov|860788195818123264|2017-05-06 09:27:53|@vse_hyeva —É –º–µ–Ω—è —Ç–æ–∂–µ
DmitryMalikov|860770708548464640|2017-05-06 08:18:23|–ú–æ—â–Ω—ã–µ —Å—Ç–∞—Ä–∏–∫–∏! https://t.co/6mLbmrQXIZ
DmitryMalikov|860589500812210177|2017-05-05 20:18:20|@Alma_del_Viento –µ—Å–ª–∏ –±—ã!
DmitryMalikov|860565546278014986|2017-05-05 18:43:09|@Alma_del_Viento —Å–æ–≥–ª–∞—Å–µ–Ω ! –Ø —Ç–æ–∂–µ –≤ —ç—Ç–æ–º –Ω–∞–ø—Ä–∞–≤–ª–µ–Ω–∏–∏ —Ä–∞–±–æ—Ç–∞—é —Å–µ–π—á–∞—Å
DmitryMalikov|860223711705796612|2017-05-04 20:04:49|@enternik –Ω–æ —è –í–∞—Å –Ω–µ –∫–∏–Ω—É –µ—Å–ª–∏ —á–µ–≥–æ..
DmitryMalikov|860223587181056004|2017-05-04 20:04:20|.@enternik –î–∂–∏–≥—É—Ä–¥–∞-—Ç–∏—Ç–∞–Ω!
DmitryMalikov|860222674001330178|2017-05-04 20:00:42|@Evomusic2010 —Å–ø–∞—Å–∏–±–æ –∑–∞ –≤–Ω–∏–º–∞–Ω–∏–µ –∏ –ø–æ—Å—Ç–æ—è–Ω—Å—Ç–≤–æ –∫ –º–æ–µ–º—É —Ç–≤–æ—Ä—á–µ—Å—Ç–≤—Éüíã
DmitryMalikov|860189230127099905|2017-05-04 17:47:48|@OritSvetlana @inessa_orel @svetamoroz2 @Dima18006758 –±–æ—Ç–∏–∫–∏
DmitryMalikov|860183520282587136|2017-05-04 17:25:07|@iunicorn22 –¥–∞ –∑–∞–ø—Ä–æ—Å—Ç–æ! https://t.co/AzELr2Gxlf
DmitryMalikov|860115284195246080|2017-05-04 12:53:58|@NadinKiedis –ù—É —Ç—É—Ç —É–∂ —Ç—ã –Ω–∏—á–µ–≥–æ –Ω–µ —Å–º–æ–∂–µ—à—å –∏–∑–º–µ–Ω–∏—Ç—å - –º—ã —Ç—É—Ç –≤—Å–µ –Ω–µ–º–Ω–æ–≥–æ —Å—É–º–∞—Å—à–µ–¥—à–∏–µ –∏ —è ,–∏ —Ç—ã..
DmitryMalikov|860101488567345152|2017-05-04 11:59:09|–†–µ—Ç–≤–∏—Ç–Ω—É –ª—é–±–æ–π –º–∞—Ä–∞–∑–º —é–±–∏–ª–µ–π–Ω–æ–≥–æ —Ñ–æ–ª–ª–æ–≤–µ—Ä–∞! –î–µ—Ä–∑–∞–π, –ø—è—Ç–∏—Å–æ—Ç—Ç—ã—Å—è—á–Ω—ã–π!)))
DmitryMalikov|860028575134691328|2017-05-04 07:09:25|@svetogor –≤—Å–µ –±–∞–±—ã —Å—Ç–µ—Ä–≤—ã-–ø–æ–µ—Ç –ò—Ä–∏–Ω–∞ –ê–ª–ª–µ–≥—Ä–æ–≤–∞..
DmitryMalikov|859358569157799936|2017-05-02 10:47:03|.@Elsa570 –í–µ–ª–∏–∫–æ–µ —Å–æ–∑—Ä–µ–≤–∞–µ—Ç –≤ –º–æ–ª—á–∞–Ω–∏–∏..
DmitryMalikov|858330945103044608|2017-04-29 14:43:38|–ü–æ–∑–∏—Ç–∏–≤–∞ —Ç–µ –≤ –ª–µ–Ω—Ç—É!! https://t.co/0iwO4Qjzzq
DmitryMalikov|858036865387069442|2017-04-28 19:15:04|@LeilaTau –°–ü–ê–°–ò–ë–û
DmitryMalikov|857898789176311808|2017-04-28 10:06:24|@juvashe 1 –º–∏–Ω—É—Ç—É
DmitryMalikov|857895081000542210|2017-04-28 09:51:40|@B17Ibrayev —Å–∞–º —Ç–∞–∫–æ–πüòÇ
DmitryMalikov|857891887964934145|2017-04-28 09:38:59|@LarisaDudina —Ö–æ—á–µ—à—å,—á—Ç–æ–±—ã —è —Å–≤–æ—é –∞—Ä–º–∏—é –ø–æ–∫–ª–æ–Ω–Ω–∏—Ü –∫ —Ç–µ–±–µ –Ω–∞–ø—Ä–∞–≤–∏–ª?
DmitryMalikov|857813979418251264|2017-04-28 04:29:24|@gifsvideo —ç—Ç–æ –º–æ–π –∞–ª—å–±–æ–º!üò°
DmitryMalikov|857608110848045056|2017-04-27 14:51:21|@No_more_Vodka –û–ö
DmitryMalikov|857588786909376515|2017-04-27 13:34:34|@homanik2014 —è –≤ –∑–∞–≤—è–∑–∫–µüòÖ
DmitryMalikov|857570493959995393|2017-04-27 12:21:53|–Ø –µ—Å—Ç—å –û—Ä–≥–ê–Ω! https://t.co/Xk5YVaS2Zb
DmitryMalikov|857517288337154048|2017-04-27 08:50:28|@_Nezabudka —ç—Ç–æ —Ç—ã –Ω–∞–≤–µ—Ä–Ω–æ–µ –æ—Ç –º–µ–Ω—è –∑–∞—Ä–∞–∑–∏–ª–∞—Å—å .. –ì–æ–≤–æ—Ä–∏–ª —Ç–µ–±–µ, –Ω–µ –Ω–∞–¥–æ –±—ã–ª–æ —Ü–µ–ª–æ–≤–∞—Ç—å—Å—è)))
DmitryMalikov|857479388409077761|2017-04-27 06:19:52|@LeilaTau –º–æ–∂–Ω–æ
DmitryMalikov|857479345350299648|2017-04-27 06:19:41|@mermaid_jk üëç
DmitryMalikov|857383533744193536|2017-04-26 23:58:58|@Evgenia_Chel üòÇ–≤ —Ç–≤–æ—Ä—á–µ—Å—Ç–≤–µ —è –∏–º–µ—é –≤–≤–∏–¥—É.. –ù—É–∂–Ω–æ —ç–∫—Å–ø–µ—Ä–∏–º–µ–Ω—Ç–∏—Ä–æ–≤–∞—Ç—å)
DmitryMalikov|857310818534387714|2017-04-26 19:10:01|–°–æ–≥–ª–∞—Å–µ–Ω. –≠—Ç–æ –ø—Ä–æ –º–µ–Ω—è. –£ –º–µ–Ω—è –±–æ–ª—å—à–µ –Ω–µ—Ç –ø—Ä–∏–Ω—Ü–∏–ø–æ–≤.
DmitryMalikov|857310707708293121|2017-04-26 19:09:35|–ü—Ä–∏–Ω—Ü–∏–ø—ã - —ç—Ç–æ –∑–∞–≤–µ–¥–æ–º–∞—è –Ω–µ—Å–≤–æ–±–æ–¥–∞ –∏ –ø–æ–ø—ã—Ç–∫–∞ –æ—Ç–∫–ª—é—á–∏—Ç—å —Å–≤–æ–π –∏—Å—Å–ª–µ–¥–æ–≤–∞—Ç–µ–ª—å—Å–∫–∏–π –ø–æ—Ç–µ–Ω—Ü–∏–∞–ª.–¢—ã –Ω–∏–∫–æ–≥–¥–∞ –Ω–µ –∑–∞–π–¥—ë—à—å –Ω–∞ –Ω–µ–∏–∑–≤–µ—Å—Ç–Ω—É—é —Ç–µ—Ä—Ä–∏—Ç–æ—Ä–∏—é.–®–Ω—É—Ä
DmitryMalikov|856903837214486528|2017-04-25 16:12:49|@SteshaSL üëçüòç
DmitryMalikov|856846058734972929|2017-04-25 12:23:14|@cyber_ru –Ω–µ –≤ –∫—É—Ä—Å–µ
DmitryMalikov|856828401931431936|2017-04-25 11:13:04|@sobaka_ru —É—á–∏—Ç–µ—Å—å!
DmitryMalikov|856593428490203136|2017-04-24 19:39:22|@agabekovd –æ—Ç–ª–∏—á–Ω–æ –≤—Å–µ –ø—Ä–æ—à–ª–æ !
DmitryMalikov|856454013923053568|2017-04-24 10:25:23|"–õ–æ–º–∞—Ç—å –Ω–µ —Å—Ç—Ä–æ–∏—Ç—å –∏–ª–∏ –°—É—Ä–æ–≤—ã–µ –±—É–¥–Ω–∏, —á–∞—Å—Ç—å ...–Ω–∞–¥—Ü–∞—Ç–∞—è))) —Ö–æ—Ä–æ—à–µ–π —Ç—Ä—É–¥–æ–≤–æ–π –Ω–µ–¥–µ–ª–∏!
#–ø–µ—Ä–µ–≤–µ—Ä–Ω—É—Ç—å–∏–≥—Ä—É https://t.co/c7WySZiJTY"
DmitryMalikov|856232836625567745|2017-04-23 19:46:30|–ü–æ–ª–µ—Ç–µ–ª —è –≤ –ê–ª–º–∞—Ç—ã , –≤—Å–µ–º –ø–æ–∫–∞! –ù–µ —Ä–∞–∑–º–Ω–æ–∂–∞–π—Ç–µ—Å—å –≤ –Ω–µ–≤–æ–ª–µ )))
DmitryMalikov|856162554422415360|2017-04-23 15:07:14|"–ê –º–Ω–µ –≤ –û–¥–µ—Å—Å—É –Ω–∞–¥–æ –ø–æ–∑–∞—Ä–µ–∑..!
–í.–í—ã—Å–æ—Ü–∫–∏–π https://t.co/RgiR2G5Jkd"
DmitryMalikov|856125265818382336|2017-04-23 12:39:04|@smolka100 –Ω–µ –ø–µ–π –º–Ω–æ–≥–æ..
DmitryMalikov|855873475675869184|2017-04-22 19:58:32|@No_more_Vodka –ø—Ä–∞–≤–¥–∞ –∂–∏–∑–Ω–∏
DmitryMalikov|855791975378956289|2017-04-22 14:34:41|@Irina_voronech @alinaozery @_Nezabudka –Ω–µ –≥–æ—Ç–æ–≤–æ –µ—â–µ
DmitryMalikov|855771930858795009|2017-04-22 13:15:02|@svetamoroz2 –æ–ø–æ—Å—Ä–µ–¥–æ–≤–∞–Ω–Ω–æ
DmitryMalikov|855752762654695427|2017-04-22 11:58:52|–ù–µ —Ç–æ,—á—Ç–æ –º—ã –≤ –Ω–∞—à–µ–º —à–æ—É –±–∏–∑–µ:–≤ –∫–∞–∂–¥–æ–π –±–æ—á–∫–µ –∑–∞—Ç—ã—á–∫–∏ .–í—Å–µ —Ç–æ–ª—å–∫–æ –∏ —Ö–≤–∞—Å—Ç–∞—é—Ç—Å—è —Å–≤–æ–∏–º–∏ –ø—Å–µ–≤–¥–æ–¥–æ—Å—Ç–∏–∂–µ–Ω–∏—è–º–∏ –∏ —á–∏—â–µ–Ω–Ω—ã–º–∏ –ø–æ–Ω—Ç–æ–≤–∏—Ç—ã–º–∏ —Ñ–æ—Ç–∫–∞–º–∏)
DmitryMalikov|855751762015379456|2017-04-22 11:54:53|–¢–æ,—á—Ç–æ –û–∫—Å–∏ –ø—Ä–æ–ø–∞–ª –Ω–∞–¥–æ–ª–≥–æ –∏ –µ–≥–æ –≤–æ–æ–±—â–µ –Ω–∏–≥–¥–µ –Ω–µ—Ç,–∏ –¥–∞–∂–µ –¥—Ä—É–∑—å—è —Ç–∏–ø–∞ –†–µ—Å—Ç–æ—Ä–∞—Ç–æ—Ä–∞ –Ω–µ –∑–Ω–∞—é—Ç –≥–¥–µ –∏ —á—Ç–æ —Å –Ω–∏–º-—ç—Ç–æ –∫—Ä—É—Ç–æ,—è —Å—á–∏—Ç–∞—é..–î–µ—Ä–∂–∏—Ç –º–∞—Å—Ç—å!
DmitryMalikov|855747054982877184|2017-04-22 11:36:11|@RonnnyRonny –æ–Ω —à—É—Ç–∏—Ç
DmitryMalikov|855735705183584256|2017-04-22 10:51:05|@evg_mark —Ç—ã —á–µ–≥–æ —Ä—É–≥–∞–µ—à—å—Å—è?
DmitryMalikov|855713969461481476|2017-04-22 09:24:43|@RonnnyRonny –¢–≤–∏—Ç—Ç–µ—Ä –µ—â–µ –Ω–µ —Ç–æ –º–æ–∂–µ—Ç –ø—Ä–µ–¥–ª–æ–∂–∏—Ç—å)
DmitryMalikov|855704746237317122|2017-04-22 08:48:04|@Broseliada @_Nezabudka @ZoriyYA —Å—É–¥—è –ø–æ –º–æ–µ–º—É –¢–≤–∏—Ç—Ç–µ—Ä—É,–≥–æ–ª–æ—Å –∏ –≥–æ–ª–æ—Å –¥–µ—Ç–∏-–µ–¥–∏–Ω—Å—Ç–≤–µ–Ω–Ω–æ–µ —á—Ç–æ –Ω–∞—Ä–æ–¥ –µ—â–µ –Ω–µ–º–Ω–æ–≥–æ —Å–º–æ—Ç—Ä–∏—Ç –ø–æ —Ç–≤
DmitryMalikov|855479278573674496|2017-04-21 17:52:08|@mirrovarm4 –∂–¥–∏
DmitryMalikov|855469659709210624|2017-04-21 17:13:55|@mirrovarm4 –¥–∞ –≤ 9 –≤—ã—Ö–æ–¥
DmitryMalikov|855466744651161604|2017-04-21 17:02:20|@mirrovarm4 @Sunny_vladilena –ø—Ä–∏—Ö–æ–¥–∏ –º–æ–∂–µ—Ç –ø—Ä–æ–≤–µ–¥–µ–º
DmitryMalikov|855464309383680000|2017-04-21 16:52:39|@lemurnaya –≤–∏–∂—É
DmitryMalikov|855406448913911808|2017-04-21 13:02:44|@GavroshAgosfer @sleeps_alon –Ω–µ –∑–∞—Å–ª—É–∂–∏–ª –ø–æ–∫–∞
DmitryMalikov|855404400877162496|2017-04-21 12:54:36|–í—Å—Ç—Ä–µ—Ç–∏–ª —é–Ω—É—é –ø–æ–∫–ª–æ–Ω–Ω–∏—Ü—É. –°–∏–¥–∏–º –Ω–∞ —Å–∫–∞–º–µ–π–∫–µ –≤ –ø–∞—Ä–∫–µ,–∑–∞–≥–æ—Ä–∞–µ–º, –ø–æ–ª—Ç–æ—Ä–∞ –≥—Ä–∞–¥—É—Å–∞ —Ç–µ–ø–ª–∞. –í —Ç–µ–Ω–∏ ))) https://t.co/nh1UbsxJRZ
DmitryMalikov|855360821609857025|2017-04-21 10:01:26|@svetamoroz2 @mangalita11 @_Nezabudka @ZoriyYA. –ó—Ä—è
DmitryMalikov|855359923483537409|2017-04-21 09:57:52|@InnaSelivanova @_Nezabudka –Ω–µ —Å–∫–∞–∂—É
DmitryMalikov|855358545021345793|2017-04-21 09:52:23|@_Nezabudka @ZoriyYA —É –º–µ–Ω—è –¥—Ä—É–≥–∏–µ –æ—Ä–∏–µ–Ω—Ç–∏—Ä—ã, –Ω–µ —ç—Å—Ç—Ä–∞–¥–Ω—ã–µ
DmitryMalikov|855357769691615236|2017-04-21 09:49:18|–ü–∏—Ç–µ—Ä! –¢—ã —Ö–æ—Ä–æ—à –≤ –ª—é–±—É—é –ø–æ–≥–æ–¥—É))) https://t.co/BJjUYRtC8n
DmitryMalikov|855356755043389440|2017-04-21 09:45:16|@ZoriyYA @_Nezabudka —Ö—É–∂–µ
DmitryMalikov|855355126575493122|2017-04-21 09:38:48|@_Nezabudka –∫–æ–≥–¥–∞ –í—ã —É–∑–Ω–∞–µ—Ç–µ —Å –∫–µ–º –∏ –ø—Ä–æ —á—Ç–æ —è —Å–Ω–∏–º–∞—é –∫–ª–∏–ø, –±–æ—é—Å—å, –±—É–¥–µ—Ç–µ –ø–ª–∞–∫–∞—Ç—å –≥–æ—Ä—é—á–∏–º–∏ —Å–ª–µ–∑–∞–º–∏üò≠üò≠üò≠
DmitryMalikov|855335422825684993|2017-04-21 08:20:30|@smolka100 –ª–∏—á–Ω–æ —è —Å–Ω–∏–º–∞—é –∫–ª–∏–ø) –µ—Å—Ç—å —á—Ç–æ –¥–µ–ª–∞—Ç—å
DmitryMalikov|855150030558199808|2017-04-20 20:03:49|@70Melody22 –º–µ–Ω—è —Ç–∞–∫–∏–º –ª–∏—Ç—Ä–∞–∂–æ–º –Ω–µ –≤–æ–∑—å–º–µ—à—å
DmitryMalikov|855118049799786497|2017-04-20 17:56:45|@smolka100 –¥–∞ —Ö–æ—Ä–æ—à–æ,–≤ –∑–∞–±–æ—Ç–∞—Ö
DmitryMalikov|855062801433473024|2017-04-20 14:17:12|@smolka100 —Å–ø–∞—Å–∏–±–æ ! –ù–µ –ø–æ–º–µ—à–∞–ª–æ –±—ã..)))
DmitryMalikov|855001891750727680|2017-04-20 10:15:10|@Irina_voronech —Ö–æ—Ä–æ—à–æ —Å–ø–∞—Å–∏–±–æ
DmitryMalikov|854994429370826753|2017-04-20 09:45:31|@alex_morik –ø—Ä–∏–≤–µ—Ç –ø—Ä–∏–≤–µ—Ç
DmitryMalikov|854792685231767552|2017-04-19 20:23:52|@moriarti123 —Å–ª—É—Ö–∏
DmitryMalikov|854792051510173699|2017-04-19 20:21:21|@ya_Laima332609 —ç—Ç–æ –Ω–µ —Å–ª–æ–∂–Ω–æ
DmitryMalikov|854791131275644933|2017-04-19 20:17:41|.@70Melody22 –≤–∏–Ω–æ –Ω–∞–º –Ω—É–∂–Ω–æ –ø–∏—Ç—å –¥–ª—è –∑–¥–æ—Ä–æ–≤—å—è! –ê –∑–¥–æ—Ä–æ–≤—å–µ –Ω–∞–º –Ω—É–∂–Ω–æ –¥–ª—è —Ç–æ–≥–æ, —á—Ç–æ–±—ã –ø–∏—Ç—å –≤–æ–¥–∫—É !‚úåÔ∏è
DmitryMalikov|854790330604015619|2017-04-19 20:14:30|@70Melody22 –≤—ã–ø–µ–π —Å–æ –º–Ω–æ–π!
DmitryMalikov|854786190133866496|2017-04-19 19:58:03|@InnaSelivanova —Ç–∏–ø–∞ —Ç–æ–≥–æ
DmitryMalikov|854784889501216768|2017-04-19 19:52:53|@ASubrovskis —á–µ—Ä–µ–∑ –ø—Ä–∏–∑–º—É –±—É—Ç—ã–ª–æ—á–∫–∏ –ø–æ–ª–Ω–æ–µ HD
DmitryMalikov|854781613821001728|2017-04-19 19:39:52|@cybermutko –Ω–µ –≤–∞–∂–Ω–æ, –∏–≥—Ä–∞—é—Ç —Ö–æ—Ä–æ—à–æ –∏ —è –¥–∞–≤–Ω–æ –Ω–µ —Å–º–æ—Ç—Ä–µ–ª —Ñ—É—Ç–±–æ–ª
DmitryMalikov|854780505916674048|2017-04-19 19:35:28|@4egeraut –ø–ª–æ—Ö–∏—Ö –Ω–µ –¥–µ—Ä–∂–∏–º
DmitryMalikov|854779515335315461|2017-04-19 19:31:32|@mahnevpeter –Ω—É —Ö–æ—Ä–æ—à–æ –∂–µ –∏–≥—Ä–∞—é—Ç!
DmitryMalikov|854779029400023040|2017-04-19 19:29:36|@popoikin__ –ª–æ–≤–∏! https://t.co/Lqm6aRmrfQ
DmitryMalikov|854778470081187841|2017-04-19 19:27:22|–ë–∞—Ä—Å–∞ –∫—Ä–∞—Å–∞–≤—Ü—ã! https://t.co/3ZBO8QRBez
DmitryMalikov|854775817804689408|2017-04-19 19:16:50|@anka_gor –¥–ª—è –Ω–∞—á–∞–ª–∞ –Ω–∞–¥–æ –¥–ª—è —Ç–µ–±—è —Å—Ç–∞—Ç—å –¥–æ–Ω–æ—Ä–æ–º.. –ê –ø–æ—Ç–æ–º –∫–æ–≥–¥–∞ –¥–µ—Ç–∏ —Ä–æ–¥—è—Ç—Å—è –∏ –¥–ª—è –Ω–∏—Ö ,–º–æ–∂–µ—Ç, —Å–≥–æ–∂—É—Å—å!)))
DmitryMalikov|854773679489789952|2017-04-19 19:08:20|@ya_Laima332609 –û–∫–∏ —Å–ø–∞—Å–∏–±–æ
DmitryMalikov|854771608610889728|2017-04-19 19:00:07|@ya_Laima332609 —Å—Ç–æ–∏—Ç?
DmitryMalikov|854759250081480716|2017-04-19 18:11:00|@anka_gor —è –≤—Å–µ–≥–¥–∞ –±—ã–ª –∫–ª–∞—Å—Å–Ω—ã–π.. –Ω–æ –¥–æ–ª–±–∞–∫–æ–≤ –∫—Ä—É–≥–æ–º —Ç–æ–∂–µ –≤—Å–µ–≥–¥–∞ —Ö–≤–∞—Ç–∞–ª–æ.
DmitryMalikov|854746179271262208|2017-04-19 17:19:04|@lemurnaya  https://t.co/3TPgzXAGnI
DmitryMalikov|854745628009693186|2017-04-19 17:16:52|@lemurnaya –Ω–µ –∫–∞–∂–¥–æ–º—É
DmitryMalikov|854745223746002944|2017-04-19 17:15:16|@lemurnaya —Ñ–∏–≥(—Ñ–∏—Ç) —Ç–µ–±–µ! –Ø —ç—Ç–æ! –ù–µ—Ç —Ç–∞–∫–∏—Ö –ø–∏–∞—Ä—â–∏–∫–æ–≤ —É –Ω–∞—Å))) –ø–æ—Ç–æ–º—É —á—Ç–æ –æ—Ç –¥—É—à–∏ –≥–æ–Ω—é )))
DmitryMalikov|854717458049110018|2017-04-19 15:24:56|@evg_mark —ç—Ç–æ —Ç—ã –µ—â–µ –º–æ–µ–π –Ω–æ–≥–∏ –Ω–µ –≤–∏–¥–µ–ª..—è –∑–≤—ç—Ä—å !!!
DmitryMalikov|854716671013126144|2017-04-19 15:21:48|@grumpy__diana –º–æ—é –ø–æ–∫–∞ —Ç–æ–∂–µ
DmitryMalikov|854710462306451456|2017-04-19 14:57:08|@medmelya https://t.co/V0lt8N7rwu
DmitryMalikov|854708854273212416|2017-04-19 14:50:45|@medmelya —ç—Ç–æ –ø–ª–æ—Ç —Ä–∞–±–æ—Ç—ã –Æ—Ä–∏—è –õ–æ–∑—ãüòÜüòÜüòÜ
DmitryMalikov|854705338548965377|2017-04-19 14:36:47|@Jozef_Schweik –¥–∞ –Ω–µ –æ —á–µ–º !
DmitryMalikov|854698146684968960|2017-04-19 14:08:12|–ü–µ—Ä–µ–¥–∞—é –ø—Ä–∏–≤–µ—Ç –≤—Å–µ–º, –∫–æ–º—É —Ç—è–∂–µ–ª–æ–≤–∞—Ç–æ.. –†–µ–±—è—Ç–∞! –Ø —Å –í–∞–º–∏))) https://t.co/aZMOTrT5gd
DmitryMalikov|854680663001378816|2017-04-19 12:58:43|@satanasieva –¥–∞ –Ω–æ—Ä–º–∞–ª—å–Ω–æ –µ—Å–ª–∏ –∫–æ–º—É —Ç–æ –Ω—Ä–∞–≤–∏—Ç—å—Å—è))) –º–µ–Ω—è —Ä–≤–∞–ª–æ –Ω–µ—Å–∫–æ–ª—å–∫–æ —Ä–∞–∑ –≤ –¥–µ—Ç—Å—Ç–≤–µ üòÖ
DmitryMalikov|854677476265648128|2017-04-19 12:46:04|@theartsmuseum –¥–ª—è –º–µ–Ω—è –±–æ–ª—å—à–∞—è —á–µ—Å—Ç—å!
DmitryMalikov|854677138238263296|2017-04-19 12:44:43|@IronXen –Ω–µ—Å–∫–æ–ª—å–∫–æ –ø–µ—Å–µ–Ω , –ø–æ–∫–∞ –Ω–µ —Ä–∞—Å–ø—Ä–æ–±–æ–≤–∞–ª
DmitryMalikov|854666315365318656|2017-04-19 12:01:43|@IronXen –æ–±—è–∑–∞—Ç–µ–ª—å–Ω–æ
DmitryMalikov|854649961144823810|2017-04-19 10:56:44|–ö–æ–ª–ª–µ–≥–∏ –ø–æ –∂–∞–Ω—Ä—É! –í–º–µ—Å—Ç–µ –Ω–∞—á–∏–Ω–∞–ª–∏.. https://t.co/nZqrj4bAwy
DmitryMalikov|854626688948457472|2017-04-19 09:24:15|@RomanZax –Ω–∞–¥–æ –ø–æ—Å–ª—É—à–∞—Ç—å
DmitryMalikov|854610647371452418|2017-04-19 08:20:30|@Innaufa @Natali_Ufa —Å–ø–∞—Å–∏–±–æ! –ü—É—Ç–µ—à–µ—Å—Ç–≤–∏—è –¥–µ–ª–∞—é—Ç –Ω–∞—Å —Å—á–∞—Å—Ç–ª–∏–≤—ã–º–∏ !
DmitryMalikov|854433147211141120|2017-04-18 20:35:11|@ktruequeen @if_i_was_okay üòç
DmitryMalikov|854431731788783618|2017-04-18 20:29:34|@if_i_was_okay @ktruequeen —Ç–∞–∫ –±—ã–≤–∞–µ—Ç..)
DmitryMalikov|854430015370518528|2017-04-18 20:22:44|"@ktruequeen @if_i_was_okay —è —Ç–≤–æ–π —Å–ª—É–≥–∞,—è —Ç–≤–æ–π —Ä–∞–±–æ—Ç–Ω–∏–∫! –ì—Ä—É–ø–ø–∞ kraftwerk 1977 –≥–æ–¥
https://t.co/rSiC24B5dm"
DmitryMalikov|854425212242325506|2017-04-18 20:03:39|@Curren_Director –Ω–µ –∑–Ω–∞—é, –Ω–µ –∏–≥—Ä–∞–ª
DmitryMalikov|854424396445908992|2017-04-18 20:00:25|@Curren_Director –ö–∞—Å–∏–æ –ø—Ä–∞–∫—Ç–∏—á–Ω–µ–π
DmitryMalikov|854399347936681984|2017-04-18 18:20:53|@No_more_Vodka –∏–º–ø—É–ª—å—Å –µ—Å—Ç—å –∞ —Å–æ–æ–±—â–µ–Ω–∏—è –Ω–µ—Ç
DmitryMalikov|854398726521204736|2017-04-18 18:18:25|@poooovar –º—ã –Ω–∞—Ä–æ–¥ —Ç–≤–æ—Ä—á–µ—Å–∫–∏–π , –Ω–∞–º –Ω—É–∂–µ–Ω –∏–º–ø—É–ª—å—Å –∞ –Ω–µ —Ä–µ—Ç–≤–∏—Ç—ã
DmitryMalikov|854365125255495688|2017-04-18 16:04:53|@Lyagushonok_ –≤—ã—Ö–æ–¥—è—Ç –≤ –ø—Ä–æ–¥–∞–∂—É
DmitryMalikov|854326886528319490|2017-04-18 13:32:57|@ManukyanMarine —Å–ø–∞—Å–∏–±–æ! –ü—Ä–∏—è—Ç–Ω–æ –ø–æ–∑–Ω–∞–∫–æ–º–∏—Ç—å—Å—è)
DmitryMalikov|854271812447985664|2017-04-18 09:54:06|@ElenaVasilek –∑–∞–≤–∏–¥—É—é
DmitryMalikov|854068836684976128|2017-04-17 20:27:33|@ito4ka –º–æ–ª–æ–¥–æ–π –±—ã–ª.. –ó–µ–ª–µ–Ω—ã–π)
DmitryMalikov|854040158672482305|2017-04-17 18:33:35|–ê –≤–¥—Ä—É–≥ —à–µ–¥–µ—Ä–≤ –ø–æ–ª—É—á–∏—Ç—Å—è? –•–æ—Ç—è –Ω–µ—Ç.. –í—Ä—è–¥ –ª–∏. https://t.co/75nQap7NtQ
DmitryMalikov|853877234830106626|2017-04-17 07:46:11|@makscaulfield –∏–¥–µ–∞–ª—å–Ω–æ! –°–∞–º–∞—è –¥—É—Ä–∞—Ü–∫–∞—è –º–æ—è –ø–µ—Å–Ω—è!
DmitryMalikov|853743190633050114|2017-04-16 22:53:33|@mort1_G –∑–∞–≥–ª—è–Ω—É –Ω–∞ –¥–Ω—è—Ö)
DmitryMalikov|853740973234556933|2017-04-16 22:44:44|@mort1_G –Ω–µ—Ç! –¢–æ–ª—å–∫–æ –Ω–µ —ç—Ç–æ!
DmitryMalikov|853735524040880128|2017-04-16 22:23:05|@Darya_Marya –∏–º–µ–Ω–Ω–æ –æ–± —ç—Ç–æ–º –±—É–¥–µ—Ç –º–æ–π —Å–ª–µ–¥—É—é—â–∏–π —Ç—Ä–µ–∫!)
DmitryMalikov|853584995574743041|2017-04-16 12:24:56|@e1_rueda –º–æ–ª–æ–¥–µ–µ—à—å ! –Ø –≤ —Ç—Ä–µ–Ω–¥–µ)
DmitryMalikov|853322427379724288|2017-04-15 19:01:35|"–ù–æ–≤–æ—Å—Ç—å –≤ –Ø–Ω–¥–µ–∫—Å–µ:""–ñ–∏—Ç–µ–ª–µ–π –ü–æ–¥–æ–ª—å—Å–∫–∞ –≤ –ü–∞—Å—Ö—É –±–µ—Å–ø–ª–∞—Ç–Ω–æ ... https://t.co/HOV18R0m3l"
DmitryMalikov|853318943758585856|2017-04-15 18:47:44|@ruzanova1503 –≤–µ—Ä—Ç–∏–∫–∞–ª—å–Ω–∞—è!
DmitryMalikov|853166788141514752|2017-04-15 08:43:08|@alinaozery –Ω–∏—á–µ–≥–æ –Ω–µ –Ω–∞—á–∞–ª–æ—Å—å ! –Ø —Å–∞–º –∫–æ–≥–æ —Ö–æ—á–µ—à—å –∑–∞—Ç—Ä–∞–≤–ª—é !
DmitryMalikov|852939213473501184|2017-04-14 17:38:49|@ykikins —ç—Ç–æ –ø—Ä–æ—Å—Ç–æ —è –≤—ã—Å–æ–∫–∏–π!
DmitryMalikov|852935617155653632|2017-04-14 17:24:32|@l0ldbl00d —à–µ–¥–µ–≤—Ä
DmitryMalikov|852923198211543041|2017-04-14 16:35:11|@SweetHe38523871 –¥–µ—Ä–∂–∏—Ç–µ—Å—å! –ì–ª—É–±–æ–∫–æ –í–∞–º —Å–æ—á—É–≤—Å—Ç–≤—É—é.
DmitryMalikov|852916783862427648|2017-04-14 16:09:42|"–í–µ–¥—É—â–∏–µ ""—Å–ø–æ–∫–æ–π–Ω–æ–π –Ω–æ—á–∏, –º–∞–ª—ã—à–∏!""
–£–±–∏—Ä–∞–π—Ç–µ –¥–µ—Ç–µ–π –æ—Ç —Ç–µ–ª–µ–≤–∏–∑–æ—Ä–æ–≤.. https://t.co/Ik10lE3e7q"
DmitryMalikov|852818020191715334|2017-04-14 09:37:15|"RT @ticketonkz: –£–Ω–∏–∫–∞–ª—å–Ω—ã–π —Å–ø–µ–∫—Ç–∞–∫–ª—å –æ –≤–∑–∞–∏–º–æ–æ—Ç–Ω–æ—à–µ–Ω–∏—è—Ö —Ä–æ–¥–∏—Ç–µ–ª–µ–π –∏ –¥–µ—Ç–µ–π –æ—Ç @DmitryMalikov ""–ü–µ—Ä–µ–≤–µ—Ä–Ω—É—Ç—å –∏–≥—Ä—É"" - —É–∂–µ —Å–æ–≤—Å–µ–º —Å–∫–æ—Ä–æ! https://‚Ä¶"
DmitryMalikov|852788676916502530|2017-04-14 07:40:39|@MartinKrasiviy –¥—Ä—É–∂–±—É —Ä–µ—Ç–≤–∏—Ç–∞–º–∏ –Ω–µ –∑–∞–º–ï—Ä—è–µ—à—å!
DmitryMalikov|852600821988691968|2017-04-13 19:14:11|@OritSvetlana üëç
DmitryMalikov|852600442689343488|2017-04-13 19:12:40|@interiorspace00 –º–æ—è –º—É–∑—ã–∫–∞ –¥–ª—è –í–∞—Å -–Ω–∞–∫–∞–∑–∞–Ω–∏–µ!üò±
DmitryMalikov|852552138932838401|2017-04-13 16:00:44|@maxshpax –ø—Ä–∏—è—Ç–Ω–æ!
DmitryMalikov|852444995911024641|2017-04-13 08:54:59|@hollv_mm —Å–∫–æ—Ä–æ
DmitryMalikov|852086440754380801|2017-04-12 09:10:13|"–°–µ–≥–æ–¥–Ω—è —Ä–æ–≤–Ω–æ 10 –ª–µ—Ç –º–æ–µ–π –ø–∏–∞–Ω–æ–º–∞–Ω–∏–∏.
–ö—Ç–æ –Ω–µ —Å–ª—ã—à–∞–ª,—è –Ω–µ –≤–∏–Ω–æ–≤–∞—Ç))) https://t.co/i5j3bvhkAS"
DmitryMalikov|851911771464097795|2017-04-11 21:36:08|@esviridalove –≤–Ω–µ–±—Ä–∞—á–Ω–∞—è –¥–æ—á–∞) —Ç–æ–ª—å–∫–æ –Ω–∏–∫–æ–º—É –Ω–µ –≥–æ–≤–æ—Ä–∏—Ç–µ..üôè
DmitryMalikov|851897964318666752|2017-04-11 20:41:16|@_danaray –µ—Å–ª–∏ —Ç—ã —Ö–æ—á–µ—à—å —Ä–∞–¥–æ–≤–∞—Ç—å —Å–≤–æ—é –º–∞–º—É, –∑–Ω–∞—á–∏—Ç –æ–Ω–∞ —Ç–µ–±—è —Ö–æ—Ä–æ—à–æ –≤–æ—Å–ø–∏—Ç–∞–ª–∞! –ü—Ä–∏–≤–µ—Ç –µ–π)
DmitryMalikov|851829808149540864|2017-04-11 16:10:27|@Vad_Teller –í—ã —É–≤–µ—Ä–µ–Ω—ã, —á—Ç–æ –í–∞–º —ç—Ç–æ –Ω—É–∂–Ω–æ?
DmitryMalikov|851808615736500225|2017-04-11 14:46:14|@lemurnaya –æ—Ç–≤–µ—à–∞–µ—Ç –ø–æ –ª—é–±–æ–º—É)))
DmitryMalikov|851788517609021440|2017-04-11 13:26:22|@beta_juiletta @BigRussianBaws –≤–æ—Ç —ç—Ç–æ —è –ø–æ–Ω–∏–º–∞—é! –ù–∞—à —É—Ä–æ–≤–µ–Ω—å! –í—Å–µ–º –ø—Ä–∏–≤–µ—Ç!
DmitryMalikov|851746703954903040|2017-04-11 10:40:13|@ya_Laima332609 –∞ —á—Ç–æ —è —Ç–∞–∫–æ–≥–æ —Å–∫–∞–∑–∞–ª?–º–∏–∫—Ä–æ—Ñ–æ–Ω –Ω—É–∂–µ–Ω —á—Ç–æ–±—ã –¥–µ–≤—É—à–∫–∞ ... https://t.co/PEf2KPd0y8
DmitryMalikov|851744171216048130|2017-04-11 10:30:09|@ya_Laima332609 —à—É—Ç–∫–∏ –Ω–µ –ø–æ–Ω–∏–º–∞–µ—Ç–µ)))
DmitryMalikov|851737112554737664|2017-04-11 10:02:06|@svetamoroz2 –Ω—É–∂–Ω–∞ –Ω–µ–¥–µ–ª—è –Ω–∞ –ø–æ–¥–≥–æ—Ç–æ–≤–∫—É
DmitryMalikov|851733766976483328|2017-04-11 09:48:49|–ö—Å—Ç–∞—Ç–∏, –í—ã –ø—Ä–∏—Å—ã–ª–∞–µ—Ç–µ –Ω–µ–ø–ª–æ—Ö–∏–µ –≤–∞—Ä–∏–∞–Ω—Ç—ã –ø–æ –±—ç–∫ –≤–æ–∫–∞–ª–∏—Å—Ç–∫–∞–º üëç –ï–¥—É –≤ —Å—Ç—É–¥–∏—é, –≥–æ—Ç–æ–≤–∏—Ç—å –º–∏–∫—Ä–æ—Ñ–æ–Ω –∏ –¥–∏–≤–∞–Ω –¥–ª—è –ø—Ä–æ—Å–ª—É—à–∏–≤–∞–Ω–∏—è üëå
DmitryMalikov|851724251975610368|2017-04-11 09:11:00|@xivanx32zu –±–ª–∞–≥–æ–¥–∞—Ä—é!
DmitryMalikov|851523577979572228|2017-04-10 19:53:36|@_molochko_ –¥–∞!
DmitryMalikov|851500012047618049|2017-04-10 18:19:57|@okali_shajti üòç
DmitryMalikov|851470675441307648|2017-04-10 16:23:23|@Vulnerable_dude –∏ –∫–∞–∫ —ç—Ç–æ —Å–¥–µ–ª–∞—Ç—å?
DmitryMalikov|851382126763270144|2017-04-10 10:31:31|@brboriska —è –Ω–µ –æ—á–µ–Ω—å –≤ –∫—É—Ä—Å–µ, –Ω–æ —Ç–µ–±–µ –≤—Å–µ–≥–¥–∞ —Ö–æ—Ä–æ—à–∏–µ –º–µ—Å—Ç–∞ –Ω–∞–π–¥–µ–º
DmitryMalikov|851073652669992962|2017-04-09 14:05:45|@elena_yakov —è –±—ã —Ç–æ–∂–µ –Ω–∞–µ—Ö–∞–ª
DmitryMalikov|850980858622246912|2017-04-09 07:57:01|–ú–∞–¥–∞–º!–ù–µ—Ç –≤—Ä–µ–º–µ–Ω–∏ –Ω–∞ –º–µ–¥–ª–µ–Ω–Ω—ã–µ —Ç–∞–Ω—Ü—ã!–ï—Å—Ç—å —Ç–æ–ª—å–∫–æ –Ω–∞ –±—ã—Å—Ç—Ä—ã–µ)–ê –ø–æ—Å–µ–º—É-–Ω–∞–±–∏—Ä–∞—é —Å–µ–∫—Å—É–∞–ª—å–Ω—ã–π –±—ç–∫ –∏ –±–∞–ª–µ—Ç.–†–æ—Å—Ç –æ—Ç175 dim‚Ä¶ https://t.co/rUqA7kWmO1
DmitryMalikov|850782641171378176|2017-04-08 18:49:23|@evg_mark –Ω–µ—Ç —Å—É—Ö–∏–Ω–æ–≤–∞
DmitryMalikov|850758237855023110|2017-04-08 17:12:24|@Batman_NY —É—á–∞—Å—Ç–≤—É—é—Ç.. –ü—Ä–∏–º–µ—Ä–Ω–æ –ø–æ–ª–æ–≤–∏–Ω–∞- –º–æ–¥–µ–ª–∏ —á–µ–ª–æ–≤–µ–∫–∞)
