mtvru|866771520080805888|2017-05-22 21:43:28|RT @piedewpie: –°–ø–∞—Å–∏–±–æ MTV, —á—Ç–æ –ø–æ –Ω–æ—á–∞–º –ø–æ–∫–∞–∑—ã–≤–∞–µ—Ç–µ –æ–¥–∏–Ω–æ—á–µ—Å—Ç–≤–æ –≤ —Å–µ—Ç–∏ ‚ù§Ô∏è
mtvru|866745495963574272|2017-05-22 20:00:04|–ù–æ–≤—ã–π –ø–ª–µ–π–ª–∏—Å—Ç –∑–∞–∫–∞–∑—ã–≤–∞–ª–∏? https://t.co/ORuhGPuSFW
mtvru|866685093540220932|2017-05-22 16:00:03|"–£–ø—Ä–µ–∂–¥–∞—è –≤–∞—à–∏ –≤–æ–ø—Ä–æ—Å—ã - –¥–∞, —ç—Ç–æ —Å–∫–æ—Ä–æ –±—É–¥–µ—Ç –Ω–∞ MTV 
üòâ

https://t.co/fNXECLCSTD"
mtvru|866282301906452480|2017-05-21 13:19:30|RT @cucumbow: –¢–ê–¢–ê–†–ö–ê –ù–ê MTV???? –®–®–®–®–®–û–ö https://t.co/SrnZNU5T7U
mtvru|866019813143044096|2017-05-20 19:56:27|RT @TheOnePhobos: –ü–æ—Å–º–æ—Ç—Ä–µ–ª MTV, –≥–æ—Å–ø–æ–¥–∏ –∫–∞–∫ —è —Å–æ—Å–∫—É—á–∏–ª—Å—è –ø–æ —ç—Ç–æ–º—É –∫–∞–Ω–∞–ª—É.
mtvru|866019766863056897|2017-05-20 19:56:16|"RT @_Lady_hate_: –õ—é–±–æ–≤—å –∫ –≥—Ä—É–ø–ø–µ ""–ó–≤–µ—Ä–∏"" –≤–æ –º–Ω–µ –∑–∞—Ä–æ–¥–∏–ª–∞—Å—å –∫–æ–≥–¥–∞ –º–Ω–µ –±—ã–ª–æ –ª–µ—Ç 7, –∏ –ø–æ mtv –∫—Ä—É—Ç–∏–ª–∏ –∫–ª–∏–ø –Ω–∞ –ø–µ—Å–Ω—é ""–ø—Ä–æ—Å—Ç–æ —Ç–∞–∫–∞—è —Å–∏–ª—å–Ω–∞—è –ª—é–±–æ–≤‚Ä¶"
mtvru|866019694104514561|2017-05-20 19:55:59|"RT @malec_evak: –ö–ª–∏–ø –ì–∞—Ä—Ä–∏, –ó–µ–π–Ω–∞ –∏ –í–∞–Ω –î–∏ –∑–∞ 30 –º–∏–Ω—É—Ç –ø–æ MTV.
–í–Ω—É—Ç—Ä–µ–Ω–Ω—è—è –¥–µ–≤–æ—á–∫–∞-—Ñ–∞–Ω–∞—Ç–∫–∞ –∫—Ä–∏—á–∏—Ç –æ—Ç –≤–æ—Å—Ç–æ—Ä–≥–∞"
mtvru|865622114103152640|2017-05-19 17:36:09|"–≠—Ç–æ—Ç —á–∞—Ä—Ç –≤—Ä—è–¥ –ª–∏ –Ω–∞–±–µ—Ä—ë—Ç –º–Ω–æ–≥–æ –ª–∞–π–∫–æ–≤...
#kpop #mtvrussia https://t.co/aWd6m4yxMm"
mtvru|865597691379712001|2017-05-19 15:59:06|"Harry Styles —Ç–≤—ë—Ä–¥–æ —Å—Ç–æ–∏—Ç –Ω–∞ —Å–≤–æ—ë–º –º–µ—Å—Ç–µ, –≤—Å–µ –æ—Å—Ç–∞–ª—å–Ω—ã–µ ""–≥—É–ª—è—é—Ç"" –ø–æ —á–∞—Ä—Ç—É –≤–≤–µ—Ä—Ö –∏ –≤–Ω–∏–∑. –ó–∞—Ç–æ –Ω–∞ —ç—Ç–æ–π –Ω–µ–¥–µ–ª–µ —É –Ω–∞—Å —Ç‚Ä¶ https://t.co/0jDvfMDGzY"
mtvru|865539078581649409|2017-05-19 12:06:11|RT @chuvak_dude: –°–º–æ—Ç—Ä—é 12 –∑–ª–æ–±–Ω—ã—Ö –∑—Ä–∏—Ç–µ–ª–µ–π, —Ç—É—Ç –•–∞—Å–∫–∏ —Ä–∞—Å—Å–∫–∞–∑—ã–≤–∞–µ—Ç, —á—Ç–æ –æ–Ω –ø–æ–¥ –î–æ—Ä–Ω–∞ —Ç–∞–Ω—Ü—É–µ—Ç. –ì–æ–≤–æ—Ä–∏–ª –∂–µ, —á—Ç–æ –æ–Ω —Ç–æ–ø–æ–≤—ã–π —á—É–≤–∞–∫
mtvru|865462027984228352|2017-05-19 07:00:01|"–ó–∞—Ü–µ–Ω–∏—Ç–µ, –º—ã –Ω–∞—à–ª–∏ –ø—Ä–∏–∫–æ–ª—å—á–∏–∫ - –µ—Å–ª–∏ —á–∏—Ç–∞—Ç—å —Ç–≤–∏—Ç—ã @Hozier, —Ç–æ –≤ –≥–æ–ª–æ–≤–µ –æ–Ω–∏ –∑–≤—É—á–∞—Ç –∫–∞–∫ –º–∏–Ω–∏-–ø–µ—Å–Ω–∏.
–°—Ç–∞–≤—å –ª–∞–π–∫, –µ—Å–ª–∏‚Ä¶ https://t.co/Ny8dZAoa9I"
mtvru|865265740898869249|2017-05-18 18:00:03|"–§–∏—Ç —Å –ê–Ω—Ç–æ—Ö–æ–π –ú–° –Ω–∞ –µ–≥–æ –ø–µ—Ä–≤–æ–º —Å–æ–ª—å–Ω–∏–∫–µ #mtvselfienews

https://t.co/DQK4tZyQrl"
mtvru|865237510137540608|2017-05-18 16:07:52|"MAXIM –≥–æ—Ä—è—á–æ –æ—Ç–º–µ—Ç–∏–ª —Å–≤–æ–µ 15-—Ç–∏–ª–µ—Ç–∏–µ #mtvselfienews

https://t.co/XuaEd0Urgu"
mtvru|865201296072208384|2017-05-18 13:43:58|"RT @DmitryMalikov: –§–∏—Ç,—Ñ–∏—Ç—É–ª—ë–∫ ,—Ñ–∏—Ç—É–ª–µ—á–∫–∞, —Ñ–∏—Ç—É—ë—á–µ–∫..
https://t.co/99wquJbWEN"
mtvru|864800243484852224|2017-05-17 11:10:19|‚ö° –°—Ä–æ—á–Ω—ã–µ –Ω–æ–≤–æ—Å—Ç–∏: –í –∏–Ω—Ç–µ—Ä–Ω–µ—Ç–µ –ø–æ—è–≤–∏–ª–∏—Å—å 2 —Ö—É–¥—à–∏—Ö –ø—Ä–∏–º–µ—Ä–∞ –∏—Å–ø–æ–ª—å–∑–æ–≤–∞–Ω–∏—è FaceApp https://t.co/9CiLAXnhiX
mtvru|864505324253962241|2017-05-16 15:38:25|"–¢—ã —á—ë—Ç–∫–æ –∑–Ω–∞–µ—à—å –≤—Å—ë –ø—Ä–æ –º—É–∑–ª–æ? 
–•–æ—á–µ—à—å —Ä–∞—Å—Å–∫–∞–∑–∞—Ç—å –æ–± —ç—Ç–æ–º –≤—Å–µ–π —Å—Ç—Ä–∞–Ω–µ? 

–¢–æ–≥–¥–∞ –∑–∞–ø–æ–ª–Ω–∏ –∞–Ω–∫–µ—Ç—É –∏ –ø–æ–ø–∞–¥–∏ –≤ —ç—Ñ–∏—Ä MTV!
https://t.co/uMsYkVQrvP"
mtvru|864414045394350080|2017-05-16 09:35:43|"#MTVLike —ç—Ç–æ–π –Ω–µ–¥–µ–ª–∏ —Å –¥–æ—Å—Ç—É–ø–Ω–æ–π –¥–ª—è –≤—Å–µ—Ö —Ç—É—Å–æ–≤–æ—á–Ω–æ–π —Ö–æ—Ä–µ–æ–≥—Ä–∞—Ñ–∏–µ–π üíÉüíÉüíÉ

https://t.co/2GHDUWvoIW"
mtvru|864057775223169024|2017-05-15 10:00:01|–õ–æ–≤–∏ —Å–≤–µ–∂–∏–π –ø–ª–µ–π–ª–∏—Å—Ç MTV! https://t.co/QhBdwGpVms
mtvru|864033924921667584|2017-05-15 08:25:15|–í—Å—Ç—Ä–µ—á–∞–µ–º –Ω–æ–≤—É—é –Ω–µ–¥–µ–ª—é —Å Dance –ß–∞—Ä—Ç–æ–º https://t.co/YeLY6YGrKN
mtvru|863831052988678144|2017-05-14 18:59:06|RT @sashafoanova4: –ï–ï–ï–ï–ï–ï –ù–ê–ö–û–ù–ï–¶ –Ø –ï–ì–û –£–í–ò–î–ï–õ–ê –ü–û MTV https://t.co/xjZwNZUTKk
mtvru|863497533259231234|2017-05-13 20:53:49|"RT @olyaandre2000: –í—ã –ø—Ä–µ–¥—Å—Ç–∞–≤–ª—è–µ—Ç–µ –∫–∞–∫  –ø–æ–¥–Ω—è–ª–∏ –Ω–∞—Å—Ç—Ä–æ–µ–Ω–∏–µ –≤ —Å—É–±–±–æ—Ç—É —Å —É—Ç—Ä–∞, –∫–æ–≥–¥–∞ –Ω–∞–¥–æ –∏–¥—Ç–∏ –≤ —à–∫–æ–ª—É?
@mtvru –Ø –≤–∞—Å –æ—á–µ–Ω—å —Å–∏–ª—å–Ω–æ –ª—é–±–ª—éüòô –°–ø–∞‚Ä¶"
mtvru|863493578496016385|2017-05-13 20:38:06|RT @a_malahov: –°–µ–≥–æ–¥–Ω—è  –Ω–∞ —Å—å–µ–º–∫–∞—Ö #mtv #12–∑–ª–æ–±–Ω—ã—Ö–∑—Ä–∏—Ç–µ–ª–µ–π #onedirection #harrystyles –ø–æ–¥–∞—Ä–∏–ª –Ω–∞ —Ä–∞–¥–æ—Å—Ç—è—Ö —Å—É–º–∫—É –¥–æ—Å—Ç–æ–π–Ω–æ–π –ø—Ä–µ–∫—Ä–∞—Å–Ω–æ–π –¥–µ–≤—É—à–∫‚Ä¶
mtvru|863493301231636480|2017-05-13 20:37:00|"RT @achoohome: –£–≥–∞–¥–∞–π—Ç–µ –∫–æ–º—É @a_malahov –ø–æ–¥–∞—Ä–∏–ª —Å—É–º–∫—É —Å One Direction?üò±üò±üò±üò±

–Ω–µ–±–æ–ª—å—à–æ–π —Å–ø–æ–π–ª–µ—Ä –∫ –Ω–æ–≤–æ–º—É –≤—ã–ø—É—Å–∫—É 12 –∑–ª–æ–±–Ω—ã—Ö –∑—Ä–∏—Ç–µ–ª–µ–π https://‚Ä¶"
mtvru|863108258772463616|2017-05-12 19:06:59|–ü—Ä–∏–ø—Ä–∞–≤–∏–º –ª–∞–π–∫–∞–º–∏ —ç—Ç–æ –ö–ª–∞—Å—Å–Ω—ã–π –ß–∞—Ä—Ç–∏–∫! #MTV–ö–ª–∞—Å—Å–Ω—ã–π–ß–∞—Å https://t.co/U26tqFvZ0b
mtvru|863072385326612480|2017-05-12 16:44:26|RT @dilanstidiaZM: –ù–∞ MTV –∑–∞–∏–≥—Ä–∞–ª–∞ –ø–µ—Å–Ω—è –ì–∞—Ä—Ä–∏,–æ—Ä–∞–ª–∞ –Ω–∞ –≤–µ—Å—å –¥–æ–º.
mtvru|863072348009877504|2017-05-12 16:44:17|RT @KatherinePir: –ù–∞ mtv movie &amp; TV awards 2017 –∫–∞—Å—Ç 13 –ø–øüòç *—É–º–µ—Ä–ª–∞* https://t.co/DV9GXBbsA9
mtvru|863061218428432384|2017-05-12 16:00:04|"#MTVPush —ç—Ç–æ–≥–æ –º–µ—Å—è—Ü–∞ - –Ω–µ –º–µ–Ω–µ–µ —Ç–∞–ª–∞–Ω—Ç–ª–∏–≤–∞—è —Å–µ—Å—Ç—Ä–∞ —Å–≤–æ–µ–π —Å–µ—Å—Ç—Ä—ã - Noah Cyrus –∏ –µ—ë —Ä–∞–±–æ—Ç–∞ Stay Together

https://t.co/NIderPfGpr"
mtvru|863000296783589378|2017-05-12 11:57:59|"–õ–æ–≤–∏ Soundcheck —Å —É—á–∞—Å—Ç–∏–µ–º Manizha

https://t.co/G3Z9ZoS4y0"
mtvru|862925390507126784|2017-05-12 07:00:20|"RT @michenko02: –°–µ–≥–æ–¥–Ω—è –≤ 18:00 –ø–æ MTV —Ç–æ–ø 5 –ö-–ü–û–ü. –ì–ª–∞–≤–Ω–æ–µ –Ω–µ –ø—Ä–æ–ø—É—Å—Ç–∏—Ç—å .üëå
#BTSBBMAs"
mtvru|862756697600806912|2017-05-11 19:50:00|"–í—Ä—É–±–∞–π MTV! 
–ß–µ—Ä–µ–∑ 10 –º–∏–Ω—É—Ç —Ç–µ–±—è –∂–¥—ë—Ç –ø–µ—Ä–≤–∞—è –≤ —Å–≤–æ—ë–º —Ä–æ–¥–µ –≥–µ–Ω–¥–µ—Ä–Ω–æ-–Ω–µ–π—Ç—Ä–∞–ª—å–Ω–∞—è –ø—Ä–µ–º–∏—è MTV Movie and TV Awards 2017 https://t.co/nOMffiDqJU"
mtvru|862728923318292485|2017-05-11 17:59:38|RT @MileyCyrus: #Maibu is out NOW!! Watch the video premiere on @vevo and get the songs everywhere!!!!!!! üåäüåäüåä https://t.co/LFzjs7S3JX https‚Ä¶
mtvru|862722522575491073|2017-05-11 17:34:12|@Mickey_Cliff –∫–∞–∫ –Ω–∞—Å—á—ë—Ç —á—ë—Ä–Ω–æ–≥–æ —Å–ø–∏—Å–∫–∞? –ü–æ–¥—É–º–∞–π—Ç–µ
mtvru|862721856108974080|2017-05-11 17:31:33|RT @olyaandre2000: @mtvru –û–≥—Ä–æ–º–Ω–æ–µ —Å–ø—Å–∏–±–æ –∑–∞ —ç—Ç–æ—Ç —à–µ–¥–µ–≤—Ä –ø–æ –º–æ–µ–º—É —Ç–µ–ª–µ–≤–∏–∑–æ—Ä—É https://t.co/N64Rffnvm1
mtvru|862721446560358400|2017-05-11 17:29:56|"RT @sashafoanova4: –õ–æ–æ–æ–æ–ª
–Ø –¥—É–º–∞–ª–∞,—á—Ç–æ –∏—Ö –∫–ª–∏–ø—ã –Ω–µ –ø–æ–∫–∞–∑—ã–≤–∞—é—Ç –ø–æ —Ç–µ–ª–µ–∫—É
–ê —Ç—É—Ç –Ω–æ—Ä–º–∞—Å,–ø–æ mtv —Ö–≤—Ö–≤ https://t.co/XjZ5lyN3Wq"
mtvru|862721204481912833|2017-05-11 17:28:58|"RT @3inoviev: –ú–Ω–µ –ø–æ–Ω—Ä–∞–≤–∏–ª–æ—Å—å –≤–∏–¥–µ–æ ""MTV Soundcheck - Manizha"" (https://t.co/YxHPCo8oFd) –Ω–∞ @YouTube."
mtvru|862720342095273985|2017-05-11 17:25:32|RT @LiamPayne: üëÄ https://t.co/uBTDsFziMs
mtvru|862352754618105856|2017-05-10 17:04:53|–£–Ω–∏–∫–∞–ª—å–Ω–æ–µ —Ñ–æ—Ç–æ! –°—Ç—Ä–∞–∂–∏ –ì–∞–ª–∞–∫—Ç–∏–∫–∏ –¥–æ —Ç–æ–≥–æ –∫–∞–∫ –æ–Ω–∏ —Å—Ç–∞–ª–∏ –∑–Ω–∞–º–µ–Ω–∏—Ç—ã https://t.co/SdaaJ2BWH9
mtvru|862316410583777280|2017-05-10 14:40:28|"–ó–∞—Ü–µ–Ω–∏—Ç–µ, –º—ã —É–∂–µ –≤—ã–∫–ª–∞–¥—ã–≤–∞–µ–º –°–∞—É–Ω–¥—á–µ–∫–∏.
–°–µ–≥–æ–¥–Ω—è –ª–æ–≤–∏—Ç–µ Burito, –∑–∞–≤—Ç—Ä–∞ Jukebox Trio, –ø–æ—Å–ª–µ–∑–∞–≤—Ç—Ä–∞ Manizha

https://t.co/XerX2YepAr"
mtvru|861950402232713220|2017-05-09 14:26:04|"–ù–∞ —ç—Ç–æ–π –Ω–µ–¥–µ–ª–µ MTV —Å—Ç–∞–≤–∏—Ç –ª–∞–π–∫ –∫–ª–∏–ø—É –≥—Ä—É–ø–ø–∏—Ä–æ–≤–∫–∏ –õ–µ–Ω–∏–Ω–≥—Ä–∞–¥ - –≠–∫—Å—Ç–∞–∑ #MTVLike

https://t.co/iSfegYJeUE"
mtvru|861944605331292161|2017-05-09 14:03:02|RT @fordarkangel171: Eeee.. @halsey Now or Never #1 on @mtvru TOP‚Äî5 üôåüôÜüôãüòò –ü—Ä–µ–∫—Ä–∞—Å–Ω–æ–µ —É—Ç—Ä–æ! üëÖ https://t.co/IlzXHEw2mV
mtvru|861930771124297732|2017-05-09 13:08:04|"#Selfienews –ø–æ–∫–∞–∑—ã–≤–∞–µ—Ç, –∫–∞–∫–æ–π –Ω–∞ —Å–∞–º–æ–º –¥–µ–ª–µ –∫–∞–π—Ñ–æ–≤—ã–π –î–º–∏—Ç—Ä–∏–π –ú–∞–ª–∏–∫–æ–≤

https://t.co/TMysXircbA"
mtvru|861876374696587264|2017-05-09 09:31:55|–í—Ä—É–±–∞–π –ø—Ä—è–º–æ —Å–µ–π—á–∞—Å Celebrity Chart —Å @DmitryMalikov https://t.co/SAwqhZFhzT
mtvru|861624532683063296|2017-05-08 16:51:11|@RuslanUsachev –ü–æ—Å—Ç–∞–≤—å –ª–∞–π–∫, –æ–±—Å—É–¥–∏–º, –Ω–æ —ç—Ç–æ –Ω–µ —Ç–æ—á–Ω–æ:)
mtvru|861591706340380675|2017-05-08 14:40:45|–î–∞–∂–µ –≤ –≤—ã—Ö–æ–¥–Ω–æ–π –º—ã –Ω–µ –æ—Å—Ç–∞–≤–∏–º —Ç–µ–±—è –±–µ–∑ –ø–ª–µ–π–ª–∏—Å—Ç–∞ üôÉ https://t.co/fZOJ0O2EIk
mtvru|861446884933722113|2017-05-08 05:05:16|"RT @alina_shilina: –ù–∞–∫–æ–Ω–µ—Ü-—Ç–æ –≤—ã–ø—É—Å–∫ ""12 –∑–ª–æ–±–Ω—ã—Ö –∑—Ä–∏—Ç–µ–ª–µ–π"",–≤—ã—à–µ–ª –≤ —Å–≤–µ—Çüí•
–ë—É–¥—É —Å–º–æ—Ç—Ä–µ—Ç—å –∏ —É–ª—ã–±–∞—Ç—å—Å—è –≤–∏–¥—è @VBerBeryy –∏ @Houusse üòç‚ú®
–ú–∞–ª—å—á–∏–∫–∏,–≤‚Ä¶"
mtvru|861249271302987777|2017-05-07 16:00:02|–°–µ–≥–æ–¥–Ω—è –≤–æ—Å–∫—Ä–µ—Å–µ–Ω—å–µ, –∞ –∑–Ω–∞—á–∏—Ç –≤—Ä–µ–º—è –ª–æ–≤–∏—Ç—å Rus_Chart https://t.co/rGN2xZqSaL
mtvru|861234173209477122|2017-05-07 15:00:02|"–ü–æ–ª–Ω—ã–π –≤—ã–ø—É—Å–∫ 12 –ó–ª–æ–±–Ω—ã—Ö –ó—Ä–∏—Ç–µ–ª–µ–π —É–∂–µ –≤ –Ω–∞—à–µ–º Youtube-–∫–∞–Ω–∞–ª–µ.
–ü–æ–¥–ø–∏—à–∏—Å—å, —á—Ç–æ–±—ã –Ω–∏—á–µ–≥–æ –∫—Ä—É—Ç–æ–≥–æ –Ω–µ –ø—Ä–æ–ø—É—Å—Ç–∏—Ç—å

https://t.co/YZTrtK9SxK"
mtvru|860966835365269504|2017-05-06 21:17:44|–õ–æ–≤–∏ –Ω–∞—à –¢–æ–ø-20 –¥–ª—è —Ç—É—Å–æ–≤–æ—á–Ω–æ–≥–æ –Ω–∞—Å—Ç—Ä–æ–µ–Ω–∏—è üëØüíÉüíÉüíÉ https://t.co/33p8KTTV2I
mtvru|860541171206148096|2017-05-05 17:06:17|"–ë–ª–æ–≥–µ—Ä–∞–º –ø–æ–Ω—Ä–∞–≤–∏–ª–æ—Å—å. –ê –∫–∞–∫ –≤–∞–º 12 –ó–ª–æ–±–Ω—ã—Ö –ó—Ä–∏—Ç–µ–ª–µ–π? #mtvselfienews #12–∑–ª–æ–±–Ω—ã—Ö–∑—Ä–∏—Ç–µ–ª–µ–π 

https://t.co/HBWJK2a3PJ"
mtvru|860522247164973056|2017-05-05 15:51:06|–í–∫–ª—é—á–∞–π —Å–∫–æ—Ä–µ–µ MTV! –ò–Ω–∞—á–µ –ø—Ä–æ–ø—É—Å—Ç–∏—à—å –Ω–æ–≤—ã–π –≤—ã–ø—É—Å–∫ 12 –ó–ª–æ–±–Ω—ã—Ö –ó—Ä–∏—Ç–µ–ª–µ–π https://t.co/5W1h4fQsKD
mtvru|860469830801031168|2017-05-05 12:22:49|–í—Å–µ –≤—ã—Ö–æ–¥–Ω—ã–µ —É –Ω–∞—Å –¥–ª—è —Ç–µ–±—è –±–æ–º–±–∏—á–µ—Å–∫–∏–µ –ª–∞–π–≤-—Å–µ—Ç—ã https://t.co/YnlO6yJhl6
mtvru|860439937640005632|2017-05-05 10:24:01|"–í–æ—Ç –∏ –≤—Å—Ç—Ä–µ—Ç–∏–ª–∏—Å—å Alex Clare –∏ Alex –§–æ—Ä #mtvselfienews

https://t.co/gTkXBP9Qyt"
mtvru|860177695262507008|2017-05-04 17:01:58|–ù–∞—á–Ω–∏ –≤—ã—Ö–æ–¥–Ω—ã–µ –ø—Ä–∞–≤–∏–ª—å–Ω–æ! –° –ø—Ä–µ–º—å–µ—Ä—ã –Ω–æ–≤—ã—Ö 12-—Ç–∏ –ó–ª–æ–±–Ω—ã—Ö –ó—Ä–∏—Ç–µ–ª–µ–π https://t.co/SyiYn6ORwh
mtvru|860148208890249217|2017-05-04 15:04:48|–ù–∞—á–Ω–∏ –≤—ã—Ö–æ–¥–Ω—ã–µ –ø—Ä–∞–≤–∏–ª—å–Ω–æ! –° –ø—Ä–µ–º—å–µ—Ä—ã –Ω–æ–≤—ã—Ö 12-—Ç–∏ –ó–ª–æ–±–Ω—ã—Ö –ó—Ä–∏—Ç–µ–ª–µ–π https://t.co/yishg4irCu
mtvru|860115989727522816|2017-05-04 12:56:46|–ù–∞—á–Ω–∏ –≤—ã—Ö–æ–¥–Ω—ã–µ –ø—Ä–∞–≤–∏–ª—å–Ω–æ! –° –ø—Ä–µ–º—å–µ—Ä—ã –Ω–æ–≤—ã—Ö 12-—Ç–∏ –ó–ª–æ–±–Ω—ã—Ö –ó—Ä–∏—Ç–µ–ª–µ–π https://t.co/yQqIIissfa
mtvru|860064179595563008|2017-05-04 09:30:54|"–ó–∞—Ü–µ–Ω–∏—Ç–µ –∫–∞–∫–æ–π —É –Ω–∞—Å –∫—Ä—É—Ç–æ–π —ç–∫—Å–∫–ª—é–∑–∏–≤!
MTV Soundcheck - –∫—Ä—É—Ç–µ–π—à–∏–µ –∞—Ä—Ç–∏—Å—Ç—ã —Å –∂–∏–≤–µ–π—à–∏–º –∑–≤—É–∫–æ–º https://t.co/qySxxKO6Tm"
mtvru|859811403808616448|2017-05-03 16:46:27|–ü–æ—Å–ª–µ–∑–∞–≤—Ç—Ä–∞ –Ω–æ–≤—ã–π –≤—ã–ø—É—Å–∫ 12 –ó–ª–æ–±–Ω—ã—Ö –ó—Ä–∏—Ç–µ–ª–µ–π! https://t.co/kEDzSafNGa
mtvru|859777320759984128|2017-05-03 14:31:01|–ü–æ—Å–ª–µ–∑–∞–≤—Ç—Ä–∞ –Ω–æ–≤—ã–π –≤—ã–ø—É—Å–∫ 12 –ó–ª–æ–±–Ω—ã—Ö –ó—Ä–∏—Ç–µ–ª–µ–π! https://t.co/AANOBLnbe6
mtvru|859740636731383808|2017-05-03 12:05:15|"–í–ø–µ—Ä–≤—ã–µ –≤ –ú–æ—Å–∫–≤–µ –ø—Ä–µ–ø–æ–¥–∞–≤–∞—Ç–µ–ª—å –ø–æ –≤–æ–∫–∞–ª—É –°–µ–ª–∏–Ω –î–∏–æ–Ω. 
https://t.co/1r8FrDdOis 

https://t.co/L7kiqLUwOI"
mtvru|859695697288998912|2017-05-03 09:06:41|–ö–æ–≥–¥–∞ –Ω–∞–∫–æ–Ω–µ—Ü –ø—Ä–∏—à–ª–æ —Å–æ–ª–Ω—ã—à–∫–æ –∏ –Ω–µ –Ω—É–∂–Ω–æ –Ω–∞–¥–µ–≤–∞—Ç—å 100500 –ø—É—Ö–æ–≤–∏–∫–æ–≤ https://t.co/N6F3KSbYCj
mtvru|859463869823057925|2017-05-02 17:45:29|RT @swamirita: 12 –ó–õ–û–ë–ù–´–• –ó–†–ò–¢–ï–õ–ï–ô - –ù–û–í–´–ô –ê–õ–¨–ë–û–ú –ò–í–ê–ù–ê –î–û–†–ù–ê (–≤—ã–ø—É—Å–∫ 14.04.2017) –°–Ω—è—Ç–æ... https://t.co/Y3NNHGJD2W —Å –ø–æ–º–æ—â—å—é @YouTube
mtvru|859463634682093576|2017-05-02 17:44:33|"RT @Mercyrevets: —Å–µ–≥–æ–¥–Ω—è —É–∑–Ω–∞–ª–∞, —á—Ç–æ —ç–º—Ç–∏–≤–∏ –¥–æ —Å–∏—Ö –ø–æ—Ä –ø—Ä–æ–≤–æ–¥–∏—Ç –∞–Ω–ø–ª–∞–≥–≥–µ–¥—ã –∏ —Å—É—â–µ—Å—Ç–≤—É–µ—Ç —à–æ—É ""12 –∑–ª–æ–±–Ω—ã—Ö –∑—Ä–∏—Ç–µ–ª–µ–π""."
mtvru|859463199212675072|2017-05-02 17:42:49|RT @kkkkarolinnna: –ù–∞—Å—Ç—Ä–æ–µ–Ω–∏–µ ... –ó–µ–º—Ñ–∏—Ä–∞
mtvru|859462873239752707|2017-05-02 17:41:31|RT @iammrcoffee: –ó–∞—Å—Ç–∞–≤–∫–∏ –Ω–∞ MTV –¥–µ–ª–∞–µ—Ç —Å–ª–µ–ø–æ–π
mtvru|859462832814948354|2017-05-02 17:41:22|RT @eromin_sv: –Ω–∞ mtv –≤–Ω–∞—á–∞–ª–µ –≤–∫–ª—é—á–∏–ª–∏ —Ñ—ç–π–¥ –æ—Ç –∫–∞–Ω–Ω–∏, –∞ –∑–∞—Ç–µ–º —Ö–∞–º–±–ª –ª–∞–º–∞—Ä–æ–≤—Å–∫–∏–π-—Å—á–∞—Å—Ç—å—é –Ω–µ—Ç –ø—Ä–µ–¥–µ–ª–∞
mtvru|859432562577600516|2017-05-02 15:41:05|"#MTVLike –ù–∞ —ç—Ç–æ–π –Ω–µ–¥–µ–ª–µ –º—ã –ª–∞–π–∫–Ω—É–ª–∏ –ê–Ω—Ç–æ–Ω–∞ –õ–∞–≤—Ä–µ–Ω—Ç—å–µ–≤–∞ –∏ –µ–≥–æ —Å—Ç—Ä–∞—Å—Ç–Ω—É—é —Ä–∞–±–æ—Ç—É MONAMI
 https://t.co/D6CJfQLEQK"
mtvru|859375865175711744|2017-05-02 11:55:47|–°—É–ø–µ—Ä –ø—Ä–µ–º—å–µ—Ä–∞! 5 –º–∞—è 12 –ó–ª–æ–±–Ω—ã—Ö –ó—Ä–∏—Ç–µ–ª–µ–π https://t.co/2gjFVTyxMg
mtvru|859370484399517696|2017-05-02 11:34:24|"–ù–µ —É–ø—É—Å—Ç–∏ —Å–≤–æ–π —à–∞–Ω—Å –ø–æ–∫–∞–∑–∞—Ç—å —Å–µ–±—è —ç–∫—Å–ø–µ—Ä—Ç–æ–º –Ω–∞ MTV. 
–ó–∞–ø–æ–ª–Ω–∏ –∞–Ω–∫–µ—Ç—É –ø–æ —Å—Å—ã–ª–∫–µ, –∏ —Ç—ã –ø–æ–ø–∞–¥—ë—à—å –Ω–∞ 12 –ó–ª–æ–±–Ω—ã—Ö –ó—Ä–∏—Ç–µ–ª–µ–π

https://t.co/uMsYkVQrvP"
mtvru|859111078277591040|2017-05-01 18:23:37|–ù–µ –ø—Ä–æ–ø—É—Å—Ç–∏ –≤ —ç—Ç—É –ø—è—Ç–Ω–∏—Ü—É 12 –ó–ª–æ–±–Ω—ã—Ö –ó—Ä–∏—Ç–µ–ª–µ–π https://t.co/3Ac6kRVlZQ
mtvru|859071968640983042|2017-05-01 15:48:12|–ù–µ –ø—Ä–æ–ø—É—Å—Ç–∏ –≤ —ç—Ç—É –ø—è—Ç–Ω–∏—Ü—É 12 –ó–ª–æ–±–Ω—ã—Ö –ó—Ä–∏—Ç–µ–ª–µ–π https://t.co/OoVeUL3ojv
mtvru|859001797129756673|2017-05-01 11:09:22|–î–∏–º–∞ —Å–ø—É—Å–∫–∞–µ—Ç—Å—è —Å –≥–æ—Ä –Ω–∞ –ì–æ–ª–æ—Å https://t.co/04oNn05ND9
mtvru|859001214649999363|2017-05-01 11:07:03|–ù–µ –ø—Ä–æ–ø—É—Å—Ç–∏ –≤ —ç—Ç—É –ø—è—Ç–Ω–∏—Ü—É 12 –ó–ª–æ–±–Ω—ã—Ö –ó—Ä–∏—Ç–µ–ª–µ–π https://t.co/BAIAqWp9to
mtvru|858969252132421632|2017-05-01 09:00:03|–ü–ª–µ–π–ª–∏—Å—Ç —Ç–µ–±–µ –≤ –ª–µ–Ω—Ç—É! https://t.co/rNye5F2Z77
mtvru|858941558925611008|2017-05-01 07:10:00|–¢–∞–Ω—Ü–µ–≤–∞–ª—å–Ω—ã–π —Ç–æ–ø—á–∏–∫ –æ—Ç MTV –¥–ª—è —Ç–µ–±—è üî• https://t.co/a4e2pspolH
mtvru|858909393898921984|2017-05-01 05:02:11|"RT @bkhmtv: ¬´12 –∑–ª–æ–±–Ω—ã—Ö –∑—Ä–∏—Ç–µ–ª–µ–π¬ª –≤–µ—Ä–Ω—É–ª–∏ –Ω–∞ Mtv! –ü–µ—Ä–≤—ã–π –≤—ã–ø—É—Å–∫, —Ä–∞–∑—É–º–µ–µ—Ç—Å—è, —Å –î–æ—Ä–Ω–æ–º.
https://t.co/PmUsAzlKoo"
mtvru|858909088775888896|2017-05-01 05:00:59|RT @easexxo: –ì–∞—Ä—Ä–∏ –Ω–∞ 1 –º–µ—Å—Ç–µ –Ω–∞ –∫–∞–Ω–∞–ª–µ MTV —Å–º–æ—Ç—Ä—é,—Å–ª—É—à–∞—é –∏ –Ω–∞—Å–ª–∞–∂–¥–∞—é—Å—å
mtvru|858908984849440768|2017-05-01 05:00:34|RT @SIRENSSSS9: –õ—É–Ω–∞ –Ω–∞ MTVüíïüíïüíïüíïüåö
mtvru|858908930285744129|2017-05-01 05:00:21|RT @golddgarcia: –∏–Ω–æ–≥–¥–∞ —è –Ω–µ –≤–µ—Ä—é —á—Ç–æ –ø—Ä–æ—à–ª–∞ —Å –ê—Ä–∏–∞–Ω–æ–π —Å—Ç–æ–ª—å–∫–æ –≤—Å–µ–≥–æ. —è –ø–æ–º–Ω—é –∫–æ–≥–¥–∞ –Ω–∞ MTV –∫—Ä—É—Ç–∏–ª–∏ –µ—ë –ø–µ—Ä–≤—ã–µ –∫–ª–∏–ø—ã –∏ —ç—Ç–æ –±—ã–ª –ø—Ä–∞–∑–¥–Ω–∏–∫ –∫–∞–∫ –æ‚Ä¶
mtvru|858908524541292544|2017-05-01 04:58:44|RT @m_caulfield_m: –î–æ–∂–∏–ª–∞: –ì–æ—Ä–∏–ª–ª–∞–∑ –∫—Ä—É—Ç—è—Ç –ø–æ MTV –∫–∞–∫ –≤ —Å—Ç–∞—Ä—ã–µ –¥–æ–±—Ä—ã–µ üòç
mtvru|858908028006957056|2017-05-01 04:56:46|@detslakaletruk –≤—Å—ë –∂–¥—É —Ñ–∞–π–ª –æ—Ç —Ç–≤–æ–µ–≥–æ –º–µ–Ω–µ–¥–∂–º–µ–Ω—Ç–∞
mtvru|858683330165919745|2017-04-30 14:03:54|–ó–∞—Ü–µ–Ω–∏ –Ω–∞—à –Ω–æ–≤—ã–π Rus_Chart https://t.co/EDd3IPYmgk
mtvru|858312200036995073|2017-04-29 13:29:09|MTV –¢–æ–ø-20 –∑–¥–µ—Å—å üëá https://t.co/y8wqbukBzc
mtvru|857975044810706945|2017-04-28 15:09:25|–°–µ–≥–æ–¥–Ω—è –ø—è—Ç–Ω–∏—Ü–∞, –∞ –∑–Ω–∞—á–∏—Ç #MTV–ö–ª–∞—Å—Å–Ω—ã–π–ß–∞—Å –ø–æ–¥–≤–æ–¥–∏—Ç –∏—Ç–æ–≥–∏ –Ω–µ–¥–µ–ª–∏. Here we go! https://t.co/Ot7XeVK20a
mtvru|857662964836556806|2017-04-27 18:29:20|RT @MsShkurina1999: –°–ø–∞—Å–∏–±–æ #MTVRUSSIA –∑–∞ –ö-–†–æ—Ä –ö–ª–∏–ø—ã‚ò∫Ô∏è‚ò∫Ô∏è
mtvru|857284764797218819|2017-04-26 17:26:30|RT @_purplesoul_: –ü–æ MTV –∏–≥—Ä–∞–µ—Ç Sing of the times,–∑–∞—Ö–æ–¥–∏—Ç –º–∞–º–∞ —á—Ç–æ-—Ç–æ –≥–æ–≤–æ—Ä–∏—Ç –∏ —É—Ö–æ–¥–∏—Ç,–æ—Å—Ç–∞–Ω–∞–≤–ª–∏–≤–∞–µ—Ç—Å—è —É –¥–≤–µ—Ä–∏ –∏ –Ω–∞—á–∏–Ω–∞–µ—Ç —Å–ª—É—à–∞—Ç—å –ø–µ—Å–Ω—é –∏ –ø‚Ä¶
mtvru|857284530440372224|2017-04-26 17:25:34|"RT @doppler_defect: –ø–æ mtv –≤–æ–∑–æ–±–Ω–æ–≤–∏–ª–∏ 12 –∑–ª–æ–±–Ω—ã—Ö –∑—Ä–∏—Ç–µ–ª–µ–π.
–µ—Å—Ç—å –Ω–∞ youtube. 
–∑–ª–æ–±–Ω–æ —Å–º–æ—Ç—Ä–µ–ª, –∫–∞–∫ –∏–æ—Å–∏—Ñ –ø—Ä–∏–≥–æ–∂–∏–Ω –±—ã–ª –∑–ª–æ–±–Ω—ã–º –∑—Ä–∏—Ç–µ–ª–µ–º.
–æ–±—Å—É‚Ä¶"
mtvru|857235018808266753|2017-04-26 14:08:49|–ú–∞–∫—Å —É–∂–µ –∂–¥—ë—Ç —Ç–µ–±—è –≤ #MTV–ö–ª–∞—Å—Å–Ω—ã–π–ß–∞—Å https://t.co/FKz2LUGY1O
mtvru|856913282933850113|2017-04-25 16:50:21|"RT @yana_churikova: –°—Ç–∞–Ω—å –ó–ª–æ–±–Ω—ã–º –ó—Ä–∏—Ç–µ–ª–µ–º! –ê–Ω–∫–µ—Ç–∞ –Ω–∞ —É—á–∞—Å—Ç–∏–µ –≤ –ø—Ä–æ–≥—Ä–∞–º–º–µ ""12 –ó–ª–æ–±–Ω—ã—Ö –ó—Ä–∏—Ç–µ–ª–µ–π"" –Ω–∞ @mtvru –ª–µ–∂–∏—Ç –∑–¥–µ—Å—å !https://t.co/xbiqrfP‚Ä¶"
mtvru|856912913960927232|2017-04-25 16:48:54|RT @olyaandre2000: –ù–∞ –¥–Ω—è—Ö –≥–æ–≤–æ—Ä–∏–ª–∞, —á—Ç–æ 1D –¥–∞–≤–Ω–æ –Ω–µ –±—ã–ª–æ –Ω–∞ mtv, –∞ –≤—á–µ—Ä–∞ 1d –≤ –∫—á –∏ –Ω–µ—Ç–ª–µ–Ω–∫–µ. –ò–î–ï–ê–õ–¨–ù–û #MTV–ö–õ–ê–°–°–ù–´–ô–ß–ê–°
mtvru|856903093530873857|2017-04-25 16:09:52|"–õ–æ–≤–∏—Ç–µ –Ω–æ–≤—ã–π –≤—ã–ø—É—Å–∫ #–ü—Ä–æ—Å—Ç–æ–¢–∞—Ç–∞

https://t.co/FVjBDXOKkn"
mtvru|856847763539058688|2017-04-25 12:30:00|"–ù–∞—à –ª–∞–π—á–∏—â–µ –Ω–∞ —ç—Ç–æ–π –Ω–µ–¥–µ–ª–µ –¥–æ—Å—Ç–∞—ë—Ç—Å—è –æ—á–µ—Ä–µ–¥–Ω–æ–π –≤–æ—Å—Ö–∏—Ç–∏—Ç–µ–ª—å–Ω–æ–π —Ä–∞–±–æ—Ç–µ Therr Maitz!
#MTVLike 

https://t.co/DVIQ8nfRZ3"
mtvru|856824462829920256|2017-04-25 10:57:25|"–ú–µ—Ç–æ–¥–∏—á–∫–∞ –ø–æ –º–æ–¥–Ω—ã–º —Ç—Ä–µ–Ω–¥–∞–º –≤ –º—É–∑—ã–∫–µ –Ω–∞ —ç—Ç—É –Ω–µ–¥–µ–ª—é.
–ú—ã –µ—ë –Ω–∞–∑—ã–≤–∞–µ–º –ø–ª–µ–π–ª–∏—Å—Ç! https://t.co/Zs4XL2Wqy4"
mtvru|856677603540860928|2017-04-25 01:13:51|RT @Sania_TeYs: –ì–¥–µ –ø–æ–¥–ø–∏—Å–∞—Ç—å –ø–µ—Ç–∏—Ü–∏—é, —á—Ç–æ–±—ã 12 –∑–ª–æ–±–Ω—ã—Ö –∑—Ä–∏—Ç–µ–ª–µ–π –≤—ã—Ö–æ–¥–∏–ª–∏ –∏ –¥–∞–ª—å—à–µ?
mtvru|856629370655571969|2017-04-24 22:02:12|RT @mleV_Velm: –°–µ–≥–æ–¥–Ω—è —Å–º–æ—Ç—Ä–µ–ª –æ–±—Å—É–∂–¥–µ–Ω–∏–µ –µ–≥–æ –∞–ª—å—é–æ–º –≤ 12 –∑–ª–æ–±–Ω—ã—Ö –∑—Ä–∏—Ç–µ–ª–µ–π. –ö—Å—Ç–∞—Ç–∏, –≤–æ–∑–≤—Ä–∞—â–µ–Ω–∏–µ —ç—Ç–æ–≥–æ —à–æ—É –¥–æ—Å—Ç–∞—Ç–æ—á–Ω–æ –ø–æ–∑–∏—Ç–∏–≤–Ω–æ–µ –≤–µ—è–Ω–∏–µ
mtvru|856629268104740866|2017-04-24 22:01:47|RT @IQ_OSTREET: —Å –±–æ–ª—å—à–∏–º –∏–Ω—Ç–µ—Ä–µ—Å–æ–º –ø–æ—Å–º–æ—Ç—Ä–µ–ª –Ω–æ–≤—ã–µ 12 –∑–ª–æ–±–Ω—ã—Ö –∑—Ä–∏—Ç–µ–ª–µ–π üëç
mtvru|856629108708605952|2017-04-24 22:01:09|RT @Miss_Daft: –ö—Ç–æ –±—ã –º–æ–≥ –ø–æ–¥—É–º–∞—Ç—å, —á—Ç–æ –≤ 2017-–º —è –±—É–¥—É –∑–∞ –∑–∞–≤—Ç—Ä–∞–∫–æ–º —Å–º–æ—Ç—Ä–µ—Ç—å —Å–≤–µ–∂–∏–π –≤—ã–ø—É—Å–∫ 12 –ó–ª–æ–±–Ω—ã—Ö –∑—Ä–∏—Ç–µ–ª–µ–π.
mtvru|856629015288979458|2017-04-24 22:00:47|"RT @yulwind: —Å–º–æ—Ç—Ä—é –≤–æ–∑—Ä–æ–∂–¥–µ–Ω–∏–µ ""12 –∑–ª–æ–±–Ω—ã—Ö –∑—Ä–∏—Ç–µ–ª–µ–π"" –∏ –Ω–µ –º–æ–≥—É –ø–æ–Ω—è—Ç—å –æ–¥–Ω–æ–≥–æ - –∑–∞—á–µ–º –ú–∏–≥–µ–ª—é –∑–∞–º–∞–∑—ã–≤–∞—é—Ç —Å–µ—Ä–µ–∂–∫—É –≤ –æ–¥–Ω–æ–º —É—Ö–µ? –∑–∞—á–µ–µ–µ–º? wtf!"
mtvru|856628964923768833|2017-04-24 22:00:35|RT @marina_bukalina: –°–º–æ—Ç—Ä—é, –∫–∞–∫ –•–∞—Å–∫–∏ –º–æ–ª—á–∏—Ç –≤ 12 –∑–ª–æ–±–Ω—ã—Ö –∑—Ä–∏—Ç–µ–ª–µ–π
mtvru|856628750859067395|2017-04-24 21:59:44|RT @whoisheezus: –æ–∫–∞–∑–∞–ª–æ—Å—å, —á—Ç–æ —Ä–µ–±—É—Ç—ã —Å—Ç–∞—Ä—ã—Ö —à–æ—É –Ω–µ –≤—Å–µ–≥–¥–∞ –æ–∫–∞–∑—ã–≤–∞—é—Ç—Å—è –∫–æ—à–º–∞—Ä–Ω—ã–º–∏. 12 –∑–ª–æ–±–Ω—ã—Ö –∑—Ä–∏—Ç–µ–ª–µ–π –ø–æ-—Å–≤–æ–µ–º—É –ø–æ—Ä–∞–¥–æ–≤–∞–ª–∏
mtvru|856628681447534595|2017-04-24 21:59:27|RT @clumsysonya: –ê–∞–∞–∞–∞–∞–∞ –Ω–æ–≤—ã–π –∞–ª—å–±–æ–º –î–æ—Ä–Ω–∞ —Ä–∞–∑–æ–±—Ä–∞–ª–∏ –Ω–∞ 12 –∑–ª–æ–±–Ω—ã—Ö –∑—Ä–∏—Ç–µ–ª–µ–π!!!!!!!
mtvru|856628504850563074|2017-04-24 21:58:45|RT @Masha_Mell: –°–∫–∞–∑–∞–ª–∏ –±—ã –º–Ω–µ –ø–∞—Ä—É –ª–µ—Ç –Ω–∞–∑–∞–¥, —á—Ç–æ –±—É–¥—É —Å–º–æ—Ç—Ä–µ—Ç—å 12 –∑–ª–æ–±–Ω—ã—Ö –∑—Ä–∏—Ç–µ–ª–µ–π, –≥–¥–µ –•–∞—Å–∫–∏ –≥–æ–≤–æ—Ä–∏—Ç –æ –î–æ—Ä–Ω–µ –º–æ–∏–º–∏ —Å–ª–æ–≤–∞–º–∏, –∏ –≤—ã—Ç–∏—Ä–∞—Ç—å —Å‚Ä¶
mtvru|856628453378072576|2017-04-24 21:58:33|RT @RagnarokKun: –í–æ–æ–±—â–µ —Å–≤–µ–∂–µ–Ω—å–∫–∏–µ 12 –∑–ª–æ–±–Ω—ã—Ö –∑—Ä–∏—Ç–µ–ª–µ–π –ø–æ –î–æ—Ä–Ω—É —Å—Ç–æ–∏—Ç –≥–ª—è–Ω—É—Ç—å —Ö–æ—Ç—è –±—ã —Ä–∞–¥–∏ —Ç–æ–≥–æ, –∫–∞–∫ –í–æ–¥–æ–Ω–∞–µ–≤–∞ —Å–º–æ—Ç—Ä–∏—Ç –Ω–∞ –•–∞—Å–∫–∏. –•)
mtvru|856628413737684993|2017-04-24 21:58:23|"RT @monyamooo: –°–º–æ—Ç—Ä—é ""12 –∑–ª–æ–±–Ω—ã—Ö –∑—Ä–∏—Ç–µ–ª–µ–π"", –≥–¥–µ –µ—Å—Ç—å –•–∞—Å–∫–∏.–£–¥–∏–≤–ª—è—é—Å—å —Ç–æ–º—É,–∫–∞–∫ –≤–Ω–µ—à–Ω–∏–π –≤–∏–¥ —Å–æ–≤–µ—Ä—à–µ–Ω–Ω–æ –Ω–µ —Å–æ–æ—Ç–≤–µ—Ç—Å–≤—É–µ—Ç —Ä–∞–∑–≥–æ–≤–æ—Ä—É —á–µ–ª–æ–≤–µ–∫–∞.–≠—Ç‚Ä¶"
mtvru|856628381919608833|2017-04-24 21:58:16|"RT @Shurshev: –û–∫–∞–∑—ã–≤–∞–µ—Ç—Å—è, ""12 –∑–ª–æ–±–Ω—ã—Ö –∑—Ä–∏—Ç–µ–ª–µ–π"" —Å–Ω–æ–≤–∞ –≤ —ç—Ñ–∏—Ä–µ. –û–ø—è—Ç—å –Ω–∞ MTV —Å –ß—É—Ä–∏–∫–æ–≤–æ–π https://t.co/vk6kwLBCnq –ö–∞–∫ –±—É–¥—Ç–æ 20 –ª–µ—Ç –Ω–∞–∑–∞–¥. –¢–æ‚Ä¶"
mtvru|856572660171591680|2017-04-24 18:16:51|–ö–æ—Å–º–∏—á–µ—Å–∫–∏–π —Ç—É—Ä–∏—Å—Ç –Ω–∞ —Å—ä–µ–º–∫–∞—Ö –∫–ª–∏–ø–∞ ARTIK &amp; ASTI #mtvselfienews https://t.co/zjMqeSsKDN
mtvru|856565032397754374|2017-04-24 17:46:32|RT @laetus97: @_esevarai –Ω–∏–∫–∞–∫ –Ω–µ –æ–∂–∏–¥–∞–ª–∞, —á—Ç–æ –ø–æ MTV –±—É–¥—É—Ç –ø–æ–∫–∞–∑—ã–≤–∞—Ç—å U Can Take üò± –Ω–µ–∂–¥–∞–Ω
mtvru|856542943284531200|2017-04-24 16:18:46|"–•–æ—á–µ—à—å —Å—Ç–∞—Ç—å –∑–≤–µ–∑–¥–æ–π?
–ó–∞—Å–≤–µ—Ç–∏—Ç—å—Å—è –Ω–∞ MTV?

–¢–æ–≥–¥–∞ —É—á–∞—Å—Ç–≤—É–π –≤ –∫–∞—Å—Ç–∏–Ω–≥–µ 12 –ó–ª–æ–±–Ω—ã—Ö –ó—Ä–∏—Ç–µ–ª–µ–π!
–ó–∞–ø–æ–ª–Ω–∏ –∞–Ω–∫–µ—Ç—É –∑–¥–µ—Å—å üëá
https://t.co/uMsYkVQrvP"
mtvru|856511724454916096|2017-04-24 14:14:42|–¢—ã –µ—â—ë –Ω–µ –¥–µ–ª–∞–µ—à—å –∑–∞–∫–∞–∑–∏–∫–∏ –≤ #MTV–ö–ª–∞—Å—Å–Ω—ã–π–ß–∞—Å? –ê –ø–æ—á–µ–º—É? https://t.co/S9kBSfz2IM
mtvru|856465075275788288|2017-04-24 11:09:20|–î–ª—è —Ç–µ—Ö, –∫—Ç–æ –ø—Ä–æ–ø—É—Å—Ç–∏–ª Dance Chart https://t.co/8qJcGtOQJb
mtvru|856043713335672832|2017-04-23 07:15:00|Rus_Chart –∏–Ω –¥–∞ —Ö–∞—É—Å! https://t.co/L5F42JhPks
mtvru|855813453411471360|2017-04-22 16:00:02|–õ–æ–≤–∏ –Ω–∞ MTV —Å–µ–≥–æ–¥–Ω—è –≤ 22-10! https://t.co/g0lR39oEtM
mtvru|855753639243259905|2017-04-22 12:02:21|–í–µ—Å–Ω–∞ –ø–æ–∫–∞ –Ω–µ —Ä–∞–¥—É–µ—Ç, —Ç–∞–∫ —á—Ç–æ –≥—Ä–µ–π—Å—è –Ω–∞—à–∏–º –¢–æ–ø-20 üòé https://t.co/oqlTJqTvQ5
mtvru|855499617441648641|2017-04-21 19:12:57|"RT @babytsoy: —Å–º–æ—Ç—Ä—é ""–æ—Ö, —É–∂ —ç—Ç–∏ –¥–µ—Ç–∫–∏"" –ø–æ MTV, –∏ –≤—Å–ø–æ–º–∏–Ω–∞—é –¥–µ—Ç—Å—Ç–≤–æ.. —Ç–∞–∫–æ–µ –ø—Ä–∏—è—Ç–Ω–æ–µ —á—É–≤—Å—Ç–≤–æ –≤–Ω—É—Ç—Ä–∏üôà
–∫–∞–∫ –∂–µ —è –ª—é–±–∏–ª–∞ —ç—Ç–æ—Ç –º—É–ª—å—Ç–∏–∫ –≤ –¥–µ—Ç—Å—Ç–≤–µ‚Ä¶"
mtvru|855499494124912641|2017-04-21 19:12:28|"RT @LiMinWings: @mtvru –ù–∞–∫–æ–Ω–µ—Ü-—Ç–æ Imagine Dragons –Ω–∞ –ø–µ—Ä–≤–æ–º –º–µ—Å—Ç–µ :3 
–ú–æ–∂–Ω–æ –∂–∏—Ç—å –¥–∞–ª—å—à–µ ~"
mtvru|855435975731838977|2017-04-21 15:00:04|MTV –ö–ª–∞—Å—Å–Ω—ã–π –ß–∞—Ä—Ç —ç—Ç–æ–π –Ω–µ–¥–µ–ª–∏, –∫–∏–¥–∑ https://t.co/tnUqSu8n8q
mtvru|855424411041759234|2017-04-21 14:14:07|"–í—ã —Å–º–æ—Ç—Ä–µ–ª–∏ –Ω–∞—Å –±–æ–ª—å—à–µ –¥–≤—É—Ö –ª–µ—Ç, —Ç–µ–ø–µ—Ä—å –º—ã —Ö–æ—Ç–∏–º –ø–æ—Å–º–æ—Ç—Ä–µ—Ç—å –Ω–∞ –≤–∞—Å. https://t.co/J9qULMvUCn
#MTV–ö–ª–∞—Å—Å–Ω—ã–π–ß–∞—Å"
mtvru|855058473721094145|2017-04-20 14:00:01|"–í–æ–æ—Ä—É–∂–∞–µ–º—Å—è —Ö—ç—à—Ç–µ–≥–æ–º #MTV–ö–ª–∞—Å—Å–Ω—ã–π–ß–∞—Å –∏ —à—Ç—É—Ä–º—É–µ–º —Ç–µ–ª–µ—ç—Ñ–∏—Ä MTV!
üëæüëæüëæ https://t.co/29tco4UpYZ"
mtvru|855015709017075713|2017-04-20 11:10:05|Julia Michaels –æ –º–æ—Ç–∏–≤–∞—Ü–∏–∏ –∏ —Ç–≤–æ—Ä—á–µ—Å—Ç–≤–µ #MTVPush https://t.co/66RwBclFG7
mtvru|854771315139596291|2017-04-19 18:58:57|"RT @yulya_kashapova: –Ø –Ω–∞–∫–æ–Ω–µ—Ü-—Ç–æ —É—Å—Ç–∞–Ω–æ–≤–∏–ª–∞ MTV –Ω–∞ —Ç–µ–ª–∏–∫
–°—á–∞—Å—Ç—å–µ—Ä–∞–¥–æ—Å—Ç—å #mtv–∫–ª–∞—Å—Å–Ω—ã–π—á–∞—Å"
mtvru|854771038521102337|2017-04-19 18:57:51|RT @Mikhail_Green: @mtvru –°–ø–∞—Å–∏–±–æ,—á—Ç–æ —Å—Ç–∞–≤–∏—Ç–µ –≤ —ç—Ñ–∏—Ä –∫–ª–∏–ø—ã #Prince. https://t.co/WN1KO0oJvX
mtvru|854696107317710849|2017-04-19 14:00:06|–¢—ã –∂–µ —Ö–æ—á–µ—à—å –ø–æ–ø–∞—Å—Ç—å –≤ —Ç–µ–ª–µ–∫? –ù–∞—á–Ω–∏ —Å –º–∞–ª–æ–≥–æ, –ø—É—Å—Ç—å –ø–æ–ø–∞–¥—ë—Ç —Ç–≤–æ–π —Ç–≤–∏—Ç #mtv–∫–ª–∞—Å—Å–Ω—ã–π—á–∞—Å https://t.co/Z4WVZ6qP17
mtvru|854593828111753216|2017-04-19 07:13:40|"RT @mumiytroll: –ù–∞ —Ç–µ–ª–µ–∫–∞–Ω–∞–ª–µ ¬´MTV –†–æ—Å—Å–∏—è¬ª 22 –∞–ø—Ä–µ–ª—è –≤ 22:10 –ø–æ–∫–∞–∂—É—Ç –¥–æ–ª–≥–æ–∂–¥–∞–Ω–Ω—É—é –ø—Ä–µ–º—å–µ—Ä—É ‚Äî —Ñ–∏–ª—å–º –æ V-ROX 2016 https://t.co/TG0Pywea1R
#vr‚Ä¶"
mtvru|854398755554177025|2017-04-18 18:18:31|RT @Mikhail_Green: @mtvru –°–ø–∞—Å–∏–±–æ –∑–∞ –∫–ª–∏–ø #mychemicalromance. https://t.co/uMKmubN0jh
mtvru|854398727079043074|2017-04-18 18:18:25|RT @danilbarbz: –ë–æ–∂–µ‚ú®@mtvru –Ω–µ—Ç —Å–ª–æ–≤, —á—Ç–æ–±—ã –ø–µ—Ä–µ–¥–∞—Ç—å –≤—Å—é –º–æ—é –ª—é–±–æ–≤—å –∫ –≤–∞–º üíñüíñüíñ –£–º–µ–µ—Ç–µ –ø–æ–¥–Ω—è—Ç—å –Ω–∞—Å—Ç—Ä–æ–µ–Ω–∏–µ, –∫–æ–≥–¥–∞ –æ–Ω–æ –Ω–∏–∂–µ –Ω–µ–∫—É–¥–∞üíÅüèø‚Äç‚ôÇÔ∏è–°–ø–∞—Å–∏–±–æ‚Ä¶
mtvru|854333715639652354|2017-04-18 14:00:05|–ì–æ –∑–∞–∫–∞–∑–∏–∫–∏ –¥–µ–ª–∞—Ç—å –∏–±–æ #MTV–ö–ª–∞—Å—Å–Ω—ã–π–ß–∞—Å https://t.co/BBdpTCf6LO
mtvru|854309446331367424|2017-04-18 12:23:38|"#MTVLike –Ω–∞ —ç—Ç–æ–π –Ω–µ–¥–µ–ª–µ –º—ã –ø–æ—Å—Ç–∞–≤–∏–ª–∏ –∏–∑—è—â–Ω–æ–π –∏ —Å–µ–∫—Å—É–∞–ª—å–Ω–æ–π —Ä–∞–±–æ—Ç–µ @official_luna (–õ–£–ù–ê) - –ü—É–ª–∏

https://t.co/SoAs97L2ql"
mtvru|854259071138099200|2017-04-18 09:03:28|RT @vrox3000: –ù–∞ —Ç–µ–ª–µ–∫–∞–Ω–∞–ª–µ ¬´MTV –†–æ—Å—Å–∏—è¬ª 22 –∞–ø—Ä–µ–ª—è –≤ 22:10 –ø–æ–∫–∞–∂—É—Ç –¥–æ–ª–≥–æ–∂–¥–∞–Ω–Ω—É—é –ø—Ä–µ–º—å–µ—Ä—É ‚Äî —Ñ–∏–ª—å–º –æ –º–µ–∂–¥—É–Ω–∞—Ä–æ–¥–Ω–æ–º –º—É–∑—ã–∫–∞–ª—å–Ω–æ–º... https://t.c‚Ä¶
mtvru|854009374024617989|2017-04-17 16:31:16|"–≠—Ç–æ –±–æ–º–±–∞!
üî•üî•üî•
–¶–µ–ª—ã–π –≤—ã–ø—É—Å–∫ –Ω–æ–≤—ã—Ö 12 –ó–ª–æ–±–Ω—ã—Ö –ó—Ä–∏—Ç–µ–ª–µ–π –Ω–∞ –Ω–∞—à–µ–º youtube-–∫–∞–Ω–∞–ª–µ.
–ò, –∫–æ–Ω–µ—á–Ω–æ, –æ–±—è–∑–∞—Ç–µ–ª—å–Ω–æ –ø–æ–¥–ø–∏—Å—ã–≤–∞–π—Å—è
https://t.co/nP1OFEwPoI"
mtvru|853970662955687938|2017-04-17 13:57:26|–ß—Ç–æ —Å–µ–π—á–∞—Å –±—É–¥–µ—Ç –Ω–∞ MTV? https://t.co/pK0tWYZbxm
mtvru|853952922404757504|2017-04-17 12:46:57|"–ë—ç–Ω–≥, –±—ç–Ω–≥, –±—ç–Ω–≥!
–ü–ª–µ–π–ª–∏—Å—Ç MTV –≤ –∑–¥–∞–Ω–∏–∏ https://t.co/9pIBQZZF7n"
mtvru|853906638658523136|2017-04-17 09:43:02|"–°–º–æ—Ç—Ä–∏ MTV. –£ –Ω–∞—Å –≥–æ–¥–Ω–æ!
üî•üî•üî• https://t.co/QlubPPtSFF"
mtvru|853865615395893250|2017-04-17 07:00:01|–°–≤–µ–∂–∏–π –¢–∞–Ω—Ü–µ–≤–∞–ª—å–Ω—ã–π –ß–∞—Ä—Ç –¥–ª—è —Ç–µ–±—è ‚úåüòé https://t.co/ze6YN4YsMK
mtvru|853645941018169344|2017-04-16 16:27:06|RT @urkovakate159: –û–≥–æ –∫–∞–∫–∏–µ –ª—é–¥–∏ –Ω–∞ MTV https://t.co/2dlGdjCybs
mtvru|853562486808862720|2017-04-16 10:55:29|Rus_Chart –¥–ª—è –≤—Å–µ—Ö –ª—é–±–∏—Ç–µ–ª–µ–π –ø–æ—Å–ø–∞—Ç—å –≤ –≤–æ—Å–∫—Ä–µ—Å–µ–Ω—å–µ üòâ https://t.co/scR3j7RI3c
mtvru|853503926045474816|2017-04-16 07:02:47|"RT @elkasinger: –ù–∞–∑–æ–≤—É —Å–≤–æ–π —Ä—ç–ø –∞–ª—å–±–æ–º ""–°–∏–Ω–∫–æ–ø–∞ –ë–µ–∑—ã—Å—Ö–æ–¥–Ω–æ—Å—Ç–∏"""
mtvru|853234204934639616|2017-04-15 13:11:01|RT @AlxNadt: #12–ó–ó #12–∑–ª–æ–±–Ω—ã—Ö–∑—Ä–∏—Ç–µ–ª–µ–π –Ω–∞ #–º—Ç–≤ –æ–±—Å—É–∂–¥–∞—é—Ç #–∏–≤–∞–Ω–¥–æ—Ä–Ω –Ω–æ–≤—ã–π –∞–ª—å–±–æ–º. –†–µ–±—è—Ç, —ç—Ç–æ –∫—Ä—É—Ç–æ —Å–Ω–æ–≤–∞ –≤–∏–¥–µ—Ç—å —ç—Ç—É –ø–µ—Ä–µ–¥–∞—á—É! –û–±—Å—É–∂–¥–µ–Ω–∏–µ –∫—Ä—É—Ç‚Ä¶
mtvru|853201240716713984|2017-04-15 11:00:02|–î–ª—è —Ç–µ—Ö, –∫—Ç–æ –ø—Ä–æ–ø—É—Å—Ç–∏–ª –¢–æ–ø-20 ‚úåüòé https://t.co/EF4qMeMzJp
mtvru|852943897831649280|2017-04-14 17:57:26|"RT @AsetKeyZet: –¢—É—Ç –Ω–∞ @mtvru –≤–µ—Ä–Ω—É–ª–∏ ""12 –∑–ª–æ–±–Ω—ã—Ö –∑—Ä–∏—Ç–µ–ª–µ–π"" —Å –Ø–Ω–æ–π –ß—É—Ä–∏–∫–æ–≤–æ–π.
–í—ã—à–ª–æ –¥–æ–≤–æ–ª—å–Ω–æ —Å–º–æ—Ç—Ä–∏–±–µ–ª—å–Ω–æ, –æ–¥–Ω–∞–∫–æ –ø–ª–∞—à–∫–∏ –Ω–∞ –≤–µ—Å—å —ç–∫—Ä–∞–Ω - —ç—Ç‚Ä¶"
mtvru|852943307206537216|2017-04-14 17:55:06|RT @vladdlinnov: –ù–∞ MTV —Å–µ–≥–æ–¥–Ω—è –ø–æ–∫–∞–∂—É—Ç –Ω–æ–≤—ã—Ö 12 –∑–ª–æ–±–Ω—ã—Ö –∑—Ä–∏—Ç–µ–ª–µ–π. –í–µ–¥—É—â–∞—è –Ø–Ω–∞ –ß—É—Ä–∏–∫–æ–≤–∞. –Ø —Ä–æ—Å –Ω–∞ —ç—Ç–æ–π –ø–µ—Ä–µ–¥–∞—á–µ
mtvru|852942835737407494|2017-04-14 17:53:13|RT @stas_peshkov: @mtvru –í–ø–µ—Ä–≤—ã–µ –ø–æ—Å–º–æ—Ç—Ä–µ–ª #12–∑–ª–æ–±–Ω—ã—Ö–∑—Ä–∏—Ç–µ–ª–µ–π . –ò–Ω—Ç–µ—Ä–µ—Å–Ω–∞—è —à—Ç—É–∫–∞. –≠–¥–∞–∫–∏–π üçî –º–Ω–µ–Ω–∏–π. –•–æ—á—É –µ—â—ë. –ë—É–º —Å–ª–µ–¥–∏—Ç—å.
mtvru|852911662269124608|2017-04-14 15:49:21|"–î–∞, –∏ –∫—Å—Ç–∞—Ç–∏ —á–µ—Ä–µ–∑ 10 –º–∏–Ω—É—Ç —Å–º–æ—Ç—Ä–∏—Ç–µ –≤–æ–∑–≤—Ä–∞—â–µ–Ω–∏–µ ""12 –∑–ª–æ–±–Ω—ã—Ö –∑—Ä–∏—Ç–µ–ª–µ–π"" https://t.co/mEk6uJM8LZ"
mtvru|852911279517949952|2017-04-14 15:47:50|RT @anatolich_mtv: –≠—Ç–æ—Ç –ø–æ—Å—Ç –æ—Ç @mtvru –±—ã–ª –æ–ø—É–±–ª–∏–∫–æ–≤–∞–Ω –≤—á–µ—Ä–∞! –ê —ç—Ç–æ –∑–Ω–∞—á–∏—Ç, —á—Ç–æ –ø—Ä–µ–º—å–µ—Ä–∞ —É–∂–µ —Å–µ–≥–æ–¥–Ω—è, —Å–µ–π—á–∞—Å, –≤‚Ä¶ https://t.co/rJNeSu23jG
mtvru|852789647763689473|2017-04-14 07:44:30|–ù–µ–º–µ–¥–ª–µ–Ω–Ω–æ –æ—Ç–ø—Ä–∞–≤–ª—è–µ–º —ç—Ç–æ –û–ª–µ! üî• https://t.co/i2WVU467Rh
mtvru|852786434998018049|2017-04-14 07:31:44|–£–∂–µ —Å–µ–≥–æ–¥–Ω—è! https://t.co/zpt33Ij90h
mtvru|852783595626217472|2017-04-14 07:20:27|–°–µ–≥–æ–¥–Ω—è –Ω–æ–≤—ã–µ –∞–ª—å–±–æ–º—ã –≤—ã–ø—É—Å—Ç–∏–ª–∏ —Å–ª–µ–¥—É—é—â–∏–µ –º—É–∑—ã–∫–∞–Ω—Ç—ã
mtvru|852610495798554625|2017-04-13 19:52:37|RT @fan_pilots_skam: –°–º–æ—Ç—Ä—é MTV –∏ —Ç–∞–º –∫–ª–∏–ø –ü–∏–ª–æ—Ç–æ–≤. –ë–æ–∂–µ —ç—Ç–æ –Ω–µ–ø–µ—Ä–µ–¥–∞–≤–∞–µ–º–æ–µ —á—É–≤—Å—Ç–≤–æ ,–∫–æ–≥–¥–∞ –ø–æ —Ç–µ–ª–µ–≤–∏–∑–æ—Ä—É –ø–æ–∫–∞–∑—ã–≤–∞—é—Ç —Ç–≤–æ—é –ª—é–±–∏–º—É—é –≥—Ä—É–ø–ø—É. –ü—Ä‚Ä¶
mtvru|852609780602609664|2017-04-13 19:49:47|"RT @danilbarbz: @mtvru —Å–ø–∞—Å–∏–±–æ –ª—é–±–∏–º—ã–µ üíñüíñüíñ–¥–∞–≤–Ω–æ –Ω–µ —Å–ª—É—à–∞–ª —ç—Ç—É –ø–µ—Å–Ω—é #rightbymyside @NICKIMINAJ @chrisbrown 

p.s #netlenka üîùüîùüîùüîùüîù https://t.‚Ä¶"
mtvru|852159369458221057|2017-04-12 14:00:00|"–ô–æ—É! –ú—ã —Ç–µ–±—è —Å–ª—É—à–∞–µ–º)
#mtv–∫–ª–∞—Å—Å–Ω—ã–π—á–∞—Å https://t.co/H5ooyjsbM8"
mtvru|852114079212859392|2017-04-12 11:00:02|"–î–æ —Å–ª–∞–≤—ã, –±–∞–±–ª–∞, —Ö–∞–π–ø–∞, –ª–∏–º—É–∑–∏–Ω–æ–≤ –∏ –º—É–ª—å—Ç–∏–ø–ª–∞—Ç–∏–Ω–æ–≤—ã—Ö –∞–ª—å–±–æ–º–æ–≤.
–£–∑–Ω–∞—ë—Ç–µ –æ–±–∞—è—à–∫—É? https://t.co/9piXDf1s9p"
mtvru|852090690167328770|2017-04-12 09:27:06|RT @KSvettaa: –ü–æ MTV #signofthetimes https://t.co/wOqwpJwvrB
mtvru|852090408792444928|2017-04-12 09:25:59|–ú—ã –∂–¥—ë–º –æ—Ñ–∏—Ü–∏–∞–ª—å–Ω–æ–≥–æ —Ä–∞–∑—Ä–µ—à–µ–Ω–∏—è –æ—Ç –ø—Ä–∞–≤–æ–æ–±–ª–∞–¥–∞—Ç–µ–ª–µ–π. –ù–∞–±–µ—Ä–∏—Ç–µ—Å—å —Ç–µ—Ä–ø–µ–Ω–∏—è üôè https://t.co/nxy0Eilbni
mtvru|851933768910811137|2017-04-11 23:03:33|RT @ihromova: –°–µ–≥–æ–¥–Ω—è –¥–µ–Ω—å @LanaDelRey —Å–ø–µ—Ä–≤–∞ –≤ –º–∞—Ä—à—Ä—É—Ç–∫–µ, –∞ —Ç–µ–ø–µ—Ä—å –ø–æ @mtvru –∫—Ä—É—Ç—è—Ç Blue Jeans ‚ù§Ô∏è
mtvru|851840854037811200|2017-04-11 16:54:20|"RT @GurovaAlex: –û—Ñ–∏–≥–µ—Ç—å –æ—Ñ–∏–≥–µ—Ç—å
–¢–∞—Ç–∞—Ä–∫–∞ –∏ @LITTLEBIG_BAND –Ω–∞ MTV
üòç https://t.co/bmWyfnPZ4r"
mtvru|851840711230201856|2017-04-11 16:53:46|"–¢–∞—Ç–∞ –ø—Ä–æ–¥–æ–ª–∂–∞–µ—Ç –ø–æ–ª—å–∑–æ–≤–∞—Ç—å—Å—è –¢–∏–Ω–¥–µ—Ä–æ–º –∏ –∑–Ω–∞–∫–æ–º–∏—Ç—å—Å—è –≤—Å–µ —Å –±–æ–ª–µ–µ –∏ –±–æ–ª–µ–µ –∏–Ω—Ç–µ—Ä–µ—Å–Ω—ã–º–∏ –ª—é–¥—å–º–∏
https://t.co/oBWrW25RPt

https://t.co/0ViUp4cpR1"
mtvru|851797647795081216|2017-04-11 14:02:39|–£ –≠–≥–≥–æ—Ä—å–∫–∞ –¥–ª—è —Ç–µ–±—è –≤–∞–∂–Ω–∞—è –∏–Ω—Ñ–æ—Ä–º–∞—Ü–∏—è https://t.co/PzkCdsx2oq
mtvru|851766788257976320|2017-04-11 12:00:02|"–Ø–Ω–∞ –ß—É—Ä–∏–∫–æ–≤–∞ –≤–ª–æ–∂–∏–ª–∞ –¥—É—à—É –≤ –Ω–æ–≤—É—é –∫–æ–ª–ª–µ–∫—Ü–∏—é Betsy #mtvselfienews

https://t.co/ne7fObG7UV"
mtvru|851708755586711552|2017-04-11 08:09:25|"–î–ª—è —Ç–æ–≥–æ, —á—Ç–æ–±—ã –∑–∞–∏–Ω—Ç–µ—Ä–µ—Å–æ–≤–∞—Ç—å –ø–æ–¥–ø–∏—Å—á–∏–∫–∞, –ø–æ—Å—Ç –¥–æ–ª–∂–µ–Ω –±—ã—Ç—å –≥—Ä–∞–º–æ—Ç–Ω—ã–º, —è—Ä–∫–∏–º –∏ –∏–Ω—Ç–µ—Ä–µ—Å–Ω—ã–º.
–ö–æ—Ä–æ—á–µ, 12 –∑–ª–æ–±–Ω—ã—Ö –∑—Ä–∏—Ç–µ‚Ä¶ https://t.co/5SQqFB9Dx0"
mtvru|851449700028891138|2017-04-10 15:00:02|–ü–ª–µ–π–ª–∏—Å—Ç MTV —Ç–µ–±–µ –≤ –ª–µ–Ω—Ç—É https://t.co/Hhq4rJv1HJ
mtvru|851437988353634304|2017-04-10 14:13:30|#MTV–ö–ª–∞—Å—Å–Ω—ã–π–ß–∞—Å - –ü–∞—É–ª—å - –ó–∞–∫–∞–∑—ã. –¢—ã —É–∂–µ –∑–Ω–∞–µ—à—å, —á—Ç–æ –¥–µ–ª–∞—Ç—å https://t.co/sb2KWmaXGh
mtvru|851419504743677952|2017-04-10 13:00:03|"–ù–∞—à #MTVLike –Ω–∞ —ç—Ç–æ–π –Ω–µ–¥–µ–ª–µ –¥–æ—Å—Ç–∞—ë—Ç—Å—è –ø–ª–æ–¥—É –∫—É–ª—å—Ç–æ–≤–æ–≥–æ —Ä–µ—é–Ω–∏–æ–Ω–∞:

https://t.co/7UqucsTQGD"
mtvru|851409294855733249|2017-04-10 12:19:28|MTV Dance Chart —É–∂–µ –∑–¥–µ—Å—å! https://t.co/E1zahdSEwj
mtvru|851057113031823361|2017-04-09 13:00:02|–ö–∞–∫ —è —É–ª—ã–±–∞—é—Å—å –≤ –∂–∏–∑–Ω–∏ vs. –∫–∞–∫ —è —É–ª—ã–±–∞—é—Å—å –Ω–∞ —Ñ–æ—Ç–∫–∞—Ö https://t.co/iEGcDgLlGK
mtvru|850981613156446208|2017-04-09 08:00:01|–ù–∞—à Rus_Chart —ç—Ç–æ–π –Ω–µ–¥–µ–ª–∏ –¥–ª—è –ø–æ–∑–¥–Ω–∏—Ö –≤–æ—Å–∫—Ä–µ—Å–Ω—ã—Ö –ø—Ç–∞—à–µ–∫ https://t.co/AeZn6LyjvN
mtvru|850755117376708609|2017-04-08 17:00:00|"MTV Movie Awards –ø—Ä–µ–∫—Ä–∞—â–∞–µ—Ç —Å–≤–æ—ë —Å—É—â–µ—Å—Ç–≤–æ–≤–∞–Ω–∏–µ

–í—Å–µ –ø–æ–¥—Ä–æ–±–Ω–æ—Å—Ç–∏ —Ç—É—Ç:
https://t.co/sStexRRpVw https://t.co/Jq5VZowotS"
mtvru|850694719353102336|2017-04-08 13:00:00|–†–∏–∞–Ω–Ω–∞ –≤—ã–≥–ª—è–¥–∏—Ç —Ç–∞–∫, –∫–∞–∫ –±—É–¥—Ç–æ —Å–æ–±–∏—Ä–∞–µ—Ç—Å—è –≤–æ–∑–≥–ª–∞–≤–∏—Ç—å –∫–ª—É–± —Ç—Ä–µ–Ω–µ—Ä–æ–≤ –ø–æ–∫–µ–º–æ–Ω–æ–≤ https://t.co/eA0P6IulDD
mtvru|850641870275264512|2017-04-08 09:30:00|–î–ª—è –≤—Å–µ—Ö, –∫—Ç–æ –ª—é–±–∏—Ç –ø–æ—Å–ø–∞—Ç—å –±–æ–ª—å—à–µ, —á–µ–º MTV Top-20 https://t.co/XcJl4Ho7ND
mtvru|850600009838067712|2017-04-08 06:43:40|RT @Alina1907839: –ü–æ MTV –±—ã–ª–∏ –≥—Ä–∏–±—ã —Ç–∞–µ—Ç –ª—ë–¥ —Å–æ–±–∞–∫–∞ –ø–æ—Å–º–æ—Ç–æ–µ–ª–∞ –Ω–∞ —Ç–µ–ª–µ–≤–∏–∑–æ—Ä –Ω–∞ –º–µ–Ω—è –∏ –≤—ã—à–ª–∞ –∏–∑ –∫–æ–º–Ω–∞—Ç—ã https://t.co/ZWoahKzYSg
mtvru|850407831199035392|2017-04-07 18:00:01|"#–§—Ä–µ—à–∞—á–æ–∫ Halsey - Now Or Never

https://t.co/bM2T7B6K9I"
mtvru|850401398420373504|2017-04-07 17:34:27|RT @MsqsBXpCkF5CnXa: @mtvru –º–Ω–µ –æ—á–µ–Ω—å –Ω—Ä–∞–≤–∏—Ç—Å—è –∫–∞–Ω–∞–ª –º—Ç–≤ –∏–∑ –∑–∞ —Ç–æ–≥–æ —á—Ç–æ —Ç–∞–º –ø–æ–∫–∞–∑—ã–≤–∞—é—Ç –ø–µ—Å–Ω–∏ –≤—Å–µ—Ö —Å—Ç–∏–ª–µ–π –∏ –∂–∞–Ω—Ä–æ–≤ –∏ –≤–æ—Ç –ø–æ—ç—Ç–æ–º—É –≤—Å—ë –∏–¥–µ–∞–ª—å–Ω‚Ä¶
mtvru|850377639978205184|2017-04-07 16:00:03|–ò—Ç–æ–≥–∏ –ö–ß —ç—Ç–æ–π –Ω–µ–¥–µ–ª–∏ https://t.co/EEx6AlrvyV
mtvru|850362538516787200|2017-04-07 15:00:02|"–ë–µ–∑ –ª–∏—à–Ω–∏—Ö —Å–ª–æ–≤. –ü—Ä—è–º–æ —Å–µ–π—á–∞—Å!
–ù–µ –∑–∞–±—ã–≤–∞–π —Ö—ç—à—Ç–µ–≥ #mtvkpopchart https://t.co/JEb37yQXVH"
mtvru|850271942305173504|2017-04-07 09:00:02|"–î–∂–µ–π–∫–æ–± –°—Ç–∞—É–¥–µ–Ω–º–∞–π–µ—Ä —Å–Ω—è–ª —Å–≤–æ—é –≤–µ—Ä—Å–∏—é –Ω–∞—á–∞–ª—å–Ω–æ–π —Å—Ü–µ–Ω—ã –∏–∑ ""–õ–∞-–ª–∞-–ª—ç–Ω–¥–∞"", —á—Ç–æ–±—ã –ø—Ä–∏–≥–ª–∞—Å–∏—Ç—å –≠–º–º—É –£–æ—Ç—Å–æ–Ω –Ω–∞ –≤—ã–ø—É—Å–∫–Ω–æ–π

https://t.co/1uDve9MIwF"
mtvru|850266167235166209|2017-04-07 08:37:06|"RT @not_your_bonnie: @mtvru —Å–ø–∞—Å–∏–±–æ –∑–∞ —à–∞–Ω—Å —Å–Ω–æ–≤–∞ –ø–æ—Å–º–æ—Ç—Ä–µ—Ç—å –∫–ª–∏–ø—ã –ª—é–±–∏–º–æ–π –≥—Ä—É–ø–ø—ã 
twenty one pilots –≤ –≤–∞—à–µ–º —Ç–æ–ø–µ –ø—Ä–µ–∫—Ä–∞—Å–Ω—ã 
üíû"
mtvru|850040790315388928|2017-04-06 17:41:32|"–î–µ—Ü–ª @detslakaletruk —Ä—É–±–∏—Ç –ø—Ä–∞–≤–¥—É –º–∞—Ç—å –∑–∞ —á–∞—Ä—Ç—ã –∏ –º—É–∑—ã–∫–∞–ª—å–Ω—ã–π –¥–≤–∏–∂–Ω—è–∫ –≤ —Ü–µ–ª–æ–º

https://t.co/szIaiBtH9n"
mtvru|850033389155614723|2017-04-06 17:12:07|üòÇüî• https://t.co/6xCqQjEatq
mtvru|849985053648068609|2017-04-06 14:00:03|"–ú—ã –≥–æ—Ç–æ–≤—ã, –∞ –≤—ã –≥–æ—Ç–æ–≤—ã?
#mtv–∫–ª–∞—Å—Å–Ω—ã–π—á–∞—Å https://t.co/uniMJ4DPFu"
mtvru|849924649517547520|2017-04-06 10:00:01|"–ó–Ω–∞–∫–æ–º—å—Ç–µ—Å—å, #MTVPush –∞–ø—Ä–µ–ª—è - Julia Michaels - Issues

https://t.co/8l9dRUbZq2"
mtvru|849890313325998080|2017-04-06 07:43:35|RT @usualeugene: @eitleanglas –¥–ª—è –∑–∞–∫–∞–∑–∞ –∫–ª–∏–ø–∞ –Ω–∞ MTV –Ω–µ–æ–±—Ö–æ–¥–∏–º–æ –ø—Ä–æ–¥–∞—Ç—å –¥—É—à—É))
mtvru|849890220715757568|2017-04-06 07:43:13|"RT @not_your_bonnie: –ù–∞ MTV –≤—Å–µ–≥–¥–∞ –∫—Ä—É—Ç—ã–µ —Ç–æ–ø—ã
–í–æ—Ç —Å–µ–π—á–∞—Å The Weeknd
–ö—Ä—É—Ç–æ—Ç–µ–Ω—å"
mtvru|849889903647350784|2017-04-06 07:41:57|RT @SheNeedsMotley: –¶–µ–ª—ã—Ö 2 —Ä–∞–∑–∞ –≤–∏–¥–µ–ª–∞ –≤ —ç—Ñ–∏—Ä–µ @mtvru  –∫–ª–∏–ø—ã –ë–æ—É–∏. –û—á–µ–Ω—å –ø—Ä–∏—è—Ç–Ω–æ–µ —á—É–≤—Å—Ç–≤–æ.
mtvru|849689060344029185|2017-04-05 18:23:53|"RT @pewlsey: –ú–Ω–µ —Ç–∞–∫ –Ω—Ä–∞–≤–∏—Ç—Å—è —Ç–æ, —á—Ç–æ MTV –æ—Ç–≤–µ—á–∞–µ—Ç –Ω–∞ –∫–æ–º–º–µ–Ω—Ç—ã –ª—é–¥–µ–πüíó

–≠—Ç–æ —Ç–∞–∫ –º–∏–ª–æ —Å –∏—Ö —Å—Ç–æ—Ä–æ–Ω—ã, –ø—Ä–∞–≤–¥–∞üòå"
mtvru|849688950763663362|2017-04-05 18:23:26|RT @ymihailyuk: –û—Ö,—É–∂ —ç—Ç–∏ –¥–µ—Ç–∫–∏! üçº –∫–∞–∫ –∂–µ —è –ª—é–±–∏–ª–∞ —ç—Ç–æ—Ç –º—É–ª—å—Ç–∏–∫.–¢–∞—á–∫—É –Ω–∞ –ø—Ä–æ–∫–∞—á–∫—É.–≤–∞—â–µüî•  –ù–µ—Ä–µ–∞–ª—å–Ω—ã–µ –ø–æ–¥—Å—Ç–∞–≤—ã –º–µ–≥–æ —Ä–∂–∞—á üòÇ –Ω–∞ Mtv
mtvru|849632150517317633|2017-04-05 14:37:44|"#MTVLike –Ω–∞ —ç—Ç–æ–π –Ω–µ–¥–µ–ª–µ –¥–æ—Å—Ç–∞—ë—Ç—Å—è —Ç—Ä–æ–≥–∞—Ç–µ–ª—å–Ω–æ–π –∏—Å—Ç–æ—Ä–∏–∏ Malinen - Snow

https://t.co/4SGvgndp1y"
mtvru|849622660296327171|2017-04-05 14:00:02|–ü–∏—à–∏—Ç–µ —Å–≤–æ–∏ –∑–∞–∫–∞–∑–∏–∫–∏ —Å —Ö—ç—à—Ç–µ–≥–æ–º #mtv–∫–ª–∞—Å—Å–Ω—ã–π—á–∞—Å –∏ –ø–æ–ø–∞–¥—ë—Ç–µ –Ω–∞ MTV https://t.co/Lvk8BL00QW
mtvru|849287730920116224|2017-04-04 15:49:08|@prigozhin_iosif –ê –≤–µ–¥—å –≤—Å–µ—Ö –ø–æ–ø—Ä–æ—Å–∏–ª–∏ –Ω–∞ —Å—ä—ë–º–∫–∞—Ö - –Ω–µ –ø–∞–ª–∏—Ç—å))
mtvru|848979047627575298|2017-04-03 19:22:32|"RT @Dysya_Sc: –≠–ú–¢–ò–í–ò –ó–ê–í–û–ï–í–ê–õ –í–°–Æ –ú–û–Æ –õ–Æ–ë–û–í–¨
üíñ"
mtvru|848837489150132224|2017-04-03 10:00:02|üëæüëæ All your playlist are belong to us! üëæüëæ https://t.co/7CzAxNM24O
mtvru|848807285040136192|2017-04-03 08:00:01|"–í—Å—ë –ø—Ä–æ–¥–µ–Ω—Å–∏–ª?
–ù–∏—á–µ–≥–æ —Å—Ç—Ä–∞—à–Ω–æ–≥–æ, —Å–º–æ—Ç—Ä–∏ —Å—é–¥–∞ üëá https://t.co/DC2r4J6tVR"
mtvru|848783376094040064|2017-04-03 06:25:01|–ü—Ä–æ–±—É–∂–¥–∞–π—Å—è –≤–º–µ—Å—Ç–µ Dance –ß–∞—Ä—Ç–æ–º –Ω–∞ MTV! https://t.co/Lu1OsxaH7o
mtvru|848565691565318144|2017-04-02 16:00:01|"Ms. Sounday –æ –≤–∫–ª–∞–¥–∞—Ö –∏ –Ω–µ —Ç–æ–ª—å–∫–æ #mtvselfienews

https://t.co/mZJTV8FZl7"
mtvru|848529544235692032|2017-04-02 13:36:22|–°–∞–º—ã–π –ø–µ—Ä–≤—ã–π –∞–ø—Ä–µ–ª—å—Å–∫–∏–π Rus_Chart https://t.co/J8n9ZC9tnJ
mtvru|848420987171373056|2017-04-02 06:25:00|"–ë–ª–æ–≥–µ—Ä—Å—Ç–≤–∞ –±–ª–æ–≥–µ—Ä—Å—Ç–≤–æ–º, –Ω–æ —Ä–∞–±–æ—Ç—É –Ω–∏–∫—Ç–æ –Ω–µ –æ—Ç–º–µ–Ω—è–ª.
–ö–∞–∫ –≤—Å–µ–≥–¥–∞ –¢–∞—Ç–∞ –∏ Rus_Chart —Å–µ–π—á–∞—Å –Ω–∞ MTV https://t.co/FFdF9N9rMr"
mtvru|848274213198856192|2017-04-01 20:41:47|–ù–µ–º–Ω–æ–≥–æ –∑–∞–ø–æ–∑–¥–∞–ª—ã–π, –Ω–æ –æ—Ç —ç—Ç–æ–≥–æ –Ω–µ –º–µ–Ω–µ–µ –∫—Ä—É—Ç–∞–Ω—Å–∫–∏–π –ø–ª–µ–π–ª–∏—Å—Ç MTV Top-20 https://t.co/GPT48yRahI
mtvru|848081598943817728|2017-04-01 07:56:24|"–ü—Ä—è–º–æ —Å–µ–π—á–∞—Å –Ω–∞—à–µ –Ω–æ–≤–æ–µ —à–æ—É - #Celebrity–ü—Ä–æ–≥–Ω–æ–∑–ü–æ–≥–æ–¥—ã!
–ò –µ–≥–æ –ø–µ—Ä–≤–∞—è –≤–µ–¥—É—â–∞—è - –õ–∞–¥–∞ –î—ç–Ω—Å https://t.co/XtfqMQslP9"
mtvru|847933569972527105|2017-03-31 22:08:11|RT @Rainbow_Niall_: –°–º–æ—Ç—Ä—é World Stage: One Republic –Ω–∞ @mtvru.
mtvru|847854248855576578|2017-03-31 16:52:59|"–í—ã —É–∂–µ –Ω–∞–≥–æ—Ç–æ–≤–∏–ª–∏ –ø—Ä–∏–∫–æ–ª–æ–≤ –Ω–∞ –∑–∞–≤—Ç—Ä–∞?
–ê –º—ã –Ω–∞–≥–æ—Ç–æ–≤–∏–ª–∏. –î–µ–Ω—å —Ç—Ä–æ–ª–ª–∏–Ω–≥–∞, 1 –∞–ø—Ä–µ–ª—è, MTV! https://t.co/oDyUbnQ6Lb"
mtvru|847840934901551105|2017-03-31 16:00:05|–ò—Ç–æ–≥–∏ #MTV–ö–ª–∞—Å—Å–Ω—ã–π–ß–∞—Ä—Ç –≤–æ—Ç —Ç—É—Ç üëá https://t.co/3fD6V3OMIU
mtvru|847837333416292352|2017-03-31 15:45:46|"RT @Kim_fihyung: –Ø –ø—Ä–æ—Å–ª–∞–≤–∏–ª—Å—è–ü—Ö, —à—É—á—É –∫–æ–Ω–µ—á–Ω–æ –∂–µ–ú–æ–Ω—é –∫—Ä—É—Ç—è—Ç –Ω–∞ #MTV–ß—É—Ç—å –Ω–µ —Ä–∞—Å–ø–ª–∞–∫–∞–ª—Å—èüåä https://t.co/1S5iYnlAO8"
mtvru|847837285332787201|2017-03-31 15:45:35|RT @Li_JaX: –°–º–æ—Ç—Ä—é –ë–û–õ–¨–®–ï! –ì–†–û–ú–ß–ï! –ö–†–£–ß–ï! –Ω–∞ mtv
