Nyusha_Nyusha|866730688464248847|2017-05-22 19:01:13|–ü–æ–∑–¥—Ä–∞–≤–ª—è—é Arut mscw —Å –ø–æ–∫–∞–∑–æ–º üéâ üíãüíãüíã  #nyusha #–Ω—é—à–∞ https://t.co/J5JuWkvyYK
Nyusha_Nyusha|866644383000604672|2017-05-22 13:18:17|‚ù§Ô∏è#lovemygirls #ninasparty #–Ω—é—à–∞ #nyusha https://t.co/l2pDFXEHIQ
Nyusha_Nyusha|866563210505314304|2017-05-22 07:55:44|–ó–Ω–∞–∫–æ–º—å—Ç–µ—Å—å - Tati &amp; Nina ))) üòò #lovemygirls #ninasparty #–Ω—é—à–∞ #nyusha https://t.co/N7H5Vghtar
Nyusha_Nyusha|866372628390588416|2017-05-21 19:18:25|üéâüçæüêæüêæ üíãüíãüíã #ninasparty #lovemygirls #nyusha #–Ω—é—à–∞ #paris https://t.co/rPMWQQbBxt
Nyusha_Nyusha|866182159698100225|2017-05-21 06:41:34|–î–æ–±—Ä–æ–µ —É—Ç—Ä–æ –ö–∞–∑–∞–Ω—å üòò #–Ω—é—à–∞ #nyusha #—Å–µ–ª—Ñ–∏ #selfie #—Å–ø–æ—Ä—Ç–∏–≤–Ω–∞—è–∫–∞–∑–∞–Ω—å #–¥–æ–±—Ä–æ–µ—É—Ç—Ä–æ https://t.co/q69NDjWnpi
Nyusha_Nyusha|866001273887358976|2017-05-20 18:42:47|#paris ‚ú®üòò #nyusha #–Ω—é—à–∞ https://t.co/6q0rzf9OsR
Nyusha_Nyusha|865972550697984001|2017-05-20 16:48:39|‚ù§Ô∏è #bestfriends #bestgirls #ninasparty #paris #lovemygirls #nyusha #–Ω—é—à–∞ https://t.co/3eRaosUWMv
Nyusha_Nyusha|865454865840971776|2017-05-19 06:31:34|üòª #morning #becauseimhappy #lovemygirls #bestfriends #–Ω—é—à–∞ #nyusha https://t.co/DpOUlFllkk
Nyusha_Nyusha|865286711630331904|2017-05-18 19:23:22|RT @varyafed: @Nyusha_Nyusha –ú–Ω–µ –∫–∞–∂–µ—Ç—Å—è,—á—Ç–æ–±—ã –ø–æ–Ω—è—Ç—å —ç—Ç—É –ø–µ—Å–Ω—é –Ω–µ –¥–æ—Å—Ç–∞—Ç–æ—á–Ω–æ —É—Å–ª—ã—à–∞—Ç—å –µ—ë –æ–¥–Ω–∞–∂–¥—ã. –ï—ë –Ω—É–∂–Ω–æ –ø–æ–Ω—è—Ç—å,–ø—Ä–∏–Ω—è—Ç—å –Ω–∞ —Å–µ–±—è, —Ç–æ–≥–¥–∞ –æ‚Ä¶
Nyusha_Nyusha|865286548610273281|2017-05-18 19:22:44|RT @sashatarzim: @Nyusha_Nyusha –ù—é—à–µ–Ω—å–∫–∞, —Ç–∞–ª–∞–Ω—Ç–ª–∏–≤–∞—è –Ω–∞—à–∞ –¥–µ–≤–æ—á–∫–∞! –Ø –≤—Å–µ–≥–¥–∞ –ø–æ—Ä–∞–∂–∞—é—Å—å —Ç–æ–º—É, –Ω–∞—Å–∫–æ–ª—å–∫–æ –±–æ–≥–∞—Ç —Ç–≤–æ–π —Ç–∞–ª–∞–Ω—Ç! –ö–∞–∂–¥–∞—è –ø–µ—Å–Ω—è, –∫–ª–∏‚Ä¶
Nyusha_Nyusha|865286504020672512|2017-05-18 19:22:33|RT @kolya_rubinskiy: –ü–æ–∑–¥—Ä–∞–≤–ª—è—é @Nyusha_Nyusha —Å –≤—ã—Ö–æ–¥–æ–º –∫–ª–∏–ø–∞ –Ω–∞ —Å–∏–Ω–≥–ª #–¢–µ–±—è–õ—é–±–∏—Ç—å! –ù—é—à–∞, —Ç—ã –º–æ–ª–æ–¥–µ—Ü, —á—Ç–æ –Ω–µ –æ–ø—É—Å—Ç–∏–ª–∞ —Ä—É–∫–∏ –∏ –≤—Å—ë-—Ç–∞–∫–∏ –≤—ã–ø—É‚Ä¶
Nyusha_Nyusha|865286453785489409|2017-05-18 19:22:21|RT @palette21: @Nyusha_Nyusha –º–æ—è —Å–∞–º–∞—è —Ç–∞–ª–∞–Ω—Ç–ª–∏–≤–∞—è!–ù–µ –¥–æ–∂–¥—É—Å—å —É–≤–∏–¥–µ—Ç—å –∫–ª–∏–ø!–£–≤–µ—Ä–µ–Ω–∞ —á—Ç–æ —ç—Ç–æ üí£,—Ç—ã –ø–æ –¥—Ä—É–≥–æ–º—É –Ω–µ —É–º–µ–µ—à—å!–ü–æ–∫–∞ —á—Ç–æ –≤ –¢—É—Ä—Ü–∏–∏,–∫–∞–∫‚Ä¶
Nyusha_Nyusha|865286404166864896|2017-05-18 19:22:09|RT @AlenaHaib: @Nyusha_Nyusha —Å–ø–∞—Å–∏–±–æ –∑–∞ —ç—Ç–æ—Ç –≤–µ–ª–∏–∫–æ–ª–µ–ø–Ω—ã–π –∫–ª–∏–ø!–õ—é–±–∏–º –∏ —Ü–µ–Ω–∏–º,—Ç—ã –ª—É—á—à–∞—è‚ù§ https://t.co/bpDJlUVlI4
Nyusha_Nyusha|865286333819957249|2017-05-18 19:21:52|"RT @K_Leron_2002: @Nyusha_Nyusha –≤—Å–µ 4 –º–∏–Ω—É—Ç—ã –≥–ª–∞–∑–µ–ª–∞ –Ω–∞ —Ç–≤–æ–π –æ–±—Ä–∞–∑üòÑüòç–ß–Å–õ–ö–ê –ø—Ä–æ—Å—Ç–æ –±–æ–º–±–∞üí£üî•
—Å–ø–∞—Å–∏–±–æ –∑–∞ –≤–∏–¥–µ–æüíñ
#—Ç–µ–±—è–ª—é–±–∏—Ç—å"
Nyusha_Nyusha|865285775977590784|2017-05-18 19:19:39|–•–æ—á—É —É—Å–ª—ã—à–∞—Ç—å –æ—Ç –≤–∞—Å –≤–∞—à–∏ —á—É–≤—Å—Ç–≤–∞ –∏ —ç–º–æ—Ü–∏–∏, –∫–æ—Ç–æ—Ä—ã–µ –≤–æ–∑–Ω–∏–∫–ª–∏ –ø–æ—Å–ª–µ –ø—Ä–æ—Å–º–æ—Ç—Ä–µ –∫–ª–∏–ø–∞ #—Ç–µ–±—è–ª—é–±–∏—Ç—å!–ü–∏—à–∏—Ç–µ) –ú–Ω–µ –≤–∞–∂–Ω–æ –≤–∞‚Ä¶ https://t.co/WFP5B7JgEA
Nyusha_Nyusha|865176500190015488|2017-05-18 12:05:26|RT @Nastia204007800: @Nyusha_Nyusha –ù—é  –ø–æ–∑–¥—Ä–∞–≤–ª—è—é ! –ö–ª–∏–ø –ø—Ä–æ—Å—Ç–æ –±–æ–º–±–∞!!!!
Nyusha_Nyusha|865176467180843008|2017-05-18 12:05:18|–°–ø–∞—Å–∏–±–æüòä https://t.co/Js0CSB3bIP
Nyusha_Nyusha|865174416992468992|2017-05-18 11:57:09|RT @bannikova0aris1: @Nyusha_Nyusha @YouTube —É—Ä–∞!–∫–ª–∏–ø —Å—É–ø–µ—Ä, –±–æ–º–±–∞üî•–º–æ–ª–æ–¥–µ—Ü!‚ù§üî•üî•üòòüòò
Nyusha_Nyusha|865174405831421952|2017-05-18 11:57:07|RT @arina0771: @Nyusha_Nyusha  –ø—Ä–µ–∫—Ä–∞—Å–Ω–∞—è —Ä–∞–±–æ—Ç–∞!–û—á–µ–Ω—å –¥—É—à–µ–≤–Ω–æ –∏ —Ç—Ä–æ–≥–∞—Ç–µ–ª—å–Ω–æ!
Nyusha_Nyusha|865142452059086849|2017-05-18 09:50:08|"–î–æ–ª–≥–æ–∂–¥–∞–Ω–Ω–∞—è –ü—Ä–µ–º—å–µ—Ä–∞ –∫–ª–∏–ø–∞ ""–¢–µ–±—è –ª—é–±–∏—Ç—å""!
https://t.co/Eo9Xll6mZd"
Nyusha_Nyusha|864920084665556994|2017-05-17 19:06:32|–í –ø–æ—Å–ª–µ–¥–Ω–µ–µ –≤—Ä–µ–º—è –≤ –º–æ–∏—Ö –æ–±—Ä–∞–∑–∞ –±–æ–ª—å—à–µ —ç–ª–µ–≥–∞–Ω—Ç–Ω–æ—Å—Ç–∏ –∏ —Å—Ç—Ä–æ–≥–æ—Å—Ç–∏ üëÄ –∞ —Å —á–µ–º —ç—Ç–æ —Å–≤—è–∑–∞–Ω–æ –≤—ã –º–æ–∂–µ—Ç–µ —É–∑–Ω–∞—Ç—å —É–∂–µ —Å–µ–π—á–∞—Å‚òù‚Ä¶ https://t.co/NEcynMmdkR
Nyusha_Nyusha|864452952177741824|2017-05-16 12:10:19|"–ü—É—Å—Ç–æ—Ç–∞ ‚Äî –µ–¥–∏–Ω—Å—Ç–≤–µ–Ω–Ω–∞—è —Ç–∞–π–Ω–∞,–æ—Å—Ç–∞–≤–ª–µ–Ω–Ω–∞—è —á–µ–ª–æ–≤–µ–∫—É. –ò —Ç–æ–ª—å–∫–æ –∏—Å–∫—Ä–µ–Ω–Ω—è—è –ª—é–±–æ–≤—å –≤ —Å–µ—Ä–¥—Ü–µ –º–æ–∂–µ—Ç –µ—ë –∑–∞–ø–æ–ª–Ω–∏—Ç—å.
¬´–¢–µ–±—è –õ—é–±‚Ä¶ https://t.co/lLO8mzv3D6"
Nyusha_Nyusha|863806938995462147|2017-05-14 17:23:17|"–¢–æ —á—É–≤—Å—Ç–≤–æ, –∫–æ–≥–¥–∞ –∂–µ–ª–∞–µ–º–æ–µ —Ç–∞–∫ –±–ª–∏–∑–∫–æüòª

¬´–¢–µ–±—è –ª—é–±–∏—Ç—å¬ª - –ø—Ä–µ–º—å–µ—Ä–∞ –Ω–∞ —ç—Ç–æ–π –Ω–µ–¥–µ–ª–µ! https://t.co/18qvXLa6ne"
Nyusha_Nyusha|863349476148301824|2017-05-13 11:05:30|–ü–æ–¥—ã—Ç–æ–∂–∏–º –º–∞–π )))üå¶‚òÄÔ∏è‚ùÑÔ∏è #–Ω—é—à–∞ #nyusha #maxxroyal #–æ–±–ª–∞—á–Ω—ã–µ–¥–µ–ª–∞ #—Ö–æ–ª–æ–¥–Ω–∞—è–≤–æ–¥–∞ #–±–æ–¥—Ä–∞—è—è https://t.co/l2lA4WWMUi
Nyusha_Nyusha|863106372954726401|2017-05-12 18:59:29|–î–æ –ª–µ—Ç–∞ –æ—Å—Ç–∞–ª–∏—Å—å —Å—á–∏—Ç–∞–Ω–Ω—ã–µ –¥–Ω–∏, –∞ —ç—Ç–æ –∑–Ω–∞—á–∏—Ç, —á—Ç–æ –Ω–∞—Å—Ç–∞–ª–æ –≤—Ä–µ–º—è —Ö–æ—Ä–æ—à–∏—Ö –Ω–æ–≤–æ—Å—Ç–µ–πüòú –í—Å–µ –ø–æ–¥—Ä–æ–±–Ω–æ—Å—Ç–∏ –≤ –≥—Ä—É–ø–ø–µ —à–∫–æ–ª—ã :‚Ä¶ https://t.co/XYO3wOqRuF
Nyusha_Nyusha|862705317305606144|2017-05-11 16:25:50|üçÉüåøüå±üå∫ #—Å–æ–ª–Ω–µ—á–Ω—ã–µ–¥–µ–ª–∞ #nyusha #–Ω—é—à–∞ #beautifulnature #maxxroyal https://t.co/NHpFIP8n1T
Nyusha_Nyusha|862615330811777024|2017-05-11 10:28:16|üçìüçìüçì #–Ω—é—à–∞ #nyusha #maxxroyal #selfie https://t.co/jHCaezCRN9
Nyusha_Nyusha|862239880411328512|2017-05-10 09:36:21|–ü–æ–≥–æ–¥–∞ –≤ –º–∞–µ –≤–µ—Å—å–º–∞ –ø–µ—Ä–µ–º–µ–Ω—á–∏–≤–∞...–∫–∞–∫ –¥–µ–≤–∏—á—å–µ –Ω–∞—Å—Ç—Ä–æ–µ–Ω–∏–µ))) üåäüëô #nyusha #–Ω—é—à–∞ #maxxroyal https://t.co/3PPmqC33rd
Nyusha_Nyusha|861867351339302914|2017-05-09 08:56:03|"–ú–æ–π –ø—Ä–∞–¥–µ–¥—É—à–∫–∞ - –ì—É—Å—å–∫–æ–≤ –ù–∏–∫–æ–ª–∞–π –§–æ–º–∏—á! –ö–∞–ø–∏—Ç–∞–Ω –ø–µ—Ö–æ—Ç–Ω—ã—Ö –≤–æ–π—Å–∫. 
–í–µ—á–Ω–∞—è –ø–∞–º—è—Ç—å –Ω–∞—à–∏–º –≥–µ—Ä–æ—è–ºüôè–ò –±–µ—Å–∫–æ–Ω–µ—á–Ω–∞—è –±–ª–∞–≥–æ–¥–∞—Ä–Ω‚Ä¶ https://t.co/Y3jYkENZE6"
Nyusha_Nyusha|861252059152175104|2017-05-07 16:11:06|#—Å–æ–ª–Ω–µ—á–Ω—ã–µ–¥–µ–ª–∞ ‚òÄÔ∏èüåä #–Ω—é—à–∞ #nyusha https://t.co/P42thUxmEM
Nyusha_Nyusha|861151155203833856|2017-05-07 09:30:09|üòò‚ù§Ô∏è #nyusha #–Ω—é—à–∞ https://t.co/tILbvDG9G9
Nyusha_Nyusha|861104036707217408|2017-05-07 06:22:55|"–°–µ–≥–æ–¥–Ω—è –Ω–∞ –ü–µ—Ä–≤–æ–º –ö–∞–Ω–∞–ª–µ —Å–º–æ—Ç—Ä–∏—Ç–µ —Ç–µ–ª–µ–≤–∏–∑–∏–æ–Ω–Ω—É—é –≤–µ—Ä—Å–∏—é –ë–æ–ª—å—à–æ–≥–æ –≤–µ—Å–µ–Ω–Ω–µ–≥–æ —Ñ–µ—Å—Ç–∏–≤–∞–ª—è ¬´–ó–≤—ë–∑–¥—ã –†—É—Å—Å–∫–æ–≥–æ –†–∞–¥–∏–æ¬ªüñ•

–ù–∞—á–∞–ª‚Ä¶ https://t.co/nmSsj7d193"
Nyusha_Nyusha|860841520320086016|2017-05-06 12:59:46|#dangerouswoman üòÇ –í—á–µ—Ä–∞ –≤–ø–µ—Ä–≤—ã–µ –∏–≥—Ä–∞–ª–∞ –≤ –≥–æ–ª—å—Ñ))–ê –≤—ã –ø—Ä–æ–±–æ–≤–∞–ª–∏???–ö–∞–∫ –¥–∞–ª–µ–∫–æ –±—å–µ—Ç–µ? #nyusha #–Ω—é—à–∞ https://t.co/ZOrtFLwLJn
Nyusha_Nyusha|860202442348220418|2017-05-04 18:40:18|‚òÄÔ∏èüíã#nyusha #–Ω—é—à–∞ https://t.co/tCMNXz3JFy
Nyusha_Nyusha|859044100963807233|2017-05-01 13:57:28|üí™üí™üí™ #—Å–ø–æ—Ä—Ç–∏–≤–Ω—ã–µ–¥–µ–ª–∞ #–Ω—é—à–∞ #nyusha https://t.co/mtf25zB7ZS
Nyusha_Nyusha|858543528862994432|2017-04-30 04:48:22|–≠—Ç–∞ –Ω–æ—á—å #mood #np Frank Ocean Pink + White üêæüêæ #nyusha #–Ω—é—à–∞ #selfie #—Å–µ–ª—Ñ–∏ #–¥–æ–±—Ä–æ–µ—É—Ç—Ä–æ #goodmorning https://t.co/Vssz4eahcB
Nyusha_Nyusha|858003913676648449|2017-04-28 17:04:08|–í–æ–ª–Ω–∏—Ç–µ–ª—å–Ω–æ..–æ—á–µ–Ω—å...—Å–µ–≥–æ–¥–Ω—è –º—ã —É–∑–Ω–∞–µ–º –∫–æ–≥–æ –í–´‚òùÔ∏è–≤—ã–±—Ä–∞–ª–∏!!! –ü—Ä—è–º–æ–π —ç—Ñ–∏—Ä #–≥–æ–ª–æ—Å–¥–µ—Ç–∏ –≤ 21:30 –ø–æ—Å–ª–µ –ø—Ä–æ–≥—Ä–∞–º–º—ã –í—Ä–µ–º—è!!!–í‚Ä¶ https://t.co/VzpGTqmpuk
Nyusha_Nyusha|857672534715662336|2017-04-27 19:07:21|"–û–±—ä–µ–¥–∏–Ω—è–µ–º—Å—è –≤ –∂–∏–≤—É—é ‚ö° #—ç–Ω–µ—Ä–≥–∏—é. –í–ª–∏–≤–∞–π—Å—è üåà –≤ –¥—Ä—É–∂–Ω—É—é —Å–µ–º—å—é, –±—É–¥—å —Å–≤–æ–±–æ–¥–µ–Ω, –∫–∞–∫ –º—ã!
https://t.co/rHTYMi2ACU https://t.co/kG8UUnih4h"
Nyusha_Nyusha|857574942946230272|2017-04-27 12:39:34|–ú—è—Éüêæüêæ #–≥–æ–ª–æ—Å–¥–µ—Ç–∏ #–Ω—é—à–∞ #nyusha https://t.co/9dvZMsUtl2
Nyusha_Nyusha|857495273865715712|2017-04-27 07:22:59|"–ê –≤—ã —É–∂–µ —á–∏—Ç–∞–ª–∏ –º–æ–µ –Ω–æ–≤–æ–µ –∏–Ω—Ç–µ—Ä–≤—å—é?üëÄ 

–ï—Å–ª–∏ –Ω–µ—Ç, —Ç–æ —Å–∫–æ—Ä–µ–µ —Å–ø–µ—à–∏—Ç–µ –Ω–∞ –º–æ–π –æ—Ñ–∏—Ü–∏–∞–ª—å–Ω—ã–π —Å–∞–π—Çüëâüèª https://t.co/WN9zz8vOxN https://t.co/6CcoWSwDoh"
Nyusha_Nyusha|856115189393100800|2017-04-23 11:59:01|–ö–∞–∂–¥—ã–π –∏–∑ –Ω–∞—Å –º–æ–∂–µ—Ç –¥–µ–ª–∞—Ç—å –¥–æ–±—Ä—ã–µ –¥–µ–ª–∞ , —ç—Ç–æ –≤–∞–∂–Ω–æüôè –î–∞–≤–∞–π—Ç–µ –ø–æ–º–æ–≥–∞—Ç—å –≤–º–µ—Å—Ç–µüíãüíãüíã –ë—ã–ª–∞ —Ä–∞–¥–∞ —Å–µ–≥–æ–¥–Ω—è –ø—Ä–∏–Ω—è—Ç—å —É—á–∞—Å—Ç–∏–µ –≤‚Ä¶ https://t.co/ZUUu5fcog7
Nyusha_Nyusha|855902800374583296|2017-04-22 21:55:04|üåôüí´‚≠êÔ∏è #myworld #music #soul #nyusha #–Ω—é—à–∞ https://t.co/3M3oANViAp
Nyusha_Nyusha|855458054887919616|2017-04-21 16:27:48|–°–µ–≥–æ–¥–Ω—è –≤–∞–∂–Ω—ã–π –¥–µ–Ω—å –¥–ª—è –º–æ–∏—Ö —Ä–µ–±—è—Ç, –æ–Ω–∏ –æ—á–µ–Ω—å –≤–æ–ª–Ω—É—é—Ç—Å—è –∏ –Ω—É–∂–¥–∞—é—Ç—Å—è –≤ –≤–∞—à–µ–π –ø–æ–¥–¥–µ—Ä–∂–∫–µ‚òùüèª–î–µ—Ä–∂–∏—Ç–µ –∑–∞ –Ω–∞—Å –∫—É–ª–∞—á–∫–∏)#–Ω—é—à–∞‚Ä¶ https://t.co/somrlHsFTp
Nyusha_Nyusha|855395055019986944|2017-04-21 12:17:28|–ù–æ–≤–æ–µ —É–ø—Ä–∞–∂–Ω–µ–Ω–∏–µ, –æ –∫–æ—Ç–æ—Ä–æ–º –∏–¥—ë—Ç —Ä–µ—á—å-—Å–∞–º–æ–µ –ø–µ—Ä–≤–æ–µ) –î–µ–≤–æ—á–∫–∞–º –æ—á–µ–Ω—å —Å–æ–≤–µ—Ç—É—é‚òùÔ∏èüòâ–ü–æ–¥—Å—Ç–µ–≥–∏–≤–∞—é –≤–∞—à –±–æ–µ–≤–æ–π –¥—É—Ö) –î–∞–≤–∞–π—Ç–µ –≤–º‚Ä¶ https://t.co/qWq6UYGIVQ
Nyusha_Nyusha|855163780090777601|2017-04-20 20:58:28|–ü—Ä–∏—Ö–æ–¥–∏ –ø–µ—Ç—å –∏ —Ç–∞–Ω—Ü–µ–≤–∞—Ç—å —Å–æ –º–Ω–æ–π –Ω–∞ –¢–∞–Ω—Ü–µ–≤–∞–ª—å–Ω—ã–π –º–∞—Ä–∞—Ñ–æ–Ω –ª—É—á—à–∏—Ö –¥—Ä—É–∑–µ–π! –Ø –±—É–¥—É —Ç–∞–º, –∞ —Ç—ã? https://t.co/nhooZAjwKM
Nyusha_Nyusha|854784937031073793|2017-04-19 19:53:04|–ú–æ–∏ –¥–æ—Ä–æ–≥–∏–µ —Å–ø–∞—Å–∏–±–æ üôè‚ù§Ô∏è‚ù§Ô∏è‚ù§Ô∏è #–Ω—é—à–∞ #nyusha https://t.co/KXWsODtPPp
Nyusha_Nyusha|854613128356691968|2017-04-19 08:30:22|–°–∫–æ—Ä–æ –ø—Ä—è–º—ã–µ —ç—Ñ–∏—Ä—ã #–ì–æ–ª–æ—Å–î–µ—Ç–∏ –∞ –ø–æ–∫–∞ –º—ã –¥—É—Ä–∞—á–∏–º—Å—è –∏ —Ä–µ–ø–µ—Ç–∏—Ä—É–µ–º —Å –º–æ–µ–π –∫–æ–º–∞–Ω–¥–æ–π #nyushateam https://t.co/B1sm26JssS
Nyusha_Nyusha|854421143809404930|2017-04-18 19:47:29|–°–ø–∞—Å–∏–±–æ‚ù§Ô∏è‚ù§Ô∏è‚ù§Ô∏è #–Ω—é—à–∞ #nyusha https://t.co/262GMMQUCz
Nyusha_Nyusha|854271211924324352|2017-04-18 09:51:43|"–ú–µ–Ω—è —É–¥–æ—Å—Ç–æ–∏–ª–∏ –ø—Ä–µ–º–∏–∏ –°–∞–º—ã–µ —Å—Ç–∏–ª—å–Ω—ã–µ –≤ –†–æ—Å—Å–∏–∏ –ø–æ –≤–µ—Ä—Å–∏–∏ Hello –≤ –Ω–æ–º–∏–Ω–∞—Ü–∏–∏ ""self-made woman"" ‚ú®—Ö–æ—á—É –ø–æ–±–ª–∞–≥–æ–¥–∞—Ä–∏—Ç—å –≤—Å–µ‚Ä¶ https://t.co/FYArtCHLDJ"
Nyusha_Nyusha|854020854556090368|2017-04-17 17:16:53|–î–µ–≤–æ—á–∫–∏ –Ω–µ –º–æ–≥—É—Ç –±–µ–∑ #—Å–µ–ª—Ñ–∏üòâ https://t.co/rBro9DlJyw
Nyusha_Nyusha|853960176508039169|2017-04-17 13:15:46|–≠—Ñ–∏—Ä –≤ —ç—Ñ–∏—Ä–µ))) #–∑–∞–∫—É–ª–∏—Å–Ω—ã–µ–¥–µ–ª–∞ #–≥–æ–ª–æ—Å #–Ω—é—à–∞ #nyusha #–ì–æ–ª–æ—Å–î–µ—Ç–∏ https://t.co/YJ3czoYhir
Nyusha_Nyusha|853579081425833985|2017-04-16 12:01:26|–° –ü—Ä–∞–∑–¥–Ω–∏–∫–æ–º —Å–≤–µ—Ç–ª–æ–π –ü–∞—Å—Ö–∏!!!–ú–∏—Ä–∞, –ª—é–±–≤–∏ –∏ –¥–æ–±—Ä–∞ –≤–∞—à–µ–º—É –¥–æ–º—É üåø‚ù§Ô∏è #—Ö–≤ https://t.co/fMr3wlVXak
Nyusha_Nyusha|853191269425840133|2017-04-15 10:20:24|"–¢–∞–∫ –≤ —à–∫–æ–ª–µ —Ç–∞–Ω—Ü–µ–≤ –∫–∞–∂–¥—ã–π –¥–µ–Ω—å‚Äã üôÉ–ê –µ—â—ë —ç—Ç–∏–º –ª–µ—Ç–æ–º –ø—Ä–∏–≥–ª–∞—à–∞—é —Ç–µ–±—è –≤ –Ω–∞—à –õ–µ—Ç–Ω–∏–π –õ–∞–≥–µ—Ä—åüå¥
–ü–æ–¥—Ä–æ–±–Ω–µ–µ:‚Ä¶ https://t.co/sqKM5qmV8q"
Nyusha_Nyusha|852995276054900736|2017-04-14 21:21:36|üé§ Lenny Kravitz - fly awayüêæüêæ https://t.co/HbwK7GFRe4
Nyusha_Nyusha|852939573856526340|2017-04-14 17:40:15|"–®–æ—É #–≥–æ–ª–æ—Å–¥–µ—Ç–∏ —Å–µ–≥–æ–¥–Ω—è –Ω–∞ –ü–µ—Ä–≤–æ–º –∫–∞–Ω–∞–ª–µ —Å—Ä–∞–∑—É –ø–æ—Å–ª–µ –ø—Ä–æ–≥—Ä–∞–º–º—ã –í—Ä–µ–º—è. 
–ó–∞ –º–Ω–æ–π –ø—Ä—è—á–µ—Ç—Å—è —Ç–µ—Ö–Ω–∏—á–µ—Å–∫–∞—è –ø–æ–¥–¥–µ—Ä–∂–∫–∞) #–Ω—é—à–∞‚Ä¶ https://t.co/5JD9YMFoUd"
Nyusha_Nyusha|852838010261348352|2017-04-14 10:56:41|"–í —ç—Ç–æ–º –≥–æ–¥—É —è –Ω–æ–º–∏–Ω–∏—Ä–æ–≤–∞–Ω–∞ –≤ –æ—Å–æ–±–æ–π –Ω–æ–º–∏–Ω–∞—Ü–∏–∏ –∂—É—Ä–Ω–∞–ª–∞ @ruhellomagazine ""Self-made Woman""‚úäüèª–ë–µ–∑ –í–∞—à–µ–π –ø–æ–¥–¥–µ—Ä–∂–∫–∏ –Ω–∏–∫—É–¥‚Ä¶ https://t.co/b3YHFHxI6a"
Nyusha_Nyusha|852827136444342274|2017-04-14 10:13:28|–û—á–µ–Ω—å –ø—Ä–∏—è—Ç–Ω–æ –±—ã—Ç—å –Ω–æ–º–∏–Ω–∞–Ω—Ç–æ–º –ø—Ä–µ–º–∏–∏ –ú–£–ó-–¢–í!) –ú–æ–∏ —Ö–æ—Ä–æ—à–∏–µ, —Ç–µ–ø–µ—Ä—å –≤—Å–µ –≤ –≤–∞—à–∏—Ö —Ä—É–∫–∞—Öüôåüèªüòò https://t.co/kbiYNwXqTz https://t.co/fucZbcGUW7
Nyusha_Nyusha|852785377953763328|2017-04-14 07:27:32|–ê —è —É–∂–µ –≤ —ç—Ñ–∏—Ä–µ –†—É—Å—Å–∫–æ–≥–æ —Ä–∞–¥–∏–æ üëãüòò #–Ω—é—à–∞ #nyusha https://t.co/UO7ne6uAJ2
Nyusha_Nyusha|852232134681137153|2017-04-12 18:49:09|–ì–∞–ª–∞-—É–∂–∏–Ω-—Å–µ–ª—Ñ–∏))) #–Ω—é—à–∞ #nyusha https://t.co/pFxIGRwxxt
Nyusha_Nyusha|852077496271081472|2017-04-12 08:34:40|"–í —ç—Ç—É –ø—è—Ç–Ω–∏—Ü—É —è –≤ –≥–æ—Å—Ç—è—Ö —É —Ä–µ–±—è—Ç –∏–∑ ""–†—É—Å—Å–∫–æ–≥–æ —Ä–∞–¥–∏–æ""üòä
–ù–∞—Å—Ç—Ä–∞–∏–≤–∞–π—Ç–µ—Å—å –Ω–∞ –≤–æ–ª–Ω—É –∏ —Å–ª—É—à–∞–π—Ç–µ —É–∂–µ –≤ 10:00 ‚ù§ https://t.co/aKkmZf25FR"
Nyusha_Nyusha|851821802779279360|2017-04-11 15:38:38|#—Å—Ç—É–¥–∏–π–Ω—ã–µ–¥–µ–ª–∞ –ê –≤–æ–æ–±—â–µ –Ω–µ –ª—é–±–ª—é –∫–æ–≥–¥–∞ –º–µ–Ω—è –≤ —ç—Ç–æ—Ç –º–æ–º–µ–Ω—Ç –æ—Ç–≤–ª–µ–∫–∞—é—Ç...–≤–∞–∂–Ω–æ –ø–æ–≥—Ä—É–∑–∏—Ç—å—Å—è –≤ —Å–≤–æ–π –º–∏—Ä, –≥–¥–µ –ø—Ä–∞–≤—è—Ç —Ç–æ–ª—å‚Ä¶ https://t.co/cR208Z4cvH
Nyusha_Nyusha|851765670362656768|2017-04-11 11:55:35|–°–ø–∞—Å–∏–±–æ –∑–∞ –ø–æ–¥–∞—Ä–æ–∫! –û—á–µ–Ω—å –ø—Ä–∏—è—Ç–Ω–æ –±—ã–ª–æ —Å–µ–≥–æ–¥–Ω—è –ø–æ—Å–ª–µ —ç—Ñ–∏—Ä–∞ –≤—Å—Ç—Ä–µ—Ç–∏—Ç—å—Å—è, —Ü–µ–Ω—é –≤–Ω–∏–º–∞–Ω–∏–µüôè https://t.co/cMDfv3ZHf7
Nyusha_Nyusha|851735233934262272|2017-04-11 09:54:38|–í–æ—Ç —Ç–∞–∫–∏—Ö üåà üé® –ª—é–¥–µ–π –º–æ–∂–Ω–æ –≤—Å—Ç—Ä–µ—Ç–∏—Ç—å –Ω–∞ –ú–æ—Å–∫–æ–≤—Å–∫–∏—Ö —É–ª–∏—Ü–∞—Ö))) #–Ω—é—à–∞ #nyusha #–Ω–∞—Å—Ç—Ä–æ–µ–Ω–∏–µ #mood #–º–æ—Å–∫–≤–∞ #moscow‚Ä¶ https://t.co/he1sUezFKj
Nyusha_Nyusha|851699044623712256|2017-04-11 07:30:50|–£–∂–µ –≤ —ç—Ñ–∏—Ä–µ —Ä–∞–¥–∏–æ –†—É—Å—Å–∫–∏–π —Ö–∏—Ç. –ü–æ–¥–∫–ª—é—á–∞–π—Ç–µ—Å—å‚òù #nyusha #–Ω—é—à–∞ #—Ä—É—Å—Å–∫–∏–π—Ö–∏—Ç https://t.co/aqDGGJwREh
Nyusha_Nyusha|851473865385660418|2017-04-10 16:36:03|@AlenaHaib ü§óüòòüêæ
Nyusha_Nyusha|851425024695296002|2017-04-10 13:21:59|"–û—Ç–∫—Ä—ã—Ç–∞ –∑–∞–ø–∏—Å—å –Ω–∞ –ø–æ–µ–∑–¥–∫—É –≤ –Ω–∞—à –õ–µ—Ç–Ω–∏–π –õ–∞–≥–µ—Ä—åüå¥‚ù§ 
–í—Å–µ –ø–æ–¥—Ä–æ–±–Ω–æ—Å—Ç–∏ –ø–æ —Å—Å—ã–ª–∫–µüëáüôà
https://t.co/jn0lz66RGM https://t.co/0E4cAdKYhd"
Nyusha_Nyusha|851006782805860352|2017-04-09 09:40:02|–í–µ—Ä–±–Ω–æ–µ –≤–æ—Å–∫—Ä–µ—Å–µ–Ω—å–µ‚ú®–ñ–µ–ª–∞—é –≤–∞–º –ø—Ä–µ–∫—Ä–∞—Å–Ω–æ–≥–æ –¥–Ω—è!!!–ü—Ä–æ–≤–µ–¥–∏—Ç–µ –µ–≥–æ —Å –±–ª–∏–∑–∫–∏–º–∏ –∏ –ª—é–±–∏–º—ã–º–∏‚ù§ #–Ω—é—à–∞ #nyusha #—Å–µ–ª—Ñ–∏ #selfie https://t.co/JhIsnvFrdt
Nyusha_Nyusha|850442364476936193|2017-04-07 20:17:14|–®–æ—É #–≥–æ–ª–æ—Å–¥–µ—Ç–∏ —É–∂–µ –≤ —ç—Ñ–∏—Ä–µ –Ω–∞ –ü–µ—Ä–≤–æ–º –∫–∞–Ω–∞–ª–µ ‚òùüèª –∞ —Å–µ–π—á–∞—Å –Ω–µ–º–Ω–æ–≥–æ –∑–∞–∫—É–ª–∏—Å–Ω—ã—Ö –¥–µ–ª –¥–ª—è –≤–∞—Å‚ò∫ #–Ω—é—à–∞ #nyusha‚Ä¶ https://t.co/KYhPJlsj2A
Nyusha_Nyusha|850413220628234241|2017-04-07 18:21:26|–£–∂–µ —á–µ—Ä–µ–∑ –Ω–µ—Å–∫–æ–ª—å–∫–æ –º–∏–Ω—É—Ç –®–æ—É #–≥–æ–ª–æ—Å–¥–µ—Ç–∏ –Ω–∞ –ü–µ—Ä–≤–æ–º –∫–∞–Ω–∞–ª–µ‚òùüèª #nyusha #–Ω—é—à–∞ #–≥–æ–ª–æ—Å–∏—Å—Ç—ã–µ–¥–µ–ª–∞ https://t.co/XyNYn0hp21
Nyusha_Nyusha|849690772106620934|2017-04-05 18:30:41|üëãüòò https://t.co/adbe7lWhUB
Nyusha_Nyusha|849648173962457088|2017-04-05 15:41:25|–û—á–µ–Ω—å –ª—é–±–ª—é —Å–≤–æ–π —Ä–æ–¥–Ω–æ–π –≥–æ—Ä–æ–¥‚ù§–∫–∞–∫ –ø—Ä–∏—è—Ç–Ω–æ –≤–∏–¥–µ—Ç—å —á—Ç–æ –æ–Ω –º–µ–Ω—è–µ—Ç—Å—è!!! https://t.co/aNhiVU7Y7y
Nyusha_Nyusha|849332182032297990|2017-04-04 18:45:46|–Ø –≤ –í–µ—Ä–æ–Ω–µ)–ü–æ—Å–º–æ—Ç—Ä–µ–ª–∞ –æ—á–µ–Ω—å –∫—Ä—É—Ç–æ–µ —à–æ—É #tezenishow2017üîù –∑–∞—Ö–≤–∞—Ç—ã–≤–∞—é—â–µ–µ –ø—É—Ç–µ—à–µ—Å—Ç–≤–∏–µ –≤ –ª–µ—Ç–Ω–∏–π –º–∏—Ä,–≥–¥–µ —Ä–æ–∂–¥–∞—é—Ç—Å—è –Ω–æ–≤—ã–µ‚Ä¶ https://t.co/KpqbjmF9nr
Nyusha_Nyusha|849017533361524738|2017-04-03 21:55:28|–£–∂–∞—Å–Ω–∞—è —Ç—Ä–∞–≥–µ–¥–∏—è......–ü–∏—Ç–µ—Äüòì https://t.co/cbxR38dIuY
Nyusha_Nyusha|848640902713266176|2017-04-02 20:58:52|–°–ø–∞—Å–∏–±–æ –º–æ–∏ –¥–æ—Ä–æ–≥–∏–µ ‚ù§Ô∏è #–ø–∏—Ç–µ—Ä #–ê2 #onelove #nyusha #–Ω—é—à–∞ üíãüíãüíãüíãüíãüíãüíãüíãüíãüíãüíã https://t.co/IbiRLs678r
Nyusha_Nyusha|848269397269635072|2017-04-01 20:22:39|–≠—Ç–æ—Ç –≤–µ—á–µ—Ä —è –ø—Ä–æ–≤–µ–ª–∞ –≤ –ø—Ä–µ–∫—Ä–∞—Å–Ω–æ–π –∫–æ–º–ø–∞–Ω–∏–∏ - –Ω–µ–æ–±—ã–∫–Ω–æ–≤–µ–Ω–Ω–æ-—Ç–∞–ª–∞–Ω—Ç–ª–∏–≤—ã—Ö –ª—é–¥–µ–πüôè ‚ù§Ô∏è #onelove https://t.co/CLPR55zNmD
Nyusha_Nyusha|847941705231990784|2017-03-31 22:40:31|üòú –í—Å–µ–º –ø—è—Ç–Ω–∏—Ü—ãüôå #–Ω—é—à–∞ #nyusha #mood #friday #night #selfie https://t.co/UyikIt1UxD
Nyusha_Nyusha|847880680407216128|2017-03-31 18:38:01|"–ü—Ä—è–º–æ —Å–µ–π—á–∞—Å –≤–∫–ª—é—á–∞–π—Ç–µ –ü–µ—Ä–≤—ã–π –∫–∞–Ω–∞–ª –∏ –Ω–∞—Å–ª–∞–∂–¥–∞–π—Ç–µ—Å—å ""–ø–æ–µ–¥–∏–Ω–∫–∞–º–∏"" —É—á–∞—Å—Ç–Ω–∏–∫–æ–≤ –º–æ–µ–π –∫–æ–º–∞–Ω–¥—ã #nyushateam –≤ –®–æ—É‚Ä¶ https://t.co/u2BHsXbQCa"
Nyusha_Nyusha|847827187772383232|2017-03-31 15:05:28|"–ù–∞—á–∏–Ω–∞–µ—Ç—Å—è –Ω–æ–≤—ã–π —ç—Ç–∞–ø —à–æ—É #–≥–æ–ª–æ—Å–¥–µ—Ç–∏ –Ω–∞ –ü–µ—Ä–≤–æ–º –∫–∞–Ω–∞–ª–µ‚òùüèª–£–∂–µ —Å–µ–≥–æ–¥–Ω—è —Å–º–æ—Ç—Ä–∏—Ç–µ ""–ø–æ–µ–¥–∏–Ω–∫–∏"" –º–æ–µ–π –∫–æ–º–∞–Ω–¥—ã #nyushateam —Å—Ä–∞‚Ä¶ https://t.co/iWijTQ7mdr"
Nyusha_Nyusha|847539400024227840|2017-03-30 20:01:54|@K_Leron_2002 –ü–æ–Ω–∏–º–∞—éüòî –Ω–æ, –∫ —Å–æ–∂–∞–ª–µ–Ω–∏—é, —Ç–∞–∫–∏–µ –∫–∞–∑—É—Å—ã —Å–ª—É—á–∞—é—Ç—Å—èüò©–≤ –ª—é–±–æ–º —Å–ª—É—á–∞–µ —è –æ–±—è–∑–∞—Ç–µ–ª—å–Ω–æ –∫ –≤–∞–º –ø—Ä–∏–µ–¥—É –∏ –ø–µ—Ä–µ–¥–∞—à—å –≤—Å–µ —Å–≤–æ–∏ –ø–æ–¥–∞—Ä–æ—á–∫–∏ü§óüòò
Nyusha_Nyusha|847490047498526721|2017-03-30 16:45:47|–†–µ–ø–µ—Ç–∏—Ä—É–µ–º)–≠–Ω–µ—Ä–≥–∏—á–Ω—ã–π —Ç–∞–Ω–µ—Ü) –ï—Å–ª–∏ –≤—ã –Ω–µ –∑–∞–º–µ—Ç–∏–ª–∏, –Ω–∞—Å —á–µ—Ç–≤–µ—Ä–æ)))Justin in da house‚úä #nyusha #–Ω—é—à–∞ https://t.co/tmuIBGNF1S
Nyusha_Nyusha|847454187461812225|2017-03-30 14:23:17|üòò‚òÄÔ∏è #nyusha #–Ω—é—à–∞ https://t.co/XJ902P0AyC
Nyusha_Nyusha|847394564184743936|2017-03-30 10:26:22|"–ü—Ä–æ–¥–æ–ª–∂–∞—é –¥–µ–ª–∏—Ç—å—Å—è —Å –≤–∞–º–∏ —Å–µ–∫—Ä–µ—Ç–∞–º–∏ –ø—Ä–µ–¥—Å—Ç–æ—è—â–µ–π —Å–≤–∞–¥—å–±—ã –∏ –Ω–µ –∑–∞–±—ã–≤–∞—é —Ä–∞—Å—Å–∫–∞–∑—ã–≤–∞—Ç—å –æ —Ç–≤–æ—Ä—á–µ—Å—Ç–≤–µ –∏ –ø—Ä–æ–µ–∫—Ç–µ #–ì–æ–ª–æ—Å–î–µ—Ç–∏üòâ
https://t.co/47Li11HbOI"
Nyusha_Nyusha|847357428005982209|2017-03-30 07:58:48|–ë–∏–ª–µ—Ç—ã –Ω–∞ —ç—Ç–æ –∑–∞–∂–∏–≥–∞—Ç–µ–ª—å–Ω–æ–µ —à–æ—É –µ—â—ë –º–æ–∂–Ω–æ —É—Å–ø–µ—Ç—å –∑–∞–∫–∞–∑–∞—Ç—å üìû+78123330379 –∏–ª–∏ –Ω–∞ —Å–∞–π—Ç–µ üëâKassir.ru     –í—Å–µ—Ö –∂–¥—Éüòõ https://t.co/IgSheLwy2R
Nyusha_Nyusha|847356599911931904|2017-03-30 07:55:31|–ü–∏—Ç–µ—Äüëç —Å –∫–µ–º —É–∂–µ –≤ —ç—Ç–æ –≤–æ—Å–∫—Ä–µ—Å–µ–Ω—å–µ –≤—Å—Ç—Ä–µ—á–∞–µ–º—Å—è –≤ 20:00 üïó –≤ –∫–ª—É–±–µ ¬´–ê2 GREEN CONCERT¬ª? –í —ç—Ç–æ—Ç –≤–æ—Å–∫—Ä–µ—Å–Ω—ã–π –≤–µ—á–µ—Ä –±—É–¥–µ—Çüî•‚Ä¶ https://t.co/rXWAdUrSZN
Nyusha_Nyusha|847173928909000705|2017-03-29 19:49:39|RT @dancerstudio_ru: –ó–∞–≥–ª—è–Ω–∏ –≤ —à–∫–æ–ª—É —Ç–∞–Ω—Ü–µ–≤ ¬≠#–°—Ç–∞–Ω—Ü–∏—è–°–≤–æ–±–æ–¥—ã –£ –Ω–∞—Å #—Ç–∞–Ω—Ü—É—é—Ç –≤—Å–µ: –¥–µ—Ç–∏, —Ç–∏–Ω–µ–π–¥–∂–µ—Ä—ã, –≤–∑—Ä–æ—Å–ª—ã–µ. –ö–∞–∂–¥—ã–π –æ—Ç–∫—Ä–æ–µ—Ç —Å–µ–±—è –≤ #—Ç–∞–Ω—Ü–µ h‚Ä¶
Nyusha_Nyusha|847173604311781377|2017-03-29 19:48:21|@Diana61286412 –∫–æ–Ω—Ü–µ—Ä—Ç –Ω–µ –ø–µ—Ä–µ–Ω–æ—Å–∏—Ç—Å—è. –û–∫–æ–Ω—á–∞—Ç–µ–ª—å–Ω–∞—è –æ—Ç–º–µ–Ω–∞üòî
Nyusha_Nyusha|847158329562595328|2017-03-29 18:47:39|–î–æ—Ä–æ–≥–æ–π –ò–≥–æ—Ä—å –ß–∞–ø—É—Ä–∏–Ω, –ü–æ–∑–¥—Ä–∞–≤–ª—è—é!!! –≠—Ç–æ –±—ã–ª–æ –ø—Ä–µ–∫—Ä–∞—Å–Ω–æüòç –í–¥–æ—Ö–Ω–æ–≤–ª—ë–Ω–Ω–∞—è –µ–¥—É –¥–æ–º–æ–π‚ù§Ô∏è #–Ω—é—à–∞ #nyusha https://t.co/FjrGATdgKS
Nyusha_Nyusha|847135949817556992|2017-03-29 17:18:44|#–≤–µ—Å–Ω–∞ #—Å–ø–æ—Ä—Ç–∏–≤–Ω—ã–µ–¥–µ–ª–∞ üêæüêæ https://t.co/MNe4kLE9Ti
Nyusha_Nyusha|846994912658821120|2017-03-29 07:58:18|"When I look into your eyes,
I always need you, always, all the timeüíû"
Nyusha_Nyusha|846834301366865920|2017-03-28 21:20:05|RT @Nastya_russar: @Nyusha_Nyusha –ö–∞–∫ –æ–¥–Ω–∞ –ø–µ—Å–Ω—è,–æ–¥–Ω–∞ –º—ã—Å–ª—å,—Ñ—Ä–∞–∑–∞ –º–æ–≥—É—Ç –ø–µ—Ä–µ–≤–µ—Ä–Ω—É—Ç—å —Å–æ–∑–Ω–∞–Ω–∏–µ.#alwaysneedyou
Nyusha_Nyusha|846834285600477185|2017-03-28 21:20:01|RT @Nastya_russar: @Nyusha_Nyusha 'Always need you'-—à–µ–¥–µ–≤—Ä —Ç–≤–æ–µ–≥–æ —Å–µ—Ä–¥—Ü–∞‚ù§–ù—é,—Ç—ã –º–æ–∂–µ—à—å –¥–æ—Ç—Ä–æ–Ω—É—Ç—å—Å—è –¥–æ –¥—É—à–∏ –≤ –Ω–µ—Å–∫–æ–ª—å–∫–∏—Ö –º–∏–Ω—É—Ç–∞—Ö —ç—Ç–æ–π –ø—Ä–µ–∫—Ä–∞—Å‚Ä¶
Nyusha_Nyusha|846830352605827072|2017-03-28 21:04:24|@vladik_official ‚ò∫Ô∏èüíã
Nyusha_Nyusha|846740620270014464|2017-03-28 15:07:50|–ü—Ä–µ–¥—Å—Ç–∞–≤–ª—è—é –≤–∞–º —Å–≤–æ—é –∫–æ–º–∞–Ω–¥—É –≤ —à–æ—É #–ì–æ–ª–æ—Å–î–µ—Ç–∏ üíã #nyushateam —Ç–µ–ø–µ—Ä—å –Ω–∞—á–∏–Ω–∞–µ—Ç—Å—è —Å–∞–º–æ–µ –∏–Ω—Ç–µ—Ä–µ—Å–Ω–æ–µ‚òùÔ∏è #–ù—é—à–∞–ì–æ–ª–æ—Å–î–µ—Ç–∏‚Ä¶ https://t.co/0J5305GcAb
Nyusha_Nyusha|846681248458268672|2017-03-28 11:11:54|–ö–∞–∂–¥—ã–π –∏–º–µ–µ—Ç –ø—Ä–∞–≤–æ –Ω–∞ —Ç–µ–ø–ª–æ. https://t.co/eePMGFmKC1
Nyusha_Nyusha|846307159965126656|2017-03-27 10:25:25|–®–æ—Ä—Ç—ã-—é–±–∫–∞ - –∏–¥–µ–∞–ª—å–Ω—ã–π –≤–∞—Ä–∏–∞–Ω—Ç, –∫–æ–≥–¥–∞ —Ç—ã —Ö–æ—á–µ—à—å –æ—Å—Ç–∞—Ç—å—Å—è –¥–µ–≤–æ—á–∫–æ–π –Ω–∞ —Ç—Ä–µ–Ω–∏—Ä–æ–≤–∫–µ‚òùÔ∏èÔ∏è–∏ –ø—Ä–∏ —ç—Ç–æ–º —Å–ø–æ–∫–æ–π–Ω–æ –ø—Ä–∏—Å–µ–¥–∞—Ç—å –∏ –¥‚Ä¶ https://t.co/ORguY7imPR
Nyusha_Nyusha|845983403942035456|2017-03-26 12:58:55|#nicebehavior üòà –ó–∞–≥–∞–¥–æ—á–Ω–æ–≥–æ –≤–∞–º –≤–æ—Å–∫—Ä–µ—Å–µ–Ω—å—è)–ò –æ—Ç–ª–∏—á–Ω–æ–≥–æ –Ω–∞—Å—Ç—Ä–æ–µ–Ω–∏—è üçâüçâüçâ #nyusha #–Ω–∞—Å—Ç—Ä–æ–µ–Ω–∏–µ #mood #nyusha #–Ω—é—à–∞ https://t.co/RP5xB1Ct9p
Nyusha_Nyusha|845948069623599104|2017-03-26 10:38:31|"–ü—Ä—è–º–æ —Å–µ–π—á–∞—Å –≤ —ç—Ñ–∏—Ä–µ —Ç–µ–ª–µ–∫–∞–Ω–∞–ª–∞ –ú–£–ó-–¢–í –∏–¥–µ—Ç –º–æ–π –≤—Ç–æ—Ä–æ–π –±–æ–ª—å—à–æ–π —Å–æ–ª—å–Ω—ã–π –∫–æ–Ω—Ü–µ—Ä—Ç ""–û–±—ä–µ–¥–∏–Ω–µ–Ω–∏–µ""üòá

–í—Å–ø–æ–º–Ω–∏–º, –∫–∞–∫ —ç—Ç–æ –±—ã‚Ä¶ https://t.co/sf3TS465mn"
Nyusha_Nyusha|845571435397627904|2017-03-25 09:41:54|–ê –≤–æ—Ç –∏ –≤—ã—Å—Ç—É–ø–ª–µ–Ω–∏–µ —Å–æ –≤—á–µ—Ä–∞—à–Ω–µ–≥–æ —ç—Ñ–∏—Ä–∞ —É @Urgant_Showüòä–ï—Å–ª–∏ –µ—â–µ –Ω–µ —Å–ª—ã—à–∞–ª–∏ –ø–µ—Å–Ω—é, —Ç–æ –º–æ–∂–µ—Ç–µ —Å–¥–µ–ª–∞—Ç—å —ç—Ç–æ –Ω–∞ nyusha.ru https://t.co/zRFVtdyPxY
Nyusha_Nyusha|845344273230893057|2017-03-24 18:39:15|–°–µ–≥–æ–¥–Ω—è —Å—Ä–∞–∑—É –ø–æ—Å–ª–µ —à–æ—É #–≥–æ–ª–æ—Å–¥–µ—Ç–∏ –Ω–∞ –ü–µ—Ä–≤–æ–º –∫–∞–Ω–∞–ª–µ —Å–º–æ—Ç—Ä–∏—Ç–µ –ø—Ä–æ–≥—Ä–∞–º–º—É #–≤–µ—á–µ—Ä–Ω–∏–π—É—Ä–≥–∞–Ω—Ç üòâ –≥–¥–µ —è –ø—Ä–µ–∑–µ–Ω—Ç—É—é –∞–Ω–≥–ª–æ—è–∑—ã—á–Ω‚Ä¶ https://t.co/sJFTYtsPc6
Nyusha_Nyusha|845197870181449729|2017-03-24 08:57:29|"–í—ã —É–∂–µ —É—Å–ø–µ–ª–∏ –ø–æ—Å–ª—É—à–∞—Ç—å –∏ —Å–∫–∞—á–∞—Ç—å ""always need you""?–ê –∫—Ç–æ –µ—â—ë –Ω–µ —Å–ª—É—à–∞–ª,—Å–ø–µ—à–∏—Ç–µ –≤ #itunes #yandexmusic #googleplay‚Ä¶ https://t.co/dondKwyxQe"
Nyusha_Nyusha|845148691082067968|2017-03-24 05:42:04|–î–æ–±—Ä–æ–µ —É—Ç—Ä–æüòò –Ω–∞ #1tv —á–µ—Ä–µ–∑ –Ω–µ—Å–∫–æ–ª—å–∫–æ –º–∏–Ω—É—Ç –≤ –ø—Ä—è–º–æ–º —ç—Ñ–∏—Ä–µ! –ü—Ä–æ—Å—ã–ø–∞–π—Ç–µ—Å—åüòà #nyusha #–ì–æ–ª–æ—Å–î–µ—Ç–∏ #–Ω—é—à–∞ https://t.co/wPs7197rPE
Nyusha_Nyusha|844966225461628930|2017-03-23 17:37:01|@HappyCat0_0 üòáüòò
Nyusha_Nyusha|844956806719901696|2017-03-23 16:59:35|–ê —É–∂–µ –∑–∞–≤—Ç—Ä–∞ –Ω–µ –ø—Ä–æ–ø—É—Å—Ç–∏—Ç–µ —ç—Ñ–∏—Ä –í–µ—á–µ—Ä–Ω–µ–≥–æ –£—Ä–≥–∞–Ω—Ç–∞ —Å –ø—Ä–µ–º—å–µ—Ä–æ–π –ø–µ—Å–Ω–∏ –≤ live –∏—Å–ø–æ–ª–Ω–µ–Ω–∏–∏‚òùüèª https://t.co/27A5U7toIM
Nyusha_Nyusha|844956635999166467|2017-03-23 16:58:55|"–°–µ–≥–æ–¥–Ω—è –Ω–æ—á—å—é –∂–¥–∏—Ç–µ –æ—Ç –º–µ–Ω—è —Å—é—Ä–ø—Ä–∏–∑üòâ –Ø –ø—Ä–µ–¥—Å—Ç–∞–≤–ª—é –≤–∞–º –ø–µ—Å–Ω—é ""Always need you"" - –∞–Ω–≥–ª–æ—è–∑—ã—á–Ω—É—é –≤–µ—Ä—Å–∏—é –º–æ–µ–π –ø–µ—Å–Ω–∏‚Ä¶ https://t.co/Lay2ygCDic"
Nyusha_Nyusha|844888544619433986|2017-03-23 12:28:20|"–ü—Ä–∏–º–∏ —É—á–∞—Å—Ç–∏–µ –≤ –æ–ø—Ä–æ—Å–µ - –ø–æ–º–æ–≥–∏ –º–Ω–µ —Å–¥–µ–ª–∞—Ç—å –Ω–æ–≤—ã–π –∫–ª–∞—Å—Å–Ω—ã–π –ø—Ä–æ–µ–∫—Ç!

https://t.co/b2GFGiQNnC https://t.co/ob2ftRMmFf"
Nyusha_Nyusha|844830954791198721|2017-03-23 08:39:30|"–ü—Ä–∏—è—Ç–Ω–æ –±—ã–ª–æ –ø–æ–∑–Ω–∞–∫–æ–º–∏—Ç—å—Å—è —Å –õ–∞—É—Ä–æ–π –Ω–∞ –ø—Ä–µ–∑–µ–Ω—Ç–∞—Ü–∏–∏ Yanina Fashion üíã
#nyusha #–Ω—é—à–∞ https://t.co/s7xJ2QYiUt"
Nyusha_Nyusha|844616925749657600|2017-03-22 18:29:01|#–ø–æ—Ç–æ–º—É—á—Ç–æ–º—ã–±–∞–Ω–¥–∞ #–∑–∞–∫—É–ª–∏—Å–Ω—ã–µ–¥–µ–ª–∞ üêæüêæüí£ https://t.co/Hxs3JLl8Em
Nyusha_Nyusha|844283063395913730|2017-03-21 20:22:22|–ï—Å—Ç—å –≤ –º—É–∑—ã–∫–µ –æ–≥—Ä–æ–º–Ω–æ–µ –ø—Ä–µ–∏–º—É—â–µ—Å—Ç–≤–æ: –æ–Ω–∞ –º–æ–∂–µ—Ç, –Ω–µ —É–ø–æ–º–∏–Ω–∞—è –Ω–∏ –æ —á–µ–º, —Å–∫–∞–∑–∞—Ç—å –≤—Å–µ...‚úîÔ∏èüóØ #mood https://t.co/75cDegk03A
Nyusha_Nyusha|843908942069743616|2017-03-20 19:35:45|#–í–æ—Ä–æ–Ω–µ–∂ –°–ø–∞—Å–∏–±–æ –æ–≥—Ä–æ–º–Ω–æ–µ –∑–∞ —Ç–∞–∫–æ–π –∂–∞—Ä–∫–∏–π –ø—Ä–∏—ë–º üòçüî•–∏ –∫–æ–Ω–µ—á–Ω–æ –û–§–ö –í–æ—Ä–æ–Ω–µ–∂–∞ –∑–∞ —Ç—Ä–æ–≥–∞—Ç–µ–ª—å–Ω—ã–µ –ø–æ–¥–∞—Ä–∫–∏!!!‚ù§ #onelove‚Ä¶ https://t.co/yR4WjnNB9E
Nyusha_Nyusha|843824531869499393|2017-03-20 14:00:20|"#—Å–ø–æ—Ä—Ç–∏–≤–Ω—ã–µ–¥–µ–ª–∞ 
–°–º–æ—Ç—Ä—é –≤ –±—É–¥—É—â–µ–µ ‚úäüòâ #nyusha #–Ω—é—à–∞ https://t.co/hroHzboQdN"
Nyusha_Nyusha|843548557584056321|2017-03-19 19:43:43|"–î–µ–ª—é—Å—å —Å –≤–∞–º–∏ –∏–∑–º–µ–Ω–µ–Ω–∏—è–º–∏ –≤ –º–æ–µ–π –∂–∏–∑–Ω–∏üôà–ë–æ–ª—å—à–æ–µ –∏–Ω—Ç–µ—Ä–≤—å—é –æ–±–æ –≤—Å–µ–º –∏ —Å—Ä–∞–∑—É —É–∂–µ –¥–æ—Å—Ç—É–ø–Ω–æ –Ω–∞ –º–æ–µ–º –æ—Ñ–∏—Ü–∏–∞–ª—å–Ω–æ–º —Å–∞–π—Ç–µüòâ 
https://t.co/XWzViAV9qs"
Nyusha_Nyusha|843546360850907141|2017-03-19 19:34:59|#–º–æ–∏–ª—é–±–∏–º—ã–µ–Ω—é—à–∞—Çüòçüòò https://t.co/uYCTENzXuU
Nyusha_Nyusha|843546160925229057|2017-03-19 19:34:11|–ö–∞–∫–∞—è –∫—Ä–∞—Å–æ—Ç–∞üòç https://t.co/2Af8kcQbth
Nyusha_Nyusha|843183500002037763|2017-03-18 19:33:06|–ß–∏—Å–ª–µ–Ω–Ω–æ—Å—Ç—å –º–æ–∏—Ö –ø–æ–¥–æ–ø–µ—á–Ω—ã—Ö —É–≤–µ–ª–∏—á–∏–≤–∞–µ—Ç—Å—è, –≤–µ–¥—å —Å–æ—Å—Ç–æ—è–ª–æ—Å—å –µ—â—ë –æ–¥–Ω–æ —Å–ª–µ–ø–æ–µ –ø—Ä–æ—Å–ª—É—à–∏–≤–∞–Ω–∏–µüòá –ú—ã –ø—Ä–∏–±–ª–∏–∂–∞–µ–º—Å—è –∫ —Å–∞–º–æ–º—É‚Ä¶ https://t.co/4PXWMfkfBe
Nyusha_Nyusha|842784852529373185|2017-03-17 17:09:01|"–°–µ–≥–æ–¥–Ω—è‚òùüèª–Ω–∞ –ü–µ—Ä–≤–æ–º –∫–∞–Ω–∞–ª –ø–æ—Å–ª–µ –ø—Ä–æ–≥—Ä–∞–º–º—ã ""–í—Ä–µ–º—è"" —Å–º–æ—Ç—Ä–∏—Ç–µ –Ω–æ–≤—ã–π –≤—ã–ø—É—Å–∫ ""—Å–ª–µ–ø—ã—Ö"" –ø—Ä–æ—Å–ª—É—à–∏–≤–∞–Ω–∏–π —à–æ—É #–ì–æ–ª–æ—Å–î–µ—Ç–∏ #–Ω—é—à–∞‚Ä¶ https://t.co/qFOFpctr6n"
Nyusha_Nyusha|842425245130735619|2017-03-16 17:20:04|–ü–µ—Ç–µ—Ä–±—É—Ä–≥!!! 2 –∞–ø—Ä–µ–ª—è‚òù–≤ 20:00 üïó –≤—Å–µ—Ö –∂–¥—É –≤ –∫–ª—É–±–µ ¬´–ê2 GREEN CONCERT¬ªüî•üî•üî• –ë–∏–ª–µ—Ç—ã –º–æ–∂–Ω–æ –∑–∞–∫–∞–∑–∞—Ç—å –ø–æ —Ç–µ–ª–µ—Ñ–æ–Ω—É +781233303‚Ä¶ https://t.co/obivAneTUD
Nyusha_Nyusha|842352616113860609|2017-03-16 12:31:28|4 –¥–Ω—è –¥—ã—à–∞–ª–∞ –º–æ—Ä—Å–∫–∏–º –≤–æ–∑–¥—É—Ö–æ–º üåä–¥—É–º–∞–ª–∞ –æ –≤–µ—á–Ω–æ–º, –ø—Ä–µ–∫—Ä–∞—Å–Ω–æ–º –∏ –∫–æ–Ω–µ—á–Ω–æ –∂–µ –æ –Ω–∞—Å—É—â–Ω–æ–º...–í—Å–µ –≤—Å—Ç–∞—ë—Ç –Ω–∞ —Å–≤–æ–∏ –º–µ—Å—Ç–∞üôè‚Ä¶ https://t.co/9rikSRfh3X
Nyusha_Nyusha|841926181842767873|2017-03-15 08:16:58|–î–æ–±—Ä–æ–µ —É—Ç—Ä–æ‚ò∫ü§óüòò #nyusha #–Ω—é—à–∞ #–≤–æ—Å—Ç–æ—á–Ω—ã–µ–¥–µ–ª–∞ https://t.co/V3aTZcvzNC
Nyusha_Nyusha|841600220945367041|2017-03-14 10:41:43|"–°–∞–Ω–∫—Ç-–ü–µ—Ç–µ—Ä–±—É—Ä–≥, –¥–æ –≤—Å—Ç—Ä–µ—á–∏ 2 –∞–ø—Ä–µ–ª—è –≤ –∫–ª—É–±–µ ¬´–ê2 GREEN CONCERT¬ªüòéüòò
 
–ó–∞–∫–∞–∑ –±–∏–ª–µ—Ç–æ–≤ –ø–æ —Ç–µ–ª–µ—Ñ–æ–Ω—É (812 ) 333-03-79 https://t.co/x62wJsyz89"
Nyusha_Nyusha|841216578301616128|2017-03-13 09:17:15|–¢–æ—Ç –º–æ–º–µ–Ω—Ç, –∫–æ–≥–¥–∞ –¥–µ–≤–∏—á—å–µ–º—É —Å—á–∞—Å—Ç—å—é –Ω–µ—Ç –≥—Ä–∞–Ω–∏—Ü, –≤ –≤—ã—Ö–æ–¥–Ω–æ–π –ø–æ—Ä–∞–¥–æ–≤–∞–ª–∞ —Å–µ–±—è —à–æ–ø–ø–∏–Ω–≥–æ–º‚ò∫ –∫–∞–∫ –∂–µ –º—ã, –¥–µ–≤–æ—á–∫–∏, —ç—Ç–æ –ª—é–±–∏–ºüòç https://t.co/eDba3cBSIz
Nyusha_Nyusha|840971783163543553|2017-03-12 17:04:32|@vladik_official —è –≤—Å–µ –≤–∏–¥–µ–ª–∞ –∏ —É–∂–µ –ø–∏—Å–∞–ª–∞ –æ–± —ç—Ç–æ–º –Ω–∞ —Å–≤–æ–µ–π —Å—Ç—Ä–∞–Ω–∏—Ü–µ –≤ –≤–∫‚ò∫Ô∏è‚ù§Ô∏è
Nyusha_Nyusha|840940605014446080|2017-03-12 15:00:38|–ú–æ—è –∫–æ–º–∞–Ω–¥–∞ —É–≤–µ–ª–∏—á–∏–≤–∞–µ—Ç—Å—è —Å –∫–∞–∂–¥—ã–º —ç—Ñ–∏—Ä–æ–º —à–æ—É #–ì–æ–ª–æ—Å–î–µ—Ç–∏ ‚òùüèª–ê –∫–∞–∫–æ–µ –∏–∑ –≤—ã—Å—Ç—É–ø–ª–µ–Ω–∏–π –º–æ–∏—Ö –ø–æ–¥–æ–ø–µ—á–Ω—ã—Ö –≤–∞–º –∑–∞–ø–æ–º–Ω–∏–ª–æ—Å—å –±‚Ä¶ https://t.co/fQJFl566U9
Nyusha_Nyusha|840601810104639489|2017-03-11 16:34:23|"–ù–µ –ø—Ä–æ–ø—É—Å—Ç–∏—Ç–µ‚òùüèª–í 21:20 –Ω–∞ –ü–µ—Ä–≤–æ–º –∫–∞–Ω–∞–ª–µ –Ω–æ–≤—ã–π –≤—ã–ø—É—Å–∫ ""—Å–ª–µ–ø—ã—Ö"" –ø—Ä–æ—Å–ª—É—à–∏–≤–∞–Ω–∏–π —à–æ—É #–ì–æ–ª–æ—Å–î–µ—Ç–∏ –ë—É–¥–µ–º –ø–µ—Ç—å, —Ç–∞–Ω—Ü–µ–≤–∞—Ç—å –∏‚Ä¶ https://t.co/p2H1OQmgbg"
Nyusha_Nyusha|840297791733792773|2017-03-10 20:26:20|@vicsyler –¥–æ –≤—Å—Ç—Ä–µ—á–∏üòò
Nyusha_Nyusha|840190837766131716|2017-03-10 13:21:20|–°–µ–≥–æ–¥–Ω—è —ç—Ñ–∏—Ä C–æmedy Club –Ω–∞ —Ç–µ–ª–µ–∫–∞–Ω–∞–ª–µ –¢–ù–¢ –≤ 21:00. –ë—É–¥–µ—Ç –≤–µ—Å–µ–ª–æ üôÇüôàüôåüèª https://t.co/PTufA2T28d
Nyusha_Nyusha|839841223745630208|2017-03-09 14:12:05|"–í—á–µ—Ä–∞ —Å –æ–≥—Ä–æ–º–Ω—ã–º —É–¥–æ–≤–æ–ª—å—Å—Ç–≤–∏–µ–º –ø–æ–∑–¥—Ä–∞–≤–∏–ª–∞ –∂–µ–Ω—â–∏–Ω —Å –ü—Ä–∞–∑–¥–Ω–∏–∫–æ–º - 8 –º–∞—Ä—Ç–∞ —Å–æ —Å—Ü–µ–Ω—ã –ö—Ä–µ–º–ª—èüòò‚ú®‚ú®‚ú®
–ö–∞–∫ –≤–∞–º –º–æ–π —Å—Ü–µ–Ω–∏—á–µ—Å–∫–∏–π‚Ä¶ https://t.co/zijMHs0fsq"
Nyusha_Nyusha|839769036401573888|2017-03-09 09:25:15|–í–ø–µ—Ä–≤—ã–µ –ø—Ä–∏–Ω—è–ª–∞ —É—á–∞—Å—Ç–∏–µ –≤ —Å–æ–±–µ—Å–µ–¥–æ–≤–∞–Ω–∏–∏ –≤–æ–ª–æ–Ω—Ç–µ—Ä–æ–≤‚òùüèª–í—Å–µ –æ—á–µ–Ω—å –∞–∫—Ç–∏–≤–Ω—ã–µ)))—É–≤–µ—Ä–µ–Ω–∞ –∫–∞–∂–¥—ã–π –∏–∑ –Ω–∏—Ö –±—É–¥–µ—Ç —á–∞—Å—Ç—å—é –±–æ–ª—å—à–æ–π‚Ä¶ https://t.co/dgBqEffbqM
Nyusha_Nyusha|839490686038728704|2017-03-08 14:59:11|–° –ú–µ–∂–¥—É–Ω–∞—Ä–æ–¥–Ω—ã–º –∂–µ–Ω—Å–∫–∏–º –¥–Ω—ë–º!!!–ú—ã —Ç–∞–∫–∏–µ —Ä–∞–∑–Ω—ã–µ, –Ω–æ –≤—Å–µ –±–µ–∑ –∏—Å–∫–ª—é—á–µ–Ω–∏—è —Å–æ–∑–¥–∞–Ω—ã –¥–ª—è –ª—é–±–≤–∏‚ù§ –ü—É—Å—Ç—å –∏–º–µ–Ω–Ω–æ –æ–Ω–∞ –∏ –ø—Ä–∞–≤–∏—Ç‚Ä¶ https://t.co/Q82hoYBMS7
Nyusha_Nyusha|839164088601165824|2017-03-07 17:21:24|–ö–∞–∫ —ç—Ç–æ –º–∏–ª–æüòçüòçüòç—Å–ø–∞—Å–∏–±–æ, –º–æ–∏ —Ö–æ—Ä–æ—à–∏–µüòò#–º–æ–∏–ª—é–±–∏–º—ã–µ–Ω—é—à–∞—Ç–∞ https://t.co/NbuoehXDhD
Nyusha_Nyusha|839141349970567169|2017-03-07 15:51:02|–í–∫—É—Å–Ω–æ —Å–µ–π—á–∞—Å –±—É–¥–µ—Ç –º–Ω–µ...üòã https://t.co/UayEMgOeJl
Nyusha_Nyusha|838370231877775360|2017-03-05 12:46:54|–ò–Ω—Ç—Ä–∏–≥—É–µ—Ç–µüò≥#–º–æ–∏–ª—é–±–∏–º—ã–µ–Ω—é—à–∞—Ç–∞ https://t.co/cPI7QLJgYp
Nyusha_Nyusha|838360136397778944|2017-03-05 12:06:47|–ò —Å –°–∞–Ω–∫—Ç-–ü–µ—Ç–µ—Ä–±—É—Ä–≥–æ–º –≤—Å—Ç—Ä–µ—Ç–∏–º—Å—è –≤ –∞–ø—Ä–µ–ª–µüòåüêæ#–º–æ–∏–ª—é–±–∏–º—ã–µ–Ω—é—à–∞—Ç–∞ https://t.co/eVOly2Jpdp
Nyusha_Nyusha|838355984309501952|2017-03-05 11:50:17|‚úàüíã #–≤–æ–∑–¥—É—à–Ω—ã–µ–¥–µ–ª–∞ https://t.co/3DKT2Vqs0w
Nyusha_Nyusha|838107590135525378|2017-03-04 19:23:15|–°–∞—Ä–∞—Ç–æ–≤üòå –î–æ –≤—Å—Ç—Ä–µ—á–∏, –º–æ–∏ —Ö–æ—Ä–æ—à–∏–µüòò #–º–æ–∏–ª—é–±–∏–º—ã–µ–Ω—é—à–∞—Ç–∞ https://t.co/MKSuI6hdBT
Nyusha_Nyusha|837905688982618113|2017-03-04 06:00:58|–î–æ–±—Ä–æ–µ —É—Ç—Ä–æ –º–∏—ÄüòΩ–•–æ—Ä–æ—à–µ–≥–æ –Ω–∞—Å—Ç—Ä–æ–µ–Ω–∏—è –∂–µ–ª–∞—é!!!–ê –µ—â—ë –ø–æ—Å—ã–ª–∞—é –≤–∞–º ‚òÄÔ∏è‚òÄÔ∏è‚òÄÔ∏è #—Å–ø–æ—Ä—Ç–∏–≤–Ω—ã–µ–¥–µ–ª–∞ #–Ω—é—à–∞ #nyusha https://t.co/RiNTciVKlJ
Nyusha_Nyusha|837722196218904576|2017-03-03 17:51:50|–ß–µ—Ä–µ–∑ –Ω–µ—Å–∫–æ–ª—å–∫–æ –º–∏–Ω—É—Ç –Ω–∞ –ü–µ—Ä–≤–æ–º –∫–∞–Ω–∞–ª–µ —à–æ—É #–ì–æ–ª–æ—Å–î–µ—Ç–∏‚òùüèª–î–ª—è –º–æ–µ–π –∫–æ–º–∞–Ω–¥—ã —è —É–∂–µ –ø–æ–¥–≥–æ—Ç–æ–≤–∏–ª–∞ —Å—é—Ä–ø—Ä–∏–∑-–Ω–∞—à–∏ —É–Ω–∏–∫–∞–ª—å–Ω—ã–µ –∏‚Ä¶ https://t.co/XklJUIeHo7
Nyusha_Nyusha|837694323823104002|2017-03-03 16:01:05|–û—á–µ–Ω—å —Ä–∞–¥–∞, —á—Ç–æ –º–Ω–µ –ø–æ—Å—á–∞—Å—Ç–ª–∏–≤–∏–ª–æ—Å—å –ø–æ–∑–Ω–∞–∫–æ–º–∏—Ç—å—Å—è —Å –î–∏–∞–Ω–æ–π. –ñ–µ–ª–∞—é —Ç–µ–±–µ —É–¥–∞—á–∏ –∏ —É—Å–ø–µ—Ö–æ–≤üí™ #–≥–æ–ª–æ—Å–¥–µ—Ç–∏ #–Ω—é—à–∞ #nyusha https://t.co/v4JsgL7Ob5
Nyusha_Nyusha|837645192463335424|2017-03-03 12:45:51|–î–ª—è –ø–µ—Å–Ω–∏ #—Ç–µ–±—è–ª—é–±–∏—Ç—å –Ω–µ —Å—É—â–µ—Å—Ç–≤—É–µ—Ç –≥—Ä–∞–Ω–∏—Ü. –ò–∑ –ò—Å–ø–∞–Ω–∏–∏ —Å ‚ù§–êndres, –ü–æ–ª—å—â–µ–Ω–∞üòå ‚òùüèª–∫—Ç–æ –µ—â–µ –Ω–µ —Å–∫–∞—á–∞–ª üëâ —Å—Å—ã–ª–∫–∞ –Ω–∞ –ø–µ—Å–Ω—é‚Ä¶ https://t.co/84dSwmZxAz
Nyusha_Nyusha|837599836123848704|2017-03-03 09:45:37|#–≥—Ä–æ–∑–Ω—ã–µ–¥–µ–ª–∞ #–≥–∞—Å—Ç—Ä–æ–ª—å–Ω—ã–µ–¥–µ–ª–∞ –¢–∞–∫–æ–π –≤–æ—Ç —ç–ª–µ–≥–∞–Ω—Ç–Ω—ã–π –æ–±—Ä–∞–∑ –º—ã –≤—ã–±—Ä–∞–ª–∏ –¥–ª—è –≤—ã—Å—Ç—É–ø–ª–µ–Ω–∏—è –Ω–∞ –∑–∞–∫—Ä—ã—Ç–∏–∏ –ø–æ–∫–∞–∑–∞üòò #nyusha‚Ä¶ https://t.co/ERebzhnum4
Nyusha_Nyusha|837427646782914565|2017-03-02 22:21:24|–°–ø–∞—Å–∏–±–æ –∑–∞ –Ω–µ–∑–∞–±—ã–≤–∞–µ–º—ã–π –≤–µ—á–µ—Ä –†–∞–º–∑–∞–Ω –ê—Ö–º–∞—Ç–æ–≤–∏—á –∏ –ê–π—à–∞—Ç –ö–∞–¥—ã—Ä–æ–≤–∞! –û—Ç–¥–µ–ª—å–Ω–æ —Ö–æ—á—É –ø–æ–±–ª–∞–≥–æ–¥–∞—Ä–∏—Ç—å —Å–≤–æ–π —Ñ–∞–Ω-–∫–ª—É–± –≤ –≥‚Ä¶ https://t.co/AczaBpKcNv
Nyusha_Nyusha|836940816035696646|2017-03-01 14:06:54|–ö–∞–∂–¥–æ–º—É —Ç–∞–Ω—Ü–æ—Ä—É –≤–∞–∂–Ω–æ –Ω–∞–π—Ç–∏ —Å–≤–æ–π —Å—Ç–∏–ª—å.–í –≠–ø–∏—Ü–µ–Ω—Ç—Ä–µ —Ç–∞–Ω—Ü–µ–≤ #–°—Ç–∞–Ω—Ü–∏—è–°–≤–æ–±–æ–¥—ã –ø–µ–¥–∞–≥–æ–≥–∏ –º–∞–∫—Å–∏–º–∞–ª—å–Ω–æ —Ä–∞—Å–∫—Ä–µ–ø–æ—Å—Ç—è—Ç –¥–ª—è –≤—ã—Å‚Ä¶ https://t.co/VZ2qsQdsSR
Nyusha_Nyusha|836849742374129665|2017-03-01 08:05:01|–í—Å–µ–º –æ—Ç–ª–∏—á–Ω–æ–≥–æ –Ω–∞—Å—Ç—Ä–æ–µ–Ω–∏—èüíãüíãüíã –í–∑–ª–µ—Ç–∞–µ–º...‚úàÔ∏è #nyusha #–Ω—é—à–∞ https://t.co/5cvDKxyH4O
Nyusha_Nyusha|836540838171803649|2017-02-28 11:37:32|–ø—Ä–æ–¥–æ–ª–∂–∞–µ–º —Å–Ω–∏–º–∞—Ç—å üé¨ #–≥–æ–ª–æ—Å–¥–µ—Ç–∏ —Å @bilanofficial üíã #nyusha #–Ω—é—à–∞ #–≥–æ–ª–æ—Å–∏—Å—Ç—ã–µ–¥–µ–ª–∞ https://t.co/BNM53WsYkG
Nyusha_Nyusha|836291875170578433|2017-02-27 19:08:15|–ó–Ω–∞–∫–æ–º—ã–π –∫–æ—Ç–∏–∫üòÇ–ì–ª–∞–≤–Ω–æ–µ, —á—Ç–æ –Ω–µ –º–µ–Ω—è–µ—Ç—Å—è —Ñ–∞–∫—Ç –≤—Å—Ç—Ä–µ—á–∏üòâ–£–∂–µ –≤ –ø—Ä–µ–¥–≤–∫—É—à–µ–Ω–∏–∏üòáüêæ https://t.co/fmxwbMwzeR
Nyusha_Nyusha|836287122223038464|2017-02-27 18:49:22|–Ø —Ö–æ—á—É —Ç–µ–±—è –æ–±–Ω—è—Ç—å‚ù§ https://t.co/8ln9StsY31
Nyusha_Nyusha|836178678308548608|2017-02-27 11:38:27|–î—Ä—É–∑—å—è, –Ω–∞ –º–æ–µ–π —Å—Ç—Ä–∞–Ω–∏—Ü–µ –≤ –í–∫–æ–Ω—Ç–∞–∫—Ç–µ –ø—Ä–æ—Ö–æ–¥–∏—Ç –æ—á–µ–Ω—å –∏–Ω—Ç–µ—Ä–µ—Å–Ω—ã–π –∫–æ–Ω–∫—É—Ä—Å! –°–∫–æ—Ä–µ–µ –ø–æ—Å–ø–µ—à–∏—Ç–µ –æ–∑–Ω–∞–∫–æ–º–∏—Ç—å—Å—è —Å –Ω–∏–º:‚Ä¶ https://t.co/77LxtCYlbZ
Nyusha_Nyusha|836164651259998208|2017-02-27 10:42:42|–ù–æ–≤—ã–π —ç—Ç–∞–ø #–≥–æ–ª–æ—Å–¥–µ—Ç–∏ ‚úäüèº#–Ω—é—à–∞ #nyusha #–≥–æ–ª–æ—Å–∏—Å—Ç—ã–µ–¥–µ–ª–∞ https://t.co/tkB0TvGlBO
Nyusha_Nyusha|835776088181702656|2017-02-26 08:58:42|–î–æ–±—Ä–æ–µ —É—Ç—Ä–æ) –í—Å–µ–º –ø—Ä–µ–∫—Ä–∞—Å–Ω–æ–≥–æ –¥–Ω—è‚ò∫Ô∏èüòò #nyusha #–Ω—é—à–∞ #–∑–∞–∫—É–ª–∏—Å–Ω—ã–µ–¥–µ–ª–∞ https://t.co/q5JZda9DUm
Nyusha_Nyusha|835534552735055872|2017-02-25 16:58:55|–í –ø—Ä–µ–∫—Ä–∞—Å–Ω–æ–π –∫–æ–º–ø–∞–Ω–∏–∏ –Ω–∞ —Å—ä—ë–º–∫–µ –ø—Ä–∞–∑–¥–Ω–∏—á–Ω–æ–≥–æ –∫–æ–Ω—Ü–µ—Ä—Ç–∞ –≤ #–∫—Ä–æ–∫—É—Å—Å–∏—Ç–∏—Ö–æ–ª–ª #–Ω—é—à–∞ #nyusha #–∫–æ–Ω—Ü–µ—Ä—Ç–Ω—ã–µ–¥–µ–ª–∞ https://t.co/bfKzWflR1y
Nyusha_Nyusha|835467970096807936|2017-02-25 12:34:20|–ù–∞—à–∞ –¥–æ–ª–≥–æ–∂–¥–∞–Ω–Ω–∞—è –≤—Å—Ç—Ä–µ—á–∞!!! –û–§–ö –¢–æ–ª—å—è—Ç—Ç–∏, –ï–∫–∞—Ç–µ—Ä–∏–Ω–±—É—Ä–≥–∞ –∏ –ò–∂–µ–≤—Å–∫–∞‚ù§ #–Ω—é—à–∞ #nyusha https://t.co/O785eDOWCS
Nyusha_Nyusha|835053334067306498|2017-02-24 09:06:44|–•–æ—á—É –ø—Ä–µ–¥—Å—Ç–∞–≤–∏—Ç—å –≤–∞–º –º–æ–∏—Ö –ø–µ—Ä–≤—ã—Ö –ø–æ–¥–æ–ø–µ—á–Ω—ã—Ö —à–æ—É #–≥–æ–ª–æ—Å–¥–µ—Ç–∏. –¢–µ–ø–µ—Ä—å –Ω–∞–º –ø—Ä–µ–¥—Å—Ç–æ–∏—Ç –±–æ–ª—å—à–∞—è —Ä–∞–±–æ—Ç–∞‚úä–ù–∞–º –Ω—É–∂–Ω–∞ –≤–∞—à–∞ –ø–æ–¥–¥‚Ä¶ https://t.co/rpnCwMdzIj
Nyusha_Nyusha|834473269516451841|2017-02-22 18:41:45|–≠—Ç–æ—Ç –ø–ª–µ–¥ –≥—Ä–µ–µ—Ç —Ç–∞–∫–∂–µ —Å–∏–ª—å–Ω–æ –∫–∞–∫ –∏ –≤–∞—à–∞ –ª—é–±–æ–≤—å‚ù§ https://t.co/9B87UUxNVr
Nyusha_Nyusha|834472078007029769|2017-02-22 18:37:01|–ü—Ä—è–º–æ —Å–µ–π—á–∞—Å –®–æ—É #–ì–æ–ª–æ—Å–î–µ—Ç–∏ –Ω–∞ –ü–µ—Ä–≤–æ–º –∫–∞–Ω–∞–ª–µ ‚òùÔ∏èÔ∏è #–Ω—é—à–∞ #nyusha #–≥–æ–ª–æ—Å–∏—Å—Ç—ã–µ–¥–µ–ª–∞ https://t.co/etK1oKKGXs
Nyusha_Nyusha|834463823633534976|2017-02-22 18:04:13|–ò —Å –£—Ñ–æ–π –Ω–∞ —Å–≤—è–∑–∏‚úåÔ∏èüòò https://t.co/k4hLJohMPu
Nyusha_Nyusha|834445797190168577|2017-02-22 16:52:35|üòò #—Ö–æ—á—É–æ–±–Ω—è—Ç—å–≤—Å–µ—Ö—Å–≤–æ–∏—Ö–Ω—é—à–∞—Ç https://t.co/b9OzTWiiUd
Nyusha_Nyusha|834440891653824514|2017-02-22 16:33:06|üòòüòå https://t.co/RjHUdXXhyd
Nyusha_Nyusha|834387581718650880|2017-02-22 13:01:16|@muxamadieva1 –Ω–µ —Å—Ç–æ–∏—Ç –æ–±–∏–∂–∞—Ç—å—Å—è. –Ø —Å—Ç–∞—Ä–∞—é—Å—å –æ—Ç–≤–µ—á–∞—Ç—å –≤—Å–µ–º –ø–æ –≤–æ–∑–º–æ–∂–Ω–æ—Å—Ç–∏, –Ω–æ –∫ —Å–æ–∂–∞–ª–µ–Ω–∏—é –Ω–µ –≤—Å–µ–≥–¥–∞ —ç—Ç–æ —É–¥–∞–µ—Ç—Å—èüòí
Nyusha_Nyusha|834366772119797760|2017-02-22 11:38:34|#–∑–∞–∫—É–ª–∏—Å–Ω—ã–µ–¥–µ–ª–∞ #nyusha #–Ω—é—à–∞ ‚ú®‚ú®‚ú®#comingsoon https://t.co/PbUvOTgdW4
Nyusha_Nyusha|834300599768383488|2017-02-22 07:15:38|—Ç–æ—Ç —Å–ª—É—á–∞–π, –∫–æ–≥–¥–∞ —Ç–µ–±–µ —Ö–æ—á–µ—Ç—Å—è –≤–∑—è—Ç—å —Ñ–æ—Ç–æ–∞–ø–ø–∞—Ä–∞—Ç –∏ –ø–æ—Å–Ω–∏–º–∞—Ç—å —Ñ–æ—Ç–æ–≥—Ä–∞—Ñ–∞‚ò∫Ô∏è –°–ø–∞—Å–∏–±–æ –¥–æ—Ä–æ–≥–∞—è,—è –≤ –ø—Ä–µ–¥–≤–∫—É—à–µ–Ω–∏–∏ —Ä–µ–∑—É–ª—å—Ç–∞—Ç‚Ä¶ https://t.co/aBynZxoXVo
Nyusha_Nyusha|834100823755993089|2017-02-21 18:01:47|–®—ë–ª 9–π —á–∞—Å...üòú ‚òïÔ∏è #–∑–∞–∫—É–ª–∏—Å–Ω—ã–µ–¥–µ–ª–∞ #nyusha #–Ω—é—à–∞ #—Å–µ–ª—Ñ–∏ #selfie https://t.co/opZx3OaY6F
Nyusha_Nyusha|833960244581629952|2017-02-21 08:43:11|–í—ã –º–æ–∏ —Ö–æ—Ä–æ—à–∏–µüòç–Ø –≤–∞—Å —Ç–æ–∂–µ –ª—é–±–ª—é –∏ —É–∂–µ –Ω–µ –º–æ–≥—É –¥–æ–∂–¥–∞—Ç—å—Å—è –Ω–∞—à–µ–π –≤—Å—Ç—Ä–µ—á–∏üòáüòò#–º–æ–∏–ª—é–±–∏–º—ã–µ–Ω—é—à–∞—Ç–∞ https://t.co/wYFYyi4HEA
Nyusha_Nyusha|833743634151399425|2017-02-20 18:22:27|#–º–æ–∏–ª—é–±–∏–º—ã–µ–Ω—é—à–∞—Ç–∞üòçüòò https://t.co/dgqF0iJKI6
Nyusha_Nyusha|833724840687312897|2017-02-20 17:07:46|"–ü–æ–∑–¥—Ä–∞–≤–ª—è—é –í–∞—Å —Å –ú–∞—Å–ª–µ–Ω–∏—Ü–µ–π!
–ü—É—Å—Ç—å –º–∏–Ω—É–≤—à–∞—è –∑–∏–º–∞ –∑–∞–±–µ—Ä–µ—Ç —Å —Å–æ–±–æ–π –≤—Å–µ –≥—Ä—É—Å—Ç–Ω—ã–µ –º–æ–º–µ–Ω—Ç—ã, –∞ –≤–µ—Å–Ω–∞ –ø—Ä–∏–Ω–µ—Å–µ—Ç –≤ –í–∞—à–∏ –±—É–¥–Ω‚Ä¶ https://t.co/Upgbspg6E8"
Nyusha_Nyusha|833676924585123841|2017-02-20 13:57:22|–î–µ–ª–æ–≤–æ–π –ø–æ–Ω–µ–¥–µ–ª—å–Ω–∏–∫üêæüêæ #–∫–æ—à–∞—á—å–∏–¥–µ–ª–∞ #–Ω—é—à–∞ #nyusha https://t.co/zgdKR0Z7jN
Nyusha_Nyusha|832660929535827968|2017-02-17 18:40:10|"–ù—É —á—Ç–æ, –≤–∫–ª—é—á–∞–µ–º —Ç–µ–ª–µ–≤–∏–∑–æ—Ä—ã) #–≥–æ–ª–æ—Å–¥–µ—Ç–∏ –Ω–∞ –ü–µ—Ä–≤–æ–º –∫–∞–Ω–∞–ª–µ ‚ò∫ 
#nyusha #–Ω—é—à–∞ #–≥–æ–ª–æ—Å–∏—Å—Ç—ã–µ–¥–µ–ª–∞ https://t.co/AnfjzX1Cg0"
Nyusha_Nyusha|832278603387777024|2017-02-16 17:20:56|#–º–æ–º–µ–Ω—Ç—ã—Å—á–∞—Å—Ç—å—è ‚ú®‚ú®‚ú® https://t.co/1deNp1iSl3
Nyusha_Nyusha|832135163886895104|2017-02-16 07:50:58|üòÇüòÇüòÇ–¥–µ–≤–æ—á–∫–∏, –≤–æ–∑—å–º–∏—Ç–µ –Ω–∞ –∑–∞–º–µ—Ç–∫—É‚òùÔ∏è https://t.co/VmOwbmZDCc
Nyusha_Nyusha|831916459551051776|2017-02-15 17:21:54|–≤ –ø—è—Ç–Ω–∏—Ü—É 17 —Ñ–µ–≤—Ä–∞–ª—è –Ω–∞ –ü–µ—Ä–≤–æ–º –∫–∞–Ω–∞–ª–µ —Å—Ç–∞—Ä—Ç—É–µ—Ç –Ω–æ–≤—ã–π —Å–µ–∑–æ–Ω –ø—Ä–æ–µ–∫—Ç–∞ #–≥–æ–ª–æ—Å–¥–µ—Ç–∏ –ù–µ –ø—Ä–æ–ø—É—Å—Ç–∏—Ç–µ! #nyusha #–Ω—é—à–∞ https://t.co/BCmEdspiWA
Nyusha_Nyusha|831810004961333249|2017-02-15 10:18:54|"13 —Ñ–µ–≤—Ä–∞–ª—è –Ω–∞ –ø—Ä–µ–¥–ø—Ä–µ–º—å–µ—Ä–Ω–æ–º –ø–æ–∫–∞–∑–µ —Ñ–∏–ª—å–º–∞ ""–ì—É–ª—è–π, –í–∞—Å—è!"" #–Ω—é—à–∞ #nyusha https://t.co/FfB7GoxqLQ"
Nyusha_Nyusha|831590720591036417|2017-02-14 19:47:32|@m_slvv —è —Ç–µ–ø–µ—Ä—å –±—É–¥—É —Å—Ç–∞—Ä–∞—Ç—å—Å—è –±—ã—Ç—å –≤–µ–∑–¥–µüòé–Ω—É –µ—Å–ª–∏ –ø–æ–ª—É—á–∏—Ç—Å—èüò¨
Nyusha_Nyusha|831586559128371200|2017-02-14 19:31:00|@m_slvv üòÇ–º—ã —Ä–∞–±–æ—Ç–∞–µ–º –Ω–∞–¥ —ç—Ç–∏–º
Nyusha_Nyusha|831586325186781185|2017-02-14 19:30:04|@_Elya__Elya_–∞–ø—Ä–µ–ª—å –æ–±–µ—â–∞–µ—Ç –±—ã—Ç—å –≥–æ—Ä—è—á–∏–ºüî•
Nyusha_Nyusha|831581480124026882|2017-02-14 19:10:49|#–ø–∞–∑–ª–ª—é–±–≤–∏ —Å–ª–æ–∂–∏–ª—Å—è! –ö–∞–∫ –∂–µ —Ç—Ä–æ–≥–∞—Ç–µ–ª—å–Ω–æ –≤—ã—à–ª–æüòç–ü–æ–ª–Ω—É—é –≤–µ—Ä—Å–∏—é –ø–∞–∑–ª–∞ —Å–º–æ—Ç—Ä–∏—Ç–µ –Ω–∞ –º–æ—ë–º Youtube –∫–∞–Ω–∞–ª–µ:‚Ä¶ https://t.co/U9bdemgOEs
Nyusha_Nyusha|831527766411575297|2017-02-14 15:37:23|–î–æ –≤—Å—Ç—Ä–µ—á–∏ –≤ –ü–∏—Ç–µ—Ä–µ, –õ–µ—àüôÉ https://t.co/2OXZmISrsN
Nyusha_Nyusha|831527517936820224|2017-02-14 15:36:23|"RT @_Elya__Elya_: @Nyusha_Nyusha Beyonce - ""Crazy In Love"" üòÄ‚ò∫Ô∏èüòã –≠—Ç–æ —á—Ç–æ-—Ç–æ –Ω–µ—Ä–µ–∞–ª—å–Ω–æ–µ –∏ –∏—Å–ø–æ–ª–Ω–µ–Ω–∏–µ –≤–∞—É üòç –ù—É –∏ –∫–æ–Ω–µ—á–Ω–æ –∂–µ ""–¢–µ–±—è –ª—é–±–∏—Ç—å"" –ö–∞–∫‚Ä¶"
Nyusha_Nyusha|831516682774536194|2017-02-14 14:53:20|RT @muxamadieva1: @Nyusha_Nyusha Don t speak (no boubt) —à–∫–æ–ª—å–Ω—ã–µ –≥–æ–¥—ã) —à–∫–æ–ª—å–Ω–∞—è –¥–∏—Å–∫–æ—Ç–µ–∫–∞))))üòÇüòÇüòÇ –≤ 21.00 –¥–æ–º–æ–πüòÇüòÇüòÇ —Ç–∞–∫ –ø—Ä–∞–∑–¥–Ω–æ–≤–∞–ª–∏ 14 —Ñ–µ–≤—Ä–∞–ª‚Ä¶
Nyusha_Nyusha|831516668278996992|2017-02-14 14:53:17|"RT @Ka_Tyusha_3: @Nyusha_Nyusha Love me like you do - Ellie Goulding... –ò —Å –Ω–µ–¥–∞–≤–Ω–∏—Ö –ø–æ—Ä —Ç–≤–æ—ë —Ç–≤–æ—Ä–µ–Ω–∏–µ ""–¢–µ–±—è –ª—é–±–∏—Ç—å"" :))"
Nyusha_Nyusha|831515179666042881|2017-02-14 14:47:22|@muxamadieva1 –∫–æ–Ω—Ü–µ—Ä—Ç –≤ –†–æ—Å—Ç–æ–≤–µ –ø—Ä–æ–π–¥–µ—Ç 5 –∞–ø—Ä–µ–ª—è)
Nyusha_Nyusha|831513983781834752|2017-02-14 14:42:37|RT @bannikova0aris1: @Nyusha_Nyusha —Ç–µ–±—è –ª—é–±–∏—Ç—å,—Ü–µ–ª—É–π‚ù§üíã
Nyusha_Nyusha|831513969361879040|2017-02-14 14:42:33|RT @_Klipsa_: @Nyusha_Nyusha —Ç–µ–±—è –ª—é–±–∏—Ç—å‚ù§Ô∏è‚ù§Ô∏è‚ù§Ô∏è
Nyusha_Nyusha|831513958012051456|2017-02-14 14:42:31|"RT @HappyCat0_0: @Nyusha_Nyusha"" let me love you - JB"""
Nyusha_Nyusha|831513948205760512|2017-02-14 14:42:28|"RT @varyafed: @Nyusha_Nyusha —Å —Ç–≤–æ–µ–π –ø–µ—Å–Ω–µ–π ""–ë—Ä–µ–¥"" ""–¢–µ–ø–ª–æ–º –º—ã —Å —Ç–æ–±–æ–π –¥—Ä—É–≥ –¥—Ä—É–≥–∞ .. """
Nyusha_Nyusha|831513646849257477|2017-02-14 14:41:16|"RT @Princes24192250: @Nyusha_Nyusha , —É –º–µ–Ω—è —Å ""–¶–µ–ª—É–π"" , –≤–∞—à–∞ –ø–µ—Å–Ω—è )))üëëüíñüíñüíñüíã"
Nyusha_Nyusha|831513635415539713|2017-02-14 14:41:14|RT @Julia_F_G: @Nyusha_Nyusha –ù—é—à–∞ - –¢–µ–±—è –ª—é–±–∏—Ç—å
Nyusha_Nyusha|831513220858920961|2017-02-14 14:39:35|"–°–µ–≥–æ–¥–Ω—è –¥–µ–Ω—å –≤—Å–µ—Ö –≤–ª—é–±–ª—ë–Ω–Ω—ã—Ö, —Å –∫–∞–∫–æ–π –ø–µ—Å–Ω–µ–π –æ–Ω —É –≤–∞—Å –∞—Å—Å–æ—Ü–∏–∏—Ä—É–µ—Ç—Å—è?–£ –º–µ–Ω—è —Å ""I need you - Tommy Lee""‚ù§"
Nyusha_Nyusha|831513169898139648|2017-02-14 14:39:23|–Ø –≤–µ—Ä–Ω—É–ª–∞—Å—åüôà–ò–Ω—Å—Ç–∞–≥—Ä–∞–º –ø–æ–≥–ª–æ—Ç–∏–ª)))–Ω–æ –µ—Å–ª–∏ –≤—ã —Ç—É—Ç –µ—â—ë –µ—Å—Ç—å,–¥–∞–≤–∞–π—Ç–µ –∏–Ω–æ–≥–¥–∞ –æ–±–º–µ–Ω–∏–≤–∞—Ç—å—Å—è –º—ã—Å–ª—è–º–∏üòâ
Nyusha_Nyusha|831417343255384064|2017-02-14 08:18:36|–ñ–µ–ª–∞—é –≤—Å–µ–º —Å–∞–º—ã—Ö –∏—Å–∫—Ä–µ–Ω–Ω–∏—Ö —á—É–≤—Å—Ç–≤, –ø—É—Å—Ç—å –ª—é–±–æ–≤—å —É–ø—Ä–∞–≤–ª—è–µ—Ç –≤–∞—à–∏–º —Å–µ—Ä–¥—Ü–µ–º‚ù§Ô∏è‚ú® #onelove #love #–ª—é–±–æ–≤—å https://t.co/N26OB0uBti
Nyusha_Nyusha|831231485541830656|2017-02-13 20:00:04|@omFnvKvpU5vwEf0 @Nastya_russar —Ç–æ–∂–µ –≤–µ—Ä–Ω–æüôà
Nyusha_Nyusha|831230844283056128|2017-02-13 19:57:31|üòåüòò https://t.co/kkgFZny1vg
Nyusha_Nyusha|831230170048712704|2017-02-13 19:54:50|@varyafed —Å–æ–≤—Å–µ–º –Ω–µ–¥–∞–≤–Ω–æ –æ—Ç–∫—Ä—ã–ª–∞—Å—å —à–∫–æ–ª–∞ —Ç–∞–Ω—Ü–µ–≤, –≥–¥–µ —è –±—É–¥—É –ø–æ –≤–æ–∑–º–æ–∂–Ω–æ—Å—Ç–∏ –¥–∞–≤–∞—Ç—å –º–∞—Å—Ç–µ—Ä-–∫–ª–∞—Å—Å—ã: dancerstudio.ru
Nyusha_Nyusha|831221912097398784|2017-02-13 19:22:01|–ü–µ—Ä–µ–¥–∞–µ–º –≤–∞–º —Å –õ–µ–Ω–æ—á–∫–æ–π –±–æ–ª—å—à–æ–π –ø—Ä–∏–≤–µ—Ç‚úã–ò –≤–æ—Ç —Ç–∞–∫—É—é –∫—Ä–∞—Å–æ—Ç—É –¥–ª—è –ø—Ä–∞–∑–¥–Ω–∏–∫–∞ –≤—Å–µ—Ö –≤–ª—é–±–ª–µ–Ω–Ω—ã—Ö –Ω–∞–≤–æ–¥–∏–ª–∞ –æ–Ω–∞üíã #nyusha‚Ä¶ https://t.co/LvmssxFtSl
Nyusha_Nyusha|831076000867950592|2017-02-13 09:42:13|"–û—Å—Ç–∞–ª–æ—Å—å 4 –¥–Ω—è, —É–∂–µ –≤ —ç—Ç—É –ü–Ø–¢–ù–ò–¶–£ —Å—Ç–∞—Ä—Ç—É–µ—Ç –Ω–æ–≤—ã–π —Å–µ–∑–æ–Ω —à–æ—É ""–ì–æ–ª–æ—Å–î–µ—Ç–∏"" –Ω–∞ –ü–µ—Ä–≤–æ–º –∫–∞–Ω–∞–ª–µ! –ù–µ –ø—Ä–æ–ø—É—Å—Ç–∏—Ç–µüíã #nyusha‚Ä¶ https://t.co/LOWR068cY8"
Nyusha_Nyusha|831056915136380928|2017-02-13 08:26:23|–ú–æ–∏ —Ö–æ—Ä–æ—à–∏–µ, –ø—Ä–æ—Å—Ç–∏—Ç–µ –∑–∞ –¥–æ–ª–≥–æ–µ –æ—Ç—Å—É—Ç—Å—Ç–≤–∏–µüôà –ù–æ —è —Ç–µ–ø–µ—Ä—å —Å –≤–∞–º–∏ –∏ –±—É–¥—É –∏—Å–ø—Ä–∞–≤–ª—è—Ç—å—Å—èüòúüòò
Nyusha_Nyusha|792092122858086400|2016-10-28 19:54:13|–†–∏—Ç–æ—á–∫–∞ @ritadakota , –ø–æ–∑–¥—Ä–∞–≤–ª—è—é —Ç–µ–±—è —Å –≤—ã—Ö–æ–¥–æ–º —ç—Ç–æ–π –ø–æ—Ç—Ä—è—Å–∞—é—â–µ–π –ø–µ—Å–Ω–∏üéâüéâüéâ–û—á–µ–Ω—å –Ω—Ä–∞–≤–∏—Ç—Å—èüòçüòçüòç‚Ä¶ https://t.co/kFUHMVQCSh
Nyusha_Nyusha|791360943276056576|2016-10-26 19:28:46|–í 23:30 –≤ –≥–æ—Å—Ç—è—Ö —É –ò–≤–∞–Ω–∞üòé urgantcom vecherniy_urgant –ú–Ω–µ –∫–∞–∂–µ—Ç—Å—è #—Å–µ–ª—Ñ–∏ –ø–æ–ª—É—á–∏–ª–æ—Å—å –Ω—É –æ—á–µ–Ω—å‚Ä¶ https://t.co/b3Pk1rL8pu
Nyusha_Nyusha|791312257015750656|2016-10-26 16:15:18|–ñ–¥—É –≤–∞—Åüòâüòò #–Ω—é—à–∞9–∂–∏–∑–Ω–µ–π #–Ω—é—à–∞2–Ω–æ—è–±—Ä—è #–Ω—é—à–∞ #nyusha @chuykov_ivan @yulialysenko https://t.co/qaISDlP8t8
Nyusha_Nyusha|791241711548829696|2016-10-26 11:34:59|–í —ç—Ç—É –ø—è—Ç–Ω–∏—Ü—É‚òùüèª28 –æ–∫—Ç—è–±—Ä—è –≤ 19:00 üòÅ –≤–º–µ—Å—Ç–µ —Å @chuykov_ivan –≤ —Ä–∞–º–∫–∞—Ö –±–æ–ª—å—à–æ–≥–æ —Å–æ–ª—å–Ω–æ–≥–æ –∫–æ–Ω—Ü–µ—Ä—Ç–∞ –≤‚Ä¶ https://t.co/ast9w0W5Ac
Nyusha_Nyusha|791180045398241280|2016-10-26 07:29:56|–í —ç—Ñ–∏—Ä–µ‚úäüèºüòé @rusradio_ru #–≤—Å–µ–±—É–¥–µ—Ç—Ö–æ—Ä–æ—à–æ #–Ω—é—à–∞9–∂–∏–∑–Ω–µ–π #–Ω—é—à–∞2–Ω–æ—è–±—Ä—è #–Ω—é—à–∞ #nyusha https://t.co/Ii9jilbDa3
Nyusha_Nyusha|790942566694940672|2016-10-25 15:46:17|–ê —Å—ä–µ–º–∫–∏-—Ç–æ  —É –Ω–∞—Å –ø—Ä–æ–¥–æ–ª–∂–∞—é—Ç—Å—è‚òùüèºÔ∏è–ì–æ–≤–æ—Ä–∏–ª–∏ —Å @minogarova –æ –ø—Ä–µ–∫—Ä–∞—Å–Ω–æ–º...üôàüôàüôà #–Ω—é—à–∞9–∂–∏–∑–Ω–µ–π‚Ä¶ https://t.co/ja6EB9MWTi
