zaynmalik|866438503667597312|2017-05-21 23:40:11|RT @thegreatkhalid: Life goal: the ability to hit a high note like @zaynmalik
zaynmalik|866411218566762497|2017-05-21 21:51:46|Can't make it to the #BBMAs tonight and know I've been away for a bit .. Finishing up these new songs for you. Be back soon ğŸ˜
zaynmalik|859874397565239296|2017-05-03 20:56:46|RT @BBMAs: #BBMAs Top New Artist nominee @zaynmalik has spent over 40 weeks on the Billboard Hot 100! ğŸ’• https://t.co/GpVnk6JsBi
zaynmalik|858101698111315968|2017-04-28 23:32:42|"This is my Mums best friend 
Please help in any way possible ğŸ™ğŸ½
https://t.co/ZAdKCNrWqp"
zaynmalik|855482252079185920|2017-04-21 18:03:57|https://t.co/AC6kz2hH9E
zaynmalik|855474457137127424|2017-04-21 17:32:59|"RT @Vevo: Surprise!!! @zaynmalik just dropped a video for ""Still Got Time"", his collab with @partynextdoor https://t.co/fsNvlZdCjY https://â€¦"
zaynmalik|855315924269662208|2017-04-21 07:03:02|"ğŸ’ https://t.co/ssKr3aTvdu
@vevo https://t.co/T2JPKlF7Dx"
zaynmalik|855199694380613632|2017-04-20 23:21:10|https://t.co/Eix6W881zh
zaynmalik|852685908411207680|2017-04-14 00:52:17|"RT @inZAYN: ğŸš¨ Sign-up &amp; stream #StillGotTime ğŸš¨ 
Giving away one SGT prize pack ğŸ’¥
@Spotify 
https://t.co/w9d5EM0FDJ"
zaynmalik|852293810407194624|2017-04-12 22:54:13|RT @ZaynReport: Japan! ğŸ‡¯ğŸ‡µ Here's your reminder that tickets for the Yokohama Arena &amp; Osaka Castle Hall shows are currently on sale!  https:â€¦
zaynmalik|852288691984670720|2017-04-12 22:33:53|"RT @inZAYN: ğŸ’¥ UPDATE ğŸ’¥
@ZaynMalik is nominated for Top New Artist at this yearâ€™s @BBMAs! #BBMAs https://t.co/XUoU9YrwVs"
zaynmalik|848872120457318401|2017-04-03 12:17:39|;) https://t.co/pvsaMgiBGy
zaynmalik|847535491461382148|2017-03-30 19:46:22|Soon can't wait to show ya ! https://t.co/DrCmxWs7yz
zaynmalik|847534957815902209|2017-03-30 19:44:15|https://t.co/dOqjUlH5HL
zaynmalik|847464065337184257|2017-03-30 15:02:32|Crazy ... https://t.co/0BQ0a518VK
zaynmalik|847463321922146304|2017-03-30 14:59:35|So quick .. and so sick https://t.co/2TIZ6bu6wW
zaynmalik|846772255988297731|2017-03-28 17:13:32|https://t.co/7GWJ74OnE1
zaynmalik|846354078917709826|2017-03-27 13:31:51|Yeah ... https://t.co/nADY1dM6zw
zaynmalik|846339555070496768|2017-03-27 12:34:08|When your ready .. ğŸ‘€ğŸ˜‚ https://t.co/B15vh8kI3G
zaynmalik|846339174445858817|2017-03-27 12:32:38|We got plenty of dem tunes don't worry ğŸ˜› https://t.co/TjTdCjk4gL
zaynmalik|846337547252981761|2017-03-27 12:26:10|Talk too much and fuck like that were songs too that didn't make it ... and drunk wasn't even a song yet so That'sâ€¦ https://t.co/rMmbawxhNa
zaynmalik|846117844110786560|2017-03-26 21:53:08|ğŸ‘€ https://t.co/0ES7xPhT6M
zaynmalik|846117576686129152|2017-03-26 21:52:05|Clouded in your love, but ill follow it
zaynmalik|846027422822793220|2017-03-26 15:53:50|@RodgersHabibii I think you'll find your Rodgers habibi haha not mine ;)
zaynmalik|846010394388910081|2017-03-26 14:46:10|To all the amazing women that gave us life .. happy Mother's Day ğŸ˜â¤ï¸ï¸big love x
zaynmalik|845464383610372096|2017-03-25 02:36:31|RT @goshtsziam: You're already used to the games, babe ğŸ¶ @zaynmalik  #STILLGOTTIME https://t.co/645KlgUvbY
zaynmalik|845459607237656576|2017-03-25 02:17:32|Amazing to meet you beautiful people tonight ... thank you for everything x â¤ï¸ï¸ https://t.co/ZjKQuEu3LG
zaynmalik|845288766394781697|2017-03-24 14:58:41|"""Still Got Time"" is number 1 on @Deezer's Brand New UK playlist, check it out here!
 https://t.co/qX9YciNaR2"
zaynmalik|845230761783410688|2017-03-24 11:08:11|ğŸ™ğŸ½ @Spotify https://t.co/Z8aksA3lCJ https://t.co/n4WkANdk3Z
zaynmalik|845122522827841537|2017-03-24 03:58:05|"RT @Vevo: ğŸš¨ğŸš¨ğŸš¨ğŸš¨
New @zaynmalik ft. @partynextdoor - ""Still Got Time"" https://t.co/owKC6sWhKF
ğŸš¨ğŸš¨ğŸš¨ğŸš¨ https://t.co/X3ilGo9JOc"
zaynmalik|845085657894551552|2017-03-24 01:31:36|https://t.co/fsGYi26XcE https://t.co/X3EmJmfP3s
zaynmalik|845081300125954048|2017-03-24 01:14:17|RT @lgbtziam: THIS IS SO FUNNY #StillGotTime https://t.co/D3l8Ozmom2
zaynmalik|845056587836395520|2017-03-23 23:36:05|RT @alulawings: Absolutely loving #STILLGOTTIME by @zaynmalik ft @partynextdoor ğŸ”¥ğŸ”¥ğŸ”¥ https://t.co/wpowLowjk7
zaynmalik|845050572394811392|2017-03-23 23:12:11|"#StillGotTime â³ @PARTYNEXTDOOR

Spotify https://t.co/qDnpUIpGvB
iTunes https://t.co/fsGYi26XcE https://t.co/gFd81NjNZ7"
zaynmalik|844241457968005120|2017-03-21 17:37:03|https://t.co/Gn1QaNoFOh
zaynmalik|844209335370760198|2017-03-21 15:29:24|Lol https://t.co/XE4dy8jbDE
zaynmalik|844208647291002880|2017-03-21 15:26:40|Don't be like that ... I promise you https://t.co/ncMRPbdFWY
zaynmalik|844207862314405888|2017-03-21 15:23:33|Soon and I mean it ğŸ˜ https://t.co/Cdp6aurkHG
zaynmalik|843654396911239168|2017-03-20 02:44:17|https://t.co/romdhrXXbN
zaynmalik|843101206276902912|2017-03-18 14:06:06|https://t.co/ujT7MDP3vR
zaynmalik|842913931157028870|2017-03-18 01:41:56|Jammin https://t.co/Th47Vn39UB
zaynmalik|842649036200976384|2017-03-17 08:09:20|https://t.co/2R43BSwj6F
zaynmalik|842197358825869313|2017-03-16 02:14:32|John legend singing pillow talk and Adam Levine stealing my old hair .. I feel cool today ğŸ‘ŒğŸ½ https://t.co/N8bpLXqZlU
zaynmalik|841847588957515777|2017-03-15 03:04:40|#VersusUncensored https://t.co/y6jqwLfcbz
zaynmalik|840897365368291328|2017-03-12 12:08:49|https://t.co/O9MYa9n0jd
zaynmalik|840895424550580225|2017-03-12 12:01:06|Too funny https://t.co/eEIy6QwJFw
zaynmalik|840137312268820480|2017-03-10 09:48:38|Oh yeah ğŸ¤“
zaynmalik|839561400817102848|2017-03-08 19:40:10|#VersusUncensored https://t.co/S3Qw2KcdfM
zaynmalik|839200391480893441|2017-03-07 19:45:39|Gangsters ... ğŸ˜ https://t.co/bzfcrCSeBz
zaynmalik|839199678495346689|2017-03-07 19:42:49|Obviously ğŸ™„ https://t.co/aKHes9uQ9h
zaynmalik|839198066334973952|2017-03-07 19:36:25|Really no need for derogatory terminology like that ...I'm excited too though ğŸ‘ŒğŸ½ğŸ˜‰ https://t.co/6TXbpAnAGd
zaynmalik|839197418382049280|2017-03-07 19:33:50|More to come ğŸ‘€
zaynmalik|839197351692619776|2017-03-07 19:33:34|Lil taster ...
zaynmalik|839195075951284224|2017-03-07 19:24:32|https://t.co/nkEeab92mb
zaynmalik|838992679455309825|2017-03-07 06:00:17|ğŸ™ŒğŸ½@iHeartRadio my G's thank you ğŸ™ŒğŸ½
zaynmalik|838838626855243776|2017-03-06 19:48:08|"RT @HQzaynmaIik: @zaynmalik x #VersusUncensored 
@Versace https://t.co/Mq522sWE19"
zaynmalik|838725256961470464|2017-03-06 12:17:38|#NewProfilePic https://t.co/se0QDadRuA
zaynmalik|838514832315801600|2017-03-05 22:21:29|"RT @TheZayNews: @zaynmalik x #VersusUncensored
@versace https://t.co/SQCW4vMR29"
zaynmalik|838438362507689984|2017-03-05 17:17:37|thank you ğŸ™ŒğŸ½ğŸ™ŒğŸ½ğŸ™ŒğŸ½ğŸ™ŒğŸ½ #iHeartAwards https://t.co/gxaJXQ2jVG
zaynmalik|838282462333710336|2017-03-05 06:58:08|When I grow up, I don't want to be as big as you, I want to be bigger -ğŸ‘ŒğŸ½
zaynmalik|838246754290053121|2017-03-05 04:36:14|"RT @UpdatingZM: #VersusUncensored x @zaynmalik!
@Versace ğŸ”¥ https://t.co/9C4oPhg9y1"
zaynmalik|838013401888608257|2017-03-04 13:08:59|ZMobile https://t.co/o3hACDgPBb
zaynmalik|838009974030757888|2017-03-04 12:55:21|RT @ZoloZaynZquaad: @zaynmalik right? https://t.co/Z0m586zVO7
zaynmalik|838008210015596544|2017-03-04 12:48:21|New life .. period https://t.co/Up7sqXgLt6
zaynmalik|838006904639139840|2017-03-04 12:43:10|I did , it fucking fell off... I laughed so hard ğŸ˜‚ https://t.co/8layB6otH2
zaynmalik|837874151440318470|2017-03-04 03:55:39|https://t.co/X1IMt2AYaD
zaynmalik|837858887722283008|2017-03-04 02:55:00|RT @zaynslow: night https://t.co/GSmb0Sc8ki
zaynmalik|837793197711466496|2017-03-03 22:33:58|RT @ZaynJMNews: #VersusUncensored @versace https://t.co/AA00UuqdTu
zaynmalik|837760615510835200|2017-03-03 20:24:30|ğŸ˜this-is-ğŸ‘ŒğŸ½ https://t.co/6q1chIxXu2
zaynmalik|837579394935894017|2017-03-03 08:24:23|It is late ... but my fans are the best I love you â¤ï¸ genuine love https://t.co/V8Voa1ANOJ
zaynmalik|837577013443571712|2017-03-03 08:14:56|This is sick ğŸ˜› https://t.co/KHGDtPfgJv
zaynmalik|837575115898507264|2017-03-03 08:07:23|Tribulation is shortly followed by mass success ğŸ˜¬
zaynmalik|837513181819879424|2017-03-03 04:01:17|Stay tuned .. #VersusUncensored https://t.co/KoqH5YYYdI
zaynmalik|837408076785307648|2017-03-02 21:03:38|Congrats x https://t.co/VtRXk9iy5V
zaynmalik|837352951102509057|2017-03-02 17:24:35|Appreciate it ğŸ‘ŒğŸ½you boss https://t.co/2I7QJw35ET
zaynmalik|836827393495085057|2017-03-01 06:36:12|7.36 AM
zaynmalik|836668335173451777|2017-02-28 20:04:10|"#ZAYNmoji
iPhone + Android
https://t.co/1spj5fOguI https://t.co/8VHPOaWXOH"
zaynmalik|835243358553423873|2017-02-24 21:41:49|"RT @mysunshizayne: still trending 

Z FOR IHEART 

#Pillowtalk #BestMusicVideo #iHeartAwards https://t.co/9HZbV3iEkc"
zaynmalik|834502251825635330|2017-02-22 20:36:55|Thank you for voting .. love you guys #britvotezayn ğŸ™ŒğŸ½ğŸ™ŒğŸ½
zaynmalik|834172725585260546|2017-02-21 22:47:30|My Life is great :)
zaynmalik|834171939988004864|2017-02-21 22:44:23|But it's all good ğŸ™ğŸ½
zaynmalik|834171865111289858|2017-02-21 22:44:05|It's a unjustifiable joke
zaynmalik|834127258910543872|2017-02-21 19:46:50|RT @SonyMusicGlobal: #ZAYNmoji is here. https://t.co/ratwrbZ7Sh https://t.co/rDBziplwoO
zaynmalik|833525874364338176|2017-02-20 03:57:09|https://t.co/fChlUutL9g
zaynmalik|833523592876879873|2017-02-20 03:48:05|@plasticrouge @zaynsdeewani I'm a roti kinda guy ğŸ˜‚ğŸ‘ŒğŸ½
zaynmalik|833522818444783616|2017-02-20 03:45:00|ğŸ’¥
zaynmalik|833522587439214592|2017-02-20 03:44:05|Can't wait to eat my badmaash curry tonight ğŸ™ŒğŸ½
zaynmalik|833175762362527744|2017-02-19 04:45:56|@Zayn_MyHero https://t.co/jBlOywpa7d
zaynmalik|833133718688509952|2017-02-19 01:58:52|..ğŸ‘€ https://t.co/oyXMKMWPIW
zaynmalik|833133055455825921|2017-02-19 01:56:13|@HoPaToStMalik hi
zaynmalik|832408953749331968|2017-02-17 01:58:54|"RT @ZaynReport: Congratulations to the first winner of our ""Draw me with Zayn"" challenge. Keep voting #Pillowtalk #BestMusicVideo #iHeartAwâ€¦"
zaynmalik|832352214098153472|2017-02-16 22:13:26|Next haircut .. ğŸ‘€ğŸ˜‚ğŸ‘ğŸ½ https://t.co/gwtrwk9uwm
zaynmalik|832350662323081217|2017-02-16 22:07:16|Sexy https://t.co/pCms2tdCUR
zaynmalik|832342445413109760|2017-02-16 21:34:37|Lovely day
zaynmalik|832043280518885377|2017-02-16 01:45:51|Vibe https://t.co/Epr2V6jSpC
zaynmalik|832017019750854656|2017-02-16 00:01:30|@disappointedesi @zaynsdeewani I knew I liked you :) ... yes they are ğŸ™ğŸ½
zaynmalik|832000649680257026|2017-02-15 22:56:27|@jdbzaddy I do ... I just woke up ha
zaynmalik|832000203989217280|2017-02-15 22:54:41|@jdbzaddy so does weed .. ğŸ‘€
zaynmalik|831998637009838080|2017-02-15 22:48:27|Bagel munching
zaynmalik|831998507774943232|2017-02-15 22:47:56|https://t.co/ijSNK2bnqW
zaynmalik|831989923737538560|2017-02-15 22:13:50|"RT @choosezaynbr: Rodger and Zayn.

#PillowTalk #BestMusicVideo #iHeartAwards @zaynmalik https://t.co/W2tCZHZy3J"
zaynmalik|831987090225127424|2017-02-15 22:02:34|"ğŸ™ŒğŸ½ğŸ™ŒğŸ½ğŸ™ŒğŸ½ @GIPHY ğŸ™ŒğŸ½ğŸ™ŒğŸ½ğŸ™ŒğŸ½
#zaynmoji : https://t.co/WqclA1obpQ https://t.co/SmNp8dNn5Z"
zaynmalik|831642085245669376|2017-02-14 23:11:38|RT @zaynnjaan: @zaynmalik me now https://t.co/bhvCk8BMoB
zaynmalik|831641463129792513|2017-02-14 23:09:10|Face timing Rodger https://t.co/Opnz3mdzGa
zaynmalik|831609859472650240|2017-02-14 21:03:35|@lordezayn you are invited ? https://t.co/8MtR8sv8sJ
zaynmalik|831609603410403328|2017-02-14 21:02:34|Party time ğŸ™ŒğŸ½
zaynmalik|831607481549807616|2017-02-14 20:54:08|Shiiiiiiiiiiit https://t.co/ftoCkZ3bj5
zaynmalik|831606711781728256|2017-02-14 20:51:05|Me right now :) https://t.co/P2UzQu5WzY
zaynmalik|831604311486443521|2017-02-14 20:41:32|Yes yes ! https://t.co/8eG7LBK4Kr
zaynmalik|831603872741232640|2017-02-14 20:39:48|That awkward moment buying your own emoji app ğŸ˜‚ https://t.co/xi8oFm7hb0
zaynmalik|831576719517589504|2017-02-14 18:51:54|"#ZAYNmoji 

iPhone : https://t.co/WqclA1obpQ 
Android : 28 Feb https://t.co/XESNnUmsgL"
zaynmalik|831308346686787585|2017-02-14 01:05:29|@rodgermaIik fuck you !
zaynmalik|831307531112706048|2017-02-14 01:02:15|@disappointedesi @zaynsdeewani butter and jelly
zaynmalik|831301958874968064|2017-02-14 00:40:06|ğŸ‘€ https://t.co/08tRURnQuZ
zaynmalik|831290767956062209|2017-02-13 23:55:38|RT @Aron3991: @zaynmalik zayn emoji app yeees https://t.co/cnYlM4khb7
zaynmalik|830910689946406912|2017-02-12 22:45:20|I don't know him...  ğŸ¤” https://t.co/GQHQgpHjUp
zaynmalik|830899487979614208|2017-02-12 22:00:49|These are amazing ha :) https://t.co/KMIMB3YB4P
zaynmalik|830679943759613952|2017-02-12 07:28:26|@zoxics @ZaynJMNews cos you love it :)
zaynmalik|830679661763964929|2017-02-12 07:27:19|@ZaynJMNews that was Rodger too
zaynmalik|830657447853334528|2017-02-12 05:59:03|"RT @ZoloZaynZquaad: .@zaynmalik i tried. Long live king Zarquad and his Rquad!!! ğŸ˜‚

#Pillowtalk #iHeartAwards #BestMusicVideo https://t.co/â€¦"
zaynmalik|830653606890082305|2017-02-12 05:43:47|@tmhzjm @harmoniaz ğŸ‘ŒğŸ½
zaynmalik|830652336238317569|2017-02-12 05:38:44|Reminds me of Farquad ! From shrek... ğŸ˜›
zaynmalik|830651640138997761|2017-02-12 05:35:58|RQUAD
zaynmalik|830110094398402560|2017-02-10 17:44:03|RT @DrawingPenciI: Calligraphy-Be Awesome https://t.co/HGaMFqFoum
zaynmalik|830103431968813056|2017-02-10 17:17:35|RT @ZaynReport: Zayn wore a bandana in honor of the #TIEDTOGETHER movement at the Billboard Power 100 Celebration on February 9, 2017 in Loâ€¦
zaynmalik|829762411259367424|2017-02-09 18:42:29|https://t.co/kQFsNpqK1c
zaynmalik|829110921502994433|2017-02-07 23:33:42|Here's me doing tie dye ğŸ™ŒğŸ½ https://t.co/teuiggfCdw
zaynmalik|829104122213302273|2017-02-07 23:06:41|So please don't try to educate me ğŸ™ğŸ½
zaynmalik|829104029301104641|2017-02-07 23:06:19|People's nerve to call me ignorant, when any chance they get I'm a terrorist!! to be a racist goes against my very existence..
zaynmalik|829061139845652480|2017-02-07 20:15:53|https://t.co/fHrRJD5mPO
zaynmalik|828820541419114496|2017-02-07 04:19:50|@KristopherRod trust me.. she likes asians ;) ğŸ‘ğŸ½
zaynmalik|828377734078291968|2017-02-05 23:00:16|RT @graceofzayn: Cute https://t.co/0x6aYT3Hdv
zaynmalik|828330364741443584|2017-02-05 19:52:03|RT @Aiden: http://t.co/LFfNyas5Iu
zaynmalik|828328125532557312|2017-02-05 19:43:09|RT @ZAYNGONADA: I flew around this planet only yesterday, because I am an alien ğŸ‘½âœ¨ğŸ¶ @zaynmalik ğŸ’š https://t.co/PWdntTpE2L
zaynmalik|828326421260931072|2017-02-05 19:36:23|I guess we're all good at doing things we shouldn't ... ğŸ˜‚ğŸ‘ğŸ½
zaynmalik|828326284388241408|2017-02-05 19:35:50|I recall someone saying to me a while back music wasn't my thing and maybe I should try something else..
zaynmalik|828319102275973120|2017-02-05 19:07:18|@Aiden mate!! Your tune!  start giving it up, bad man bopğŸ‘ŒğŸ½
zaynmalik|828052753213558784|2017-02-05 01:28:55|RT @taemaliks: LOOK AT THIS BABE @zaynmalik x7 https://t.co/4YY4r36fj3
zaynmalik|828051520432189440|2017-02-05 01:24:01|ğŸ‘ğŸ½ https://t.co/Xnch5R5CPY
zaynmalik|827916952668495873|2017-02-04 16:29:18|"RT @Zayn_AC_dev: I'm loving my layout, Hope Zquad and @zaynmalik also love it â¤ and follow me someday in 2017 !!

 #Pillowtalk #BestMusicViâ€¦"
zaynmalik|827674555917365248|2017-02-04 00:26:06|RT @zayntheist: @zaynmalik look who suddenly knows what twitter is https://t.co/1ywOMek653
zaynmalik|827674431384276992|2017-02-04 00:25:36|This is ğŸ‘ŒğŸ½ https://t.co/GhCJZhjAg9
zaynmalik|827672768242081792|2017-02-04 00:19:00|ğŸ˜ğŸ˜ğŸ˜ https://t.co/jrT8DOA4jX
zaynmalik|827672405413814272|2017-02-04 00:17:33|Working on it ... ğŸ¤“ https://t.co/Piyin4JK8X
zaynmalik|827671472776699904|2017-02-04 00:13:51|3 for life ...ğŸ˜‚ https://t.co/R2NbY1mShD
zaynmalik|827669478406107136|2017-02-04 00:05:55|Your funny though ğŸ˜‚! https://t.co/RSlhWY1A25
zaynmalik|827667039858745344|2017-02-03 23:56:14|This kid knows what time it is ğŸ™ŒğŸ½ https://t.co/QFeL66aLWu
zaynmalik|827666485149462528|2017-02-03 23:54:02|Is this your artwork ... ğŸ‘€ shit is crazy ğŸ˜² wish I could draw like you ğŸ™ŒğŸ½ https://t.co/JtDFEJeCSL
zaynmalik|827666218920222720|2017-02-03 23:52:58|G shit https://t.co/ku63XOOv4W
zaynmalik|827663771774513152|2017-02-03 23:43:15|ğŸ™ŒğŸ½ https://t.co/jVVXWAEgCJ
zaynmalik|827663303199436800|2017-02-03 23:41:23|So sick ... ğŸ™ŒğŸ½ https://t.co/AUhpyCkQNH
zaynmalik|827614950373744640|2017-02-03 20:29:15|RT @IovatomaIik: Hey @zaynmalik its for you!!! https://t.co/HnnRtK95ez
zaynmalik|827606778804269057|2017-02-03 19:56:46|https://t.co/E5Zopyk2AG
zaynmalik|827606722571145216|2017-02-03 19:56:33|https://t.co/nx4jhRZD4D
zaynmalik|827322565001519105|2017-02-03 01:07:25|It's coming soon ğŸ‘€... https://t.co/HL1937o7Iv
zaynmalik|827319508205395968|2017-02-03 00:55:16|Hey , heres a lil something https://t.co/f1Tb6aTxql
zaynmalik|826847007331323904|2017-02-01 17:37:43|"RT @RepublicRecords: Now 69Â¢ on @iTunes US: #IDontWannaLiveForever (#FiftyShadesDarker) | @zaynmalik + @taylorswift13

https://t.co/DWhHgvuâ€¦"
zaynmalik|826607095080316929|2017-02-01 01:44:23|https://t.co/llyV55zfn6
zaynmalik|826440770789875712|2017-01-31 14:43:28|This made my day ğŸ˜‚ ... â¤ï¸ï¸ https://t.co/sMSxbVRNaZ
zaynmalik|825920884170829824|2017-01-30 04:17:38|RT @befourthegIory_: A MAN https://t.co/JwipLTqe66
zaynmalik|825524902476124160|2017-01-29 02:04:08|RT @GZanottiDesign: Dropping worldwide today, #GiuseppexZayn, a new footwear collection by #GiuseppeZanotti &amp; @zaynmalik. https://t.co/yv3pâ€¦
zaynmalik|825455794523037696|2017-01-28 21:29:32|https://t.co/828zMUWpMQ
zaynmalik|825027778382745600|2017-01-27 17:08:45|Casual shot put .. ğŸ˜‚ https://t.co/aQIXKrfjTp
zaynmalik|825026059955376128|2017-01-27 17:01:55|Okay you amazing people , I see you .. ğŸ™ŒğŸ½ğŸ˜
zaynmalik|825004619860320256|2017-01-27 15:36:43|https://t.co/IQlsJkZAZE
zaynmalik|824927729917124614|2017-01-27 10:31:11|#idontwannaliveforever #fiftyshadesdarker https://t.co/5F4cR7UoMu
zaynmalik|824926607231954944|2017-01-27 10:26:44|"RT @CapitalOfficial: What a team! ğŸ™ @taylorswift13's revealed just how much she loved working with @zaynmalik on #IDontWannaLiveForever

ğŸ‘‰hâ€¦"
zaynmalik|824845298744717312|2017-01-27 05:03:38|"ğŸ”µ  ğŸ¥  ğŸ”´ https://t.co/g5ydsIQHc6

#idontwannaliveforever 
#fiftyshadesdarker https://t.co/ziz6ApP6BT"
zaynmalik|824361592720482304|2017-01-25 21:01:34|ğŸ•› Friday https://t.co/Omzb26imkQ
zaynmalik|823660255988977664|2017-01-23 22:34:42|Siiick #BRITVIDZAYN https://t.co/mxkeF2C6GW
zaynmalik|823659035995971584|2017-01-23 22:29:51|"RT @LeonElse: I'm voting for
#PillowTalk
 By my bro @zaynmalik
 for #BestMusicVideo
 at the #iHeartAwards ğŸ’€ğŸ–¤"
zaynmalik|822847566647656448|2017-01-21 16:45:22|"RT @ZaynDailyVotes: Vote for ZAYN at the 2017 @BRITs ğŸ”¥

RTs don't count. You are allowed ONE VOTE every 24h!

â€¢ #BRITVIDZAYN"
zaynmalik|822002081456263168|2017-01-19 08:45:42|https://t.co/klwXFQi2DR
zaynmalik|820342088273313792|2017-01-14 18:49:29|Massive thanks for the @Brits nominations ! #BRITVIDZAYN https://t.co/SfCzXVoGkJ
zaynmalik|819962783907184640|2017-01-13 17:42:16|RT @FiftyShades: Now avail for pre-order #FiftyShadesDarker Soundtrack feat. music from @ZaynMalik &amp; @TaylorSwift13, @Halsey &amp; more! https:â€¦
zaynmalik|819719781745979392|2017-01-13 01:36:40|ğŸ™ŒğŸ½ https://t.co/gH2xADQ3AO
zaynmalik|819570588553478145|2017-01-12 15:43:49|Getting all old and shit ! Thank you for your love and thoughts today x https://t.co/5EBG4s4aMM
zaynmalik|817133187755188225|2017-01-05 22:18:28|RT @iHeartRadio: Voting for #BestMusicVideo is both a paradise and a war zone. That's why the easy choice is #Pillowtalk for our #iHeartAwaâ€¦
zaynmalik|817065638514429952|2017-01-05 17:50:03|https://t.co/5dI1PwEFqi
zaynmalik|816482358874357760|2017-01-04 03:12:18|RT @RIAA: 2016â€™s three Debut Album Awards go to @iamkevingates @charlieputh &amp; @zaynmalik! #RIAATopCertified https://t.co/WNX79Dr5p5
zaynmalik|816482152023891968|2017-01-04 03:11:29|RT @RIAA: 2016â€™s six RIAA R&amp;B/Hip Hop Album Awards go to @Drake @iamkevingates @djkhaled @1future @zaynmalik @charlieputh #RIAATopCertifiedâ€¦
zaynmalik|816391369421778944|2017-01-03 21:10:44|#GIUSEPPExZAYN 28 JAN (usa + europe) https://t.co/wX93W3JDG6
zaynmalik|816345026443653120|2017-01-03 18:06:35|RT @CRFASHIONBOOK: EXCLUSIVEâ€”watch @zaynmalik brood in his debut @GZanottiDesign campaign video: https://t.co/4cFoHxYgn7 https://t.co/yeaqbâ€¦
zaynmalik|816306153411878912|2017-01-03 15:32:07|RT @voguemagazine: Here is your first look at @zaynmalik's new shoe collaboration with @GZanottiDesign. https://t.co/jvQFgxTnDc
zaynmalik|816044402799824896|2017-01-02 22:12:01|RT @ZaynJMNews: Thank you @zaynmalik for #Z016. See you in #Z017. https://t.co/y1z5htssZC
zaynmalik|815658751440977920|2017-01-01 20:39:35|"Big up to the new year :)
ğŸ™ŒğŸ½"
zaynmalik|812404414736662528|2016-12-23 21:08:00|So sick Toby ğŸ‘ŒğŸ½ @talenthouse https://t.co/iQeigZc3U5
zaynmalik|811010598657851393|2016-12-20 00:49:29|Surreal shit ... words can't explain how i feel, the love is real â¤ï¸ï¸ https://t.co/WdAjmArTeT
zaynmalik|810195565812203520|2016-12-17 18:50:50|Lol ğŸ˜‚ https://t.co/ey4SiFP8uB
zaynmalik|809803379023056896|2016-12-16 16:52:25|Help @shelterboxusa provide relief https://t.co/ull8gJqJyf #Aleppo
zaynmalik|809382111459364865|2016-12-15 12:58:27|RT @RCALabelGroupUK: a lot of great music in 2016 ğŸ˜&amp;ğŸ‘Œchoices by the .@officialcharts team @Beyonce @zaynmalik  @DavidBowieReal  @jtimberlakâ€¦
zaynmalik|809123659734355968|2016-12-14 19:51:27|"RT @ZaynJMNews: Vote for Zayn for the #PCAs!
âšªï¸ Fave Breakout Artist: https://t.co/CJnal63TCy
âšªï¸ Fave Song: https://t.co/A7bUIDSeSl https:/â€¦"
zaynmalik|809041407830728705|2016-12-14 14:24:37|Thanks @MorningMashUp â˜ğŸ½ https://t.co/UsnfcD8mCM
zaynmalik|808669773991067648|2016-12-13 13:47:53|@elvisduran thanks for the morning bonus
zaynmalik|808665137636777984|2016-12-13 13:29:27|thanks for having me @elvisduranshow ğŸ™ŒğŸ½ https://t.co/Y8lfPSpl8P
zaynmalik|807235766892036096|2016-12-09 14:49:39|@Louis_Tomlinson love you bro! All of your family is in my prayers. proud of your strength and  know your mum is too x
zaynmalik|807103616356126720|2016-12-09 06:04:32|#1
zaynmalik|807078575912480770|2016-12-09 04:25:01|"#IDONTWANNALIVEFOREVER @taylorswift13 @FiftyShades 

https://t.co/29qTancSJT
@AppleMusic https://t.co/yxXL739E9R"
zaynmalik|806981823972646912|2016-12-08 22:00:34|RT @officialcharts: .@Zayn's Pillowtalk was of the UK's most watched videos on Vevo. The full Top 10 â¡ https://t.co/m5QbULRaOh https://t.coâ€¦
