olleeeeeg|846401956776235008|2017-03-27 16:42:06|@retnerr –¥–∞
olleeeeeg|845969809854664704|2017-03-26 12:04:54|@_darkdarybur https://t.co/TihBHAJ5uB
olleeeeeg|845969183506599939|2017-03-26 12:02:25|@maria_kpstn —á–µ –∑–∞ –≤–∏–¥–æ—Å?
olleeeeeg|845482976477634560|2017-03-25 03:50:24|"–ú–Ω–µ –∂–∏—Ç—å –µ—â–µ –Ω–µ –ø–æ–∑–¥–Ω–æ,
–ê —É–º–∏—Ä–∞—Ç—å —Ç–∞–∫ —Ä–∞–Ω–æ."
olleeeeeg|845109732834775040|2017-03-24 03:07:16|–ù—É –∏, –µ—Å–ª–∏ –Ω–µ —Å–ª–æ–∂–Ω–æ, –∫–Ω–∏–≥—É –¥–æ—á–∏—Ç–∞—Ç—å. –ù—É –≤–∞–º –∂–µ –Ω–µ —Å–ª–æ–∂–Ω–æ?
olleeeeeg|845109404596932608|2017-03-24 03:05:58|–ü—Ä–∏–µ–∑–∂–∞–π—Ç–µ –≤ –ù–∞–Ω—Å–∏ –∏ –∑–∞—Å—Ç–∞–≤—å—Ç–µ –º–µ–Ω—è –≤—ã—É—á–∏—Ç—å —Ñ—Ä–∞–Ω—Ü—É–∑—Å–∫–∏–π. –ù—É –∏ –∞–Ω–≥–ª–∏–π—Å–∫–∏–º –ø–æ–∑–∞–Ω–∏–º–∞—Ç—å—Å—è. –ù—É –∏ –Ω–æ–≤—ã–µ —Å–ª–æ–≤–∞ –ø–æ —á–µ—à—Å–∫–æ–º—É –≤—ã—É—á–∏—Ç—å.
olleeeeeg|845109039285587968|2017-03-24 03:04:30|–ù–µ –≤—ã—É—á–∏–≤ —Ç–æ–ª–∫–æ–º –∞–Ω–≥–ª–∏–π—Å–∫–∏–π, —Ñ—Ä–∞–Ω—Ü—É–∑—Å–∫–∏–π, –∏—Å–ø–∞–Ω—Å–∫–∏–π –∏ —á–µ—à—Å–∫–∏–π —Ö–æ—á—É –Ω–∞—á–∞—Ç—å –∏–∑—É—á–µ–Ω–∏–µ –∏—Ç–∞–ª—å—è–Ω—Å–∫–æ–≥–æ –∏ –ø–æ—Ä—Ç—É–≥–∞–ª—å—Å–∫–æ–≥–æ.
olleeeeeg|845108717746049024|2017-03-24 03:03:14|–ö–∞–∫–æ–π –∂–µ —è —Ç–∏–ø–∏—á–Ω—ã–π —Å–∫–∞–Ω–µ—Ä üò¨
olleeeeeg|844889921965973504|2017-03-23 12:33:49|@brupsen –∞–≥–∞, —Å–∞–º–æ–µ –≤—Ä–µ–º—è –∑–∞–±–ª—É–¥–∏—Ç—å—Å—è –≤ –õ–æ–Ω–¥–æ–Ω–µ
olleeeeeg|844730451038212098|2017-03-23 02:00:08|@brupsen —É–∂–µ —Ç–∞–∫ –¥—É–º–∞—é üòÅ
olleeeeeg|842515595878981632|2017-03-16 23:19:05|@maria_kpstn –∞—Ö–∞—Ö–∞—Ö–∞—Ö, –æ—Ç–∫—É–¥–∞ —É —Ç–µ–±—è —Å—Ç–æ–ª—å–∫–æ –¥–µ–Ω–µ–≥??
olleeeeeg|842515280056193025|2017-03-16 23:17:50|@maria_kpstn –Ω–µ –ø–æ—Å—Ç–µ—Å–Ω—è—é—Å—å —Å–ø—Ä–æ—Å–∏—Ç—å, –∞ –∫—É—á—É —ç—Ç–æ —Å–∫–æ–ª—å–∫–æ?
olleeeeeg|842494203431211008|2017-03-16 21:54:05|"#np Anacondaz - –ê–Ω–≥–µ–ª
–ù–∞ —Ä–µ–ø–∏—Ç–µ –ø—Ä–æ—Å—Ç–æ."
olleeeeeg|842406633221296132|2017-03-16 16:06:07|–î–µ–Ω—å —É–¥–∞–ª—Å—è - —ç—Ç–æ –∫–æ–≥–¥–∞ —Å–Ω—è–ª —Å –∫–∞—Ä—Ç—ã –Ω–∞–ª–∏—á–∫—É –ø–æ 65‚ÇΩ –∑–∞ 1‚Ç¨.
olleeeeeg|842406151761330177|2017-03-16 16:04:12|–¢–æ–ª—å–∫–æ –Ω–µ –≥–Ω–µ–≤–∞–π—Ç–µ—Å—å –Ω–∞ –º–µ–Ω—è. –£ –Ω–∞—Å +19! https://t.co/Jfd5VTONvW
olleeeeeg|842135732823183360|2017-03-15 22:09:39|Every time my friends hang out without me I'm like https://t.co/p6w0GKU7rB
olleeeeeg|841964314282086404|2017-03-15 10:48:30|–ú–æ–π –ª—é–±–∏–º—ã–π –ø–µ—Ä—Å–æ–Ω–∞–∂ –∏–∑ –≤—Å–µ—Ö —Å–µ—Ä–∏–∞–ª–æ–≤, –∫–æ—Ç–æ—Ä—ã–µ —è –∫–æ–≥–¥–∞-–ª–∏–±–æ —Å–º–æ—Ç—Ä–µ–ª (–∞ —è –ø–æ—Å–º–æ—Ç—Ä–µ–ª –∏—Ö –º–Ω–æ–≥–æ, —É–∂ –ø–æ–≤–µ—Ä—å—Ç–µ), - –æ–¥–Ω–æ–∑–Ω‚Ä¶ https://t.co/QIehbda4W8
olleeeeeg|841744810671259653|2017-03-14 20:16:16|"–£—Ä–æ–≤–µ–Ω—å –¥–µ–¥—É–∫—Ü–∏–∏: –∑–Ω–∞—é, –∫—Ç–æ –ø—Ä–µ—Å—Ç—É–ø–Ω–∏–∫ –≤ ""–°–∫—É–±–∏-–î—É"" –µ—â—ë –¥–æ —Ç–æ–≥–æ, –∫–∞–∫ –µ–≥–æ —Ä–∞–∑–æ–±–ª–∞—á–∏–ª–∏."
olleeeeeg|840720820163006465|2017-03-12 00:27:18|@Typical_MISiS @mamamaMariama —Å–æ–±—Ä–∞–ª–∏—Å—å —ç–∫—Å–ø–µ—Ä—Ç—ã üòÖ
olleeeeeg|840707842789244929|2017-03-11 23:35:43|@mamamaMariama –Ω—É –¥—ã–∫ —ç—Ç–æ –∂–µ –î—É–º—Å–∫–∞—è. –ù–∏—á–µ–≥–æ —É–¥–∏–≤–∏—Ç–µ–ª—å–Ω–æ–≥–æ.
olleeeeeg|839947443550760961|2017-03-09 21:14:10|"RT @Ein_J: —É—á–∏—Ç—å –Ω–æ–≤—ã–π —è–∑—ã–∫:
""–º–µ–Ω—è –∑–æ–≤—É—Ç –º–∞—à–∞""
""—è –ª—é–±–ª—é —è–±–ª–æ–∫–∏""

—É—á–∏—Ç—å –ª–∞—Ç—ã–Ω—å:
""–≥–∞–ª–ª—ã –∂–∏–≤—É—Ç –ø—Ä–∏–º–∏—Ç–∏–≤–Ω–æ""
""–æ—Ä–µ–ª –ø–æ–∂–∏—Ä–∞–µ—Ç –ø–µ—á–µ–Ω—å –ø—Ä–æ–º–µ—Ç–µ—è"""
olleeeeeg|839565348617715713|2017-03-08 19:55:52|You can't run away from yourself no matter how hard you try.
olleeeeeg|839132638459936768|2017-03-07 15:16:25|RT @HalElrod: It's okay to be average, as long as you surround yourself with extraordinary people that you become the average of.
olleeeeeg|839091423773360128|2017-03-07 12:32:39|–ï–µ–µ–µ–µ, –∑–∞—Ç–∞—â–∏–ª —á–µ—à—Å–∫–∏–π üí™üèª
olleeeeeg|838455914948608001|2017-03-05 18:27:22|@retnerr –Ω—É –Ω–∞–∫–æ–Ω–µ—Ü-—Ç–æ.
olleeeeeg|838111439390912512|2017-03-04 19:38:33|–°—É—à–∏ –∑–∞ 13‚Ç¨? –î–∞ –Ω—É –Ω–∞—Ö–µ—Ä —ç—Ç—É –≤–∞—à—É –§—Ä–∞–Ω—Ü–∏—é!
olleeeeeg|837349807177990144|2017-03-02 17:12:05|"@Ness_Bodryagina –æ—Ç —Å–æ–∑–¥–∞—Ç–µ–ª–µ–π ""Clear or not"" &amp; ""Very nice"""
olleeeeeg|837244291286200320|2017-03-02 10:12:48|–î—Ä—É–∂—É —Ç–æ–ª—å–∫–æ —Å —Ç–µ–º–∏, –∫—Ç–æ –∂–∏–≤—ë—Ç —Å–æ –º–Ω–æ–π –Ω–∞ –æ–¥–Ω–æ–º —ç—Ç–∞–∂–µ. #lazyman https://t.co/IiIx1pGUl5
olleeeeeg|836854270389518336|2017-03-01 08:23:00|–ü–æ–∑–¥—Ä–∞–≤–ª—è—é –Ω–∞—Å –≤—Å–µ—Ö —Å —Ç–µ–º, —á—Ç–æ –º—ã –ø–µ—Ä–µ–∂–∏–ª–∏ —ç—Ç—É –∑–∏–º—É! üéâ
olleeeeeg|836851961131565056|2017-03-01 08:13:50|"""–õ–µ–≥–µ–Ω–¥–∞ #17"" - —Ä—É—Å—Å–∫–æ–µ –∫–∏–Ω–æ, –∫–æ—Ç–æ—Ä–æ–µ –º—ã –∑–∞—Å–ª—É–∂–∏–ª–∏!"
olleeeeeg|836440900897210369|2017-02-28 05:00:25|RT @StalinGulag: –ü–æ—Å–ª–µ —Ü–µ—Ä–µ–º–æ–Ω–∏–∏ –û—Å–∫–∞—Ä –≤—Å—ë —Å—Ç–∞–ª–æ –ø–æ–Ω—è—Ç–Ω–æ: —ç—Ç–æ –Ω–µ —Ç—ã –Ω–µ—É–¥–∞—á–Ω–∏–∫, —ç—Ç–æ –ø—Ä–æ—Å—Ç–æ —Ç—ã –∂–∏–∑–Ω—å –Ω–µ—É–¥–∞—á–Ω–∏–∫–∞ –ø–æ–ª—É—á–∏–ª –ø–æ –æ—à–∏–±–∫–µ! –í—ã–¥—ã—Ö–∞–π
olleeeeeg|836439324103225345|2017-02-28 04:54:09|–ö–∞–∂–¥—ã–π —Ä–∞–∑, –∫–æ–≥–¥–∞ —É –º–µ–Ω—è —Ç—É–ø–∏—Ç –ò–Ω—Ç–µ—Ä–Ω–µ—Ç, —è –º–æ–ª—é—Å—å –ë–æ–≥—É. –ê —è –∞—Ç–µ–∏—Å—Ç, –Ω–∞ –º–∏–Ω—É—Ç–æ—á–∫—É.
olleeeeeg|836438149123489793|2017-02-28 04:49:29|–ß–∏—Å—Ç–∞—è –ø—Ä–∞–≤–¥–∞. https://t.co/OuAJags26y
olleeeeeg|836437701977128960|2017-02-28 04:47:43|"RT @cliqqque: –õ—É—á—à–∏–π —Ä–µ–∂–∏—Å—Å—ë—Ä ‚Äì –î—ç–º—å–µ–Ω –®–∞–∑–µ–ª–ª (¬´–õ–∞ –õ–∞ –õ—ç–Ω–¥¬ª)!!!

–î–ê, –°–£–ö–ê, –î–ê! https://t.co/6JJaTRq1e1"
olleeeeeg|836436823803060224|2017-02-28 04:44:13|@murr_ollie –æ–Ω –∫—É—Ä–∏—Ç?
olleeeeeg|835988086035214338|2017-02-26 23:01:06|–≠—Ç–æ —è. https://t.co/B66XhkPTBj
olleeeeeg|835975504574447620|2017-02-26 22:11:06|–ë–æ–≥ –ø—Ä–æ—Å—Ç–∏—Ç. –ê —è –Ω–µ –ø—Ä–æ—â—É.
olleeeeeg|835578532503908354|2017-02-25 19:53:41|RT @girlposts: Laying in bed trying to find that comfortable spot you were just in  https://t.co/dtboKT39Me
olleeeeeg|835320932252135425|2017-02-25 02:50:04|–Ø –Ω–∞—á–∏–Ω–∞—é –ø—É—Ç–∞—Ç—å –≤—Å–µ —á–µ—Ç—ã—Ä–µ —è–∑—ã–∫–∞. –ú–µ–Ω—è —ç—Ç–æ –ø—É–≥–∞–µ—Ç.
olleeeeeg|835167501113778176|2017-02-24 16:40:23|"""–ò–¥–µ–∞–ª—å–Ω—ã–µ –Ω–µ–∑–Ω–∞–∫–æ–º—Ü—ã"" - –æ—Ç–ª–∏—á–Ω—ã–π –∏—Ç–∞–ª—å—è–Ω—Å–∫–∏–π —Ñ–∏–ª—å–º! –í—Å–µ–º –æ—á–µ–Ω—å —Å–æ–≤–µ—Ç—É—é! –ê –Ω—É –±–µ–≥–æ–º —Å–º–æ—Ç—Ä–µ—Ç—å!"
olleeeeeg|834887534408843264|2017-02-23 22:07:54|–†–∞—Å—Å—Ç–∞–≤–∞—Ç—å—Å—è - –Ω–æ–≤–æ–µ –∏—Å–∫—É—Å—Å—Ç–≤–æ.
olleeeeeg|834631632141316097|2017-02-23 05:11:02|"–ù–µ –≤—ã—Ö–æ–¥–∏ –∏–∑ –∫–æ–º–Ω–∞—Ç—ã! –ù–∞ —É–ª–∏—Ü–µ, —á–∞–π, –Ω–µ –§—Ä–∞–Ω—Ü–∏—è.
–•–æ—Ç—è –ø–æ–¥–æ–∂–¥–∏—Ç–µ, –æ–Ω–∞ —Å–∞–º–∞—è."
olleeeeeg|833283898218012672|2017-02-19 11:55:37|@Typical_MISiS –µ—Å—Ç–µ—Å—Ç–≤–µ–Ω–Ω–æ
olleeeeeg|833059987471601664|2017-02-18 21:05:53|"–ü–æ—Å–º–æ—Ç—Ä–µ—Ç—å –≤—Å–µ —á–∞—Å—Ç–∏ ""–í–ª–∞—Å—Ç–µ–ª–∏–Ω–∞ –∫–æ–ª–µ—Ü"" –ø–æ–¥—Ä—è–¥? –ü–æ—á–µ–º—É –±—ã –∏ –¥–∞? https://t.co/ZkcwxRlf3H"
olleeeeeg|830800911769415681|2017-02-12 15:29:07|"RT @divan_critic: –í —á–µ—Å—Ç—å #GRAMMYs —Ä–∞–∑—ã–≥—Ä—ã–≤–∞—é –ª—é–±–æ–π –∞–ª—å–±–æ–º –∏–∑ iTunes –Ω–∞ –≤—ã–±–æ—Ä.
–£—Å–ª–æ–≤–∏—è: 
- –±—ã—Ç—å –ø–æ–¥–ø–∏—Å–∞–Ω–Ω—ã–º –Ω–∞ –º–µ–Ω—è
- —Ä–µ—Ç–≤–∏—Ç–Ω—É—Ç—å —ç—Ç–æ—Ç —Ç–≤–∏—Ç‚Ä¶"
olleeeeeg|829575667616452609|2017-02-09 06:20:26|@mamamaMariama –Ω–∞–∑–∞–¥ –¥–æ—Ä–æ–≥–∏, —É–≤—ã, –Ω–µ—Ç.
olleeeeeg|829573680984420353|2017-02-09 06:12:32|RT @maria_kpstn: 19 –ª–µ—Ç - —ç—Ç–æ —Ç–æ—Ç –≤–æ–∑—Ä–∞—Å—Ç, –∫–æ–≥–¥–∞ –≤ –º–∞–≥–∞–∑–∏–Ω–µ —Ç—ã –±–µ—Ä–µ—à—å —Å–µ–±–µ —à–∞–º–ø–∞–Ω—Å–∫–æ–µ –∏ –∫–∏–Ω–¥–µ—Ä-—Å—é—Ä–ø—Ä–∏–∑ üòÅüòä
olleeeeeg|828741076638904321|2017-02-06 23:04:04|@Typical_MISiS –∑–∞—á–µ–º —Ç–µ–±–µ –≤–∏–∑–∞ üòÖ –¢–µ–±–µ –∂–µ –Ω–µ –æ–±—è–∑–∞—Ç–µ–ª—å–Ω–æ –≤ —ç—Ç–æ—Ç —Ç—É—Ä –µ—Ö–∞—Ç—å üòÇ
olleeeeeg|828739456068939777|2017-02-06 22:57:38|@Typical_MISiS @vavo4ka —ç—Ç–æ –Ω–µ –º–æ–π –≤–∞—Ä–∏–∞–Ω—Ç. –ß—É–≤–∞–∫ –∫—Ä—É—Ç–æ–π —Ç—É—Ä —Å–¥–µ–ª–∞–ª, –Ω–æ –æ–Ω, –≤ –æ—Ç–ª–∏—á–∏–∏ –æ—Ç –º–æ–µ–≥–æ, –Ω–µ —Å–æ–æ—Ç–≤–µ—Ç—Å–≤—É–µ—Ç –ø—Ä–∞–≤–∏–ª–∞–º –∫–æ–Ω–∫—É—Ä—Å–∞ ü§ó
olleeeeeg|828738958947389441|2017-02-06 22:55:39|#Gaga –≤—Å–µ-—Ç–∞–∫–∏ —à–∏–∫–∞—Ä–Ω–æ –≤—ã—Å—Ç—É–ø–∏–ª–∞ –Ω–∞ Super Bowl üèâüé∂ –ü–æ–¥—É–º—ã–≤–∞—é –æ –ø–æ–µ–∑–¥–∫–µ –Ω–∞ –æ–¥–∏–Ω –∏–∑ –µ—ë –µ–≤—Ä–æ–ø–µ–π—Å–∫–∏—Ö –∫–æ–Ω—Ü–µ—Ä—Ç–æ–≤ –≤ —ç—Ç–æ–º –≥–æ–¥—É ü§î
olleeeeeg|828735509103050752|2017-02-06 22:41:57|@vavo4ka –≤ –ª–∏—á–∫—É —Å–∫–∏–Ω—É))
olleeeeeg|828735370485436416|2017-02-06 22:41:24|@maria_kpstn @Ness_Bodryagina —ç—Ç–æ –¥–ª—è –≤—Å–µ—Ö –∫–∞—Ç–µ–≥–æ—Ä–∏–π –≥—Ä–∞–∂–¥–∞–Ω üòÖüôåüèª
olleeeeeg|828588167330725889|2017-02-06 12:56:28|@brupsen —Ç–∞–∫ —è —Å–∞–º –∏ –Ω–µ —Å–æ–±–∏—Ä–∞—é—Å—å –µ—Ö–∞—Ç—å, —è –¥—Ä—É–≥–∏–º –ø—Ä–µ–¥–ª–∞–≥–∞—é üòÇ
olleeeeeg|828587417590448128|2017-02-06 12:53:29|@brupsen –∫–∞—É—á–µ—Ä—ã –ª—é–±–∏–º—ã–µ üôà
olleeeeeg|828577758087376897|2017-02-06 12:15:06|–°–æ—Å—Ç–∞–≤–∏–ª –µ–≤—Ä–æ—Ç—É—Ä –¥–ª–∏—Ç–µ–ª—å–Ω–æ—Å—Ç—å—é –≤ –¥–≤–∞ —Å –ø–æ–ª–æ–≤–∏–Ω–æ–π –º–µ—Å—è—Ü–∞ –∑–∞ 20k. 17 —Å—Ç—Ä–∞–Ω. 20 –ø–µ—Ä–µ–ª–µ—Ç–æ–≤. –ù–∞—á–∞–ª–æ –≤ –ú–æ—Å–∫–≤–µ 9 —Ñ–µ–≤—Ä–∞–ª—è. –ï—Å—Ç—å –∂–µ–ª–∞—é—â–∏–µ? üòÖ
olleeeeeg|828567358436438016|2017-02-06 11:33:46|@maria_kpstn that's right üëåüèª
olleeeeeg|828566675964456960|2017-02-06 11:31:04|–í–æ—Ç –≤–∞–º –∏ –≤—Å—è —Ä–∞–∑–Ω–∏—Ü–∞. https://t.co/flIGyAhVyE
olleeeeeg|827932133826109440|2017-02-04 17:29:37|–ü–æ—Å–ª–µ–¥–Ω–∏–µ –Ω–µ—Å–∫–æ–ª—å–∫–æ –¥–Ω–µ–π –º–æ–π –ø–ª–µ–π–ª–∏—Å—Ç —Å–æ—Å—Ç–æ–∏—Ç –∏–∑ –ø–µ—Å–µ–Ω –¢–∞—Ç—É –∏ —Å–±–æ—Ä–Ω–∏–∫–∞ –ø–µ—Å–µ–Ω –≤—Å–µ—Ö —Å–µ–∑–æ–Ω–æ–≤ –§–∞–±—Ä–∏–∫–∏ –ó–≤—ë–∑–¥.
olleeeeeg|827690627693477888|2017-02-04 01:29:58|–ü–ª–æ—Ö–æ –±—ã—Ç—å –Ω–æ—Ä–º–∞–ª—å–Ω—ã–º. –í–µ—Ä–æ—è—Ç–Ω–æ—Å—Ç—å —Å—Ç–∞—Ç—å –≤–µ–ª–∏–∫–∏–º —Å–≤–æ–¥–∏—Ç—Å—è –∫ –Ω—É–ª—é.
olleeeeeg|827008244644212736|2017-02-02 04:18:25|–ñ–∏—Ç—å —Å–µ–≥–æ–¥–Ω—è—à–Ω–∏–º –¥–Ω—ë–º, —Å—Ç—Ä–æ—è –ø–ª–∞–Ω—ã –Ω–∞ –±—É–¥—É—â–µ–µ. –í–æ–∑–º–æ–∂–Ω–æ –ª–∏?
olleeeeeg|826600810784124929|2017-02-01 01:19:25|"–Ø–Ω–≤–∞—Ä—å: wasted
–ó–∞–Ω–æ—Å–∏—Ç–µ —Ñ–µ–≤—Ä–∞–ª—å!"
olleeeeeg|823835318457692160|2017-01-24 10:10:20|–í—á–µ—Ä–∞ –ø–æ—Å–ª–µ –ø–∞—Ä—ã —á–µ—à—Å–∫–æ–≥–æ –Ω–∞ —Ñ—Ä–∞–Ω—Ü—É–∑—Å–∫–æ–º, —Å–ª—É—à–∞—è –ø–µ—Å–Ω—é –Ω–∞ –∞–Ω–≥–ª–∏–π—Å–∫–æ–º –∏ –¥—É–º–∞—è –ø–æ-—Ä—É—Å—Å–∫–∏, —è —à—ë–ª –¥–æ–º–æ–π –∏ –∏—Å—Ç–µ—Ä–∏—á–Ω–æ —Ö–∏—Ö–∏–∫–∞–ª.
olleeeeeg|823834268824649728|2017-01-24 10:06:10|–ü–∞—Ä–∞ –≤ 8 —É—Ç—Ä–∞? I'm loving it! (–Ω–µ—Ç)
olleeeeeg|823670401645629440|2017-01-23 23:15:01|RT @literabook: https://t.co/o9T40MhBQI
olleeeeeg|823237032621314050|2017-01-22 18:32:58|@murr_ollie –ø–æ-–º–æ–µ–º—É –≤—Å–µ –æ—á–µ–Ω—å –¥–∞–∂–µ —Ç–∞–∫ üëçüèª
olleeeeeg|822470588300165120|2017-01-20 15:47:23|@brupsen –ì—Ä–µ—Ü–∏—è –Ω–∞ –ø–æ–ª–º–µ—Å—è—Ü–∞? –û–Ω–∏ –º–Ω–µ –≤ –ø—É—Å—Ç–æ–π –ø–∞—Å–ø–æ—Ä—Ç —à–µ–Ω–≥–µ–Ω –Ω–∞ –ø–æ–ª–≥–æ–¥–∞ –ø–æ—Å—Ç–∞–≤–∏–ª–∏ üòÖüôåüèª
olleeeeeg|822470256174202880|2017-01-20 15:46:04|@AnastasiaYats –Ω—É –≤–æ—Ç –æ–Ω–∏ –Ω–∞ –≥—Ä–∞–º–º–∞—Ç–∏–∫–µ —É—á–∞—Ç, —á—Ç–æ –≤ –∞–Ω–≥–ª–∏–π—Å–∫–æ–º 2 (!) –≤—Ä–µ–º–µ–Ω–∏, –Ω–∞–ø—Ä–∏–º–µ—Ä.
olleeeeeg|822456606994661376|2017-01-20 14:51:50|@brupsen –∞ —Ç—ã –≤ —á–µ–π –≤–∏–∑–æ–≤—ã–π —Ü–µ–Ω—Ç—Ä –¥–æ–∫—É–º–µ–Ω—Ç—ã –ø–æ–¥–∞–≤–∞–ª?
olleeeeeg|822456351133732864|2017-01-20 14:50:49|@brupsen –∫—É–¥–∞ —Å–æ–±—Ä–∞–ª—Å—è? –ù–∞ —Å–∫–æ–ª—å–∫–æ –¥–∞–ª–∏?
olleeeeeg|822455921465036800|2017-01-20 14:49:06|–í–æ—Ç –∑–Ω–∞–µ—Ç–µ, —É —Ñ—Ä–∞–Ω—Ü—É–∑–æ–≤ –¥–∞–∂–µ —Å–∏—Å—Ç–µ–º–∞ –∏–∑—É—á–µ–Ω–∏—è –∞–Ω–≥–ª–∏–π—Å–∫–æ–≥–æ —Å–æ–≤—Å–µ–º –¥—Ä—É–≥–∞—è, —Å–≤–æ—è —Å–æ–±—Å—Ç–≤–µ–Ω–Ω–∞—è, –Ω–∏ –Ω–∞ —á—Ç–æ –Ω–µ –ø–æ—Ö–æ–∂–∞—è.
olleeeeeg|822454442293424128|2017-01-20 14:43:14|@brupsen —à–µ–Ω–≥–µ–Ω –¥–µ–ª–∞–µ—à—å?
olleeeeeg|822243527434366977|2017-01-20 00:45:08|RT @Ness_Bodryagina: –°–ª—É—à–∞—é –ø–µ—Å–Ω–∏ –Ω–∞ —Ñ—Ä–∞–Ω—Ü—É–∑—Å–∫–æ–º –∏ —Å–∫—É—á–∞—é –ø–æ @olleeeeeg üòû
olleeeeeg|822117814697951233|2017-01-19 16:25:35|–°–µ–≥–æ–¥–Ω—è –Ω–∞–∫–æ–Ω–µ—Ü-—Ç–∞–∫–∏ –±—ã–ª–∞ –ø–∞—Ä–∞ –Ω–∞ –∞–Ω–≥–ª–∏–π—Å–∫–æ–º (!) –¢–∞–∫ –∞–Ω–≥–ª–∏–π—Å–∫–æ–º—É —è –µ—â—ë –Ω–∏–∫–æ–≥–¥–∞ –Ω–µ —Ä–∞–¥–æ–≤–∞–ª—Å—è üòÖ
olleeeeeg|822117493871378432|2017-01-19 16:24:19|–°–ª—É—à–∞—Ç—å –∫–∞–∫ —Ñ—Ä–∞–Ω—Ü—É–∑—ã –≥–æ–≤–æ—Ä—è—Ç –Ω–∞ —Ä—É—Å—Å–∫–æ–º - —ç—Ç–æ –æ–¥–Ω–æ —Å–ø–ª–æ—à–Ω–æ–µ —É–º–∏–ª–µ–Ω–∏–µ üòç
olleeeeeg|822039468551061504|2017-01-19 11:14:16|–û–Ω –¥–æ—Å—Ç–∞–Ω–µ—Ç —Ç–µ–±—è –≤–µ–∑–¥–µ! üòà https://t.co/ieSPQzEBhS
olleeeeeg|822035450516934656|2017-01-19 10:58:18|"–ö—Ç–æ –∏–¥—ë—Ç –≤ —Å—É–±–±–æ—Ç—É —Å–º–æ—Ç—Ä–µ—Ç—å ""–õ–∞ –õ–∞ –õ—ç–Ω–¥"" –≤–æ —Ñ—Ä–∞–Ω—Ü—É–∑—Å–∫–∏–π –∫–∏–Ω–æ—Ç–µ–∞—Ç—Ä? –ê—Ö –Ω—É –¥–∞, —ç—Ç–æ –∂–µ —è!"
olleeeeeg|822033743779102720|2017-01-19 10:51:31|@Ness_Bodryagina –º–∏–ª–æ—Ç–∞ ‚ù§Ô∏è
olleeeeeg|821710356380864512|2017-01-18 13:26:30|"RT @literabook: ‚Äî –ò —á—Ç–æ —Ç—ã –Ω–∞–∑—ã–≤–∞–µ—à—å —Å–≤–æ–±–æ–¥–æ–π? 
‚Äî –ù–∏ –æ —á–µ–º –Ω–µ –ø—Ä–æ—Å–∏—Ç—å. –ù–∏ –Ω–∞ —á—Ç–æ –Ω–µ –Ω–∞–¥–µ—è—Ç—å—Å—è. –ù–∏ –æ—Ç —á–µ–≥–æ –Ω–µ –∑–∞–≤–∏—Å–µ—Ç—å. 

–ê–π–Ω –†—ç–Ω–¥ ""–ò—Å—Ç–æ—á–Ω–∏–∫"""
olleeeeeg|821706466679779328|2017-01-18 13:11:02|–ù–∞–±–ª—é–¥–∞—Ç—å –∫–∞–∫ —Ñ—Ä–∞–Ω—Ü—É–∑—ã –∂–∞–ª—É—é—Ç—Å—è –Ω–∞ —Ä–∞–∑–Ω–∏—Ü—É –≤ –ø—Ä–æ–∏–∑–Ω–æ—à–µ–Ω–∏–∏ –∏ –Ω–∞–ø–∏—Å–∞–Ω–∏–∏ —Å–ª–æ–≤ –≤ –∞–Ω–≥–ª–∏–π—Å–∫–æ–º —è–∑—ã–∫–µ - –±–µ—Å—Ü–µ–Ω–Ω–æ. –ù–∞ —Å–≤–æ–π —è–∑—ã–∫ –±—ã –ø–æ—Å–º–æ—Ç—Ä–µ–ª–∏ üòÖ
olleeeeeg|821315100321660928|2017-01-17 11:15:53|–ü–µ—Ä–µ–≤–æ–¥ - –æ–¥–Ω–∞ –∏–∑ —Å–∞–º—ã—Ö —Å—Ç—Ä–µ—Å—Å–æ–≤—ã—Ö –ø–∞—Ä –≤ –º–æ–µ–π –∂–∏–∑–Ω–∏. –•–æ—Ç—è –ø—Ä–µ–ø–æ–¥ –æ—á–µ–Ω—å –∫—Ä—É—Ç–æ–π!
olleeeeeg|821125645329633280|2017-01-16 22:43:04|@brupsen –Ω—É —Ç–∞–∫ –≤ –∏–Ω—Å—Ç—É –≥–ª—è–Ω—å, —Ç–∞–º –∫–æ–µ-—á—Ç–æ –µ—Å—Ç—å üòè
olleeeeeg|821111910028414976|2017-01-16 21:48:29|@brupsen yep
olleeeeeg|821040858539692032|2017-01-16 17:06:09|@maria_kpstn —Å—Ä–∞–≤–Ω–∏—Ç–µ–ª—å–Ω—ã–µ —Å—Ç–µ–ø–µ–Ω–∏ –∏ —Å–æ–≤–µ—Ä—à–µ–Ω–Ω—ã–π/–Ω–µ—Å–æ–≤–µ—Ä—à–µ–Ω–Ω—ã–π –≤–∏–¥ üòÇ‚úãüèª
olleeeeeg|821007781159456768|2017-01-16 14:54:43|–†—É—Å—Å–∫–∞—è –≥—Ä–∞–º–º–∞—Ç–∏–∫–∞ –Ω–∞ —Ñ—Ä–∞–Ω—Ü—É–∑—Å–∫–æ–º - —ç—Ç–æ —á—Ç–æ-—Ç–æ —Å —á–µ–º-—Ç–æ üòÖ
olleeeeeg|820934932713340928|2017-01-16 10:05:14|–ü–µ—Ä–≤—ã–π —É—á–µ–±–Ω—ã–π –¥–µ–Ω—å. –ù—É, –ø–æ–≥–Ω–∞–ª–∏ üöÄ
olleeeeeg|820672766542303232|2017-01-15 16:43:29|RT @leprasorium: –ò–Ω—Å—Ç–∞–≥—Ä–∞–º ‚Äî —ç—Ç–æ –ø—Ä–æ—Å—Ç–æ –µ—â—ë –æ–¥–Ω–∞ –ø–ª–æ—â–∞–¥–∫–∞, –≥–¥–µ –µ–±–∞–Ω—É—Ç—ã–µ —Ä—É—Å—Å–∫–∏–µ –º–æ–≥—É—Ç –ø–∏—Å–∞—Ç—å –†–∏–∞–Ω–µ –ø–æ–¥ —Ñ–æ—Ç–∫–∞–º–∏, —á—Ç–æ–±—ã –æ–Ω–∞ –ø—Ä–∏–µ—Ö–∞–ª–∞ –≤ –ü—è—Ç–∏–≥–æ‚Ä¶
olleeeeeg|820381907745722372|2017-01-14 21:27:43|@maria_kpstn –Ω—É –≤ —Å–æ—Å–µ–¥–Ω–µ–º –æ–∫–Ω–µ —á–µ–ª–æ–≤–µ–∫ 5-6 —É—Å–ø–µ–ª–æ –ø—Ä–æ–π—Ç–∏
olleeeeeg|820381819510124544|2017-01-14 21:27:22|@tatyanafalcon8 —Å–ø–∞—Å–∏–±–æ –±–æ–ª—å—à–æ–µ, –§—ç–ª ‚ò∫Ô∏è
olleeeeeg|820134646923100160|2017-01-14 05:05:11|–†–∏–≥–∞ –≤—Å—Ç—Ä–µ—Ç–∏–ª–∞ –Ω–µ –æ—á–µ–Ω—å —Ç–µ–ø–ª–æ. –û–¥–∏–Ω –∏–∑ —Å–∞–º—ã—Ö –¥–æ–ª–≥–∏—Ö –ø–∞—Å–ø–æ—Ä—Ç–Ω—ã—Ö –∫–æ–Ω—Ç—Ä–æ–ª–µ–π –≤ –∂–∏–∑–Ω–∏.
olleeeeeg|818207692963610624|2017-01-08 21:28:10|–£–≤–∞–∂–∞–µ–º–∞—è –ª–µ–Ω—Ç–∞, –ù–ê–°–¢–û–Ø–¢–ï–õ–¨–ù–û –ø—Ä–æ—à—É –í–∞—Å –Ω–µ —Å–ø–æ–π–ª–µ—Ä–∏—Ç—å –®–µ—Ä–ª–æ–∫–∞ –≤ –æ—á–µ—Ä–µ–¥–Ω–æ–π —Ä–∞–∑ (!)
olleeeeeg|815866465488343040|2017-01-02 10:24:58|–õ–µ–Ω—Ç–∞, –Ω—É —á—Ç–æ –∂–µ –≤—ã –∑–∞ –Ω–µ–ª—é–¥–∏ —Ç–∞–∫–∏–µ? –ó–∞—á–µ–º —Å–ø–æ–π–ª–µ—Ä–∏—Ç—å –®–µ—Ä–ª–æ–∫–∞? –Ø —Ç–æ–ª—å–∫–æ –Ω–∞ 3 —Å–µ–∑–æ–Ω–µ üò°
olleeeeeg|815503179169284096|2017-01-01 10:21:23|"–ù–∞—á–∏–Ω–∞—é –≥–æ–¥ —Å –∫–∏–Ω–æ üìΩ ""–ü—Ä–∏–∑—Ä–∞—á–Ω–∞—è –∫—Ä–∞—Å–æ—Ç–∞"" - –¥–æ–±—Ä—ã–π, –∏—Å–∫—Ä–µ–Ω–Ω–∏–π –∏ –æ—á–µ–Ω—å —Ç—Ä–æ–≥–∞—Ç–µ–ª—å–Ω—ã–π —Ñ–∏–ª—å–º. –ü—Ä–µ–∫—Ä–∞—Å–Ω—ã–π —Å—é–∂–µ—Ç –∏ –≤–µ–ª–∏–∫–æ‚Ä¶ https://t.co/EZwrCFfuOR"
olleeeeeg|815315804908584960|2016-12-31 21:56:50|–ü—Ä–æ—Å—Ç–æ —Å–¥–µ–ª–∞–π—Ç–µ —Ç–∞–∫, —á—Ç–æ–±—ã –≤ –∫–æ–Ω—Ü–µ 2017 –≤—ã –æ–ø—è—Ç—å –Ω–µ –Ω—ã–ª–∏, —á—Ç–æ –ø—Ä–æ—Å—Ä–∞–ª–∏ –æ—á–µ—Ä–µ–¥–Ω–æ–π –≥–æ–¥   üòä –° –ù–æ–≤—ã–º –ì–æ–¥–æ–º! üéÑ‚ù§Ô∏è
olleeeeeg|813218873499680769|2016-12-26 03:04:22|"#10 –ü—Ä–∏–ª–æ–∂–µ–Ω–∏–µ –≥–æ–¥–∞ - Apple Music üçèüé∂
#–ò—Ç–æ–≥–∏2016"
olleeeeeg|813217386807652353|2016-12-26 02:58:28|–ù–∞—Å—Ç—Ä–æ–µ–Ω–∏–µ –≤ —É—Ç—Ä–æ –ø–æ—Å–ª–µ–¥–Ω–µ–≥–æ –ø–æ–Ω–µ–¥–µ–ª—å–Ω–∏–∫–∞ –≥–æ–¥–∞: —Å–ª—É—à–∞—Ç—å –í–ò–ê –ì–†–£ –∏ –≥–æ—Ç–æ–≤–∏—Ç—Å—è –∫ –°–ê–ï üôåüèª
olleeeeeg|812646377666834432|2016-12-24 13:09:29|RT @StalinGulag: –õ—é–±–æ–π –ø—Ä–∞–∑–¥–Ω–∏–∫ –≤ –º–æ–µ–π –∂–∏–∑–Ω–∏ –≤—ã–≥–ª—è–¥–∏—Ç —Ç–∞–∫  https://t.co/vS8MjL41PY
olleeeeeg|812067112260960256|2016-12-22 22:47:41|–ù–∞—Å—Ç—Ä–æ–µ–Ω–∏–µ: —Ä–∞–∑–≤–æ–¥–∏—Ç—å—Å—è —Å –∂–µ–Ω–æ–π, –∫–æ—Ç–æ—Ä–æ–π —É –º–µ–Ω—è –Ω–µ—Ç.
olleeeeeg|810986663006629888|2016-12-19 23:14:22|"#9 –ü—É—Ç–µ—à–µ—Å—Ç–≤–∏–µ –≥–æ–¥–∞ - –ù–µ–∑–∞–±—ã–≤–∞–µ–º–∞—è –ì—Ä–µ—Ü–∏—è ‚ú®üèñüíõ 
#–ò—Ç–æ–≥–∏2016"
olleeeeeg|810983860183961600|2016-12-19 23:03:14|@retnerr –ø–ª–∞–∫-–ø–ª–∞–∫ üò¢
olleeeeeg|810942003701809153|2016-12-19 20:16:54|"#8 –ö–æ–Ω—Ü–µ—Ä—Ç –≥–æ–¥–∞ - Imagine Dragons, 24/01/16, –û–ª–∏–º–ø–∏–π—Å–∫–∏–π üé∏
#–ò—Ç–æ–≥–∏2016"
olleeeeeg|810605383211425794|2016-12-18 21:59:18|"#7 –°–æ–±—ã—Ç–∏–µ –≥–æ–¥–∞ - EdCrunch-2016 üìöüéìüëÄ
#–ò—Ç–æ–≥–∏2016"
olleeeeeg|810546210025115648|2016-12-18 18:04:10|"#6 –ú—É–ª—å—Ç—Å–µ—Ä–∏–∞–ª –≥–æ–¥–∞ - –ì—Ä–∞–≤–∏—Ç–∏ –§–æ–ª–∑ üå≤‚≠êÔ∏è‚ùì 
#–ò—Ç–æ–≥–∏2016"
olleeeeeg|810240062285893632|2016-12-17 21:47:39|#5 –ë—Ä–∏—Ç–∞–Ω—Å–∫–∏–π —Å–µ—Ä–∏–∞–ª –≥–æ–¥–∞ - –®–µ—Ä–ª–æ–∫ üá¨üáßüéªüîç
olleeeeeg|810239951652737024|2016-12-17 21:47:12|"#4 –ê–º–µ—Ä–∏–∫–∞–Ω—Å–∫–∏–π —Å–µ—Ä–∏–∞–ª –≥–æ–¥–∞ - –ö–∞—Ä—Ç–æ—á–Ω—ã–π –¥–æ–º–∏–∫ üá∫üá∏
#–ò—Ç–æ–≥–∏2016"
olleeeeeg|810239073101238273|2016-12-17 21:43:43|"–ü—Ä–æ–¥–æ–ª–∂–∞–µ–º –ø–æ–¥–≤–æ–¥–∏—Ç—å #–ò—Ç–æ–≥–∏2016 ‚ùÑÔ∏è
#3 –ú—É–∑—ã–∫–∞–ª—å–Ω–æ–µ –≤–∏–¥–µ–æ –≥–æ–¥–∞ - –≤—Å–µ —Ç—É–¥–∞ –∂–µ, Beyonc√© - Lemonade üçã"
olleeeeeg|810221626621132801|2016-12-17 20:34:23|"RT @girlposts: Emailing teachers be like...

Me: 
*polite greeting*
*multiple paragraphs*
*perfect grammar*

Teacher: 
‚Äúsure‚Äù -sent from my‚Ä¶"
olleeeeeg|810198884827992064|2016-12-17 19:04:01|@brupsen —Ç–æ–∂–µ —Ö–æ—á—É, –Ω–æ —á—É—Ç—å –º–µ–Ω—å—à–µ))
olleeeeeg|810132814830202881|2016-12-17 14:41:29|"–•–æ—á—É —Å–µ–±–µ –Ω–∞—Å—Ç–æ–ª—å–Ω—É—é –∏–≥—Ä—É ""–ù–µ –±—É–¥–∏—Ç–µ –°—Ç–∞–ª–∏–Ω–∞!"" –∫–∞–∫ —É –ú—ç–π–±–ª –∏ –î–∏–ø–ø–µ—Ä–∞. https://t.co/iPtMxg5wC5"
olleeeeeg|810057441610067968|2016-12-17 09:41:58|–ó–Ω–∞–µ—Ç–µ, —è –æ—á–µ–Ω—å –∂–∞–ª–µ—é, —á—Ç–æ –Ω–µ –∑–∞—Å—Ç–∞–ª –≤—Ä–µ–º–µ–Ω–∞, –∫–æ–≥–¥–∞ –º–æ–ª–æ–¥–µ–∂—å —Ç–∞–Ω—Ü–µ–≤–∞–ª–∞ –≤–∞–ª—å—Å –∏ —Ñ–æ–∫—Å—Ç—Ä–æ—Ç, –∞ –Ω–µ –¥–µ—Ä–≥–∞–ª–∞—Å—å –ø–æ–¥ –∫–ª—É–±–Ω—É—é –º—É–∑—ã–∫—É –∫–∞–∫ —Å–µ–π—á–∞—Å.
olleeeeeg|810047032832512000|2016-12-17 09:00:37|"–ü–æ—Å–º–æ—Ç—Ä–µ–ª ""–û–¥–∏—Å—Å–µ—é"". –û—á–µ–Ω—å –∫—Ä–∞—Å–∏–≤—ã–π, –∫—Ä–∞—Å–æ—á–Ω—ã–π –∏ —Ç—Ä–æ–≥–∞—Ç–µ–ª—å–Ω—ã–π —Ñ—Ä–∞–Ω—Ü—É–∑—Å–∫–∏–π —Ñ–∏–ª—å–º –æ –≤–µ–ª–∏–∫–æ–º –ö—É—Å—Ç–æ. –°–æ–≤–µ—Ç—É—é. https://t.co/EDgLqsSeFJ"
olleeeeeg|809824691615596545|2016-12-16 18:17:06|"#2 –ê—Ä—Ç–∏—Å—Ç –≥–æ–¥–∞ - –≠–º–∏ –£–∞–π–Ω—Ö–∞—É—Å üé§
–û—á–µ–Ω—å –∂–∞–ª—å, —á—Ç–æ –ø–æ–∑–Ω–∞–∫–æ–º–∏–ª—Å—è —Å —Ç–≤–æ—Ä—á–µ—Å—Ç–≤–æ–º —ç—Ç–æ–π –ø–æ—Ç—Ä—è—Å–∞—é—â–µ–π –±—Ä–∏—Ç–∞–Ω–∫–∏ —Ç–æ–ª—å–∫–æ –≤ —ç—Ç–æ–º –≥–æ–¥—É. 
#–ò—Ç–æ–≥–∏2016"
olleeeeeg|809824206384926724|2016-12-16 18:15:11|"–ü–µ—Ä–≤–∞—è –Ω–æ–º–∏–Ω–∞—Ü–∏—è - –ú—É–∑—ã–∫–∞–ª—å–Ω—ã–π –∞–ª—å–±–æ–º –≥–æ–¥–∞ üé∂
–ë—É–∑—É—Å–ª–æ–≤–Ω–æ, #Beyonc√© - #Limonade üçã
#–ò—Ç–æ–≥–∏2016"
olleeeeeg|809823578225078276|2016-12-16 18:12:41|–ù–∞–¥–µ—é—Å—å, —Ö–æ—Ç—å –∫–æ–º—É-–Ω–∏–±—É–¥—å —ç—Ç–æ –±—É–¥–µ—Ç –∏–Ω—Ç–µ—Ä–µ—Å–Ω–æ. –ò—Ç–∞–∫, –Ω–∞—á–Ω—ë–º.
olleeeeeg|809823482116788224|2016-12-16 18:12:18|2016 –≥–æ–¥ –ø–æ–¥—Ö–æ–¥–∏—Ç—å –∫ —Å–≤–æ–µ–º—É –∑–∞–≤–µ—Ä—à–µ–Ω–∏—é –∏ –ø–æ—Ä–∞ –ø–æ–¥–≤–æ–¥–∏—Ç—å #–ò—Ç–æ–≥–∏2016. –í—Å–µ, —á—Ç–æ —è –æ—Ç–∫—Ä—ã–ª –¥–ª—è —Å–µ–±—è –≤ 2016 –≤–æ–ø–ª–æ—Ç–∏—Ç—Å—è –≤ —Å–µ—Ä–∏–∏ —Ç–≤–∏—Ç–æ–≤.
olleeeeeg|808853693399531524|2016-12-14 01:58:42|"–ü–µ—Ä–µ–∂–∏–≤–∞—é –∑–∞ –∫–æ–º–∞–Ω–¥—É –ë–µ–ª–æ–∑–µ—Ä–æ–≤–∞ –≤ ""–ß–ö–ì"" –±–æ–ª—å—à–µ, —á–µ–º –∑–∞ —Å–≤–æ—é —Å–µ—Å—Å–∏—é."
olleeeeeg|808822360761573376|2016-12-13 23:54:12|"–•–æ—Ç–∏—Ç–µ –ø–æ—á—É–≤—Å—Ç–≤–æ–≤–∞—Ç—å —Å–µ–±—è –Ω–∏—á—Ç–æ–∂–µ—Å—Ç–≤–æ–º? –ü–æ—Å–º–æ—Ç—Ä–∏—Ç–µ –∫–∞–∫ —à–∫–æ–ª—å–Ω–∏–∫–∏ –æ—Ç–≤–µ—á–∞—é—Ç –Ω–∞ –≤–æ–ø—Ä–æ—Å—ã –≤ ""–°–∞–º–æ–º —É–º–Ω–æ–º""."
olleeeeeg|807756427846684673|2016-12-11 01:18:34|"–ù–µ –≥—É–ª—è–π –∏ –Ω–µ –ø–µ–π –≤–∏–Ω–∞ 
–ò –Ω–∞ –ª–±—É —Å–µ–±–µ –≤—ã—Å–µ–∫–∏:
""–ñ–∏–∑–Ω—å —Ç–µ–±–µ –¥–ª—è —Ç–æ–≥–æ –¥–∞–Ω–∞,
–ß—Ç–æ–±—ã —Ç—ã –ø–æ—Å–≤—è—Ç–∏–ª –µ—ë –ª–∏–Ω–≥–≤–∏—Å—Ç–∏–∫–µ!"""
olleeeeeg|807198400185860097|2016-12-09 12:21:10|@brupsen –±–∏–ª–µ—Ç –Ω–∞ –∫–æ–Ω—Ü–µ—Ä—Ç –ê–¥–µ–ª—å –≤ –õ–æ–Ω–¥–æ–Ω–µ))
olleeeeeg|807188054888878080|2016-12-09 11:40:03|–Ø –ï–ì–û –ö–£–ü–ò–ò–ò–ò–ò–ò–ò–õ! üòç
olleeeeeg|807094276194713600|2016-12-09 05:27:25|"RT @literabook: –õ—é–¥–∏ –ø—Ä–æ—Å—è—Ç –≤—ã—Å–∫–∞–∑–∞—Ç—å –º–Ω–µ–Ω–∏–µ, –∞ –∂–¥—É—Ç —Ç–æ–ª—å–∫–æ –ø–æ—Ö–≤–∞–ª—ã. 

–°–æ–º–µ—Ä—Å–µ—Ç –ú–æ—ç–º ""–ë—Ä–µ–º—è —Å—Ç—Ä–∞—Å—Ç–µ–π —á–µ–ª–æ–≤–µ—á–µ—Å–∫–∏—Ö"""
olleeeeeg|806647750972633088|2016-12-07 23:53:05|–ü—Ä–æ—á–∏—Ç–∞–ª –∫–∞–∫ –æ–ø–∏—Å–ê–ª –∏ –µ—â—ë –º–∏–Ω—É—Ç 5 –Ω–µ –º–æ–≥ –ø–æ–Ω—è—Ç—å —Å–º—ã—Å–ª üòÖ https://t.co/cDH6Ne36aZ
olleeeeeg|806597503613276160|2016-12-07 20:33:25|"–ü–æ—Å–º–æ—Ç—Ä–µ–ª ""–ü—Ä–∏–±—ã—Ç–∏–µ"". –§–∏–ª—å–º, –≤ –∫–æ—Ç–æ—Ä–æ–º –ª–∏–Ω–≥–≤–∏—Å—Ç —Å–ø–∞—Å–∞–µ—Ç —á–µ–ª–æ–≤–µ—á–µ—Å—Ç–≤–æ. –ú–Ω–µ –æ–ø—Ä–µ–¥–µ–ª—ë–Ω–Ω–æ –ø–æ–Ω—Ä–∞–≤–∏–ª—Å—è."
olleeeeeg|806498145748348928|2016-12-07 13:58:36|–ù–æ—Å–∏—Ç–µ–ª—å –æ—Ü–µ–Ω–∏–ª –º–æ–π –∞–Ω–≥–ª–∏–π—Å–∫–∏–π üôàüôåüèª https://t.co/uZinHmjTQ5
olleeeeeg|806494036555132928|2016-12-07 13:42:16|"–ö–∞–∫ —è –∏ –ø—Ä–µ–¥—Å–∫–∞–∑—ã–≤–∞–ª, –¢—Ä–∞–º–ø - —á–µ–ª–æ–≤–µ–∫ –≥–æ–¥–∞ –ø–æ –≤–µ—Ä—Å–∏–∏ ""TIME"" üòè"
olleeeeeg|805951414375776256|2016-12-06 01:46:05|"RT @maria_kpstn: -""–•–æ—Ä–æ—à–∞ —Å—Ç—Ä–∞–Ω–∞ –ë–æ–ª–≥–∞—Ä–∏—è, —è –†–æ—Å—Å–∏—è –ª—É—á—à–µ –≤—Å–µ—Ö"". –í—ã —á—Ç–æ, –ø–µ—Å–Ω—é —Ç–∞–∫—É—é –Ω–µ —Å–ª—ã—à–∞–ª–∏?
- –≠—Ç–æ –ö–∏—Ä–∫–æ—Ä–æ–≤, —á—Ç–æ –ª–∏? 
#—Ç–∏–º–æ—à–µ–Ω–∫–æ–≤–∞–Ω–ª–æ–≤"
olleeeeeg|805325659597897732|2016-12-04 08:19:34|–ó–∞—Ö–≤–∞—Ç—ã–≤–∞—é—â–∏–π, –≤–æ–ª—à–µ–±–Ω—ã–π –∏ –æ—á–µ–Ω—å –º–∏–ª—ã–π —Ñ–∏–ª—å–º üòç –¢–≤–∞—Ä–∏ - –¥—É—à–∫–∏, –ø–µ—Ä—Å–æ–Ω–∞–∂–∏ - –º–∏–ª–∞—à–∫–∏ üòä
olleeeeeg|805325480920498176|2016-12-04 08:18:51|"–û—á–µ–Ω—å –ø–æ–Ω—Ä–∞–≤–∏–ª–∏—Å—å ""–§–∞–Ω—Ç–∞—Å—Ç–∏—á–µ—Å–∫–∏–µ —Ç–≤–∞—Ä–∏ –∏ –≥–¥–µ –æ–Ω–∏ –æ–±–∏—Ç–∞—é—Ç""!"
olleeeeeg|805228261739479041|2016-12-04 01:52:32|"RT @maria_kpstn: –¢–æ—Ç –º–æ–º–µ–Ω—Ç, –∫–æ–≥–¥–∞ ""–û–ª–µ–≥, —è –∑–∞–±—ã–ª–∞ –∫–Ω–∏–∂–∫—É –æ—Ç–¥–∞—Ç—å"", –∞ –ø–æ—Ç–æ–º –≤—ã –∑–∞–ø–∏—Å—ã–≤–∞–µ—Ç–µ –≤–∏–¥–æ—Å—ã –ø–æ–ª—Ç–æ—Ä–∞ —á–∞—Å–∞
#–ø—Ä–æ—Å—Ç–∏—Ç–µ–ø–æ–¥–ø–∏—Å—á–∏–∫–∏ #–∞—Ç–ø–∏—Å–∫–∞‚Ä¶"
olleeeeeg|805202783905480704|2016-12-04 00:11:18|RT @maria_kpstn: –ö—Ä—É–≥–ª–æ—Å—É—Ç–æ—á–Ω—ã–π –∫—Ñ—Å –Ω–∞ –∞–∫–∞–¥–µ–º–∫–µ –∏ —à–∞–≤–∞ —É –≥–æ—Ä–Ω—è–∫–æ–≤ - –ª—É—á—à–µ–µ —Å—Ä–µ–¥—Å—Ç–≤–æ –æ—Ç –¥–µ–ø—Ä–µ—Å—Å–∏–∏ –ø–æ –≤–µ—Ä—Å–∏–∏ –ú–∞—à–∏ –∏ –û–ª–µ–≥–∞ @olleeeeeg #—Ä–µ–≤–∏–∑–æ—Ä‚Ä¶
olleeeeeg|805202772077506560|2016-12-04 00:11:15|"RT @maria_kpstn: –°–ø–∞—Å–∏–±–æ —Ç–∞–∫–∏–º –¥—Ä—É–∑—å—è–º, –∫–æ—Ç–æ—Ä—ã–µ –≤ –ø–æ–ª–æ–≤–∏–Ω—É –ø–µ—Ä–≤–æ–≥–æ —Ñ—Ä–∞–∑–æ–π ""–ö–∞–ø—É—Å—Ç–∏–Ω–∞, —á–µ –¥–µ–ª–∞–µ—à—å"" –≤—ã—Ç–∞—Å–∫–∏–≤–∞—é—Ç —Ç–µ–±—è —à–∞—Ç–∞—Ç—å—Å—è –ø–æ –Ω–æ—á–Ω–æ–π –ú–æ—Å–∫–≤‚Ä¶"
olleeeeeg|804364291369529344|2016-12-01 16:39:26|"–¢–µ—Ä–ø–µ—Ç—å –Ω–µ –º–æ–≥—É —Å–ª–æ–≤–æ ""–ª–∏–¥–µ—Ä"". –ù–∞—Å–∫–æ–ª—å–∫–æ –∂–µ –æ–Ω–æ –∑–∞–µ–∑–∂–µ–Ω–Ω–æ –≤ —Å–æ–≤—Ä–µ–º–µ–Ω–Ω–æ–º –æ–±—â–µ—Å—Ç–≤–µ."
olleeeeeg|803861569276903424|2016-11-30 07:21:47|@maria_kpstn —Å–µ—Ä—å—ë–∑–Ω–æ? üò≥
olleeeeeg|803824250616422401|2016-11-30 04:53:30|–ö–∞–∫ –º–æ–∂–Ω–æ –±—ã—Ç—å —Å—É–ø–µ—Ä-—É—Å–ø–µ—à–Ω—ã–º –∏ –º–µ–≥–∞-–ø—Ä–æ–¥—É–∫—Ç–∏–≤–Ω—ã–º –≤ —Å—Ç—Ä–∞–Ω–µ, –≥–¥–µ —Å–≤–µ—Ç–∞–µ—Ç –≤ 8 —É—Ç—Ä–∞?
olleeeeeg|803764522418929664|2016-11-30 00:56:10|–ó–∞–ø—Ä–µ—Ç–∏–ª–∏ –∑–∞–Ω–∏–º–∞—Ç—å—Å—è –π–æ–≥–æ–π. –ù–µ, –Ω—É –∞ –¥–∞–ª—å—à–µ –∂–∏—Ç—å —Ç–æ –∫–∞–∫?
olleeeeeg|803764078825062404|2016-11-30 00:54:24|@maria_kpstn –∫—É–¥–∞ —Ç—ã —É—Ö–æ–¥–∏—Ç—å —Å–æ–±—Ä–∞–ª–∞—Å—å?
olleeeeeg|803009658004901888|2016-11-27 22:56:36|"""–ü—Ä–æ–ª–µ—Ç–∞—è –Ω–∞–¥ –≥–Ω–µ–∑–¥–æ–º –∫—É–∫—É—à–∫–∏"", –±–µ—Å—Å–ø–æ—Ä–Ω–æ, —à–µ–¥–µ–≤—Ä –∫–∏–Ω–µ–º–∞—Ç–æ–≥—Ä–∞—Ñ–∞. –ê–∫—Ç–µ—Ä—Å–∫–∏–π –∞–Ω—Å–∞–º–±–ª—å, –≤–æ –≥–ª–∞–≤–µ —Å –ù–∏–∫–æ–ª—Å–æ–Ω–æ–º, —Ç–∞–∫ –≤–æ–æ–±—â–µ –±–µ—Å–ø–æ–¥–æ–±–µ–Ω."
olleeeeeg|802977959212679168|2016-11-27 20:50:38|"""–í –ø–æ–∏—Å–∫–∞—Ö –§–∏–¥–µ–ª—è"", —Ñ–∏–ª—å–º –û–ª–∏–≤–µ—Ä–∞ –°—Ç–æ—É–Ω–∞. –û—Ç —Å–æ–∑–¥–∞—Ç–µ–ª–µ–π ""–í –ø–æ–∏—Å–∫–∞—Ö –ù–µ–º–æ"" –∏ ""–í –ø–æ–∏—Å–∫–∞—Ö –î–æ—Ä–∏""."
olleeeeeg|802643811415576580|2016-11-26 22:42:51|–í—á–µ—Ä–∞ —É–º–µ—Ä –§–∏–¥–µ–ª—å –ö–∞—Å—Ç—Ä–æ. –ë—É–¥–µ–º –Ω–∞–¥–µ—è—Ç—å—Å—è, —á—Ç–æ –≤ –ì–∞–≤–∞–Ω–µ –Ω–µ –ø–æ—Å—Ç—Ä–æ—è—Ç –º–∞–≤–∑–æ–ª–µ–π –∏ –Ω–µ –ø–æ–ª–æ–∂–∞—Ç —Ç—É–¥–∞ –µ–≥–æ —Ç–µ–ª–æ.
olleeeeeg|802575263334690817|2016-11-26 18:10:28|–ü–æ–∑–Ω–µ—Ä - –ª—É—á—à–∏–π —Å—Ç–µ–Ω–¥–∞–ø –∫–æ–º–∏–∫ —Å—Ç—Ä–∞–Ω—ã üôåüèª
olleeeeeg|802539146527051777|2016-11-26 15:46:57|–ù–∞—Å—Ç—Ä–æ–µ–Ω–∏–µ: —Å–ª—É—à–∞—Ç—å –ó–µ–º—Ñ–∏—Ä—É –∏ –µ—Ö–∞—Ç—å –Ω–∞ –ü–æ–∑–Ω–µ—Ä–∞
olleeeeeg|801855921907499008|2016-11-24 18:32:04|–†–∞–¥–∏ —Ç–∞–∫–∏—Ö –¥–Ω–µ–π –∏ —Å—Ç–æ–∏—Ç –∂–∏—Ç—å üòä
olleeeeeg|801798854517673985|2016-11-24 14:45:18|"RT @Evgeniya_Smile: At first the day was considered to be wasted, but now we're enjoying a lecture of Prof. M. McCarthy. 
Recollecting EdCr‚Ä¶"
olleeeeeg|801558710791393285|2016-11-23 22:51:03|–í—á–µ—Ä–∞ —Ñ–∏–ª—å–º –ø—Ä–æ –°–Ω–æ—É–¥–µ–Ω–∞, —Å–µ–≥–æ–¥–Ω—è - –ø—Ä–æ –ê—Å—Å–∞–Ω–∂–∞. –ü–æ-–º–æ–µ–º—É —è –Ω–µ –Ω–∞ —Ç—É –¥–æ—Ä–æ–∂–∫—É —Å—Ç—É–ø–∏–ª. #–º–∞–º–∞–∞–º–∞–∫—Ä–∏–º–∏–Ω–∞–ª
olleeeeeg|801188989566906368|2016-11-22 22:21:55|@maria_kpstn that's right))
olleeeeeg|801187474789769216|2016-11-22 22:15:53|"–¢–æ–≤–∞—Ä–∏—â–∏, –∫–∞–∫–æ–π —Ñ–∏–ª—å–º –ø–æ—Å–æ–≤–µ—Ç—É–µ—Ç–µ –ø–æ—Å–º–æ—Ç—Ä–µ—Ç—å? –ù–µ —Ç—É–ø—É—é –∞–º–µ—Ä–∏–∫–∞–Ω—Å–∫—É—é –∫–æ–º–µ–¥–∏—é –∏–ª–∏ –±–ª–æ–∫–±–∞—Å—Ç–µ—Ä –æ—Ç ""–ú–∞—Ä–≤–µ–ª"", –∞ —á—Ç–æ-—Ç–æ —Ä–µ–∞–ª—å–Ω–æ —Å—Ç–æ—è—â–µ–µ."
olleeeeeg|801187103258406912|2016-11-22 22:14:25|"–ü–æ—Å–º–æ—Ç—Ä–µ–ª ""–°–Ω–æ—É–¥–µ–Ω–∞"" –°—Ç–æ—É–Ω–∞ –∏ –∫–∞–∫-—Ç–æ –Ω–µ –ø–æ —Å–µ–±–µ —Å—Ç–∞–ª–æ."
olleeeeeg|801090487730008064|2016-11-22 15:50:30|"RT @palnom6: –í 15 –ª–µ—Ç: —è –Ω–µ –±—É–¥—É –Ω–æ—Å–∏—Ç—å –Ω–∏—á–µ–≥–æ, –∫—Ä–æ–º–µ —á—ë—Ä–Ω–æ–π –æ–¥–µ–∂–¥—ã –∏ –Ω–µ –±—É–¥—É —Å–ª—É—à–∞—Ç—å –Ω–∏—á–µ–≥–æ, –∫—Ä–æ–º–µ —Ä–æ–∫–∞.
–°–µ–π—á–∞—Å: –¢–ê–©–ò –ë–õ–Å–°–¢–ö–ò, –í–†–£–ë–ê–ô –ì–ê–ì–£"
olleeeeeg|801037964486840321|2016-11-22 12:21:47|RT @palnom6: –§–∏–ª–æ–ª–æ–≥–∏—á–µ—Å–∫–∏–µ —Ç–≤–∞—Ä–∏ –∏ –≥–¥–µ –æ–Ω–∏ –ø–æ—Å—Ç—É–ø–∞—é—Ç.
olleeeeeg|800810564586995713|2016-11-21 21:18:11|"RT @literabook: –õ—é–¥–∏. –õ—é–¥–µ–π –Ω–∞–¥–æ –ª—é–±–∏—Ç—å. –õ—é–¥–∏ –¥–æ—Å—Ç–æ–π–Ω—ã –≤–æ—Å—Ö–∏—â–µ–Ω–∏—è. –°–µ–π—á–∞—Å –º–µ–Ω—è –≤—ã—Ä–≤–µ—Ç –Ω–∞–∏–∑–Ω–∞–Ω–∫—É.

–ñ–∞–Ω-–ü–æ–ª—å –°–∞—Ä—Ç—Ä ""–¢–æ—à–Ω–æ—Ç–∞"""
olleeeeeg|800611275420078080|2016-11-21 08:06:17|Back to school, –º–∞–∑–∞—Ñ–∞–∫–∞. #—Å–ø–∞—Å–∏–±–æ–¢–∏–º–æ—à–µ–Ω–∫–æ–∑–∞—ç—Ç–æ
olleeeeeg|798668572423663616|2016-11-15 23:26:40|–ö—É–¥–∞ –ø–æ–π—Ç–∏ 18 —á–∏—Å–ª–∞, –Ω–∞ —Å—Ç–µ–Ω–¥–∞–ø @Spoontamer –∏–ª–∏ –Ω–∞ –∫–æ–Ω—Ü–µ—Ä—Ç @noize_mc? #—Å–ª–æ–∂–Ω–∞
olleeeeeg|798082331374329856|2016-11-14 08:37:10|RT @maria_kpstn: –û–±–æ–∂–∞—é —Ä–µ–∞–∫—Ü–∏–∏ @olleeeeeg –ê–ê–ê–ê–• üî•üî•üî•
olleeeeeg|797562283148898305|2016-11-12 22:10:40|–ó–Ω–∞—é, —á—Ç–æ –≤—ã–∫–ª–∞–¥—ã–≤–∞—Ç—å –≤ –∏–Ω—Å—Ç—É –∏ –ø–∏—Å–∞—Ç—å –≤ —Ç–≤–∏—Ç—Ç–µ—Ä –Ω–∞ 19 –∏ 20-–ª–µ—Ç–∏–µ. –¢–µ–ø–µ—Ä—å –≥–ª–∞–≤–Ω–æ–µ –¥–æ–∂–∏—Ç—å üòÖüôåüèª
olleeeeeg|796676230426791936|2016-11-10 11:29:49|RT @regmna: –ü–æ–Ω—è–ª–∞, —á—Ç–æ –º–æ–∏ –±–æ–ª—å –∏ —Å—Ç—Ä–∞–¥–∞–Ω–∏—è - —Ö—É–π–Ω—è, –∫–æ–≥–¥–∞ –ø—Ä–µ–¥—Å—Ç–∞–≤–∏–ª–∞, –∫–∞–∫ –±–æ–ª—å–Ω–æ, —Ç—è–∂–µ–ª–æ –∏ –æ–±–∏–¥–Ω–æ –•–∏–ª–ª–∞—Ä–∏ –ö–ª–∏–Ω—Ç–æ–Ω
olleeeeeg|796675807930421248|2016-11-10 11:28:08|RT @Ness_Bodryagina: –ü—Ä–µ–¥—Å—Ç–∞–≤–ª—è–µ—Ç–µ –≤—Å—é —Å—Ç–µ–ø–µ–Ω—å –¥–µ–ø—Ä–µ—Å—Å–∏–∏, –∫–æ–≥–¥–∞ –≤ 11 –≤–µ—á–µ—Ä–∞ –µ–¥–µ—à—å –≤ –º–∞–∫ –Ω–∞ –¢–≤–µ—Ä—Å–∫—É—é, –∞ –Ω–∞ –æ–±—Ä–∞—Ç–Ω–æ–º –ø—É—Ç–∏ —Å–ª—É—à–∞–µ—à—å –ö–æ—Ä–∂–∞
olleeeeeg|796087455103549441|2016-11-08 20:30:14|Home, let me come home üè†‚ù§Ô∏è
olleeeeeg|794981427469287424|2016-11-05 19:15:17|"RT @literabook: –¢–µ–±–µ –Ω–µ –∫–∞–∂–µ—Ç—Å—è –ø—Ä–µ–∫—Ä–∞—Å–Ω—ã–º –≤—Å–µ –±—Ä–æ—Å–∏—Ç—å –∏ —É–µ—Ö–∞—Ç—å —Ç—É–¥–∞, –≥–¥–µ —Ç–µ–±—è –Ω–∏–∫—Ç–æ –Ω–µ –∑–Ω–∞–µ—Ç?

–•–∞—Ä—É–∫–∏ –ú—É—Ä–∞–∫–∞–º–∏ ""–ù–æ—Ä–≤–µ–∂—Å–∫–∏–π –ª–µ—Å"""
olleeeeeg|794508162632130560|2016-11-04 11:54:41|–ù–∞—Å—Ç—Ä–æ–µ–Ω–∏–µ: –°–ª—É—à–∞—Ç—å –ú–µ–ª–∞–¥–∑–µ
olleeeeeg|793985860437995520|2016-11-03 01:19:15|"RT @maria_kpstn: - –î–∞–≤–∞–π—Ç–µ –ø–æ–≥–æ–≤–æ—Ä–∏–º –æ –ó–∞–∫–æ–Ω–µ –ë–æ–∂–∏–µ–º
- –ì–æ—Å–ø–æ–¥—å —Å —Ç–æ–±–æ–π, –û–ª–µ–≥
@olleeeeeg"
olleeeeeg|793577221323649031|2016-11-01 22:15:28|–ë–ª–∏–Ω, –≤–æ—Ç –ø—Ä—è–º —Ç—Ä—É —Å—Ç–æ—Ä–∏ üòÖ https://t.co/oNC1EvuJkf
olleeeeeg|793576688038862848|2016-11-01 22:13:21|"–ü–æ—Å–º–æ—Ç—Ä–µ–ª ""–î—É—ç–ª—è–Ω—Ç–∞"". –ù—É –Ω–µ–ø–ª–æ—Ö–æ, –Ω–µ–ø–ª–æ—Ö–æ."
olleeeeeg|793186762629734401|2016-10-31 20:23:55|@murr_ollie —Ö–æ—Ä–æ–æ–æ–æ–æ—à–∞—è –∏–¥–µ—è üòÖ‚òùüèªÔ∏è
olleeeeeg|793185229921980416|2016-10-31 20:17:50|–ù–µ—Å–∫–æ–Ω—á–∞–µ–º–∞—è —ç–Ω–µ—Ä–≥–∏—è –∏ –≤–µ—á–Ω–∞—è –º–æ–ª–æ–¥–æ—Å—Ç—å. –°–µ–≥–æ–¥–Ω—è –Ω–µ —Å—Ç–∞–ª–æ –í–ª–∞–¥–∏–º–∏—Ä–∞ –ó–µ–ª—å–¥–∏–Ω–∞.
olleeeeeg|793179056590163969|2016-10-31 19:53:18|RT @palnom6: https://t.co/xVnSLwfkmn
olleeeeeg|793082840946712576|2016-10-31 13:30:58|"RT @Ness_Bodryagina: -–°–µ–π—á–∞—Å –≤—Ä–µ–º—è –æ—Ç–≤–µ—á–∞—Ç—å –Ω–∞ –≤–æ–ø—Ä–æ—Å—ã —Å–µ–º–∏–Ω–∞—Ä–∞.
-–û—Ç–≤–µ—á–∞–µ—Ç –ê–ª–µ–∫—Å–∞–Ω–¥—Ä –î—Ä—É–∑—å."
olleeeeeg|792894572363968513|2016-10-31 01:02:51|@rankinw if you're reading it, please, say hello to mom, because I just can't reach her üòÖ
olleeeeeg|792084847565176832|2016-10-28 19:25:18|RT @jk_rowling: I say, have a bit of cake, a good night's sleep and try again. https://t.co/icxwqg4WS3
olleeeeeg|792036530890170368|2016-10-28 16:13:18|–ü—Ä–∏–¥–∏—Ç–µ —Ö–æ—Ç—å –∫—Ç–æ-–Ω–∏–±—É–¥—å –∏ –≤—ã—Ç–∞—â–∏—Ç–µ –º–µ–Ω—è –∏–∑ –º–æ–µ–≥–æ –¥–µ–ø—Ä–µ—Å—Å–Ω—è–∫–∞ üòñ
olleeeeeg|792036075669716993|2016-10-28 16:11:30|–ü–µ—Ä–≤—ã–π –ø—Ä–∏–∑–Ω–∞–∫ –Ω–µ—Å—á–∞—Å—Ç—å—è - –Ω–∞—á–∏–Ω–∞—é—Ç —Ä–∞–∑–¥—Ä–∞–∂–∞—Ç—å —Å—á–∞—Å—Ç–ª–∏–≤—ã–µ –∏ —Ä–∞–¥–æ—Å—Ç–Ω—ã–µ –ª—é–¥–∏.
olleeeeeg|792032644187971585|2016-10-28 15:57:52|–ù—É –≤–æ—Ç –∫–∞–∫ –∂–∏—Ç—å, –∫–æ–≥–¥–∞ –æ–¥–Ω–∏ –≤ –ë–µ—Ä–ª–∏–Ω–µ, –¥—Ä—É–≥–∏–µ –≤ –ü—Ä–∞–≥–µ, –∞ —Ç—Ä–µ—Ç—å–µ –≤–æ–æ–±—â–µ –≤ –õ–ê üòø
olleeeeeg|792027810357514240|2016-10-28 15:38:39|–ê —Ç–µ—Ö, –∫—Ç–æ –ª–µ–∑–µ—Ç —Å–≤–æ–∏–º –¥–ª–∏–Ω–Ω—ã–º –Ω–æ—Å–æ–º –≤ –º–æ—é –∂–∏–∑–Ω—å, –≤–æ–æ–±—â–µ –Ω–µ –ø–µ—Ä–µ–Ω–æ—à—É.
olleeeeeg|792027530299633664|2016-10-28 15:37:33|–û—á–µ–Ω—å –Ω–µ –Ω—Ä–∞–≤—è—Ç—Å—è –º–Ω–µ –ø—Ä–∞–≤–∏–ª—å–Ω—ã–µ –ª—é–¥–∏.
olleeeeeg|792012480172199936|2016-10-28 14:37:44|–ë–ª, —á–µ–≥–æ –∂–µ —Ç–∞–∫ —Ö–µ—Ä–æ–≤–æ üòø
olleeeeeg|791748447342854145|2016-10-27 21:08:34|@Ness_Bodryagina @retnerr –≤–∞—Ö–∞—Ö–∞—Ö–∞—Ö–∞, —Ç—ã –∑–Ω–∞–µ—à—å —Ç–æ–ª–∫ –≤ –∫–∞—Ä—Ç–∏–Ω–∫–∞—Ö üëçüèª
olleeeeeg|791565858774609920|2016-10-27 09:03:01|–°–Ω–µ–≥ –Ω–∞ —É–ª–∏—Ü–µ –≤ –æ–∫—Ç—è–±—Ä–µ? –ò–ª–∏ –µ—â—ë –æ–¥–Ω–∞ –ø—Ä–∏—á–∏–Ω–∞ –ø–æ—á–µ–º—É —è –ª—é–±–ª—é –ú–æ—Å–∫–≤—É.
olleeeeeg|791565707804864512|2016-10-27 09:02:25|–°–µ–≥–æ–¥–Ω—è —Å–Ω–∏–ª–æ—Å—å, —á—Ç–æ —è –ø—Ä–æ–≤–æ–¥–∏–ª –¥–µ–±–∞—Ç—ã —Å –ü–∞–ø–æ–π –†–∏–º—Å–∫–∏–º –ø–æ—Å–≤—è—â—ë–Ω–Ω—ã–µ —Ä–µ–ª–∏–≥–∏–∏. –Ø –≤—ã–∏–≥—Ä–∞–ª.
olleeeeeg|791352941898768385|2016-10-26 18:56:58|Hello, @HalElrod! Didn't you think about the translation of the additional materials from your site into Russian? It would be perfect! :)
olleeeeeg|790925570104184832|2016-10-25 14:38:45|RT @HalElrod: @olleeeeeg Thank you for paying it forward and sharing the #miraclemorning with others! :^)
olleeeeeg|790890805502369792|2016-10-25 12:20:36|"I've just finished reading ""The Miracle Morning"" by @HalElrod. Thank you so much for this wonderful book!"
olleeeeeg|790688748891758592|2016-10-24 22:57:42|Just take me to Italy. Right. Now.
olleeeeeg|789212213978533889|2016-10-20 21:10:29|–≠—Ç–æ –±—ã–ª–æ –æ—á–µ–Ω—å –≤–æ–ª–Ω–∏—Ç–µ–ª—å–Ω–æ –∏ –Ω–µ—Ä–µ–∞–ª—å–Ω–æ –∫—Ä—É—Ç–æ! –û–≥—Ä–æ–º–Ω–æ–µ —Å–ø–∞—Å–∏–±–æ –≤—Å–µ–º –∑–∞ –ø–æ–¥–¥–µ—Ä–∂–∫—É –∏ —Ç—ë–ø–ª—ã–µ —Å–ª–æ–≤–∞ ‚ô•Ô∏è
olleeeeeg|789038684993687552|2016-10-20 09:40:56|RT @palnom6: –ù–∞—Å—Ç—Ä–æ–µ–Ω–∏–µ: –í—ã–π—Ç–∏ –∏–∑ –¥–æ–º–∞ –≥–¥–µ-—Ç–æ –≤–æ —Ñ—Ä–∞–Ω—Ü—É–∑—Å–∫–æ–π –ø—Ä–æ–≤–∏–Ω—Ü–∏–∏, –≤–∑—è—Ç—å —Å–≤–µ–∂–∏–π –∫—Ä—É–∞—Å—Å–∞–Ω, –ø—Ä–∏–±—É—Ö–Ω—É—Ç—å –º–æ–ª–æ–¥—ã–º –≤–∏–Ω–æ–º, –∏ –±–æ–ª—å—à–µ –Ω–∏–∫–æ–≥–¥–∞ –Ω‚Ä¶
olleeeeeg|788791749133144064|2016-10-19 17:19:42|"–°–µ–≥–æ–¥–Ω—è –º–µ–Ω—è –ø—Ä–µ–¥—Å—Ç–∞–≤–∏–ª–∏ —Å–ª–µ–¥—É—é—â–∏–º –æ–±—Ä–∞–∑–æ–º: ""–ó–Ω–∞–∫–æ–º—å—Å—è, —ç—Ç–æ —Ç–æ—Ç —Å–∞–º—ã–π –û–ª–µ–≥."" –°–∫–∞–∑–∞—Ç—å, —á—Ç–æ –º–Ω–µ –±—ã–ª–æ –Ω–µ–ª–æ–≤–∫–æ - –Ω–∏—á–µ–≥–æ –Ω–µ —Å–∫–∞–∑–∞—Ç—å."
olleeeeeg|788790829490069504|2016-10-19 17:16:03|–£–≥–∞–¥–∞–π—Ç–µ –∫–∞–∫–æ–π —É –º–µ–Ω—è —É—Ä–æ–≤–µ–Ω—å —Ñ—Ä–∞–Ω—Ü—É–∑—Å–∫–æ–≥–æ? –•–æ—Ä–æ—à–µ–Ω—å–∫–æ –ø–æ–¥—É–º–∞–π—Ç–µ. –¶–µ–ª—ã–π –ê1! üôÑ
olleeeeeg|788078832540643329|2016-10-17 18:06:50|That moment when @rankinw follows @Evgeniya_Smile and don't follow you üôÅ
olleeeeeg|788078142401482756|2016-10-17 18:04:05|RT @rankinw: @olleeeeeg I miss you, too, little brother. Be good, and don't forget to call mom once in a while‚Ä¶
olleeeeeg|788044468175921152|2016-10-17 15:50:17|@maria_kpstn –¥–∞ –Ω–µ—Ç, —ç—Ç–æ —Ü–∏—Ç–∞—Ç—ã –≤–µ–ª–∏–∫–∏—Ö –¢–∏–º–æ—à–µ–Ω–∫–æ üòÅ
olleeeeeg|787899982070284288|2016-10-17 06:16:08|–ù–∞—Å—Ç—É–ø–∞–µ—Ç —ç—Ä–∞ –≤—ã–≥–æ–≤–æ—Ä–æ–≤, –º–∞–∑–∞—Ñ–∞–∫–∞ üôÑ
olleeeeeg|787869119970471936|2016-10-17 04:13:30|–¢–æ–ª—å–∫–æ —á—Ç–æ —á—É—Ç—å –Ω–µ —É–ø–∞–ª –≤ –¥—É—à–µ, –ø–æ–¥—É–º–∞–≤, —á—Ç–æ —à—Ç–æ—Ä–∫–∞ - —ç—Ç–æ —Å—Ç–µ–Ω–∞. –û–¥–Ω–∞–∫–æ, –ø—Ä–∏–≤–µ—Ç, –ø–æ–Ω–µ–¥–µ–ª—å–Ω–∏–∫ üòÅ
olleeeeeg|787868893784211456|2016-10-17 04:12:36|@maria_kpstn —Ç—ã –≤ –ü–∏—Ç–µ—Ä–µ? üò≥
olleeeeeg|787801201484201985|2016-10-16 23:43:37|RT @koffboy: –ö–æ–≥–¥–∞ —Ä–∞–Ω–æ —É—Ç—Ä–æ–º –∑–≤–æ–Ω–∏—Ç –±—É–¥–∏–ª—å–Ω–∏–∫ –∏ —Ç—ã –∑–∞–¥—É–º—ã–≤–∞–µ—à—å—Å—è, –∞ –Ω—É–∂–Ω–æ –ª–∏ —Ç–µ–±–µ –æ–±—Ä–∞–∑–æ–≤–∞–Ω–∏–µ? https://t.co/SH77J0tkVX
olleeeeeg|787671745205600257|2016-10-16 15:09:12|RT @regmna: –û–∫–µ–π –¢–≤–∏—Ç–µ—Ä, –∫–∞–∫ –≤—ã—É—á–∏—Ç—å –¥–≤–∞ —è–∑—ã–∫–∞ –∑–∞ –¥–≤–∞ –º–µ—Å—è—Ü–∞
olleeeeeg|787431009444913152|2016-10-15 23:12:37|–£–≤–ª–µ–∫–∞—Ç–µ–ª—å–Ω–µ–π—à–∞—è #–≤–µ—á–µ—Ä–æ–Ω–æ—á—å –∑–∞ –ø—Ä–æ—Å–º–æ—Ç—Ä–æ–º –ü–æ–∑–Ω–µ—Ä–∞.
olleeeeeg|787387065352716291|2016-10-15 20:17:59|@murr_ollie –¥–∞, –º–æ–∂–Ω–æ –≥–ª—è–Ω—É—Ç—å :)
olleeeeeg|787363670984654849|2016-10-15 18:45:02|–ü—Ä–æ—Ö–æ–¥–∏—Ç—å —Å–æ–±–µ—Å–µ–¥–æ–≤–∞–Ω–∏—è - —Ä–µ–¥–∫–∞—è –≥–∞–¥–æ—Å—Ç—å, –Ω–µ —Ä–µ–∫–æ–º–µ–Ω–¥—É—é.
olleeeeeg|787363503556399104|2016-10-15 18:44:22|"–ù–∞–∫–æ–Ω–µ—Ü-—Ç–∞–∫–∏ –≤—ã–±—Ä–∞–ª—Å—è –≤ –∫–∏–Ω–æ –Ω–∞ ""–ò–Ω—Ñ–µ—Ä–Ω–æ"". –ù–∏—á–µ–≥–æ —Ç–∞–∫–æ–π, –ø–æ–Ω—Ä–∞–≤–∏–ª—Å—è."
olleeeeeg|787017658902409217|2016-10-14 19:50:06|–ö–æ—Ä–æ—á–µ, –ø–æ—Ñ–∏–≥ –∫—Ç–æ —á—Ç–æ —Å–∫–∞–∂–µ—Ç, —è –∏–¥—É –Ω–∞ –ì–æ–ª–æ—Å –ú–ò–°–∏–°. –ï—Å–ª–∏ –æ–ø–æ–∑–æ—Ä—é—Å—å, —Å–∫–∞–∂—É, —á—Ç–æ —Å–¥–µ–ª–∞–ª —ç—Ç–æ –Ω–∞ —Å–ø–æ—Ä üôåüèª
olleeeeeg|787003491059396608|2016-10-14 18:53:48|"RT @palnom6: - –≠—Ö, —Å–∫–æ—Ä–æ –•–µ–ª–ª–æ—É–∏–Ω... –ü–æ—Ä–∞ –∏—Å–∫–∞—Ç—å –∫–æ—Å—Ç—é–º—ã –∏ —É–∫—Ä–∞—à–∞—Ç—å –¥–æ–º.
- –ù–æ —Ç—ã –∂–∏–≤–µ—à—å –≤ –†–æ—Å—Å–∏–∏.
- –ü–û–†–ê. –ò–°–ö–ê–¢–¨. –ö–û–°–¢–Æ–ú–´."
olleeeeeg|786845722259881984|2016-10-14 08:26:53|–ù—É –≤–æ—Ç —á—Ç–æ —è —Ç—É—Ç –¥–µ–ª–∞—é? #–ø–∞—Ä—ã
