SamantaDarko|833197015060381696|2017-02-19 06:10:23|–ß—ë—Ä—Ç, —Ö–≤–∞—Ç–∏—Ç –±–æ–ª—Ç–∞—Ç—å, –∑–∞—Å—É–Ω—å —Å–≤–æ–π —è–∑—ã–∫ –º–Ω–µ –≤ —Ä–æ—Ç.
SamantaDarko|833189413727432704|2017-02-19 05:40:10|–°–ª–∞–±—ã–µ –ø—Ä—ã–≥–∞—é—Ç —Å –∫—Ä—ã—à–∏, –∞ —Å–∏–ª—å–Ω—ã–µ —Å—Å—É—Ç —Å –Ω–µ—ë –Ω–∞ –ª—é–¥–µ–π.
SamantaDarko|833187809171275776|2017-02-19 05:33:48|RT @onediorussia: 9 —Ñ–∏–ª—å–º–æ–≤, –∫–æ–Ω–µ—Ü –∫–æ—Ç–æ—Ä—ã—Ö –≤—ã —Ç–æ—á–Ω–æ –Ω–µ —Å–º–æ–∂–µ—Ç–µ –ø—Ä–µ–¥—É–≥–∞–¥–∞—Ç—å. https://t.co/Nz7nPY2UAS
SamantaDarko|833181834267721728|2017-02-19 05:10:03|–¢—ã –∂–¥—ë—à—å –ª–µ—Ç–æ, –∞ —Ç–µ–±—è –∂–¥—É—Ç —ç–∫–∑–∞–º–µ–Ω—ã.
SamantaDarko|833175553121382404|2017-02-19 04:45:06|–æ—Ç—Å—Ç–∞–Ω—å—Ç–µ –æ—Ç–≤–∞–ª–∏—Ç–µ –æ—Ç—Å—Ç—Ä–∞–Ω–∏—Ç–µ—Å—å –æ—Ç–æ–π–¥–∏—Ç–µ –æ—Å—Ç–∞–≤—å—Ç–µ –≤ –ø–æ–∫–æ–µ –æ—Ç–≤—è–∂–∏—Ç–µ—Å—å –Ω–µ –ø—Ä–∏—Å—Ç–∞–≤–∞–π—Ç–µ –æ—Ç—Ü–µ–ø–∏—Ç–µ—Å—å –æ—Ç–≤—è–Ω—å—Ç–µ –æ—Ç—á–∞–ª—å—Ç–µ —É—Ö–æ–¥–∏—Ç–µ
SamantaDarko|833165477547503616|2017-02-19 04:05:03|–ü–æ-–Ω–∞—Å—Ç–æ—è—â–µ–º—É –∫–æ–º—Ñ–æ—Ä—Ç–Ω–æ –æ–±—â–∞—Ç—å—Å—è –ª–∏—à—å —Å —Ç–µ–º–∏, –∫—Ç–æ —É–º–µ–µ—Ç –¥–µ–ª–∞—Ç—å –∫—Ä–∞—Å–∏–≤—ã–µ –∫–æ–º–ø–ª–∏–º–µ–Ω—Ç—ã,–∑–Ω–∞–µ—Ç –∫–æ–≥–¥–∞ –∏ –≥–¥–µ –Ω—É–∂–Ω–æ –º–µ–Ω—è –ø–æ—Ç—Ä–æ–≥–∞—Ç—å, –∫—É–¥–∞ –ø–æ—Ü–µ–ª–æ–≤–∞—Ç—å.
SamantaDarko|833159186968150016|2017-02-19 03:40:04|"–°–Ω–∞—á–∞–ª–∞ –±–∞–±—ã –≥–æ–≤–æ—Ä—è—Ç: ""–õ—é–±–ª—é, –∂–∏—Ç—å –±–µ–∑ –Ω–µ–≥–æ –Ω–µ –º–æ–≥—É, —Ö–æ—á—É –∑–∞–º—É–∂"", –∞ –ø–æ—Ç–æ–º: ""–ú–Ω–µ —ç—Ç–æ—Ç —á–µ–º–æ–¥–∞–Ω –±–µ–∑ —Ä—É—á–∫–∏ –∏ —Ç–∞—â–∏—Ç—å —Ç—è–∂–µ–ª–æ –∏ –≤—ã–∫–∏–Ω—É—Ç—å –∂–∞–ª–∫–æ""."
SamantaDarko|833150395983753224|2017-02-19 03:05:08|"–ë—ã–ª–æ –∏ –±—ã–ª–æ. 
–ó–∞–±—É–¥–µ–º."
SamantaDarko|833147871583207424|2017-02-19 02:55:06|"–ê –æ–Ω –µ–π —à–µ–ø—á–µ—Ç: ""–¥–∞–≤–∞–π, –∑–∞—Å–º–µ–π—Å—è, –ø–æ—Ä–∞ –ø—Ä–æ—â–∞—Ç—å—Å—è –∏ —É—Ö–æ–¥–∏—Ç—å, —Ñ–µ–≤—Ä–∞–ª—å, –∫–æ–Ω–µ—á–Ω–æ –∂–µ, –ª—É—á—à–∏–π –º–µ—Å—è—Ü, —á—Ç–æ–±—ã –ø–æ–ø—Ä–æ–±–æ–≤–∞—Ç—å —Ä–∞–∑–ª—é–±–∏—Ç—å""."
SamantaDarko|833064412730753024|2017-02-18 21:23:28|"–°–∞–º—ã–µ —Ä–æ–º–∞–Ω—Ç–∏—á–Ω—ã–µ –≤–µ—â–∏:
- —á—É–≤—Å—Ç–≤–µ–Ω–Ω—ã–π –ø–æ—Ü–µ–ª—É–π –≤ —Å–Ω–µ–≥–æ–ø–∞–¥
- –∑–∞–º–µ—á–∞—Ç—å, —á—Ç–æ –Ω—Ä–∞–≤–∏—Ç—Å—è –∏ –¥–∞—Ä–∏—Ç—å
- –ø–æ–º–æ—á—å —Ä–∞–∑–¥–µ—Ç—å—Å—è –ø–µ—Ä–µ–¥ —Å–Ω–æ–º, –ø–æ—Ç–æ–º—É —á—Ç–æ –≤ —â—â–∏"
SamantaDarko|833060473180397572|2017-02-18 21:07:48|–ú—É–∂—á–∏–Ω–∞ –±–µ—Å–∫–æ–Ω–µ—á–Ω–æ –¥–æ–ª–≥–æ –º–æ–∂–µ—Ç —Å–º–æ—Ç—Ä–µ—Ç—å –Ω–∞ –¥–≤–µ –≤–µ—â–∏: –Ω–∞ —Å–∏—Å—å–∫–∏.
SamantaDarko|833057749189742593|2017-02-18 20:56:59|"‚Äì –û–ø–∏—à–∏ —Å–≤–æ—é –ø—Ä–æ–±–ª–µ–º—É.
‚Äì –Ø —Ö–æ—á—É —Ç–æ—Ä—Ç–∏–∫."
SamantaDarko|833036161576796160|2017-02-18 19:31:12|–ò–Ω–æ–≥–¥–∞ —Ö–æ—á–µ—Ç—Å—è –≤–∑—è—Ç—å –∏ –ø–æ–∑–≤–æ–Ω–∏—Ç—å –º–∞–º–æ—á–∫–µ, –ø–æ–∂–∞–ª–æ–≤–∞—Ç—å—Å—è, –∫–∞–∫ –≤—Å–µ –ø–ª–æ—Ö–æ –∏ –≤—Å–µ –¥–æ—Å—Ç–∞–ª–∏, –Ω–æ –Ω–µ—Ç, —è –∂–µ –Ω–µ –º—É–∂–∏–∫.
SamantaDarko|833026933214556160|2017-02-18 18:54:32|–ö–æ–≥–¥–∞ –ø–æ–Ω–∏–º–∞–µ—à—å, —á—Ç–æ –æ—Ç —Å–≤–æ–µ–π —Å—É—á—å–µ–π –Ω–∞—Ç—É—Ä—ã –Ω–µ —É–±–µ–∂–∞—Ç—å https://t.co/dTEvCW6obb
SamantaDarko|833026699612786690|2017-02-18 18:53:36|–°–µ–π—á–∞—Å –±—ã —Å–∏–¥–µ—Ç—å –≤ –∫—Ä—É–∂–µ–≤–Ω–æ–º –±–µ–ª—å–µ, –∑–∞–∫–∏–Ω—É—Ç—å –Ω–æ–≥–∏ –Ω–∞ —Å–≤–æ–µ–≥–æ –º—É–∂–∏–∫–∞ –∏ –ø–∏—Ç—å –≤–∏–Ω–æ, –∞ –Ω–µ –≤–æ—Ç —ç—Ç–æ –≤–æ—Ç –≤—Å–µ.
SamantaDarko|833026524043415552|2017-02-18 18:52:54|"–ú–∞–º–∞: ""–£ –º–µ–Ω—è –∑–∞–Ω—è–ª–æ –¥–µ–≤—è—Ç—å –º–µ—Å—è—Ü–µ–≤, —á—Ç–æ–±—ã —Ç–≤–æ–µ —Å–µ—Ä–¥—Ü–µ —Å—Ñ–æ—Ä–º–∏—Ä–æ–≤–∞–ª–æ—Å—å, —Ç–∞–∫ —á—Ç–æ –Ω–µ –ø–æ–∑–≤–æ–ª—è–π –Ω–∏–∫–æ–º—É —Ä–∞–∑–±–∏–≤–∞—Ç—å –µ–≥–æ –∑–∞ –ø—è—Ç–Ω–∞–¥—Ü–∞—Ç—å —Å–µ–∫—É–Ω–¥."""
SamantaDarko|833016825650769921|2017-02-18 18:14:22|https://t.co/nSpsXAzilh
SamantaDarko|833007569908142080|2017-02-18 17:37:35|RT @bydrbre_: –°–∞–º–∞—è —É–ª–µ—Ç–Ω–∞—è —Ç–µ–ª–∫–∞, –∫–æ—Ç–æ—Ä—É—é —è –∫–æ–≥–¥–∞-–ª–∏–±–æ –≤–∏–¥–µ–ª https://t.co/ASb1TgOvDB
SamantaDarko|833006581402963968|2017-02-18 17:33:40|"–Ø –Ω–µ –∑–Ω–∞—é —è–∑—ã–∫ —Ü–≤–µ—Ç–æ–≤, –Ω–æ –ø–æ –Ω–µ–∫–æ—Ç–æ—Ä—ã–º –±—É–∫–µ—Ç–∞–º —Å—Ä–∞–∑—É –ø–æ–Ω—è—Ç–Ω–æ, —á—Ç–æ –Ω–∞ —è–∑—ã–∫–µ —Ü–≤–µ—Ç–æ–≤ –æ–Ω –æ–±–æ–∑–Ω–∞—á–∞–µ—Ç —Ñ—Ä–∞–∑—É: ""—è –∑–∞–∂–º–æ—Ç–∏–ª—Å—è""."
SamantaDarko|833006457201229824|2017-02-18 17:33:10|–î–µ–≤—á–æ–Ω–∫–∏, –∫—Ç–æ-–Ω–∏–±—É–¥—å –≤—Å—Ç—Ä–µ—á–∞–ª—Å—è —Å –∑–∞–±–æ—Ç–ª–∏–≤—ã–º –∏ –∞–¥–µ–∫–≤–∞—Ç–Ω—ã–º –º—É–∂–∏–∫–æ–º? –ö–∞–∫–∏–µ –ø–æ–¥–≤–æ–¥–Ω—ã–µ –∫–∞–º–Ω–∏?
SamantaDarko|832990883175944192|2017-02-18 16:31:17|–ù–∞–∑–æ–≤–∏—Ç–µ —Ö–æ—Ç—è –±—ã –æ–¥–Ω—É –ø—Ä–∏—á–∏–Ω—É, –ø–æ –∫–æ—Ç–æ—Ä–æ–π —è –Ω–µ –º–æ–≥—É —Å–µ–π—á–∞—Å –ø–æ–π—Ç–∏ –∏ –æ—Ç–∫—Ä—ã—Ç—å –±—É—Ç—ã–ª–∫—É –≤–∏–Ω–∞?
SamantaDarko|832990529180798976|2017-02-18 16:29:53|https://t.co/EQuXYqNGBw
SamantaDarko|832990363132493825|2017-02-18 16:29:13|–ü–æ—Å—Ç—É–ø–∏–ª–æ –ø—Ä–µ–¥–ª–æ–∂–µ–Ω–∏–µ –Ω–æ—Ä–º–∞–ª—å–Ω–æ —Ç–∞–∫ –Ω–∞–µ–±–µ–Ω–∏—Ç—å—Å—è.
SamantaDarko|832971082789445633|2017-02-18 15:12:36|–ì—Ä—É—Å—Ç–Ω—ã–µ –ª—é–¥–∏ –≤—Å–µ–≥–¥–∞ –ø—ã—Ç–∞—é—Ç—Å—è –¥–µ–ª–∞—Ç—å –¥—Ä—É–≥–∏—Ö –ª—é–¥–µ–π —Å—á–∞—Å—Ç–ª–∏–≤—ã–º–∏, –ø–æ—Ç–æ–º—É —á—Ç–æ –æ–Ω–∏ –∑–Ω–∞—é—Ç, –∫–∞–∫ —ç—Ç–æ —É–∂–∞—Å–Ω–æ.
SamantaDarko|832965972558487552|2017-02-18 14:52:18|–≠—Ç–æ –±—ã–ª–∏ –ø—Ä–æ—Å—Ç–æ —Å–ª–æ–≤–∞ –Ω–∞ –≤–µ—Ç–µ—Ä. –°–∞–º—ã–µ —Å–ª–∞–¥–∫–∏–µ —Å–ª–æ–≤–∞ –Ω–∞ —Å–≤–µ—Ç–µ.
SamantaDarko|832955838893527042|2017-02-18 14:12:02|–õ—é–¥–∏ —Å –±–æ–ª—å—à–∏–º —É–¥–æ–≤–æ–ª—å—Å—Ç–≤–∏–µ–º —Ç—Ä–∞—Ç—è—Ç –¥–µ–Ω—å–≥–∏ –Ω–∞ –∞–ª–∫–æ–≥–æ–ª—å, –Ω–∞ —Ç–∞–±–∞–∫, –Ω–∞ –æ–±–∂–æ—Ä—Å—Ç–≤–æ, –∑–∞—Ç–æ –ª–µ—á–∏—Ç—å—Å—è —Ö–æ—Ç—è—Ç –±–µ—Å–ø–ª–∞—Ç–Ω–æ.
SamantaDarko|832955774041198593|2017-02-18 14:11:46|–ö–∞–∫ —Ö–æ—Ä–æ—à–æ, —á—Ç–æ —É –º–µ–Ω—è –µ—Å—Ç—å —Å–µ–∫—Å.
SamantaDarko|832955576829222912|2017-02-18 14:10:59|–•–æ—á–µ—Ç—Å—è –±—ã—Ç—å —É—Å–ø–µ—à–Ω–æ–π –±–∏–∑–Ω–µ—Å-–ª–µ–¥–∏, –Ω–æ —Ç–∞–∫ —á—Ç–æ–± –Ω–µ –æ—á–µ–Ω—å –¥–∞–ª–µ–∫–æ –æ—Ç –¥–∏–≤–∞–Ω—á–∏–∫–∞ –∏ –Ω–∞ —Ö–æ–ª–æ–¥ –Ω–µ –≤—ã—Ö–æ–¥–∏—Ç—å.
SamantaDarko|832904175893766144|2017-02-18 10:46:44|–ö–æ–≥–¥–∞ —Ç–µ—Ä—è–µ—à—å –º–∞–º—É –≤ –º–∞–≥–∞–∑–∏–Ω–µ: https://t.co/tau8mLyomO
SamantaDarko|832902994614169600|2017-02-18 10:42:03|–∂–∏—Ç—å –Ω–∞ –ø–æ—Ö—É–µ  ‚Äî ‚òëÔ∏è
SamantaDarko|832859721237463040|2017-02-18 07:50:05|–ù–µ–≤–∞–∂–Ω–æ, –∫–∞–∫ —Ç—ã —Å–µ–±—è —á—É–≤—Å—Ç–≤—É–µ—à—å, –ø–æ–¥–Ω–∏–º–∏—Å—å, –æ–¥–µ–Ω—å—Å—è –∏ –≤—ã–π–¥–∏ –Ω–∞ –ª—é–¥–∏.
SamantaDarko|832851315785158660|2017-02-18 07:16:41|"RT @alihundred: –°–µ—Ä—å–≥–∏ 
 
https://t.co/L9XvWNvp9w - 154‚ÇΩ https://t.co/CntrFNKClZ"
SamantaDarko|832849649216151552|2017-02-18 07:10:04|–Ø –¥–∞–≤–Ω–æ –≥–æ–≤–æ—Ä–∏–ª–∞: –Ω–∞–¥–æ –±—ã—Ç—å –∂–µ—Å—Ç–∫–æ–π, –±–µ–∑–∂–∞–ª–æ—Å—Ç–Ω–æ–π —Å—Ç–µ—Ä–≤–æ–π, –∏ —Ç–æ–≥–¥–∞ –∂–∏—Ç—å —Å—Ç–∞–Ω–µ—Ç –ª–µ–≥—á–µ. –°–∏–ª—å–Ω—ã–µ –ø—Ä–∞–≤—è—Ç –º–∏—Ä–æ–º.
SamantaDarko|832848598933049344|2017-02-18 07:05:54|–ò–Ω–æ–≥–¥–∞ —Ö–æ—á–µ—Ç—Å—è —Å–µ—Å—Ç—å –∏ —Ä–∞—Å–ø–ª–∞–∫–∞—Ç—å—Å—è, –Ω–æ –Ω–µ—Ç, —è –∂–µ –Ω–µ –º—É–∂–∏–∫.
SamantaDarko|832847265429651457|2017-02-18 07:00:36|"–°–∞–º—ã–µ –æ–ø–∞—Å–Ω—ã–µ –ø—Å–∏—Ö–∏—á–µ—Å–∫–∏–µ –∑–∞–±–æ–ª–µ–≤–∞–Ω–∏—è: 
5. –ü—Å–∏—Ö–æ–∑ 
4. –ù–µ–≤—Ä–æ–∑ 
3. –®–∏–∑–æ—Ñ—Ä–µ–Ω–∏—è 
2. –ü—Å–∏—Ö–æ–ø–∞—Ç–∏—è 
1. –ü–∞–ª–∏—à—å, –∫–æ–≥–æ –æ–Ω –ª–∞–π–∫–∞–µ—Ç."
SamantaDarko|832843356640309248|2017-02-18 06:45:04|–ú–µ–Ω—è –º—É—Ç–∏—Ç –æ—Ç —Ö–æ—Ä–æ—à–∏—Ö, –¥–æ–±—Ä–æ–ø–æ—Ä—è–¥–æ—á–Ω—ã—Ö, –±–ª–∞–≥–æ—Ä–æ–¥–Ω—ã—Ö –ª—é–¥–µ–π. –Ø —Ö–æ—á—É –≤–∏–¥–µ—Ç—å —Ö–∞—Ä–∞–∫—Ç–µ—Ä –∏ —Ç–µ–º–ø–µ—Ä–∞–º–µ–Ω—Ç.
SamantaDarko|832835806255529984|2017-02-18 06:15:04|–ú–µ–Ω—è –Ω–µ –≤–æ–ª–Ω—É—é—Ç –¥–µ–Ω—å–≥–∏. –û–Ω–∏ –º–µ–Ω—è —É—Å–ø–æ–∫–∞–∏–≤–∞—é—Ç.
SamantaDarko|832828252205019136|2017-02-18 05:45:03|–ï—Å–ª–∏ –≤—Å–µ –Ω–µ –ø–æ –ª—é–±–≤–∏, —Ç–æ –≤—Å–µ–º—É –ø–∏–∑–¥–∞.
SamantaDarko|832821963974443008|2017-02-18 05:20:03|–ø–ª–æ—Ö–æ —É–∂–∞—Å–Ω–æ —Ç—É–ø–æ –≥–æ–≤–Ω—è–Ω–æ —Å—Ä–∞–Ω–æ –¥–µ–±–∏–ª—å–Ω–æ –∏ –≤–æ–æ–±—â–µ –≥–æ–≤–Ω–æ
SamantaDarko|832813155717890050|2017-02-18 04:45:03|–ñ–µ–Ω—Å–∫–∏–π –ª–∞–π–∫ –∫–∞–∫ –∞–≥—Ä–µ—Å—Å–∏–≤–Ω–∞—è —Ñ–æ—Ä–º–∞ –ø–æ–¥–∫–∞—Ç–∞.
SamantaDarko|832805607354740738|2017-02-18 04:15:04|–ó–∞—á–µ–º —Ç—Ä–∞—Ç–∏—Ç—å –Ω–µ—Ä–≤—ã –Ω–∞ –∫–æ–≥–æ-—Ç–æ, –∫—Ç–æ –¥–∞–∂–µ –Ω–µ —É–¥–æ—Å—É–∂–∏—Ç—Å—è –Ω–∞–ø–∏—Å–∞—Ç—å —Ç–µ–±–µ –∏ —É–∑–Ω–∞—Ç—å, –≤ –ø–æ—Ä—è–¥–∫–µ –ª–∏ —Ç—ã?
SamantaDarko|832796801015115776|2017-02-18 03:40:04|–ò–Ω–æ–≥–¥–∞ –Ω–∞–º –≤—Å—Ç—Ä–µ—á–∞–µ—Ç—Å—è —á–µ–ª–æ–≤–µ–∫, –∫–æ—Ç–æ—Ä—ã–π —Ä–∞–∑—Ä—É—à–∞–µ—Ç —Ü–µ–ª—ã–π –º–∏—Ä –∏ —Å–æ–∑–¥–∞–µ—Ç –Ω–æ–≤—ã–π. –ë–µ–∑ —ç—Ç–æ–≥–æ —á–µ–ª–æ–≤–µ–∫–∞ —Ç–≤–æ–π –º–∏—Ä –ø—Ä–µ–≤—Ä–∞—â–∞–µ—Ç—Å—è –≤ —Ä—É–∏–Ω—ã.
SamantaDarko|832780440033333249|2017-02-18 02:35:03|–ú–Ω–µ –≥–æ–≤–æ—Ä–∏–ª–∏, —á—Ç–æ —è –ª—É—á—à–∞—è. –ò —É—Ö–æ–¥–∏–ª–∏ –æ—Ç –º–µ–Ω—è.
SamantaDarko|832692107974291456|2017-02-17 20:44:03|–û–π, —è –±—ã —Å —É–¥–æ–≤–æ–ª—å—Å—Ç–≤–∏–µ–º –≤—Å–µ–º –Ω—Ä–∞–≤–∏–ª–∞—Å—å, –Ω–æ –≤ –º–æ–µ–º –ø–ª–æ—Ç–Ω–æ–º –≥—Ä–∞—Ñ–∏–∫–µ –Ω–µ—Ç –º–µ—Å—Ç–∞, —á—Ç–æ–±—ã –ª–∏–∑–∞—Ç—å –∫–æ–º—É-—Ç–æ –∑–∞–¥.
SamantaDarko|832687412954361856|2017-02-17 20:25:24|"–í—Å—Ç—Ä–µ—á–∞–µ—Ç—Å—è —Ç–∞–∫–∞—è –ª—é–±–æ–≤—å, —á—Ç–æ –ª—É—á—à–µ –µ–µ —Å—Ä–∞–∑—É –∑–∞–º–µ–Ω–∏—Ç—å —Ä–∞—Å—Å—Ç—Ä–µ–ª–æ–º. 

–§–∞–∏–Ω–∞ –†–∞–Ω–µ–≤—Å–∫–∞—è"
SamantaDarko|832673557419143169|2017-02-17 19:30:21|–ñ–µ–Ω—â–∏–Ω—ã –ª—é–±—è—Ç –Ω–∞—Å—Ç–æ–π—á–∏–≤—ã—Ö –º—É–∂—á–∏–Ω –∏ —Ç–µ—Ä–ø–µ—Ç—å –Ω–µ –º–æ–≥—É—Ç –Ω–∞–∑–æ–π–ª–∏–≤—ã—Ö. –ì—Ä–∞–Ω—å —Ç–æ–Ω–∫–∞—è, —Ä–µ–∑—É–ª—å—Ç–∞—Ç –ø—Ä–æ—Ç–∏–≤–æ–ø–æ–ª–æ–∂–Ω—ã–π.
SamantaDarko|832670458910646272|2017-02-17 19:18:02|–ü–∑–¥—Ü —É –º–µ–Ω—è —Ç—É–ø–∞—è —Ä–∞–±–æ—Ç–∞, —É–∂–∞—Å–Ω—ã–π —Ö–∞—Ä–∞–∫—Ç–µ—Ä –∏ —É–±–æ–≥–∞—è –∂–∏–∑–Ω—å. –ù–∏—á–µ–≥–æ –º–µ–Ω—è—Ç—å —è, –∫–æ–Ω–µ—á–Ω–æ, –Ω–µ –±—É–¥—É.
SamantaDarko|832670312802115584|2017-02-17 19:17:27|–ë–µ—Å–∏—Ç, –∫–æ–≥–¥–∞ –º–æ–Ω—Å—Ç—Ä—ã –ø–æ–¥ –∫—Ä–æ–≤–∞—Ç—å—é –Ω–µ —Å—Ç–µ–ª—è—Ç —Ç–µ–±–µ –ø–æ—Å—Ç–µ–ª—å.
SamantaDarko|832665476127821825|2017-02-17 18:58:14|"RT @alihundred: –î–ª—è —Å–∏–ª—å–Ω—ã—Ö –∏ –Ω–µ–∑–∞–≤–∏—Å–∏–º—ã—Ö 
 
https://t.co/EYSXCPv80D - 176‚ÇΩ https://t.co/73YLjr5pv3"
SamantaDarko|832647737048854528|2017-02-17 17:47:45|–û–±–æ–∂–∞—é, –∫–æ–≥–¥–∞ –Ω–∞ –º–µ–Ω—è —Å –æ—Å—É–∂–¥–µ–Ω–∏–µ–º —Å–º–æ—Ç—Ä—è—Ç –≤—ã—à–µ–¥—à–∏–µ –∑–∞–º—É–∂ –ø–æ –∑–∞–ª—ë—Ç—É –∏–ª–∏ —á–µ—Ä–µ–∑ —É–Ω–∏–∂–µ–Ω–∏—è –±–∞–±—ã.
SamantaDarko|832647484644036608|2017-02-17 17:46:44|–ü–ª–∞–Ω—ã –Ω–∞ –≤–µ—á–µ—Ä: –ø—Ä–µ–∑–∏—Ä–∞—Ç—å –ø—å—è–Ω—ã—Ö.
SamantaDarko|832633000495976448|2017-02-17 16:49:11|https://t.co/SPj3JTZwLX
SamantaDarko|832625797932265472|2017-02-17 16:20:34|–ö–æ–≥–¥–∞ –∫ —Ç–µ–±–µ –ª–µ–∑—É—Ç –≤ –¥—É—à—É: https://t.co/JVbH719eZU
SamantaDarko|832621998241046530|2017-02-17 16:05:28|RT @WhiteHouseCards: –¢–∏–ø–∏—á–Ω—ã–µ –∞–º–µ—Ä–∏–∫–∞–Ω—Å–∫–∏–µ –∞–≤—Ç–æ–º–æ–±–∏–ª—å–Ω—ã–µ –Ω–æ–º–µ—Ä–∞ üòÜ https://t.co/QfcnAtJ3rl
SamantaDarko|832614747694628866|2017-02-17 15:36:39|–ö–æ–≥–¥–∞ —Ç—ã –æ—á–µ–Ω—å —Ä–∞–Ω–∏–º–∞—è —á—É–≤—Å—Ç–≤–∏—Ç–µ–ª—å–Ω–∞—è –¥–µ–≤—É—à–∫–∞, –∏ –±–æ–∏—à—å—Å—è, —á—Ç–æ —Ç–µ–±—è —Å–Ω–æ–≤–∞ –ø—Ä–µ–¥–∞–¥—É—Ç –∏ —Ä–∞–∑–æ–±—å—é—Ç —Å–µ—Ä–¥—Ü–µ: https://t.co/G5GFtUKU7D
SamantaDarko|832613149996089344|2017-02-17 15:30:18|–ö–æ–≥–¥–∞ –Ω–µ –ø–æ–ª—É—á–∞–µ—Ç—Å—è —Ä–æ–≤–Ω–æ –Ω–∞—Ä–∏—Å–æ–≤–∞—Ç—å —Å—Ç—Ä–µ–ª–∫–∏: https://t.co/Gl9l0mY2JN
SamantaDarko|832599572874657793|2017-02-17 14:36:21|–ú–∏–ª—ã–π, —è —Å–µ–π—á–∞—Å –≤—Å–µ —É–ª–∞–∂—É, —Ç–æ–ª—å–∫–æ –¥–∞–π —Å–≤–æ—é –∫–∞—Ä—Ç–æ—á–∫—É.
SamantaDarko|832589340194832384|2017-02-17 13:55:42|"RT @alihundred: –ß–µ—Ö–ª—ã 
 
https://t.co/ODEKUdUhPX - 126‚ÇΩ https://t.co/C3EG5BNPiJ"
SamantaDarko|832584166202081284|2017-02-17 13:35:08|–ù–µ –º–æ–∂–µ—Ç –±—ã—Ç—å, –≥–æ—Å–ø–æ–¥–∞ –≥—Ä—É—Å—Ç—è—â–∏–µ, —á—Ç–æ–±—ã –≤ –≤–∞—à–µ–π –∂–∏–∑–Ω–∏ –Ω–µ –±—ã–ª–æ –≤–æ–æ–±—â–µ –Ω–∏—á–µ–≥–æ —Ö–æ—Ä–æ—à–µ–≥–æ. –í–∏–¥–∏–º–æ, –≤—ã —Å–∏–¥–∏—Ç–µ –∏ —Å–º–æ—Ç—Ä–∏—Ç–µ —Ç–æ–ª—å–∫–æ –Ω–∞ –≥–æ–≤–Ω–æ.
SamantaDarko|832581679852163077|2017-02-17 13:25:15|–ï—Å–ª–∏ –≤–æ—Å–ø—Ä–∏–Ω–∏–º–∞—Ç—å –≤—Å–µ —Å –Ω–∞—Å–º–µ—à–ª–∏–≤–æ–π —É–ª—ã–±–æ—á–∫–æ–π –Ω–∞ –ª–∏—Ü–µ, —Ç–æ, –≤—Ä–æ–¥–µ –±—ã, —Å—Ç–∞–Ω–æ–≤–∏—Ç—Å—è –¥–∞–∂–µ –∏–Ω—Ç–µ—Ä–µ—Å–Ω–æ –∂–∏—Ç—å. –ü–æ–ø—Ä–æ–±—É–π—Ç–µ.
SamantaDarko|832578759601582081|2017-02-17 13:13:39|–ü–∞—Ä–Ω–∏ —Ç—É–ø—ã–µ –∫–∞–∫ –∫–æ–Ω—Ç–µ–∫—Å—Ç–Ω–∞—è —Ä–µ–∫–ª–∞–º–∞. –ñ–µ–ª–∞–Ω–∏—è –¥–µ–≤—É—à–∫–∏ –º–µ–Ω—è—é—Ç—Å—è –µ–∂–µ–º–∏–Ω—É—Ç–Ω–æ, –∞ –æ–Ω –∫–∞–∂–¥—ã–π –≥–æ–¥ –≤—Ç—é—Ö–∏–≤–∞–µ—Ç –µ–π —Ü–≤–µ—Ç—ã, –æ –∫–æ—Ç–æ—Ä—ã—Ö –æ–Ω–∞ –≥–æ–≤–æ—Ä–∏–ª–∞ –≤ 2012.
SamantaDarko|832578381598318592|2017-02-17 13:12:09|‚Äî –ö—É–¥–∞ —ç—Ç–æ —Ç—ã –ø–µ—á–µ–Ω—å –Ω–∞–≤–æ—Å—Ç—Ä–∏–ª–∞?
SamantaDarko|832570333429370881|2017-02-17 12:40:10|"–û—Ç—Ä—è–¥ ""–ó–Ω–∞–∫–∏, –∫–æ—Ç–æ—Ä—ã–µ –Ω–∏—Ö—É—è –Ω–µ –¥–µ–ª–∞—é—Ç"":

–¢–µ–ª–µ—Ü
–†–∞–∫
–ë–ª–∏–∑–Ω–µ—Ü—ã
–õ–µ–≤
–í–µ—Å—ã
–°—Ç—Ä–µ–ª–µ—Ü
–†—ã–±—ã"
SamantaDarko|832566542319677443|2017-02-17 12:25:06|–Ø –Ω–∏–∫–æ–≥–æ –Ω–µ –¥–µ—Ä–∂—É. –í–∏–¥–∏–º–æ, —ç—Ç–æ —Ç–µ–±—è –∏ –¥–µ—Ä–∂–∏—Ç.
SamantaDarko|832558029602189312|2017-02-17 11:51:17|RT @nanobidetkohler: –í –Ø–ø–æ–Ω–∏–∏ –∫–∞–∂–¥—ã–π —Ä–µ–±—ë–Ω–æ–∫ –∑–Ω–∞–µ—Ç –ø—Ä–∏–Ω—Ü–∏–ø —Ä–∞–±–æ—Ç—ã —ç–ª–µ–∫—Ç—Ä–æ–Ω–Ω–æ–≥–æ —Ç—É–∞–ª–µ—Ç–∞. üòÑ https://t.co/AGCSA7DzgX
SamantaDarko|832555230239797248|2017-02-17 11:40:09|–¢—ã –¥–æ–ª–∂–Ω–∞ –±—ã—Ç—å –ø–∏—Å–∞—Ç–µ–ª—å–Ω–∏—Ü–µ–π —Å–≤–æ–µ–π —Å—É–¥—å–±—ã, –∞ –Ω–µ —á–∏—Ç–∞—Ç–µ–ª—å–Ω–∏—Ü–µ–π —á—É–∂–æ–π.
SamantaDarko|832551435023876096|2017-02-17 11:25:04|"‚Äî –¢—ã –º–µ–Ω—è –ª—é–±–∏—à—å? 
‚Äî –Ø –Ω–µ –º–æ–≥—É —Ç–µ–±–µ –æ—Ç–≤–µ—Ç–∏—Ç—å –Ω–∞ —ç—Ç–æ—Ç –≤–æ–ø—Ä–æ—Å, –º—ã —Å –¥–µ–≤–æ—á–∫–∞–º–∏ —ç—Ç–æ –µ—â—ë –Ω–µ –æ–±—Å—É–¥–∏–ª–∏."
SamantaDarko|832540124462379010|2017-02-17 10:40:08|–ö–∞–∫–∞—è –∂–µ —Ö–æ—Ä–æ—à–∞—è –±–∞–±–∞. –ó–Ω–∞–∫–æ–º–∏—Ç—å—Å—è —Å –Ω–µ–π —è, –∫–æ–Ω–µ—á–Ω–æ –∂–µ, –∑–∞—Å—Å–∞–ª.
SamantaDarko|832536336548634624|2017-02-17 10:25:05|–¢–µ–ø–µ—Ä—å —è –ø–æ—Å—Ç–æ—é –∏ –ø–æ—Å–º–æ—Ç—Ä—é —Å–æ —Å—Ç–æ—Ä–æ–Ω—ã, –∞ —Ç—ã –≥–æ—Ä–∏.
SamantaDarko|832526279291322368|2017-02-17 09:45:07|"–í –∫–æ–Ω—Ü–µ –∫–æ–Ω—Ü–æ–≤, —É–ø—É—â–µ–Ω–Ω–æ–≥–æ –Ω–µ –≤–æ—Ä–æ—Ç–∏—à—å. –ù–µ–ª—å–∑—è –∂–µ –≤—Å—é –∂–∏–∑–Ω—å –¥—É–º–∞—Ç—å —Ç–æ–ª—å–∫–æ –æ —Ç–æ–º, —á—Ç–æ –º–æ–≥–ª–æ –±—ã –±—ã—Ç—å. 

–ö–∞–¥–∑—É–æ –ò—Å–∏–≥—É—Ä–æ"
SamantaDarko|832519986065395712|2017-02-17 09:20:06|–ï—Å—Ç—å –ª–µ–≥–µ–Ω–¥–∞, —á—Ç–æ –µ—Å–ª–∏ –∑–∞ –≤–µ—Å—å –¥–µ–Ω—å –Ω–∏ —Ä–∞–∑—É –Ω–µ –ø–æ–Ω—ã—Ç—å, —á—Ç–æ —Ç–µ–±–µ —Ö–æ–ª–æ–¥–Ω–æ –∏ —Ç—ã —Ö–æ—á–µ—à—å –µ—Å—Ç—å, —Ç–æ –º–æ–∂–Ω–æ –ø–µ—Ä–µ—Å—Ç–∞—Ç—å –±—ã—Ç—å –±–∞–±–æ–π.
SamantaDarko|832511177397772288|2017-02-17 08:45:06|–£–π—Ç–∏ –æ—Ç –æ–¥–Ω–æ–π –±–∞–±—ã –∫ –¥—Ä—É–≥–æ–π? –ù—É –∞ –º–æ–∂–µ—Ç –ª—É—á—à–µ —Å—Ä–∞–∑—É –ø—Ä–∏–∑–Ω–∞—Ç—å —ç–º–æ—Ü–∏–æ–Ω–∞–ª—å–Ω—É—é –∏–Ω–≤–∞–ª–∏–¥–Ω–æ—Å—Ç—å –∏ –≤–µ—Ä–Ω—É—Ç—å—Å—è –∂–∏—Ç—å –∫ –º–∞–º–µ?
SamantaDarko|832504891704799234|2017-02-17 08:20:08|–Ø –Ω–∏—á–µ–≥–æ –Ω–µ –ø–æ–¥—Å–ª–∞—â–∏–≤–∞—é. –ï—Å–ª–∏ –≤—ã —Å–ø—Ä–æ—Å–∏—Ç–µ –æ –º–æ–µ–º –º–Ω–µ–Ω–∏–∏,–µ–≥–æ –≤—ã –∏ –ø–æ–ª—É—á–∏—Ç–µ. –ò –Ω–µ —Å—Ö–æ–¥–∏—Ç–µ —Å —É–º–∞,–∫–æ–≥–¥–∞ —ç—Ç–æ –±—É–¥–µ—Ç –Ω–µ —Ç–æ,—á–µ–≥–æ –≤—ã —Ö–æ—Ç–µ–ª–∏ —É—Å–ª—ã—à–∞—Ç—å.
SamantaDarko|832494812024549376|2017-02-17 07:40:04|–í—Å—Ç—Ä–µ—Ç–∏–º—Å—è —Ç–∞–º, –≥–¥–µ –≤–µ—Å–Ω–∞.
SamantaDarko|832489792021549057|2017-02-17 07:20:07|–°–∫–æ–ª—å–∫–æ –∫–æ–Ω—å—è–∫–∞ –Ω–∞–ª–∏–≤–∞—Ç—å –≤ –∫–æ—Ñ–µ —É—Ç—Ä–æ–º, —á—Ç–æ–±—ã –æ–Ω–æ –±—ã–ª–æ –¥–æ–±—Ä—ã–º?
SamantaDarko|832479715755642881|2017-02-17 06:40:05|–Ø —Å–ª–∏—à–∫–æ–º –∑–∞–±–∞–≤–Ω–∞—è, —á—Ç–æ–±—ã –≤—ã—Ö–æ–¥–∏—Ç—å –∑–∞–º—É–∂.
SamantaDarko|832473417127387140|2017-02-17 06:15:03|–ù–µ–ª—é–±–∏–º—ã–µ –º—É–∂—á–∏–Ω—ã —Å–ø–æ—Å–æ–±–Ω—ã —Å–Ω—è—Ç—å —Ç–µ–±–µ –∑–≤–µ–∑–¥—ã —Å –Ω–µ–±–∞, –∞ –ª—é–±–∏–º—ã–µ - —Ç–æ–ª—å–∫–æ –ø–æ–¥–Ω–µ—Å—Ç–∏ —á–ª–µ–Ω –∫ —Ç–≤–æ–∏–º –≥—É–±–∞–º.
SamantaDarko|832466287099908096|2017-02-17 05:46:43|–ê –≤–æ—Ç —ç—Ç–∏ –≤–æ—Ç, —Å–æ —Å–≤–æ–µ–π –µ–¥–∏–Ω–∏—á–∫–æ–π, –ø—É—à–∞–ø–æ–≤ –ø–æ–Ω–∞–¥–µ–≤–∞—é—Ç –∏ –Ω–∞ –∞–≤–∞—Ç–∞—Ä–∫–∏ —Ñ–æ—Ç–∫–∞—Ç—å—Å—è. –¢—Ä–∞—Ö–∞—Ç—å—Å—è —Ç—ã —Ç–æ–∂–µ –≤ –ª–∏—Ñ—á–∏–∫–µ –±—É–¥–µ—à—å? –¢—å—Ñ—É.
SamantaDarko|832464641636737025|2017-02-17 05:40:11|https://t.co/h16eYVUpIj
SamantaDarko|832458326482919426|2017-02-17 05:15:06|https://t.co/EcbUDKHJZx
SamantaDarko|832449517341593600|2017-02-17 04:40:05|–ù–∏–∫–æ–≥–¥–∞ –Ω–µ —Ç—Ä–∞—Ö–∞–π—Å—è, –∞ —Ç–æ –ª—é–¥–∏ –ø–æ–¥—É–º–∞—é—Ç, —á—Ç–æ —Ç—ã —à–ª—é—Ö–∞.
SamantaDarko|832441960166256640|2017-02-17 04:10:03|–ê –∑–Ω–∞–µ—à—å, –≤ —á–µ–º —Å–∞–º—ã–π –ø–∑–¥—Ü? –°—Ç–æ–∏—Ç –µ–º—É –ø–æ—è–≤–∏—Ç—å—Å—è, —Ç—ã –∫–∏–¥–∞–µ—à—å –∫ —Ö—É—è–º –≤–µ—Å—å –º–∏—Ä.
SamantaDarko|832430636044582913|2017-02-17 03:25:04|–î–µ–Ω—å –∞–ø—Ä–∏–æ—Ä–∏ –Ω–µ –º–æ–∂–µ—Ç –±—ã—Ç—å —Ö—Ä–µ–Ω–æ–≤—ã–º, –µ—Å–ª–∏ –∑–Ω–∞–µ—à—å, —á—Ç–æ –≤–µ—á–µ—Ä–æ–º –ø–æ—Ç—Ä–∞—Ö–∞–µ—à—å—Å—è —Å –ª—é–±–∏–º—ã–º.
SamantaDarko|832413025453875200|2017-02-17 02:15:05|"–û—Ç –Ω–∞–∏–±–æ–ª—å—à–µ–≥–æ –∫ –Ω–∞–∏–º–µ–Ω—å—à–µ–º—É: –ª–µ–Ω–∏–≤—ã–µ.

–†—ã–±—ã
–í–µ—Å—ã
–¢–µ–ª–µ—Ü
–ë–ª–∏–∑–Ω–µ—Ü—ã
–†–∞–∫
–õ–µ–≤
–î–µ–≤–∞
–°—Ç—Ä–µ–ª–µ—Ü
–ö–æ–∑–µ—Ä–æ–≥
–í–æ–¥–æ–ª–µ–π
–°–∫–æ—Ä–ø–∏–æ–Ω
–û–≤–µ–Ω"
SamantaDarko|832345577694326784|2017-02-16 21:47:04|–ú–æ–∂–µ—à—å, –ø–æ–∂–∞–ª—É–π—Å—Ç–∞, –ø—Ä–æ—Å—Ç–æ –ø–µ—Ä–∏–æ–¥–∏—á–µ—Å–∫–∏ –∑–∞–ª–∏–≤–∞—Ç—å –º–Ω–µ –≤–∏–Ω–æ –≤ —Ä–æ—Ç?
SamantaDarko|832340306687307776|2017-02-16 21:26:07|–ó–¥—Ä–∞–≤—Å—Ç–≤—É–π—Ç–µ. –í—ã –º–µ–Ω—è –≤–æ–∑–º–æ–∂–Ω–æ –Ω–µ –ø–æ–º–Ω–∏—Ç–µ. –í—ã –∫–æ –º–Ω–µ –ø–æ–¥–∫–∞—Ç—ã–≤–∞–ª–∏ –≤ 2016-–º, –∞ —è –∫–∞–∫ –¥–∞–≤–∞–π –≤—ã—ë–±—ã–≤–∞—Ç—å—Å—è. –°–∫–∞–∂–∏—Ç–µ, –≤–∞—à–µ –ø—Ä–µ–¥–ª–æ–∂–µ–Ω–∏–µ –µ—â—ë –≤ —Å–∏–ª–µ?
SamantaDarko|832332503432183808|2017-02-16 20:55:07|–ú–æ–π —Ñ–µ—Ç–∏—à - —ç—Ç–æ –∫–æ–≥–¥–∞ –≤—Å—ë —Ä–µ—à–∞—é—Ç –∑–∞ –º–µ–Ω—è. –°–∫–∞–∂–∏ –º–Ω–µ, —á—Ç–æ —Ç—ã —É–∂–µ –≤—Å–µ —Å–¥–µ–ª–∞–ª, –ø—Ä–æ—à–µ–ø—á–∏, —á—Ç–æ —Ä–∞–∑–±–µ—Ä—ë—à—å—Å—è.
SamantaDarko|832332443852144642|2017-02-16 20:54:53|"–ï—Å–ª–∏ –Ω–µ –æ—Å—Ç–∞–Ω–µ—Ç—Å—è –Ω–∏–∫–∞–∫–∏—Ö —É–¥–æ–≤–æ–ª—å—Å—Ç–≤–∏–π, —è –ø—Ä–æ—Å—Ç–æ –≤—ã–π–¥—É –∑–∞–º—É–∂. 

–†—é –ú—É—Ä–∞–∫–∞–º–∏"
SamantaDarko|832320030083792896|2017-02-16 20:05:33|–í—ã –ø–æ—á–µ–º—É —Å–µ–±–µ —Ç–∞–∫ –º–Ω–æ–≥–æ –ø–æ–∑–≤–æ–ª—è–µ—Ç–µ –Ω–µ –µ–±–∞—Ç—å—Å—è? –ñ–∏–∑–Ω—å —Ç–æ –æ–¥–Ω–∞.
SamantaDarko|832319969790685184|2017-02-16 20:05:19|–í–∏–Ω–∏—à–∫–æ –≤ —Ö–æ–ª–æ–¥–∏–ª—å–Ω–∏–∫–µ - —É–∂–µ –æ—Å–æ–±—ã–π —Å–ª—É—á–∞–π.
SamantaDarko|832319801460666369|2017-02-16 20:04:39|–ü–æ—Å–æ–≤–µ—Ç–æ–≤–∞–ª–∏ —Å–∏–¥–µ—Ç—å –Ω–∞ –∂–æ–ø–µ —Ä–æ–≤–Ω–æ. –°–∏–∂—É. –ï–ª–µ —Å–¥–µ—Ä–∂–∏–≤–∞—é—Å—å.
SamantaDarko|832299916009553920|2017-02-16 18:45:38|RT @MaxDementiev: –î–µ—Ç—Å–∫–æ–µ —Å—á–∞—Å—Ç—å–µ) https://t.co/RHQUFhlbZS
SamantaDarko|832297842333061121|2017-02-16 18:37:23|https://t.co/zAL7xO3sSY
SamantaDarko|832284502621818881|2017-02-16 17:44:23|"- –¢–≤–æ–π –±—ã–≤—à–∏–π –Ω–∞—à–µ–ª —Å–µ–±–µ –±–∞–±—É.
- https://t.co/k1Xqy3xLTb"
SamantaDarko|832283882447831040|2017-02-16 17:41:55|–û–∫–∞–∑—ã–≤–∞–µ—Ç—Å—è, –µ—Å–ª–∏ –Ω–µ —Å–∏–¥–µ—Ç—å –≤—Å–µ –≤—Ä–µ–º—è –≤ —Å–≤–æ–µ–π –∫–æ–º–Ω–∞—Ç–µ –∏ –≤—ã—Ö–æ–¥–∏—Ç—å –Ω–∞ —É–ª–∏—Ü—É, –º–æ–∂–Ω–æ –∑–∞–º–µ—Ç–∏—Ç—å, —á—Ç–æ –º—É–∂–∏–∫–∏ –æ–±—Ä–∞—â–∞—é—Ç –Ω–∞ —Ç–µ–±—è –≤–Ω–∏–º–∞–Ω–∏–µ.
SamantaDarko|832207938412482561|2017-02-16 12:40:08|–ó–∞–∫–∏–Ω—É—Ç—å –Ω–æ–∂–∫—É –Ω–∞ –º—É–∂–∏–∫–∞ ‚Äî —ç—Ç–æ —É –∂–µ–Ω—â–∏–Ω –≤ –∫—Ä–æ–≤–∏.
SamantaDarko|832204146732306433|2017-02-16 12:25:04|–ë–∞–±—ã, –∫–æ—Ç–æ—Ä—ã–µ —Ä–µ–≤–Ω—É—é—Ç —Å–≤–æ–∏—Ö –∂–∞–ª–∫–∏—Ö –º—É–∂–∏–∫–æ–≤ –∫ –∫—Ä–∞—Å–∏–≤—ã–º —Ç–µ–ª–∫–∞–º –í–ö–æ–Ω—Ç–∞–∫—Ç–µ, –≤—ã —Ö–æ—Ç—å –ø–æ–Ω–∏–º–∞–µ—Ç–µ, —á—Ç–æ –≤–∞—à –ª–æ—Ö –∏–º –¥–∞—Ä–æ–º –Ω–µ –Ω—É–∂–µ–Ω? –£—Å–ø–æ–∫–æ–π—Ç–µ—Å—å —É–∂–µ.
SamantaDarko|832194094118162432|2017-02-16 11:45:08|–ü–ª–∞–Ω–∏—Ä—É—é –∫–∞–∫ –Ω–∏–±—É–¥—å —Å–µ—Å—Ç—å –∏ –æ—á–µ–Ω—å —Å–∏–ª—å–Ω–æ –ø—Ä–∏—É–Ω—ã—Ç—å –ø–æ –ø–æ–≤–æ–¥—É –æ—Ç—Å—É—Ç—Å—Ç–≤–∏—è –º—É–∂–∏–∫–∞, –Ω–æ –∫–∞–∫-—Ç–æ –≤—Å–µ –Ω–µ–∫–æ–≥–¥–∞.
SamantaDarko|832189044842967041|2017-02-16 11:25:04|"‚Äî –í–∞—É, –æ—Ç–∫—É–¥–∞ —É —ç—Ç–æ–π –¥–µ–≤–æ—á–∫–∏ —Ç–∞–∫–æ–π –∑–¥–æ—Ä–æ–≤—ã–π —Ü–≤–µ—Ç –ª–∏—Ü–∞? 
‚Äî –ù–∞—Å–ø–∞–ª–∞. 
‚Äî –ú—Ä–∞–∑—å."
SamantaDarko|832187788300779521|2017-02-16 11:20:04|–ü–æ–∂–∞–ª—É–π, –Ω—É –µ–≥–æ –≤ –∂–æ–ø—É –±–µ—Ä–µ—á—å —á—É–≤—Å—Ç–≤–∞ –¥—Ä—É–≥–∏—Ö, –æ—Å–æ–±–µ–Ω–Ω–æ —Ç–µ—Ö –¥—Ä—É–≥–∏—Ö, –∫–æ—Ç–æ—Ä—ã–µ –Ω–µ –±–µ—Ä–µ–≥—É—Ç –º–æ–∏.
SamantaDarko|832179005159784454|2017-02-16 10:45:10|–í—Å–ø–æ–º–Ω–∏–ª–∞ –≤–¥—Ä—É–≥ —Å–∫–æ–ª—å–∫–æ –º–Ω–µ –ª–µ—Ç –∏ –æ—Ñ–∏–≥–µ–ª–∞, –ø–æ—Ç–æ–º—É —á—Ç–æ –∫–∞–∫ –º–Ω–µ –º–æ–∂–µ—Ç –±—ã—Ç—å —Å—Ç–æ–ª—å–∫–æ –ª–µ—Ç.
SamantaDarko|832172686109442048|2017-02-16 10:20:04|–î–µ–≤—É—à–∫—É –º–æ–∂–µ—Ç –æ–±–∏–¥–µ—Ç—å –≤—Å—ë, –¥–∞–∂–µ –Ω–∏—á–µ–≥–æ.
SamantaDarko|832163890561691649|2017-02-16 09:45:07|–•–æ—á—É –ø–æ–º–æ—á—å –æ–ª–∏–≥–∞—Ä—Ö–∞–º –ø–æ—Ç—Ä–∞—Ç–∏—Ç—å –∏—Ö –¥–µ–Ω—å–≥–∏.
SamantaDarko|832157590771597312|2017-02-16 09:20:05|–û–∫–µ–π –≥—É–≥–ª, –∫–∞–∫ –≤—ã–≤–µ—Å—Ç–∏ –¥–µ–Ω—å–≥–∏ —Å —Å–∏–º—Å –Ω–∞ –∫–∏–≤–∏ –∫–æ—à–µ–ª–µ–∫?
SamantaDarko|832154521849753600|2017-02-16 09:07:53|"–ò —Ç—É—Ç –∫–∞–∫ –±—ã –¥–≤–∞ –ø—É—Ç–∏: 

1. –õ–∏–±–æ —Ç—ã –ø–æ–ª—É—á–∞–µ—à—å —É–¥–æ–≤–æ–ª—å—Å—Ç–≤–∏–µ, –∫–æ–≥–¥–∞ –∂—Ä–µ—à—å.
2. –õ–∏–±–æ –∫–æ–≥–¥–∞ —Å—Ç–æ–∏—à—å –≥–æ–ª–∞—è –ø–µ—Ä–µ–¥ –∑–µ—Ä–∫–∞–ª–æ–º."
SamantaDarko|832144944064258049|2017-02-16 08:29:49|–•–æ—á–µ—Ç—Å—è –Ω–∞–≤–∞–ª–∏–≤–∞—Ç—å –±–∞—Å, –∏ —á—Ç–æ–±—ã –∫–æ–ø—ã —Ç–∞–∫ –Ω–µ –ª—é–±–∏–ª–∏ –Ω–∞—Å. –ù–æ –Ω–µ —Å–µ–≥–æ–¥–Ω—è.
SamantaDarko|832144692271788032|2017-02-16 08:28:49|–í–æ—Ç –µ—Å—Ç—å –±–∞–±—ã, –∫–æ—Ç–æ—Ä—ã–µ —Å–∞–º–∏ –≤—Å–µ–≥–æ –¥–æ—Å—Ç–∏–≥–ª–∏, –∞ —Ç—ã –¥–∞–∂–µ –≤ –º–∞—Ä—à—Ä—É—Ç–∫–µ –∑–∞ –º–µ—Å—Ç–æ –ø–æ–¥—Ä–∞—Ç—å—Å—è –Ω–µ –º–æ–∂–µ—à—å. –ù–µ –ø—Ä–æ–±–∏–≤–Ω–∞—è —Ç—ã, –Ω–µ–∞.
SamantaDarko|832144409445670912|2017-02-16 08:27:42|–ö–æ—Ä–∞–±–ª–∏ —É—Ö–æ–¥—è—Ç, —á—Ç–æ–± –≤–µ—Ä–Ω—É—Ç—å—Å—è. –ò —è —Å–µ–π—á–∞—Å –≤–æ–æ–±—â–µ –Ω–µ –æ –∫–æ—Ä–∞–±–ª—è—Ö.
SamantaDarko|832124873531064321|2017-02-16 07:10:04|–Ø –∂–∏–≤—É –∫–∞–∫ –∫–∞—Ä—Ç–∞ –ª—è–∂–µ—Ç, —Ç—ã –∂–∏–≤—ë—à—å –∫–∞–∫ –º–∞–º–∞ —Å–∫–∞–∂–µ—Ç.
SamantaDarko|832118583635345409|2017-02-16 06:45:05|–•–æ—á—É –±—ã—Ç—å –º–æ–∑–≥–æ–º —Å–≤–æ–µ–≥–æ –±—ã–≤—à–µ–≥–æ, —á—Ç–æ–±—ã –≤–æ–æ–±—â–µ –Ω–∏–∫–æ–≥–¥–∞ –Ω–µ —Ä–∞–±–æ—Ç–∞—Ç—å.
SamantaDarko|832112304602939392|2017-02-16 06:20:07|–•–æ—á–µ—Ç—Å—è —Å—Ö–≤–∞—Ç–∏—Ç—å—Å—è –∑–∞ –Ω–∞–∫–∞—á–µ–Ω–Ω—É—é –º—è–≥–∫—É—é –º—É–∂—Å–∫—É—é –∑–∞–¥–Ω–∏—Ü—É. –í–æ–∑–º–æ–∂–Ω–æ –¥–∞–∂–µ —É–∫—É—Å–∏—Ç—å.
SamantaDarko|832103487081238528|2017-02-16 05:45:05|–ù–µ–≤–æ–∑–º–æ–∂–Ω–æ –Ω–µ —Å—Ñ–æ—Ç–∫–∞—Ç—å –±—É–∫–µ—Ç –ø–æ–ª—É–∑–∞–≤—è–≤—à–∏—Ö –ø—è—Ç–∏ —Ä–æ–∑, –µ—Å–ª–∏ —Ç–µ–±–µ —Ü–≤–µ—Ç—ã –¥–∞—Ä—è—Ç –¥–≤–∞-—Ç—Ä–∏ —Ä–∞–∑–∞ –≤ –≥–æ–¥, –¥–∞?
SamantaDarko|832097191296696320|2017-02-16 05:20:04|–°–∏–∂—É –Ω–∞ –∂–æ–ø–µ —Ä–æ–≤–Ω–æ.
SamantaDarko|832087121594834944|2017-02-16 04:40:03|–¢–∞–∫ —Ç—è–∂–µ–ª–æ –±—ã–ª–æ –ø–æ–¥–∞—Ä–∏—Ç—å —á—Ç–æ-–Ω–∏–±—É–¥—å –±–µ–∑–ª–∏–º–∏—Ç–Ω–æ-–∫—Ä–µ–¥–∏—Ç–Ω–æ–µ –≤ –≤–∏–¥–µ –∫–∞—Ä—Ç—ã —á—Ç–æ –ª–∏? –ü–∑–¥—Ü, –∫–æ–Ω–µ—á–Ω–æ, –Ω—É –∏ –∫–∞–∫–∞—è —ç—Ç–æ –Ω–∞—Ö—É–π –ª—é–±–æ–≤—å.
SamantaDarko|832082091424747521|2017-02-16 04:20:04|–ê –≤—ã –∑–∞–¥—É–º—ã–≤–∞–ª–∏—Å—å, —á—Ç–æ –µ—Å–ª–∏ —Å—Ä–∞–Ω–Ω—ã–µ –ª–∞–π–∫–∏ –º–æ–≥—É—Ç –ø–æ—Å—Å–æ—Ä–∏—Ç—å –≤–∞—Å –∏ —Ä–∞–∑—Ä—É—à–∏—Ç—å –≤–∞—à–∏ –æ—Ç–Ω–æ—à–µ–Ω–∏—è, —Ç–æ –æ –∫–∞–∫–∏—Ö –æ—Ç–Ω–æ—à–µ–Ω–∏—è—Ö –±–ª—è—Ç—å –≤–æ–æ–±—â–µ —Ä–µ—á—å?
SamantaDarko|832072023874625537|2017-02-16 03:40:04|"–ò—Ç–∞–∫, —Ä–µ–±—è—Ç, –±—ã–ª–∞ –Ω–∞ 50 –æ—Ç—Ç–µ–Ω–∫–∞—Ö-2. 
–ò–∑ –ø–ª—é—Å–æ–≤: –ê–Ω–∞—Å—Ç—ç–π—à–∞ –Ω–∞–∫–æ–Ω–µ—Ü-—Ç–æ –ø–æ–±—Ä–∏–ª–∞ –ø–∏–∑–¥—É.
–ò–∑ –º–∏–Ω—É—Å–æ–≤: –≤—Å—ë –æ—Å—Ç–∞–ª—å–Ω–æ–µ."
SamantaDarko|832065739657986048|2017-02-16 03:15:06|–û–ø—è—Ç—å –Ω–µ —Ö–æ—á–µ—Ç—Å—è –Ω–∞–¥–µ–≤–∞—Ç—å —Ç—Ä—É—Å—ã.
SamantaDarko|832055667431239681|2017-02-16 02:35:04|–ó–Ω–∞–µ—à—å, –º–∞–ª—å—á–∏–∫–∏, —Å–æ—à–µ–¥—à–∏–µ —Å —É–º–∞ –æ—Ç —Å–æ–±—Å—Ç–≤–µ–Ω–Ω–æ–π –∫—Ä–∞—Å–æ—Ç—ã - –Ω–µ –º–æ—è —Ç–µ–º–∞.
SamantaDarko|831979961527500800|2017-02-15 21:34:14|https://t.co/MSirpfdhLe
SamantaDarko|831951297838514189|2017-02-15 19:40:20|"–ö–æ–º–∞–Ω–¥–∞ ""–ì–ª—É–±–æ–∫–∏–µ –±–µ—Å–µ–¥—ã –≤ –ø–æ–ª–Ω–æ—á—å"":

–†–∞–∫
–°—Ç—Ä–µ–ª–µ—Ü
–ö–æ–∑–µ—Ä–æ–≥
–î–µ–≤–∞
–í–æ–¥–æ–ª–µ–π
–í–µ—Å—ã
–ë–ª–∏–∑–Ω–µ—Ü—ã"
SamantaDarko|831941456751427588|2017-02-15 19:01:14|RT @boeing_is_back: –≤–æ—Ç —á—Ç–æ –ø—Ä–æ–∏—Å—Ö–æ–¥–∏—Ç —Å –≤–∞—à–∏–º–∏ –Ω–∞–ª–æ–≥–∞–º–∏ https://t.co/zpmPVkWuiT
SamantaDarko|831938918018908160|2017-02-15 18:51:09|–Ø —Ä–æ–∂–¥–µ–Ω–∞ –±—ã—Ç—å —Ö—É–∂–µ, —á–µ–º –¥–æ—á–∫–∞ –º–∞–º–∏–Ω–æ–π –ø–æ–¥—Ä—É–≥–∏.
SamantaDarko|831938869054566400|2017-02-15 18:50:57|https://t.co/NC56TH0Kss
SamantaDarko|831921116197294080|2017-02-15 17:40:25|"–¢—ã: —Ö–æ—á—É –Ω–∞–π—Ç–∏ —Ö–æ—Ä–æ—à–µ–≥–æ –ø–∞—Ä–Ω—è.
–•–æ—Ä–æ—à–∏–π –ø–∞—Ä–µ–Ω—å: –ø—Ä–∏–≤–µ—Ç.
–¢—ã: –Ω–µ –Ω–∞—Å—Ç–æ–ª—å–∫–æ —Ö–æ—Ä–æ—à–µ–≥–æ."
SamantaDarko|831920471419531264|2017-02-15 17:37:51|–•–æ—á–µ—Ç—Å—è –≤—ã—Ä–≤–∞—Ç—å —Å–µ–±–µ —Å–µ—Ä–¥–µ—á–∫–æ, —á—Ç–æ–±—ã –Ω–µ–º–Ω–æ–≥–æ –æ—Ç–¥–æ—Ö–Ω—É—Ç—å –æ—Ç –≤—Å–µ–π —ç—Ç–æ–π —Ö—É–µ—Ç—ã, –∫–æ—Ç–æ—Ä–∞—è –ø—Ä–æ–∏—Å—Ö–æ–¥–∏—Ç, –∫–æ–≥–¥–∞ —Ç—ã —á—Ç–æ-—Ç–æ –∫ –∫–æ–º—É-—Ç–æ —á—É–≤—Å—Ç–≤—É–µ—à—å.
SamantaDarko|831908441706881024|2017-02-15 16:50:03|–¢–µ–±–µ —É–∂–µ –∑–∞–º—É–∂ –ø–æ—Ä–∞, –∞ —Ç—ã –≤—Å—ë —Å —ç—Ç–∏–º–∏ –º—É–¥–∞–∫–∞–º–∏ –≤—Å—Ç—Ä–µ—á–∞–µ—à—å—Å—è.
SamantaDarko|831907856257523712|2017-02-15 16:47:43|–î–µ–≤—É—à–∫–∏, –∫–æ—Ç–æ—Ä—ã–µ –∂–∏–≤—É—Ç —Å –ø–∞—Ä–Ω—è–º–∏ 2 –≥–æ–¥–∞ –∏ –¥–æ–ª—å—à–µ, –ø–æ—á–µ–º—É –≤—ã –Ω–µ —Ç–æ—Ä–æ–ø–∏—Ç–µ—Å—å –¥–µ–ª–∞—Ç—å –ø—Ä–µ–¥–ª–æ–∂–µ–Ω–∏–µ?
SamantaDarko|831907516560846849|2017-02-15 16:46:22|"–ï—Å–ª–∏ –≤–∞–º –ø–∏—à–µ—Ç –±—ã–≤—à–∏–π ""–ü—Ä–∏–≤–µ—Ç. –ö–∞–∫ –¥–µ–ª–∞?"", –æ—Ç–≤–µ—Ç—å—Ç–µ –µ–º—É ""–ü—Ä–∏–≤–µ—Ç. –ö–∞–∫ —Ö–æ—Ä–æ—à–æ, —á—Ç–æ —Ç—ã –Ω–∞–ø–∏—Å–∞–ª! –í—Å—ë –∑–∞–±—ã–≤–∞—é —Ç–µ–±–µ —Å–∫–∞–∑–∞—Ç—å - —Å—Ö–æ–¥–∏ –∫ –≤–µ–Ω–µ—Ä–æ–ª–æ–≥—É."""
SamantaDarko|831905810141835265|2017-02-15 16:39:35|–û—á–µ–Ω—å —Ö–æ—á–µ—Ç—Å—è –≤–ª—é–±–∏—Ç—å—Å—è, –ª—é–±–∏—Ç—å –∏ –±—ã—Ç—å –ª—é–±–∏–º–æ–π, –Ω—É –∏–ª–∏ —Ö–æ–ª–æ–¥–Ω–µ–Ω—å–∫–æ–≥–æ –≤–∏—Å–∫–∞—Ä–∏–∫–∞. –ù–µ—Ç, –∑–Ω–∞–µ—Ç–µ, –ª—É—á—à–µ –ø—Ä–æ—Å—Ç–æ —Ö–æ–ª–æ–¥–Ω–µ–Ω—å–∫–æ–≥–æ –≤–∏—Å–∫–∞—Ä–∏–∫–∞ —Å –∫–æ–ª–æ–π.
SamantaDarko|831896087069876224|2017-02-15 16:00:57|–ë–ª—è, –ø–ª–∏–∑, –Ω–µ –∑–∞–∫—Ä—ã–≤–∞–π—Ç–µ —Å–≤–æ–∏ –∏–Ω—Å—Ç–∞–≥—Ä–∞–º—ã, —è —Ö–æ—á—É –∑–Ω–∞—Ç—å, –∫—Ç–æ —Å –∫–µ–º –µ–±–µ—Ç—Å—è.
SamantaDarko|831892552748003329|2017-02-15 15:46:55|–û–±—â–∞—è—Å—å —Å –Ω–µ–∫–æ—Ç–æ—Ä—ã–º–∏ –ª—é–¥—å–º–∏, –º–Ω–µ –∫–∞–∂–µ—Ç—Å—è, —á—Ç–æ —è –∑–∞–Ω–∏–º–∞—é—Å—å –±–ª–∞–≥–æ—Ç–≤–æ—Ä–∏—Ç–µ–ª—å–Ω–æ—Å—Ç—å—é.
SamantaDarko|831873803986857984|2017-02-15 14:32:24|–ù–µ–ª—å–∑—è –ø—Ä–æ—Å—Ç–æ —Ç–∞–∫ –≤–∑—è—Ç—å –∏ –æ—Å—Ç–∞–Ω–æ–≤–∏—Ç—å –º–µ—Ö–∞–Ω–∏–∑–º —Å–¥–µ–ª–∞–Ω–Ω—ã—Ö –≤—ã–≤–æ–¥–æ–≤.
SamantaDarko|831865687312367616|2017-02-15 14:00:09|"–°–æ–≤–µ—Ç –æ–± —É—Ö–æ–¥–µ –∑–∞ —Å–æ–±–æ–π –º—É–∂–∏–∫–∞–º: –º–æ–π—Å—è —Å –º—ã–ª–æ–º.
–ë–∞–±–∞–º: –≤—ã—â–∏–ø—ã–≤–∞–π,—ç–ø–∏–ª–∏—Ä—É–π,—É–≤–ª–∞–∂–Ω—è–π,–∫–æ–Ω—Ç—É—Ä–∏—Ä—É–π,–ø—Ä–∏–Ω–æ—Å–∏ –≤ –∂–µ—Ä—Ç–≤—É –∫–æ–∑–ª–∞, –∫—Ä–∏—á–∏ –≤ –º—É—Å–æ—Ä–Ω—ã–π –º–µ—à–æ–∫"
SamantaDarko|831865534379597824|2017-02-15 13:59:33|–ö–∞–∫ –Ω–∞–∑—ã–≤–∞–µ—Ç—Å—è —Å—É–±–∫—É–ª—å—Ç—É—Ä–∞, –∫–æ–≥–¥–∞ –¥–∞–º–∞ –æ–¥–µ—Ç–∞ –≤ —Å–µ—Ä—ã–π —Å–ø–æ—Ä—Ç–∏–≤–Ω—ã–π –∫–æ—Å—Ç—é–º, —É–≥–≥–∏ –∏ –º–µ—Ö–æ–≤—É—é –∂–∏–ª–µ—Ç–∫—É, –∞ –≤ —Ä—É–∫–µ –µ—ë –≤–∏–¥–Ω–µ–µ—Ç—Å—è –º–∞–ª–µ–Ω—å–∫–∏–π —Ç–µ—Ä—å–µ—Ä?
SamantaDarko|831865431292014592|2017-02-15 13:59:08|–î–µ–≤–æ—á–∫–∏, –≤—ã —Ç–æ–∂–µ –∫–æ–≥–¥–∞ —Ä–∞—Å—Å–º–∞—Ç—Ä–∏–≤–∞–µ—Ç–µ –Ω–æ–≤—ã–µ —Ñ–æ—Ç–∫–∏ –±—ã–≤—à–∏—Ö, –∏—â–µ—Ç–µ —Ç—É –Ω–µ–≤—ã—Ä–∞–∑–∏–º—É—é –ø–µ—á–∞–ª—å –≤ –≥–ª—É–±–∏–Ω–µ –µ–≥–æ –≥–ª–∞–∑?
SamantaDarko|831837431859183619|2017-02-15 12:07:53|"RT @alihundred: –ù–∞–∫–ª–µ–π–∫–∏ 
 
https://t.co/3KOwpneFh1 - 43‚ÇΩ https://t.co/1qHGiudIlx"
SamantaDarko|831832922005110784|2017-02-15 11:49:57|–ê —Ç—ã –ø–æ—á–µ–º—É –º–µ–Ω—è –Ω–µ –±–ª–∞–≥–æ–¥–∞—Ä–∏—à—å –∑–∞ —Ç–æ, —á—Ç–æ —è —É —Ç–µ–±—è –µ—Å—Ç—å?
SamantaDarko|831832881332944896|2017-02-15 11:49:48|–ú—É–∂–∏–∫–∏, are you ahueli tam?!
SamantaDarko|831832666018312192|2017-02-15 11:48:56|–ì–ª–∞–≤–Ω–æ–µ –Ω–µ –≤–Ω–∏–º–∞–Ω–∏–µ, –≥–ª–∞–≤–Ω–æ–µ –ø–æ–¥–∞—Ä–æ–∫.
SamantaDarko|831754939751874560|2017-02-15 06:40:05|https://t.co/4xQnWNC2s0
SamantaDarko|831748645024325634|2017-02-15 06:15:04|"–ö–æ–º–∞–Ω–¥–∞ ""–•–æ—á—É –ø—É—Ç–µ—à–µ—Å—Ç–≤–æ–≤–∞—Ç—å, –Ω–æ –Ω–µ—Ç –±–∞–±–æ—Å–∏–∫–æ–≤"":

–ë–ª–∏–∑–Ω–µ—Ü—ã
–†—ã–±—ã
–°—Ç—Ä–µ–ª–µ—Ü
–¢–µ–ª–µ—Ü
–õ–µ–≤"
SamantaDarko|831734800381800448|2017-02-15 05:20:03|–°–º–æ—Ç—Ä–∏—à—å –Ω–∞ —ç—Ç–∏ –ø—Ä–æ–±–∫–∏ –∏ —Ö–æ—á–µ—Ç—Å—è —Ä–∞–∑–≤–µ—Ä–Ω—É—Ç—å—Å—è –Ω–∞—Ö–µ—Ä –∏ —Å–≤–∞–ª–∏—Ç—å –¥–æ–º–æ–π –ø–æ–¥ —Ç–µ–ø–ª–æ–µ –æ–¥–µ—è–ª–∫–æ.
SamantaDarko|831724738175176705|2017-02-15 04:40:04|–¶–≤–µ—Ç—ã, —Ç–µ–∞—Ç—Ä—ã, —ç—Ç–æ –≤—Å—ë —Ö–æ—Ä–æ—à–æ, –Ω–æ –æ–±—ã—á–Ω–æ –≤—ã–±–∏—Ä–∞–µ—à—å –ø—Ä–æ–≤–µ—Å—Ç–∏ –≤–µ—á–µ—Ä —Å –º—É–∂–∏–∫–æ–º, –∫–æ—Ç–æ—Ä—ã–π –ø—Ä–µ–¥–ª–æ–∂–∏–ª –≤–∫—É—Å–Ω–æ –ø–æ–∂—Ä–∞—Ç—å –∏ –∑–∞–Ω—è—Ç—å—Å—è —Å–µ–∫—Å–æ–º.
SamantaDarko|831722284117348353|2017-02-15 04:30:19|–î–æ–±—Ä–æ–µ —É—Ç—Ä–µ—á–∫–æ! 14 —Ñ–µ–≤—Ä–∞–ª—è –º–Ω–µ —Å—Ç–æ–ª—å–∫–æ –º–Ω–æ–≥–æ –Ω–∏—Ö—É—è –ø–æ–¥–∞—Ä–∫–æ–≤ –ø–æ–¥–∞—Ä–∏–ª–∏, –µ–±—Ç–≤–æ—é–º–∞—Ç—å, –±—É—Ö–∞–ª–∞ –æ–¥–Ω–∞. –í—Å–µ–º —Å–æ–ª–Ω—ã—à–∫–∞ –∏ —Ç–µ–ø–ª–æ—Ç—ã –≤ —ç—Ç–æ—Ç –º–∏–ª—ã–π –¥–µ–Ω–µ–∫!
SamantaDarko|831715926865227777|2017-02-15 04:05:04|"- –¢—ã —Å –Ω–∏–º –µ—â—ë –≤—Å—Ç—Ä–µ—á–∞–µ—à—å—Å—è?
- –î–∞. 
- –õ–∞–¥–Ω–æ, —á–µ—Ä–µ–∑ –Ω–µ–¥–µ–ª—é –Ω–∞–ø–∏—à—É."
SamantaDarko|831700839546904578|2017-02-15 03:05:07|–ú–∞–º–∏–Ω–∞ –ø—Ä–∏–Ω—Ü–µ—Å—Å–∞, –ø–∞–ø–∏–Ω —Ö–æ–º—è—á–æ–∫.
SamantaDarko|831688247101231104|2017-02-15 02:15:04|–ü—Ä–∏–∫–∏–Ω—å—Ç–µ, –µ—Å—Ç—å –Ω–µ–∫–æ—Ç–æ—Ä—ã–µ –ª—é–¥–∏, –∫–æ—Ç–æ—Ä—ã–µ —Å—á–∏—Ç–∞—é—Ç, —á—Ç–æ –Ω–∏—á–µ–≥–æ –º–Ω–µ –Ω–µ –¥–æ–ª–∂–Ω—ã.
SamantaDarko|831628585530179584|2017-02-14 22:18:00|"- –ß—Ç–æ –æ–Ω —Ç–µ–±–µ –ø–æ–¥–∞—Ä–∏–ª-—Ç–æ?
- –û–π, –¥–∞ –º—ã –Ω–µ –ø—Ä–∞–∑–¥–Ω—É–µ–º. –ì–ª—É–ø—ã–π –ø—Ä–∞–∑–¥–Ω–∏–∫. –ú–æ–π –∫ –¥—Ä—É–∑—å—è–º –ø–æ—à–µ–ª –≤–æ–æ–±—â–µ, —è —Ç–æ–∂–µ –≤ –¥–µ–ª–∞—Ö.
- –ü—å–µ—à—å —Ç–∞–º —á—Ç–æ –ª–∏?
- –î–∞."
SamantaDarko|831627984138358786|2017-02-14 22:15:36|–£–¥–∏–≤–∏—Ç–µ–ª—å–Ω–æ, –∫–∞–∫ –±—ã—Å—Ç—Ä–æ –≤—Å–µ —ç—Ç–∏ –∫—Ä–∞—Å–∏–≤—ã–µ –∏ –æ—Å—Ç—Ä–æ—É–º–Ω—ã–µ –ø–∞—Ä–Ω–∏ –∏–∑ –≤–∞—à–µ–≥–æ –æ–∫—Ä—É–∂–µ–Ω–∏—è –∏—Å—á–µ–∑–∞—é—Ç, —É–∑–Ω–∞–≤, —á—Ç–æ –≤—ã —Å–æ—Å—ë—Ç–µ —Ç–æ–ª—å–∫–æ —Å–≤–æ–µ–º—É –º—É–∂–∏–∫—É.
SamantaDarko|831618754517856256|2017-02-14 21:38:56|–í—ã—Ç–∏—Ä–∞—é —á–∞–π —Å –ø–æ–ª–∞, —Ç–∞–∫ –∫–∞–∫ —Ç–∞–Ω—Ü–µ–≤–∞–ª–∞ —Å —á–∞—à–∫–æ–π –ø–æ–¥ –∫—ç–Ω–¥–∏ —à–æ–ø, –ø—ã—Ç–∞—é—Å—å –ø–æ–Ω—è—Ç—å, –∫–∞–∫ –º–∞–º–∞ –≤ –º–æ—ë–º –≤–æ–∑—Ä–∞—Å—Ç–µ –±—ã–ª–∞ –∑–∞–º—É–∂–µ–º, —Å —Ä–µ–±—ë–Ω–∫–æ–º –∏ —Ö–∞—Ç–æ–π.
SamantaDarko|831618070351331330|2017-02-14 21:36:13|@dmitry_spld –Ω–µ –≤—Å–µ –º—É–∂–∏–∫–∏ –≥—Ä–∞–º–æ—Ç–Ω—ã –≤ –∏–Ω—Ç–µ—Ä–Ω–µ—Ç–µ. –≤–æ—Ç –¥–∞–∂–µ —Ç–µ, –∫—Ç–æ —Ç—É—Ç –æ—Ç–ø–∏—Å–∞–ª—Å—è —Å –∏–¥–µ—è–º–∏ - —è —É–∂–µ –¥–∞–≤–Ω–æ —ç—Ç–∏ –∏–¥–µ–∏ –æ–ø—Ä–æ–±–æ–≤–∞–ª–∞. –Ω–µ –ø–æ–º–æ–≥–ª–æ!
SamantaDarko|831606701216395264|2017-02-14 20:51:02|–î–∞ –±–ª—è—Ç—å –∫–∞–∫ —É–¥–∞–ª–∏—Ç—å —ç—Ç–∏ –¥–æ–ª–±–∞–Ω—ã–µ –≤–∏—Ä—É—Å—ã  –∞–ª—è –∞–º–∏–≥–æ? –ü–æ—Å—Ç–æ—è–Ω–Ω–æ –æ—Ç–∫—Ä—ã–≤–∞—é—Ç—Å—è –≤–∫–ª–∞–¥–∫–∏ —Å –∫–∞–∑–∏–Ω–æ –∏ –ø—Ä–æ—á–µ–π —à–Ω—è–≥–æ–π. –•—ç–ª–ø –º–∏, –º—É–∂—á–∏–Ω—ã! –ß—Ç–æ —Å–¥–µ–ª–∞—Ç—å?!
SamantaDarko|831597148538011649|2017-02-14 20:13:05|–ì–ª–∞–≤–Ω–æ–µ, –¥–µ–≤–æ—á–∫–∏, —ç—Ç–æ —Ç–µ–ø–ª—ã–π –ø–æ–ª –≤ –∫–≤–∞—Ä—Ç–∏—Ä–µ, —á—Ç–æ–±—ã –ª–µ—á—å –∏ —Ä—ã–¥–∞—Ç—å.
SamantaDarko|831586190381957121|2017-02-14 19:29:32|–î–∞–≤–∞–π—Ç–µ –∏—Ç–æ–≥ –¥–Ω—è. –ö—Ç–æ —Ç–∞–º –Ω–∞–±—É—Ö–∞–ª—Å—è, –∞ –∫—Ç–æ –Ω–∞—Ç—Ä–∞—Ö–∞–ª—Å—è?
SamantaDarko|831583674177089536|2017-02-14 19:19:32|"RT @alihundred: –ß–µ—Ö–æ–ª 
 
https://t.co/iU6k3iKGNl - 121‚ÇΩ https://t.co/mnsLtorLyX"
SamantaDarko|831583310933536769|2017-02-14 19:18:06|–•–æ—á—É –≤–∞–ª–µ–Ω—Ç–∏–Ω–∫—É.
SamantaDarko|831583017760092163|2017-02-14 19:16:56|–ò –∫—Ç–æ –≤–∞–º –º–µ—à–∞–ª –Ω–µ –±—ã—Ç—å —Ö—É–π–ª–æ–º, –Ω–∞–π—Ç–∏ —Å–µ–±–µ –ø–∞—Ä—É –∏ –Ω–µ –≤—ã–µ–±—ã–≤–∞—Ç—å—Å—è —Ö–æ—Ç—å —Ä–∞–∑ –Ω–∞ 14 —Ñ–µ–≤—Ä–∞–ª—è?
SamantaDarko|831567304215392256|2017-02-14 18:14:29|–•–æ—Ç–µ–ª–∞ –ø–æ–∑–≤–æ–Ω–∏—Ç—å, –Ω–æ –ø–æ–Ω—è–ª–∞, —á—Ç–æ –∞–±–æ–Ω–µ–Ω—Ç –≤—Ä–µ–º–µ–Ω–Ω–æ –Ω–µ –¥–æ—Å—Ç–æ–∏–Ω.
SamantaDarko|831567287907938304|2017-02-14 18:14:25|–ò—Å—á–µ–∑–Ω–æ–≤–µ–Ω–∏–µ –æ–ø—Ä–µ–¥–µ–ª—ë–Ω–Ω—ã—Ö –ª—é–¥–µ–π –∏–∑ –º–æ–µ–π –∂–∏–∑–Ω–∏ —Ä–µ—à–∏–ª–æ –ø–æ–ª–æ–≤–∏–Ω—É –º–æ–∏—Ö –ø—Ä–æ–±–ª–µ–º.
SamantaDarko|831559661786714112|2017-02-14 17:44:07|RT @TribunaOnline24: –§–æ—Ä–≤–∞—Ä–¥ –ø–æ–¥–º–æ—Å–∫–æ–≤–Ω–æ–≥–æ ¬´–¢–æ—Ä–Ω–∞–¥–æ¬ª –ê–Ω–∞—Å—Ç–∞—Å–∏—è –õ–µ–≥–∫–æ–¥—É—Ö —Å—Ç–∞–ª–∞ –ø–æ–±–µ–¥–∏—Ç–µ–ª—å–Ω–∏—Ü–µ–π –≥–æ–ª–æ—Å–æ–≤–∞–Ω–∏—è —Å—Ä–µ–¥–∏ –±–æ–ª–µ–ª—å—â–∏–∫–æ–≤ –∑–∞ —Å–∞–º—É—é –∫—Ä–∞—Å–∏–≤‚Ä¶
SamantaDarko|831558659205427200|2017-02-14 17:40:08|–ö –Ω–µ–∫–æ—Ç–æ—Ä—ã–º –ª—é–¥—è–º –Ω—É–∂–Ω–æ –æ—Ç–Ω–æ—Å–∏—Ç—å—Å—è —Ö–æ–ª–æ–¥–Ω–æ. –ò–Ω–∞—á–µ –æ–Ω–∏ –Ω–∞—á–∏–Ω–∞—é—Ç –≥–Ω–∏—Ç—å –≤ —Ç–µ–ø–ª–µ.
SamantaDarko|831557127604936707|2017-02-14 17:34:03|https://t.co/RIqadYJGao
SamantaDarko|831552812169428992|2017-02-14 17:16:54|RT @zenitharena: –ê –¥–∞–≤–∞–π—Ç–µ ¬´–ó–µ–Ω–∏—Ç-–ê—Ä–µ–Ω—É¬ª —Ç–æ–∂–µ –†–ü–¶ –ø–µ—Ä–µ–¥–∞–¥–∏–º. –ü—É—Å—Ç—å –¥–æ—Å—Ç—Ä–∞–∏–≤–∞—é—Ç –Ω–∞ –≤—ã—Ä—É—á–∫—É —Å –ò—Å–∞–∞–∫–∏–µ–≤—Å–∫–æ–≥–æ —Å–æ–±–æ—Ä–∞
SamantaDarko|831552659253579778|2017-02-14 17:16:18|–õ—é–±–∏—à—å –∫–æ–≥–æ-—Ç–æ, —Å–∏–ª—å–Ω–æ –ª—é–±–∏—à—å, –Ω–æ –ø–æ—Ç–æ–º —Ç–µ–±—è –≤ –æ—Ç–≤–µ—Ç —Ç–æ–∂–µ –Ω–∞—á–∏–Ω–∞—é—Ç –ª—é–±–∏—Ç—å –∏ —á—Ç–æ-—Ç–æ –≤—Å–µ, –∫–∞–∂–µ—Ç—Å—è –ø–µ—Ä–µ—Ö–æ—Ç–µ–ª–æ—Å—å, —É—Ä–æ–≤–µ–Ω—å –ø—Ä–æ–π–¥–µ–Ω.
SamantaDarko|831550334837354499|2017-02-14 17:07:03|"–≠–π, –ø–æ—Å–º–æ—Ç—Ä–∏ –Ω–∞ —á–∞—Å—ã. –ß–∞—Å–æ–≤–∞—è —Å—Ç—Ä–µ–ª–∫–∞ –ø–æ–∫–∞–∑—ã–≤–∞–µ—Ç ""–ø–æ—à–µ–ª"", –∞ –º–∏–Ω—É—Ç–Ω–∞—è ""–Ω–∞—Ö–µ—Ä"". 
–•–æ—Ä–æ—à–æ, —á—Ç–æ —Å–µ–∫—É–Ω–¥–Ω–æ–π –Ω–µ—Ç, –ø—Ä–∞–≤–¥–∞?"
SamantaDarko|831539898448502785|2017-02-14 16:25:35|–•–æ—á—É —Å–µ–±–µ –≤ –ø–æ–¥–∞—Ä–æ–∫ —á—Ç–æ-—Ç–æ –∏–∑ —ç—Ç–æ–≥–æ https://t.co/mlXxVCrGLL https://t.co/9hX6bEfpcF
SamantaDarko|831536550882242560|2017-02-14 16:12:17|–Ø –Ω–µ —Å–ª–µ–¥—É—é –ø—Ä–∞–≤–∏–ª–∞–º, —è —Å–æ–∑–¥–∞—é –∏—Ö. –ò –µ—Å–ª–∏ –Ω—É–∂–Ω–æ, –Ω–∞—Ä—É—à–∞—é –∏—Ö.
SamantaDarko|831533861955915776|2017-02-14 16:01:36|"–í—Å–µ –∏–¥–µ–∞–ª—å–Ω—ã–µ –ø–æ–¥–∞—Ä–∫–∏ –Ω–∞—á–∏–Ω–∞—é—Ç—Å—è –Ω–∞ –±—É–∫–≤—É ""–±"" ‚Äî –±—É—Ö–ª–æ, –±–µ–ª—å—ë, –±–∞–±–æ—Å–∏–∫–∏."
SamantaDarko|831532536845234177|2017-02-14 15:56:20|–°–µ–≥–æ–¥–Ω—è 198 –∞–≤–≥—É—Å—Ç–∞. –í—Å–µ –¥–∞—Ä—è—Ç –¥—Ä—É–≥ –¥—Ä—É–≥—É –∫–∞–∫–∏–µ-—Ç–æ —Å–µ—Ä–¥–µ—á–∫–∏, –∞ —è –¥–æ —Å–∏—Ö –ø–æ—Ä –Ω–µ –ø–æ–Ω—è–ª–∞ –∫—É–¥–∞ –¥–µ–ª–æ—Å—å –ª–µ—Ç–æ.
SamantaDarko|831519082096758785|2017-02-14 15:02:52|"RT @alihundred: –ú–µ—Ç–∞–ª–ª–∏—á–µ—Å–∫–∏–π –ª–∞–∫ –¥–ª—è –Ω–æ–≥—Ç–µ–π 
 
https://t.co/inwuns0g88 - 175‚ÇΩ https://t.co/lTYXnWXlFv"
SamantaDarko|831517152616275968|2017-02-14 14:55:12|–õ—é–±–ª—é 14 —Ñ–µ–≤—Ä–∞–ª—è. –ú–Ω–µ –Ω–∏–∫–æ–º—É –Ω–∏—á–µ–≥–æ –Ω–µ –Ω–∞–¥–æ –¥–∞—Ä–∏—Ç—å.
SamantaDarko|831512636101636096|2017-02-14 14:37:15|"‚Äî (22.11.2007) –ü—Ä–∏–≤–µ—Ç, –µ—Å—Ç—å –ø–ª–∞–Ω—ã –Ω–∞ –≤–µ—á–µ—Ä? 
‚Äî (14.02.2017) –ù–µ–∞."
SamantaDarko|831509036927418369|2017-02-14 14:22:57|–ö–∞–∫ –Ω–∞–π—Ç–∏ —É–¥–æ–±–Ω—ã–π –º–æ–º–µ–Ω—Ç, —á—Ç–æ–±—ã –ø–æ–∫–∞–∑–∞—Ç—å, —á—Ç–æ —É –º–µ–Ω—è —Ç—Ä—É—Å—ã –≤–∏–∫—Ç–æ—Ä–∏—è —Å–∏–∫—Ä–µ—Ç?
SamantaDarko|831508912524369920|2017-02-14 14:22:28|"‚Äì –≠—Ç–æ —á—Ç–æ –≤–æ–æ–±—â–µ, –±–ª—è–¥—å, —Ç–∞–∫–æ–µ –±—ã–ª–æ? –ú–æ–∂–µ—Ç –±—ã—Ç—å —Ç—ã —Ö–æ—á–µ—à—å –æ–±—ä—è—Å–Ω–∏—Ç—å —Å–≤–æ—ë –ø–æ–≤–µ–¥–µ–Ω–∏–µ? 
‚Äì –ù–µ—Ç."
SamantaDarko|831508256606523392|2017-02-14 14:19:51|–ú—É–∂–∏–∫–∏ —Å–µ–≥–æ–¥–Ω—è https://t.co/BzPcQ0t9P6
SamantaDarko|831505811998404609|2017-02-14 14:10:08|–Ø –ø—Ä–æ—Å—Ç–æ —Ö–æ—á—É —Å–º–æ—Ç—Ä–µ—Ç—å –Ω–∞ –ª—é–±–∏–º–æ–≥–æ –∏ —á—É–≤—Å—Ç–≤–æ–≤–∞—Ç—å, –∫–∞–∫ –±—É–¥—Ç–æ –≤—ã–∏–≥—Ä–∞–ª–∞ –≤ –ª–æ—Ç–µ—Ä–µ—é, –ø–æ–Ω–∏–º–∞–µ—à—å?
SamantaDarko|831489270191882242|2017-02-14 13:04:24|–í–æ—Ç –ø–æ—á–µ–º—É —É —Ç–µ–±—è –Ω–∏—á–µ–≥–æ –Ω–µ –ø–æ–ª—É—á–∞–ª–æ—Å—å —Å –¥—Ä—É–≥–∏–º–∏ –¥–µ–≤—É—à–∫–∞–º–∏, —Ç—ã –∂–¥–∞–ª –º–µ–Ω—è.
SamantaDarko|831489221160497152|2017-02-14 13:04:13|–ö–æ–≥–¥–∞ –ª—é–±–∏—à—å, –≤—Å—ë –ø—Ä–æ—Å—Ç–æ. –†–∞–¥–∏ –ª—é–±–∏–º–æ–≥–æ –≤ –ø—Ä–æ–ø–∞—Å—Ç—å –ø—Ä—ã–≥–Ω—É—Ç—å –ø—Ä–æ—â–µ –ø—Ä–æ—Å—Ç–æ–≥–æ, –∏ –ª—é–¥–∏ –ø—Ä—ã–≥–∞—é—Ç.
SamantaDarko|831471453568647168|2017-02-14 11:53:37|"–ö–æ–º–∞–Ω–¥–∞ ""–í —Å–ª–µ–¥—É—é—â–∏–π —Ä–∞–∑, –∫–æ–≥–¥–∞ —è –Ω–∞—á–Ω—É –≤–ª—é–±–ª—è—Ç—å—Å—è –≤ –∫–æ–≥–æ-—Ç–æ, –ø—Ä–æ—Å—Ç–æ —É–¥–∞—Ä—å –º–µ–Ω—è –≤ –ª–∏—Ü–æ"":

–î–µ–≤–∞
–°–∫–æ—Ä–ø–∏–æ–Ω
–í–æ–¥–æ–ª–µ–π
–í–µ—Å—ã"
SamantaDarko|831443391716155392|2017-02-14 10:02:06|https://t.co/OSM6ehEFR7
SamantaDarko|831442610439016448|2017-02-14 09:59:00|https://t.co/OZSdqAkWh9
SamantaDarko|831425234272149508|2017-02-14 08:49:57|https://t.co/8XBcOO2FZU
SamantaDarko|831425034086400000|2017-02-14 08:49:09|–ü–õ–ê–ù–´ –ù–ê 14 –§–ï–í–†–ê–õ–Ø: https://t.co/OHlaVra4XI
SamantaDarko|831424366130913280|2017-02-14 08:46:30|–í–æ—Ç –∫–æ–≥–¥–∞ –±—ã–≤—à–∏–µ –≤–Ω–µ–∑–∞–ø–Ω–æ –æ–±—ä—è–≤–ª—è—é—Ç—Å—è –≤ —Ç–≤–æ–µ–π –∂–∏–∑–Ω–∏ - —ç—Ç–æ –±—É–¥—Ç–æ –≥–æ–≤–Ω–æ —Å –Ω–µ–±–∞ –ø–∞–¥–∞–µ—Ç –∏ –ø–∞—á–∫–∞–µ—Ç —Ç–≤–æ—ë –Ω–æ–≤–æ–µ –ø–∞–ª—å—Ç–æ.
SamantaDarko|831412602584576000|2017-02-14 07:59:46|"RT @alihundred: –ó–æ–ª–æ—Ç–∞—è –Ω–∏—Ç—å –¥–ª—è –º–∞–Ω–∏–∫—é—Ä–∞  
 
https://t.co/iGsegjqCaI - 42‚ÇΩ https://t.co/raU5wCrP3n"
SamantaDarko|831411606072483841|2017-02-14 07:55:48|https://t.co/ADfnWATuYe
SamantaDarko|831411465710088192|2017-02-14 07:55:14|–°–µ–≥–æ–¥–Ω—è –≤ —Ç–≤–æ–µ–π –Ω–æ–≤–æ—Å—Ç–Ω–æ–π –ª–µ–Ω—Ç–µ: https://t.co/hRnVFdXRqe
SamantaDarko|831409573605031936|2017-02-14 07:47:43|–ö–æ—Ä–æ—Ç–∫–æ –æ –≤—Å–µ—Ö, –∫—Ç–æ —Å–µ–≥–æ–¥–Ω—è –ø—Ä–∞–∑–¥–Ω—É–µ—Ç 14 —Ñ–µ–≤—Ä–∞–ª—è: https://t.co/f25vNHwZHD
SamantaDarko|831392553274597376|2017-02-14 06:40:05|–≠–¢–û. –ü–†–û–°–¢–û. –í–¢–û–†–ù–ò–ö. –¢–£–ü–´–ï –†–û–ú–ê–ù–¢–ò–ö–ò.
SamantaDarko|831386262212902912|2017-02-14 06:15:05|–ò –≤ —Ñ–µ–≤—Ä–∞–ª–µ –º–æ–∂–Ω–æ –±—ã—Ç—å —á—å–µ–π-—Ç–æ –≤–µ—Å–Ω–æ–π..
SamantaDarko|831377453415272448|2017-02-14 05:40:05|–ü–æ—Å—Ä–∞–ª–∞—Å—å —Å —Å–∏–º–ø–∞—Ç–∏—á–Ω—ã–º –º—É–∂–∏–∫–æ–º. –¢–∞–∫ —Ö–æ—Ä–æ—à–æ –Ω–∞ –¥—É—à–µ.
SamantaDarko|831371213389852673|2017-02-14 05:15:18|–ë–µ—Å—è—Ç —Å–ª–æ–≤–∞, –∫–æ—Ç–æ—Ä—ã—Ö —è –Ω–µ –∑–Ω–∞—é.
SamantaDarko|831368652087762944|2017-02-14 05:05:07|–î–æ–±—Ä–æ–µ —É—Ç—Ä–µ—á–∫–æ! –°–µ–≥–æ–¥–Ω—è 14 —Ñ–µ–≤—Ä–∞–ª—è, –ª—é–±–≤–∏ –≤–∞–º, —Å—É–∫–∞, –∞ —è –æ–ø—è—Ç—å –æ–¥–Ω–∞, –≥–æ—Å–ø–æ–¥–∏–µ–±—Ç–≤–æ—é–º–∞—Ç—å, –∫–æ–≥–¥–∞ —ç—Ç–æ –∑–∞–∫–æ–Ω—á–∏—Ç—Å—è. –í—Å–µ–º —Ç–µ–ø–ª–∞ –∏ –æ–±–Ω–∏–º–∞—à–µ–∫!
SamantaDarko|831366118619095044|2017-02-14 04:55:03|"- –•–æ—á—É —Ç–µ–±—è –∫–æ–µ —Å –∫–µ–º –ø–æ–∑–Ω–∞–∫–æ–º–∏—Ç—å. –í–æ—Ç, —ç—Ç–æ –º–æ–π –¥—Ä—É–≥ –í–∞–ª–µ–Ω—Ç–∏–Ω.
- –•—É–π?
- –¢–∏—à–µ, –æ–Ω –≤—Å—ë —Å–ª—ã—à–∏—Ç. –ù–∞–∑—ã–≤–∞–π –µ–≥–æ –í–∞–ª–µ–Ω—Ç–∏–Ω."
SamantaDarko|831356059876999169|2017-02-14 04:15:05|–¢—É–ø—ã–µ –ª—é–¥–∏, –æ–Ω–∏ –≤–µ–∑–¥–µ. –û–Ω–∏ –ø–æ—Å—Ç–æ—è–Ω–Ω–æ —Ä—è–¥–æ–º. –û–Ω–∏ –Ω–∞—Å—Ç–æ–ª—å–∫–æ —Ä—è–¥–æ–º, —á—Ç–æ –Ω–µ–∫–æ—Ç–æ—Ä—ã–µ –¥–∞–∂–µ –≤—ã.
SamantaDarko|831351029040025601|2017-02-14 03:55:05|–í –∫–æ–Ω—Ü–µ –∫–æ–Ω—Ü–æ–≤ –ø—Ä–∞–≤–∏–ª—å–Ω–æ –≤—ã–≥–ª—è–¥–µ—Ç—å –≤ —á—å–∏—Ö-—Ç–æ –≥–ª–∞–∑–∞—Ö - –Ω–µ –≥–ª–∞–≤–Ω–∞—è —Ü–µ–ª—å –≤ –º–æ–µ–π –∂–∏–∑–Ω–∏.
SamantaDarko|831342232686956544|2017-02-14 03:20:08|"- –•–æ—Ä–æ—à–æ –≤—ã–≥–ª—è–¥–∏—à—å. 
- –ö–∞–∫ —Ö–æ—á—É —Ç–∞–∫ –∏ –≤—ã–≥–ª—è–∂—É, –∏–¥–∏ –Ω–∞ —Ö—É–π."
SamantaDarko|831334665223012352|2017-02-14 02:50:04|–ê —ç—Ç–æ—Ç —Ä–æ–∑–æ–≤—ã–π –ø–∑–¥—Ü —É–∂–µ –Ω–∞—á–∞–ª—Å—è, –¥–∞?
SamantaDarko|831328372341014529|2017-02-14 02:25:03|"–•–æ—á–µ—Ç—Å—è –∫—Ä–∏–∫–Ω—É—Ç—å ""–ë–ª—è—Ç—å, –¥–∞ –æ—Ç–≤–∞–ª–∏—Ç–µ –≤—ã –æ—Ç –º–µ–Ω—è –≤—Å–µ!!!"", –Ω–æ –∫–æ –º–Ω–µ –Ω–∏–∫—Ç–æ –∏ –Ω–µ –ø—Ä–∏—Å—Ç–∞–≤–∞–ª, —è –≤–æ–æ–±—â–µ –ª–µ–∂—É –Ω–∞ –¥–∏–≤–∞–Ω–µ –∏ –ø–∞–ª—å—Ü–µ–º –≤ —Ç–µ–ª–µ—Ñ–æ–Ω —Ç—ã–∫–∞—é."
SamantaDarko|831319598117093377|2017-02-14 01:50:12|"‚Äî –Ø —Ö–æ—á—É,—á—Ç–æ–±—ã —Ç—ã –¥–∞—Ä–∏–ª –º–Ω–µ —Ü–≤–µ—Ç—ã –∫–∞–∂–¥—ã–π –¥–µ–Ω—å,–∞ –Ω–µ —Ç–æ–ª—å–∫–æ 14 —Ñ–µ–≤—Ä–∞–ª—è. 
‚Äî –ê —è —Ö–æ—á—É,—á—Ç–æ–±—ã —Ç—ã –±—ã–ª–∞ –≤–µ–¥—å–º–æ–π —Ç–æ–ª—å–∫–æ –Ω–∞ –•–µ–ª–ª–æ—É–∏–Ω,–∞ –Ω–µ –∫–∞–∂–¥—ã–π –¥–µ–Ω—å."
